sequence,frame_id,pred_id,gt_id,confidence,iou,pred_bbox,bbox_center_x,bbox_center_y,bbox_depth_valid,bbox_valid_pixels,bbox_median_depth,mask_depth_valid,mask_pixel_count,mask_valid_pixels,mask_median_depth,visibility_valid,visibility,bbox_proximity_valid,mask_proximity_valid,center_score_valid,center_score,confidence_score_valid,old_candidate,followup_candidate,mask_only_candidate_possible,primary_drop_reason,all_failed_conditions,critical_case
400,1600938533486674,0,4004648,0.76757014,0.8884537496367106,"[679.503,179.441,720.0,257.799]",699,218,True,25,842.0,True,2112,2101,849.0,True,0.665560775671832,True,True,True,0.15593629362084646,True,True,True,True,INCLUDED,,BOTH_VALID_INCLUDED
400,1600938533486674,1,4004651,0.54429984,0.6320580915809251,"[702.345,252.744,719.668,315.734]",711,284,True,25,824.0,True,728,728,824.0,True,0.6671702396764191,True,True,True,0.16673019089572835,True,True,True,True,INCLUDED,,BOTH_VALID_INCLUDED
400,1600938533553308,0,4004648,0.78820735,0.8851911640293353,"[666.02,182.536,719.7,259.472]",692,221,True,25,847.0,True,2733,2723,848.0,True,0.6617554420752987,True,True,True,0.15745055746268583,True,True,True,True,INCLUDED,,BOTH_VALID_INCLUDED
400,1600938533553308,1,4004651,0.77511913,0.8561295623782896,"[689.558,234.854,719.377,319.602]",704,277,True,25,826.0,True,1874,1874,824.0,True,0.7415612940384201,True,True,True,0.1665941109733088,True,True,True,True,INCLUDED,,BOTH_VALID_INCLUDED
400,1600938533619944,0,4004651,0.86112589,0.8459323731135564,"[677.784,229.732,719.618,316.828]",698,273,True,25,821.0,True,2920,2920,819.0,True,0.8014109082756927,True,True,True,0.16688882688679774,True,True,True,True,INCLUDED,,BOTH_VALID_INCLUDED
400,1600938533619944,1,4004648,0.8380869,0.9207193292512187,"[654.804,173.977,720.0,255.83]",687,214,True,25,837.0,True,3238,3229,836.0,True,0.6067660764772592,True,True,True,0.15709381420713256,True,True,True,True,INCLUDED,,BOTH_VALID_INCLUDED
400,1600938533686583,0,4004651,0.89436966,0.8695690236128587,"[662.706,227.292,719.947,320.108]",691,273,True,25,832.0,True,4188,4162,819.0,True,0.7882729297279365,True,True,True,0.1683740004662994,True,True,True,True,INCLUDED,,BOTH_VALID_INCLUDED
400,1600938533686583,1,4004648,0.87538171,0.9116688221232001,"[640.211,175.294,720.0,255.338]",680,215,True,25,836.0,True,3896,3833,837.0,True,0.6100243106650292,True,True,True,0.15827492337377874,True,True,True,True,INCLUDED,,BOTH_VALID_INCLUDED
400,1600938533753222,0,4004651,0.90626949,0.9257974406786048,"[648.798,228.451,719.901,325.263]",684,276,True,25,811.0,True,5484,5279,821.0,True,0.7966734223120162,True,True,True,0.17038563718387417,True,True,True,True,INCLUDED,,BOTH_VALID_INCLUDED
400,1600938533753222,1,4004648,0.84380341,0.9125325098404449,"[626.186,178.913,710.385,258.955]",668,218,True,25,852.0,True,3933,3842,847.0,True,0.5835782281357721,True,True,True,0.16080822933061364,True,True,True,True,INCLUDED,,BOTH_VALID_INCLUDED
400,1600938533819859,0,4004651,0.92376983,0.981485508247331,"[636.134,224.679,720.0,320.302]",678,272,True,25,813.0,True,6519,6492,810.0,True,0.8128916948527458,True,True,True,0.170638324022755,True,True,True,True,INCLUDED,,BOTH_VALID_INCLUDED
400,1600938533819859,1,4004648,0.85643834,0.9042402761357413,"[614.33,174.926,697.432,254.445]",655,214,True,25,835.0,True,3956,3877,843.0,True,0.5986512546429337,True,True,True,0.16178349677917417,True,True,True,True,INCLUDED,,BOTH_VALID_INCLUDED
400,1600938533819859,2,4004654,0.69004142,0.7903597743162706,"[688.631,303.256,719.443,369.471]",704,336,True,25,860.0,True,1298,1289,848.0,True,0.6362069658310486,True,True,True,0.1789342664121838,True,True,True,True,INCLUDED,,BOTH_VALID_INCLUDED
400,1600938533886497,0,4004651,0.91543031,0.9160780404660858,"[620.867,225.014,718.629,320.787]",669,272,True,25,802.0,True,7333,7288,809.0,True,0.7831924925063221,True,True,True,0.17231916457930588,True,True,True,True,INCLUDED,,BOTH_VALID_INCLUDED
400,1600938533886497,1,4004648,0.85983336,0.8948660141113769,"[599.71,176.2,682.43,254.209]",641,215,True,25,828.0,True,3873,3815,835.0,True,0.6001948443532521,True,True,True,0.1641055588741492,True,True,True,True,INCLUDED,,BOTH_VALID_INCLUDED
400,1600938533886497,2,4004656,0.79623759,0.82095241142358,"[692.72,356.795,720.0,427.692]",706,392,True,25,830.0,True,1605,1565,836.0,True,0.8298561413097867,True,True,True,0.1901681671492491,True,True,True,True,INCLUDED,,BOTH_VALID_INCLUDED
400,1600938533886497,3,4004654,0.79403317,0.8660881993278715,"[674.592,296.48,719.586,367.483]",697,331,True,25,823.0,True,2177,2168,819.0,True,0.6814392209950593,True,True,True,0.17965487269317046,True,True,True,True,INCLUDED,,BOTH_VALID_INCLUDED
400,1600938533953135,0,4004651,0.91591346,0.9595685345748851,"[605.973,228.099,707.654,322.53]",656,275,True,25,763.0,True,7324,7075,814.0,True,0.7627705872796675,True,True,True,0.1753751873896811,True,True,True,True,INCLUDED,,BOTH_VALID_INCLUDED
400,1600938533953135,1,4004654,0.88135052,0.8831837208691729,"[659.063,294.125,720.0,368.496]",689,331,True,25,789.0,True,3024,2943,814.0,True,0.6672630805594615,True,True,True,0.1813134808971875,True,True,True,True,INCLUDED,,BOTH_VALID_INCLUDED
400,1600938533953135,2,4004656,0.84727579,0.8916290495812292,"[678.015,353.738,719.844,430.928]",698,392,True,25,802.0,True,2731,2720,823.0,True,0.84583018001431,True,True,True,0.19239045419673714,True,True,True,True,INCLUDED,,BOTH_VALID_INCLUDED
400,1600938533953135,3,4004648,0.8470102,0.8807693549583465,"[586.613,179.21,668.491,255.967]",627,217,True,25,838.0,True,3839,3733,846.0,True,0.6108476311938124,True,True,True,0.1666623479467676,True,True,True,True,INCLUDED,,BOTH_VALID_INCLUDED
400,1600938534019771,0,4004656,0.90027815,0.9618723419989748,"[664.922,345.673,719.986,430.646]",692,388,True,25,830.0,True,3753,3626,831.0,True,0.80210247502553,True,True,True,0.19339655382332652,True,True,True,True,INCLUDED,,BOTH_VALID_INCLUDED
400,1600938534019771,1,4004651,0.88160062,0.9288103544783224,"[593.318,224.614,696.082,320.907]",644,272,True,25,796.0,True,7246,7204,813.0,True,0.7322554486508459,True,True,True,0.17709433937272515,True,True,True,True,INCLUDED,,BOTH_VALID_INCLUDED
400,1600938534019771,2,4004648,0.86760294,0.8829587798589248,"[571.526,175.121,656.966,253.079]",614,214,True,25,834.0,True,3809,3709,840.0,True,0.5718591101537144,True,True,True,0.16778074029286277,True,True,True,True,INCLUDED,,BOTH_VALID_INCLUDED
400,1600938534019771,3,4004654,0.86356676,0.8921021255618309,"[645.169,287.804,719.968,366.355]",682,327,True,25,806.0,True,3735,3704,813.0,True,0.6356866576451955,True,True,True,0.18201331154451042,True,True,True,True,INCLUDED,,BOTH_VALID_INCLUDED
400,1600938534086408,0,4004656,0.91455483,0.9466676199842907,"[650.76,343.747,719.782,430.371]",685,387,True,25,818.0,True,5008,4867,820.0,True,0.8376036221384554,True,True,True,0.19529566355657593,True,True,True,True,INCLUDED,,BOTH_VALID_INCLUDED
400,1600938534086408,1,4004651,0.90544361,0.9204560876456896,"[578.655,224.497,681.008,320.214]",629,272,True,25,811.0,True,7242,7139,818.0,True,0.7392117570538592,True,True,True,0.17984351889156816,True,True,True,True,INCLUDED,,BOTH_VALID_INCLUDED
400,1600938534086408,2,4004654,0.89687008,0.8658567250275687,"[634.802,285.777,718.889,368.464]",676,327,True,25,802.0,True,4599,4575,813.0,True,0.6614504494375232,True,True,True,0.18338810110289647,True,True,True,True,INCLUDED,,BOTH_VALID_INCLUDED
400,1600938534086408,3,4004648,0.86233807,0.953953069851029,"[558.014,175.612,642.272,252.938]",600,214,True,25,839.0,True,3760,3645,841.0,True,0.5771001053320041,True,True,True,0.16984138369233126,True,True,True,True,INCLUDED,,BOTH_VALID_INCLUDED
400,1600938534153045,0,4004656,0.90790319,0.9244338081219381,"[637.002,345.345,720.0,432.505]",678,388,True,25,792.0,True,6091,5826,819.0,True,0.8419838290225252,True,True,True,0.19779919077855687,True,True,True,True,INCLUDED,,BOTH_VALID_INCLUDED
400,1600938534153045,1,4004651,0.90261626,0.9451108491434624,"[562.359,227.953,664.681,322.053]",613,275,True,25,827.0,True,7303,7192,826.0,True,0.7584774210213965,True,True,True,0.18368700645132707,True,True,True,True,INCLUDED,,BOTH_VALID_INCLUDED
400,1600938534153045,2,4004648,0.85790867,0.9004835283359602,"[543.697,176.76,628.126,255.976]",585,216,True,25,831.0,True,3621,3481,850.0,True,0.5414071294557754,True,True,True,0.17238281299211353,True,True,True,True,INCLUDED,,BOTH_VALID_INCLUDED
400,1600938534153045,3,4004654,0.84397089,0.8747217393078287,"[619.856,287.829,709.011,368.876]",664,328,True,20,799.0,True,4711,4568,813.0,True,0.6519742689767403,True,True,True,0.18668387039676163,True,True,True,True,INCLUDED,,BOTH_VALID_INCLUDED
400,1600938534219681,0,4004656,0.9044894,0.9253389459520078,"[624.664,342.383,717.384,431.384]",671,386,True,25,791.0,True,6742,6410,811.0,True,0.8169969568935531,True,True,True,0.1995993622014005,True,True,True,True,INCLUDED,,BOTH_VALID_INCLUDED
400,1600938534219681,1,4004651,0.89930969,0.9165330661200054,"[548.899,224.795,651.385,320.438]",600,272,True,25,794.0,True,7089,6944,815.0,True,0.723214697127084,True,True,True,0.1855609851330181,True,True,True,True,INCLUDED,,BOTH_VALID_INCLUDED
400,1600938534219681,2,4004654,0.857418,0.885021591861677,"[607.224,286.562,694.235,365.992]",650,326,True,25,810.0,True,4660,4599,817.0,True,0.6742596863405,True,True,True,0.18949385610136865,True,True,True,True,INCLUDED,,BOTH_VALID_INCLUDED
400,1600938534219681,3,4004648,0.85036361,0.9314063006623102,"[529.545,176.103,613.301,253.431]",571,214,True,25,841.0,True,3691,3481,845.0,True,0.5698903973447661,True,True,True,0.17394559474463644,True,True,True,True,INCLUDED,,BOTH_VALID_INCLUDED
400,1600938534286316,0,4004651,0.89708388,0.9617605373937975,"[535.115,224.741,635.426,320.209]",585,272,True,25,799.0,True,7149,6971,818.0,True,0.7465156430915112,True,True,True,0.188299061834741,True,True,True,True,INCLUDED,,BOTH_VALID_INCLUDED
400,1600938534286316,1,4004656,0.89136863,0.9102472479448009,"[609.5,342.343,706.028,431.013]",657,386,True,25,801.0,True,6711,6358,811.0,True,0.7840743061015999,True,True,True,0.2036901614129451,True,True,True,True,INCLUDED,,BOTH_VALID_INCLUDED
400,1600938534286316,2,4004654,0.85340202,0.8677049546195658,"[591.097,288.842,677.63,362.644]",634,325,True,25,797.0,True,4615,4574,814.0,True,0.7226396946796021,True,True,True,0.19335912828257448,True,True,True,True,INCLUDED,,BOTH_VALID_INCLUDED
400,1600938534286316,3,4004648,0.84217441,0.936240885747574,"[515.139,177.13,599.03,253.65]",557,215,True,25,832.0,True,3655,3400,840.0,True,0.569373235749127,True,True,True,0.1760192773508725,True,True,True,True,INCLUDED,,BOTH_VALID_INCLUDED
400,1600938534352951,0,4004651,0.91128075,0.94142425737554,"[521.713,227.341,619.177,322.843]",570,275,True,25,811.0,True,6948,6878,817.0,True,0.7464541070655287,True,True,True,0.19184941309402812,True,True,True,True,INCLUDED,,BOTH_VALID_INCLUDED
400,1600938534352951,1,4004656,0.890257,0.9354972580140175,"[594.778,343.239,688.314,433.905]",641,388,True,21,794.0,True,6646,6430,817.0,True,0.7836769754276411,True,True,True,0.20943690025575204,True,True,True,True,INCLUDED,,BOTH_VALID_INCLUDED
400,1600938534352951,2,4004654,0.85322702,0.894120464400772,"[578.423,289.881,663.414,366.288]",620,328,True,25,812.0,True,4508,4458,815.0,True,0.6941891477747149,True,True,True,0.19737226950513662,True,True,True,True,INCLUDED,,BOTH_VALID_INCLUDED
400,1600938534352951,3,4004648,0.83402693,0.9431860040043514,"[503.828,179.959,585.029,254.303]",544,217,True,25,828.0,True,3688,3474,840.0,True,0.6109189695856879,True,True,True,0.1781460238462154,True,True,True,True,INCLUDED,,BOTH_VALID_INCLUDED
400,1600938534419587,0,4004651,0.90859836,0.9458164246900769,"[506.666,224.402,606.333,319.103]",556,271,True,25,810.0,True,7537,7261,822.0,True,0.7985324406585691,True,True,True,0.19327606967010108,True,True,True,True,INCLUDED,,BOTH_VALID_INCLUDED
400,1600938534419587,1,4004656,0.89481521,0.9463171308641981,"[580.683,342.07,674.815,431.643]",627,386,True,25,796.0,True,6746,6652,811.0,True,0.8000772670173109,True,True,True,0.21346021136476495,True,True,True,True,INCLUDED,,BOTH_VALID_INCLUDED
400,1600938534419587,2,4004654,0.87538987,0.8924798777960292,"[560.681,288.951,649.233,365.248]",604,327,True,25,809.0,True,4238,4216,817.0,True,0.627270864841509,True,True,True,0.20105362707830896,True,True,True,True,INCLUDED,,BOTH_VALID_INCLUDED
400,1600938534419587,3,4004648,0.8600418,0.9754384451922246,"[488.959,175.998,572.865,253.243]",530,214,True,25,837.0,True,3767,3497,845.0,True,0.5812088584802361,True,True,True,0.17907327593484404,True,True,True,True,INCLUDED,,BOTH_VALID_INCLUDED
400,1600938534486220,0,4004651,0.92152125,0.9109840502661635,"[493.296,225.331,590.637,320.513]",541,272,True,25,813.0,True,7512,7323,816.0,True,0.810783589072103,True,True,True,0.19619197215480155,True,True,True,True,INCLUDED,,BOTH_VALID_INCLUDED
400,1600938534486220,1,4004656,0.90723974,0.9398918095574104,"[566.815,342.632,660.721,431.964]",613,387,True,25,794.0,True,6713,6557,811.0,True,0.8002326153787931,True,True,True,0.21827905250172855,True,True,True,True,INCLUDED,,BOTH_VALID_INCLUDED
400,1600938534486220,2,4004648,0.87643403,0.9405361746609258,"[475.288,177.369,558.029,252.073]",516,214,True,25,832.0,True,3752,3382,837.0,True,0.6070133012197325,True,True,True,0.18076144846543674,True,True,True,True,INCLUDED,,BOTH_VALID_INCLUDED
400,1600938534486220,3,4004654,0.84896362,0.897788657131861,"[548.273,288.238,636.146,365.078]",592,326,True,25,829.0,True,4239,4235,819.0,True,0.6277989815563241,True,True,True,0.20407925075583924,True,True,True,True,INCLUDED,,BOTH_VALID_INCLUDED
400,1600938534552855,0,4004651,0.91480172,0.9405889830554028,"[479.364,226.96,575.787,321.649]",527,274,True,25,806.0,True,7402,7162,816.0,True,0.8107163117739744,True,True,True,0.19909925996260006,True,True,True,True,INCLUDED,,BOTH_VALID_INCLUDED
400,1600938534552855,1,4004656,0.9019326,0.9326235991981664,"[551.349,345.944,643.9,433.915]",597,389,True,25,795.0,True,6622,6442,811.0,True,0.813333259179416,True,True,True,0.22473691852280514,True,True,True,True,INCLUDED,,BOTH_VALID_INCLUDED
400,1600938534552855,2,4004648,0.86545968,0.9555488386350763,"[460.982,179.533,543.26,252.728]",502,216,True,24,840.0,True,3675,3282,846.0,True,0.6102280994278467,True,True,True,0.1827948991953199,True,True,True,True,INCLUDED,,BOTH_VALID_INCLUDED
400,1600938534552855,3,4004654,0.8573854,0.9000388144167631,"[534.512,290.982,620.653,365.572]",577,328,True,25,807.0,True,4140,4114,816.5,True,0.6443321843121423,True,True,True,0.20826862003076585,True,True,True,True,INCLUDED,,BOTH_VALID_INCLUDED
400,1600938534619491,0,4004651,0.89335722,0.962041053311625,"[465.486,225.779,562.781,320.187]",514,272,True,15,766.0,True,7400,6861,811.0,True,0.8056240080727186,True,True,True,0.20077555389027707,True,True,True,True,INCLUDED,,BOTH_VALID_INCLUDED
400,1600938534619491,1,4004656,0.89212173,0.9287797353574258,"[537.823,343.641,631.005,431.623]",584,387,True,18,774.0,True,6629,6108,811.0,True,0.8085784478011524,True,True,True,0.22845928889408496,True,True,True,True,INCLUDED,,BOTH_VALID_INCLUDED
400,1600938534619491,2,4004648,0.8627761,0.9527501783848281,"[447.209,176.335,531.05,251.373]",489,213,True,25,835.0,True,3646,3144,840.0,True,0.5795340591243049,True,True,True,0.1833918062772706,True,True,True,True,INCLUDED,,BOTH_VALID_INCLUDED
400,1600938534619491,3,4004654,0.85423791,0.927368278773769,"[519.391,288.936,606.654,364.332]",563,326,True,25,825.0,True,4121,4075,823.0,True,0.6263602219298255,True,True,True,0.21124453097413634,True,True,True,True,INCLUDED,,BOTH_VALID_INCLUDED
400,1600938534686129,0,4004651,0.92013866,0.9641992499821777,"[450.654,226.726,548.2,321.868]",499,274,True,25,794.0,True,7336,6997,816.0,True,0.7904557824200856,True,True,True,0.2035083444326612,True,True,True,True,INCLUDED,,BOTH_VALID_INCLUDED
400,1600938534686129,1,4004656,0.89416081,0.9283392170329672,"[523.686,344.724,617.47,431.199]",570,387,True,25,808.0,True,6568,6275,813.0,True,0.8098672209867471,True,True,True,0.23341016411827575,True,True,True,True,INCLUDED,,BOTH_VALID_INCLUDED
400,1600938534686129,2,4004654,0.86893451,0.9269061336583426,"[506.188,290.376,592.587,365.003]",549,327,True,25,814.0,True,4087,4049,816.0,True,0.6338696214277646,True,True,True,0.21493952636692196,True,True,True,True,INCLUDED,,BOTH_VALID_INCLUDED
400,1600938534686129,3,4004648,0.85744691,0.9594044250038035,"[434.334,178.265,515.556,250.223]",474,214,True,25,831.0,True,3601,3203,831.0,True,0.6161271661120835,True,True,True,0.18484306772470774,True,True,True,True,INCLUDED,,BOTH_VALID_INCLUDED
400,1600938534752767,0,4004651,0.9061482,0.9542370283357833,"[435.275,227.034,533.41,321.769]",484,274,True,25,799.0,True,7274,6981,824.0,True,0.7824181393609919,True,True,True,0.20569153084828956,True,True,True,True,INCLUDED,,BOTH_VALID_INCLUDED
400,1600938534752767,1,4004656,0.90384692,0.9098904608046389,"[507.724,346.343,601.64,432.33]",554,389,True,25,802.0,True,6521,6218,810.0,True,0.8074986704579592,True,True,True,0.239586922134185,True,True,True,True,INCLUDED,,BOTH_VALID_INCLUDED
400,1600938534752767,2,4004648,0.87250388,0.9283830241405083,"[420.44,177.067,500.988,252.352]",460,214,True,25,835.0,True,3564,3048,844.0,True,0.5877254257232162,True,True,True,0.18620136410699453,True,True,True,True,INCLUDED,,BOTH_VALID_INCLUDED
400,1600938534752767,3,4004654,0.85793722,0.9162132727272734,"[492.868,289.83,578.292,361.562]",535,325,True,25,809.0,True,4043,3989,819.0,True,0.6597978530040122,True,True,True,0.21738123578846535,True,True,True,True,INCLUDED,,BOTH_VALID_INCLUDED
400,1600938534819405,0,4004651,0.90509981,0.9674345483047082,"[422.144,226.299,518.748,321.208]",470,273,True,25,815.0,True,7213,6913,820.0,True,0.7867077444172179,True,True,True,0.20723784749858665,True,True,True,True,INCLUDED,,BOTH_VALID_INCLUDED
400,1600938534819405,1,4004656,0.8997156,0.911255903770813,"[494.693,345.788,587.406,431.299]",541,388,True,25,804.0,True,6509,6267,806.0,True,0.8210160592452853,True,True,True,0.2439895232926561,True,True,True,True,INCLUDED,,BOTH_VALID_INCLUDED
400,1600938534819405,2,4004654,0.8781414,0.915063670454546,"[477.339,291.251,563.34,361.476]",520,326,True,25,815.0,True,3995,3948,817.0,True,0.6614873367252727,True,True,True,0.22111903553947762,True,True,True,True,INCLUDED,,BOTH_VALID_INCLUDED
400,1600938534819405,3,4004648,0.86628711,0.962641938230525,"[408.468,177.863,487.87,248.837]",448,213,True,25,831.0,True,3536,3044,841.0,True,0.6274534801855272,True,True,True,0.18668384044576833,True,True,True,True,INCLUDED,,BOTH_VALID_INCLUDED
400,1600938534886042,0,4004654,0.89781898,0.9331639917641936,"[462.094,290.43,547.996,362.643]",505,326,True,25,818.0,True,3917,3900,823.0,True,0.6314440984056634,True,True,True,0.22452001854558398,True,True,True,True,INCLUDED,,BOTH_VALID_INCLUDED
400,1600938534886042,1,4004651,0.89753556,0.9593980976419687,"[407.13,226.478,504.356,320.97]",455,273,True,17,827.0,True,7156,6615,819.0,True,0.7789200300168697,True,True,True,0.2089503202285479,True,True,True,True,INCLUDED,,BOTH_VALID_INCLUDED
400,1600938534886042,2,4004656,0.89576453,0.892864591544906,"[480.161,344.621,572.313,428.915]",526,386,True,25,822.0,True,6455,6065,811.0,True,0.8309881264956072,True,True,True,0.24818755532749057,True,True,True,True,INCLUDED,,BOTH_VALID_INCLUDED
400,1600938534886042,3,4004648,0.86839938,0.9246116508561651,"[396.239,177.694,473.41,247.665]",434,212,True,25,845.0,True,3513,3210,847.0,True,0.6505878390494002,True,True,True,0.18732836530932806,True,True,True,True,INCLUDED,,BOTH_VALID_INCLUDED
400,1600938534952679,0,4004651,0.90473998,0.9719181299289977,"[394.045,227.34,488.14,322.843]",441,275,True,25,771.0,True,7070,6654,819.0,True,0.7867483722989913,True,True,True,0.2110548909868314,True,True,True,True,INCLUDED,,BOTH_VALID_INCLUDED
400,1600938534952679,1,4004656,0.89804071,0.8987596403010071,"[465.954,345.841,558.187,429.235]",512,387,True,3,805.0,True,6395,5810,813.0,True,0.8314179731916475,True,True,True,0.25334128984207893,True,True,True,True,INCLUDED,,BOTH_VALID_INCLUDED
400,1600938534952679,2,4004654,0.8802653,0.9335238073708796,"[447.621,291.445,532.917,362.468]",490,326,True,25,794.0,True,3869,3820,817.0,True,0.6386619632199214,True,True,True,0.22775581451733745,True,True,True,True,INCLUDED,,BOTH_VALID_INCLUDED
400,1600938534952679,3,4004648,0.86439568,0.9689160034913818,"[380.923,178.637,459.491,250.198]",420,214,True,25,844.0,True,3466,3096,844.0,True,0.6164622109212514,True,True,True,0.18874329924170913,True,True,True,True,INCLUDED,,BOTH_VALID_INCLUDED
400,1600938535019316,0,4004651,0.90304625,0.9744005966850791,"[379.948,226.258,473.676,321.651]",426,273,False,0,,True,7024,5975,813.0,True,0.7855948827057985,False,True,True,0.21182270021801108,True,False,False,True,INVALID_BBOX_CENTER_DEPTH,INVALID_BBOX_CENTER_DEPTH,A_BBOX_INVALID_MASK_VALID
400,1600938535019316,1,4004654,0.89943069,0.9450681191326616,"[434.772,291.434,518.936,362.693]",476,327,True,25,807.0,True,3821,3669,815.0,True,0.637104901846165,True,True,True,0.23039240872090005,True,True,True,True,INCLUDED,,BOTH_VALID_INCLUDED
400,1600938535019316,2,4004656,0.893224,0.9111296385486631,"[450.608,345.765,544.242,429.634]",497,387,True,25,808.0,True,6351,5868,810.0,True,0.8087365504950057,True,True,True,0.2581979153313811,True,True,True,True,INCLUDED,,BOTH_VALID_INCLUDED
400,1600938535019316,3,4004648,0.86425078,0.9673971324455308,"[366.976,178.305,445.551,249.746]",406,214,True,25,842.0,True,3467,2976,848.0,True,0.6176208190554354,True,True,True,0.1892221385344243,True,True,True,True,INCLUDED,,BOTH_VALID_INCLUDED
400,1600938535085951,0,4004651,0.91336071,0.9709559661423844,"[365.959,226.324,459.058,321.863]",412,274,True,12,810.0,True,6973,6753,811.0,True,0.7839600967319338,True,True,True,0.2129223187164716,True,True,True,True,INCLUDED,,BOTH_VALID_INCLUDED
400,1600938535085951,1,4004656,0.89999187,0.9081647831578942,"[437.306,344.596,529.709,428.628]",483,386,True,25,812.0,True,6324,5801,810.0,True,0.8144437403034838,True,True,True,0.2618584161773562,True,True,True,True,INCLUDED,,BOTH_VALID_INCLUDED
400,1600938535085951,2,4004654,0.87862152,0.9513555616883113,"[421.14,292.411,505.498,361.881]",463,327,True,25,828.0,True,3770,3685,821.0,True,0.6433062586262551,True,True,True,0.23284352190733662,True,True,True,True,INCLUDED,,BOTH_VALID_INCLUDED
400,1600938535085951,3,4004648,0.8640151,0.9243431216805169,"[351.67,177.925,432.601,244.938]",392,211,True,25,833.0,True,3449,3044,842.0,True,0.6359445167435062,True,True,True,0.18876058154783293,True,True,True,True,INCLUDED,,BOTH_VALID_INCLUDED
400,1600938535152588,0,4004651,0.90734041,0.9461710342677494,"[351.422,227.059,442.169,322.89]",396,274,True,25,820.0,True,6927,6673,822.0,True,0.7965387183763574,True,True,True,0.21418993186635488,True,True,True,True,INCLUDED,,BOTH_VALID_INCLUDED
400,1600938535152588,1,4004656,0.8953383,0.8887170035087708,"[422.708,346.73,514.622,429.4]",468,388,True,25,804.0,True,6283,5962,806.0,True,0.8268704191191255,True,True,True,0.26711486204709706,True,True,True,True,INCLUDED,,BOTH_VALID_INCLUDED
400,1600938535152588,2,4004654,0.88652527,0.9407570117240243,"[406.072,293.572,491.311,362.179]",448,327,True,25,818.0,True,3741,3518,819.0,True,0.6397067494793786,True,True,True,0.2355818334139204,True,True,True,True,INCLUDED,,BOTH_VALID_INCLUDED
400,1600938535152588,3,4004648,0.8820405,0.9464073888888882,"[338.696,179.504,417.881,247.271]",378,213,True,25,833.0,True,3434,3003,842.0,True,0.6399397828963665,True,True,True,0.1897517630768026,True,True,True,True,INCLUDED,,BOTH_VALID_INCLUDED
401,1600938536751851,0,4013454,0.90312529,0.9447411481151743,"[78.65,347.099,174.61,429.814]",126,388,True,25,808.0,True,6360,5264,810.0,True,0.801276862397354,True,True,True,0.22566927223257235,True,True,True,True,INCLUDED,,BOTH_VALID_INCLUDED
401,1600938536751851,1,4013460,0.89812261,0.9175072635046718,"[601.908,182.826,669.236,255.636]",635,219,True,25,886.0,True,3838,3776,880.0,True,0.782921510906819,True,True,True,0.16584363656060264,True,True,True,True,INCLUDED,,BOTH_VALID_INCLUDED
401,1600938536751851,2,4013462,0.88428688,0.9415511929158757,"[611.368,243.071,699.724,344.157]",655,293,True,25,872.0,True,6302,6269,887.0,True,0.7055882509759935,True,True,True,0.18007122600207917,True,True,True,True,INCLUDED,,BOTH_VALID_INCLUDED
401,1600938536751851,3,4013464,0.84827155,0.9245888558269526,"[574.988,324.531,662.228,407.945]",618,366,True,25,920.0,True,2795,2618,924.0,True,0.3840848770906961,True,True,True,0.20982179366154727,True,True,True,True,INCLUDED,,BOTH_VALID_INCLUDED
401,1600938536751851,4,4013457,0.84760326,0.9162239969644147,"[69.605,288.218,161.024,356.799]",115,322,True,25,809.0,True,4288,4078,820.0,True,0.6839344768638997,True,True,True,0.199664990756645,True,True,True,True,INCLUDED,,BOTH_VALID_INCLUDED
401,1600938536751851,5,4013451,0.83548063,0.9769083534416496,"[12.781,230.752,109.705,321.371]",61,276,True,25,699.0,True,4417,3345,775.0,True,0.5028944063076365,True,True,True,0.1751750031717214,True,True,True,True,INCLUDED,,BOTH_VALID_INCLUDED
401,1600938536751851,6,4013452,0.83489233,0.9348483746009298,"[10.581,182.842,91.485,240.401]",51,211,True,25,849.0,True,3263,2273,840.0,True,0.7007027782156079,True,True,True,0.15919132837188027,True,True,True,True,INCLUDED,,BOTH_VALID_INCLUDED
401,1600938536751851,7,4013468,0.77712983,0.5508804842943328,"[681.341,328.418,719.632,415.198]",700,371,True,25,838.0,True,1417,1395,843.0,True,0.4264356416317695,True,True,True,0.18746746480476711,True,True,True,True,INCLUDED,,BOTH_VALID_INCLUDED
401,1600938536751851,8,4013449,0.70104557,0.7475501405423522,"[664.446,703.571,718.621,767.063]",691,735,True,25,769.0,True,1713,1073,782.0,True,0.498011573230771,True,True,True,0.2247375523830036,True,True,True,True,INCLUDED,,BOTH_VALID_INCLUDED
401,1600938536818488,0,4013460,0.90216333,0.9514722415382726,"[590.145,184.946,655.87,258.126]",623,221,True,25,871.0,True,3844,3781,877.0,True,0.7992090242425004,True,True,True,0.16827877023541926,True,True,True,True,INCLUDED,,BOTH_VALID_INCLUDED
401,1600938536818488,1,4013454,0.89501035,0.9422451377762326,"[63.511,346.751,162.473,429.412]",112,388,True,25,802.0,True,6407,5462,813.0,True,0.7832233119649613,True,True,True,0.22084249733003633,True,True,True,True,INCLUDED,,BOTH_VALID_INCLUDED
401,1600938536818488,2,4013462,0.87133694,0.9231403744036628,"[596.078,245.345,684.829,346.098]",640,295,True,25,844.0,True,6315,6157,880.0,True,0.7062234160850105,True,True,True,0.1838060843020338,True,True,True,True,INCLUDED,,BOTH_VALID_INCLUDED
401,1600938536818488,3,4013457,0.86885065,0.8857547767044279,"[55.519,286.817,145.971,353.438]",100,320,True,25,828.0,True,4321,4175,823.0,True,0.7170590888942805,True,True,True,0.19541092396014925,True,True,True,True,INCLUDED,,BOTH_VALID_INCLUDED
401,1600938536818488,4,4013468,0.86669499,0.7040284181287525,"[671.108,327.782,720.0,417.94]",695,372,True,25,844.0,True,2626,2626,846.0,True,0.5957343601304889,True,True,True,0.18906977358465946,True,True,True,True,INCLUDED,,BOTH_VALID_INCLUDED
401,1600938536818488,5,4013452,0.84630364,0.9521672976943941,"[1.245,182.275,76.87,237.976]",39,210,True,25,834.0,True,3212,2465,841.0,True,0.7625128323140927,True,True,True,0.15711749049815674,True,True,True,True,INCLUDED,,BOTH_VALID_INCLUDED
401,1600938536818488,6,4013451,0.83791465,0.9534773637702502,"[0.551,230.296,95.969,318.501]",48,274,True,19,711.0,True,4240,3273,786.0,True,0.5037816482299992,True,True,True,0.17227577802156804,True,True,True,True,INCLUDED,,BOTH_VALID_INCLUDED
401,1600938536818488,7,4013464,0.78241158,0.9418543404574008,"[564.0,326.63,648.038,407.664]",606,367,True,25,923.0,True,2762,2587,935.0,True,0.4055838831897083,True,True,True,0.2139548979234312,True,True,True,True,INCLUDED,,BOTH_VALID_INCLUDED
401,1600938536818488,8,4013449,0.73763698,0.7155204632708285,"[650.712,704.744,711.983,768.75]",681,736,True,21,769.0,True,1968,1147,777.0,True,0.5018217012573383,True,True,True,0.22957089437197412,True,True,True,True,INCLUDED,,BOTH_VALID_INCLUDED
401,1600938536885126,0,4013454,0.90493149,0.9333712737843552,"[50.166,347.315,148.241,428.342]",99,387,True,25,810.0,True,6471,5100,813.0,True,0.8142979162155963,True,True,True,0.2160880024323522,True,True,True,True,INCLUDED,,BOTH_VALID_INCLUDED
401,1600938536885126,1,4013468,0.89831305,0.7728462993295929,"[657.343,324.672,720.0,416.754]",688,370,True,25,845.0,True,3843,3843,841.0,True,0.6660794636294294,True,True,True,0.19051229351297805,True,True,True,True,INCLUDED,,BOTH_VALID_INCLUDED
401,1600938536885126,2,4013462,0.88812888,0.8893737638649507,"[585.471,244.38,671.446,345.677]",628,295,True,25,852.0,True,6314,6160,884.0,True,0.7249963323183046,True,True,True,0.18617757713663988,True,True,True,True,INCLUDED,,BOTH_VALID_INCLUDED
401,1600938536885126,3,4013460,0.88778305,0.9329818515335809,"[575.863,183.955,642.441,255.819]",609,219,True,25,880.0,True,3834,3821,883.0,True,0.8013273706573442,True,True,True,0.1699414464496729,True,True,True,True,INCLUDED,,BOTH_VALID_INCLUDED
401,1600938536885126,4,4013457,0.84719241,0.9162328275160606,"[41.495,288.291,134.117,356.825]",87,322,True,25,823.0,True,4340,4091,821.0,True,0.6837061630616377,True,True,True,0.19299004256716912,True,True,True,True,INCLUDED,,BOTH_VALID_INCLUDED
401,1600938536885126,5,4013464,0.83478338,0.9035433766233761,"[552.341,327.202,634.757,408.242]",593,367,True,25,923.0,True,2737,2609,938.0,True,0.4097923365880519,True,True,True,0.2179976380982331,True,True,True,True,INCLUDED,,BOTH_VALID_INCLUDED
401,1600938536885126,6,4013452,0.8317349,0.9390165644915317,"[0.0,182.305,65.43,236.757]",32,209,True,23,842.0,True,2811,2236,835.0,True,0.7889874396230939,True,True,True,0.1560652016234893,True,True,True,True,INCLUDED,,BOTH_VALID_INCLUDED
401,1600938536885126,7,4013451,0.83154708,0.9506093607883838,"[0.0,230.486,84.19,317.223]",42,273,True,25,731.0,True,3424,2697,776.0,True,0.46888770987427236,True,True,True,0.17096996728872776,True,True,True,True,INCLUDED,,BOTH_VALID_INCLUDED
401,1600938536885126,8,4013449,0.7095198,0.7612115087813678,"[628.288,702.752,696.82,773.674]",662,738,True,25,785.0,True,2094,1274,782.0,True,0.43082638905797516,True,True,True,0.23917983234141135,True,True,True,True,INCLUDED,,BOTH_VALID_INCLUDED
401,1600938536951764,0,4013468,0.90243286,0.8406112148512879,"[645.087,325.128,718.694,416.379]",681,370,True,25,837.0,True,4723,4707,842.0,True,0.7031713953148225,True,True,True,0.19243675440235125,True,True,True,True,INCLUDED,,BOTH_VALID_INCLUDED
401,1600938536951764,1,4013454,0.89328492,0.9275523546465687,"[35.442,347.489,134.729,427.899]",85,387,True,25,799.0,True,6497,4936,808.0,True,0.8137863784603145,True,True,True,0.21135223315764629,True,True,True,True,INCLUDED,,BOTH_VALID_INCLUDED
401,1600938536951764,2,4013460,0.88699949,0.9150781247085837,"[563.828,183.866,629.3,254.975]",596,219,True,25,876.0,True,3771,3756,883.0,True,0.8099838383673428,True,True,True,0.17166056913164476,True,True,True,True,INCLUDED,,BOTH_VALID_INCLUDED
401,1600938536951764,3,4013457,0.8661949,0.8829056663711584,"[27.623,288.929,118.609,354.604]",73,321,True,25,811.0,True,4357,4049,821.0,True,0.7291433274628955,True,True,True,0.18923032665227893,True,True,True,True,INCLUDED,,BOTH_VALID_INCLUDED
401,1600938536951764,4,4013462,0.86066896,0.9086824535635857,"[570.828,245.831,658.13,343.873]",614,294,True,25,862.0,True,6274,5947,883.0,True,0.7330070628312543,True,True,True,0.18910021470036656,True,True,True,True,INCLUDED,,BOTH_VALID_INCLUDED
401,1600938536951764,5,4013451,0.83440572,0.9726753904488695,"[0.0,232.674,69.471,316.406]",34,274,True,6,743.5,True,2546,2319,761.0,True,0.4376867345498094,True,True,True,0.16970947899953895,True,True,True,True,INCLUDED,,BOTH_VALID_INCLUDED
401,1600938536951764,6,4013449,0.8151769,0.6878655881835064,"[622.372,704.425,684.483,773.153]",653,738,True,25,762.0,True,2244,1439,793.0,True,0.5256789963678875,True,True,True,0.24413407544490867,True,True,True,True,INCLUDED,,BOTH_VALID_INCLUDED
401,1600938536951764,7,4013452,0.81047398,0.942976673707079,"[0.0,183.946,51.094,237.287]",25,210,True,25,819.0,True,2247,2035,823.0,True,0.8244646045189288,True,True,True,0.15521461322977528,True,True,True,True,INCLUDED,,BOTH_VALID_INCLUDED
401,1600938536951764,8,4013464,0.80099881,0.913225404339819,"[540.401,325.163,624.35,406.209]",582,365,True,25,921.0,True,2749,2607,940.0,True,0.40404303753321363,True,True,True,0.2206884359673687,True,True,True,True,INCLUDED,,BOTH_VALID_INCLUDED
401,1600938536951764,9,4013470,0.37166631,0.9143984893567458,"[703.081,191.829,718.871,236.788]",710,214,True,25,854.0,True,521,436,852.5,True,0.7339034857189793,True,True,True,0.15343960547934044,True,True,True,True,INCLUDED,,BOTH_VALID_INCLUDED
401,1600938536951764,10,4013466,0.35090855,0.608244396555773,"[623.022,464.353,664.67,526.066]",643,495,True,25,866.0,True,1290,962,870.0,True,0.5019019703560178,True,True,True,0.23886747233914302,True,True,True,True,INCLUDED,,BOTH_VALID_INCLUDED
401,1600938537018400,0,4013468,0.90112716,0.8092576017112835,"[628.384,324.731,709.199,416.85]",668,370,True,25,838.0,True,4726,4627,845.0,True,0.6348228130444595,True,True,True,0.1962070621453174,True,True,True,True,INCLUDED,,BOTH_VALID_INCLUDED
401,1600938537018400,1,4013460,0.89455146,0.9545514308293996,"[550.21,184.731,615.15,256.32]",582,220,True,25,877.0,True,3726,3725,879.0,True,0.8014644627108083,True,True,True,0.17393844358584637,True,True,True,True,INCLUDED,,BOTH_VALID_INCLUDED
401,1600938537018400,2,4013454,0.89234304,0.9586448306060065,"[19.513,346.982,122.036,429.662]",70,388,True,25,813.0,True,6561,5641,813.0,True,0.7740130159048035,True,True,True,0.20686933222288217,True,True,True,True,INCLUDED,,BOTH_VALID_INCLUDED
401,1600938537018400,3,4013464,0.85870445,0.9358149593081094,"[527.181,325.255,610.761,409.402]",568,367,True,25,924.0,True,2720,2659,941.0,True,0.38674784287764913,True,True,True,0.22545962681004397,True,True,True,True,INCLUDED,,BOTH_VALID_INCLUDED
401,1600938537018400,4,4013462,0.85039729,0.9316057794281708,"[559.355,245.121,645.823,345.918]",602,295,True,25,874.0,True,6173,6099,886.0,True,0.7082608831097674,True,True,True,0.19181827574473442,True,True,True,True,INCLUDED,,BOTH_VALID_INCLUDED
401,1600938537018400,5,4013457,0.84697479,0.9121690527798363,"[12.084,288.689,104.991,354.912]",58,321,True,25,815.0,True,4396,4180,819.0,True,0.7144969774495077,True,True,True,0.1857606986522177,True,True,True,True,INCLUDED,,BOTH_VALID_INCLUDED
401,1600938537018400,6,4013449,0.82986867,0.6662151248439447,"[608.477,704.429,671.862,771.781]",640,738,True,25,764.0,True,2320,1545,840.0,True,0.5434392393657119,True,True,True,0.2519847863146753,True,True,True,True,INCLUDED,,BOTH_VALID_INCLUDED
401,1600938537018400,7,4013472,0.77198941,0.8618510372461914,"[694.285,280.381,719.775,361.994]",707,321,True,25,839.0,True,1264,1240,827.0,True,0.6076001832356787,True,True,True,0.17505643807166651,True,True,True,True,INCLUDED,,BOTH_VALID_INCLUDED
401,1600938537018400,8,4013451,0.76014745,0.5845908621248902,"[0.0,232.468,56.013,313.275]",28,272,True,25,744.0,True,1852,1771,759.0,True,0.4091694167253578,True,True,True,0.1680734987067886,True,True,True,True,INCLUDED,,BOTH_VALID_INCLUDED
401,1600938537018400,9,4013452,0.75471771,0.8860040060324772,"[0.0,189.372,38.322,236.725]",19,213,True,25,837.0,True,1553,1547,831.0,True,0.8558069138161871,True,True,True,0.15472359471298963,True,True,True,True,INCLUDED,,BOTH_VALID_INCLUDED
401,1600938537018400,11,4013470,0.37975746,0.905958418475075,"[690.346,187.52,717.624,236.356]",703,211,True,25,836.0,True,976,947,836.0,True,0.7326511026390085,True,True,True,0.15404824166137532,True,True,True,True,INCLUDED,,BOTH_VALID_INCLUDED
401,1600938537085037,0,4013468,0.89714938,0.7893924299502446,"[613.197,323.949,693.925,417.178]",653,370,True,25,829.0,True,4728,4707,843.0,True,0.6282062441576891,True,True,True,0.20061602611654505,True,True,True,True,INCLUDED,,BOTH_VALID_INCLUDED
401,1600938537085037,1,4013454,0.8952502,0.9579485736434111,"[7.231,346.255,107.718,429.879]",57,388,True,25,809.0,True,6615,5445,819.0,True,0.7872071506930097,True,True,True,0.20255620865410198,True,True,True,True,INCLUDED,,BOTH_VALID_INCLUDED
401,1600938537085037,2,4013460,0.88250846,0.9586389625461524,"[537.376,183.573,601.161,255.723]",569,219,True,25,875.0,True,3731,3689,880.0,True,0.8107190046517478,True,True,True,0.17557330173310662,True,True,True,True,INCLUDED,,BOTH_VALID_INCLUDED
401,1600938537085037,3,4013462,0.88048047,0.912144234874929,"[546.824,244.225,631.168,344.308]",588,294,True,25,860.0,True,6177,5849,889.0,True,0.731750609623245,True,True,True,0.19429033278654342,True,True,True,True,INCLUDED,,BOTH_VALID_INCLUDED
401,1600938537085037,4,4013457,0.85810578,0.9262086286231883,"[1.811,287.845,91.967,355.896]",46,321,True,25,821.0,True,4385,4223,825.0,True,0.7147274323711392,True,True,True,0.1830266421710266,True,True,True,True,INCLUDED,,BOTH_VALID_INCLUDED
401,1600938537085037,5,4013464,0.83220327,0.9356810245417865,"[515.887,325.277,599.598,407.339]",557,366,True,25,922.0,True,2744,2641,936.0,True,0.399447290606834,True,True,True,0.22849163101482664,True,True,True,True,INCLUDED,,BOTH_VALID_INCLUDED
401,1600938537085037,6,4013449,0.82642907,0.6692223061185694,"[593.973,703.165,660.013,770.553]",626,736,True,25,765.0,True,2379,1337,799.0,True,0.5345702802760733,True,True,True,0.26040362026778974,True,True,True,True,INCLUDED,,BOTH_VALID_INCLUDED
401,1600938537085037,7,4013472,0.79615664,0.9340642821271976,"[679.671,272.831,719.892,364.073]",699,318,True,25,840.0,True,2478,2383,827.0,True,0.675232972992233,True,True,True,0.1761157842313143,True,True,True,True,INCLUDED,,BOTH_VALID_INCLUDED
401,1600938537085037,8,4013452,0.69218922,0.8390069948717945,"[0.0,195.173,25.924,233.039]",12,214,True,25,859.0,True,891,891,852.0,True,0.9076664034902705,True,True,True,0.1539924593232777,True,True,True,True,INCLUDED,,BOTH_VALID_INCLUDED
401,1600938537085037,10,4013451,0.62036109,0.6793478718161909,"[0.0,232.133,43.905,298.114]",21,265,True,25,760.0,True,1330,1216,760.0,True,0.45911212881886876,True,True,True,0.1653478520509945,True,True,True,True,INCLUDED,,BOTH_VALID_INCLUDED
401,1600938537151673,0,4013460,0.90233803,0.9508640221835217,"[524.801,183.539,588.479,257.213]",556,220,True,25,868.0,True,3682,3651,870.0,True,0.784838176041092,True,True,True,0.1774896982659388,True,True,True,True,INCLUDED,,BOTH_VALID_INCLUDED
401,1600938537151673,1,4013468,0.89444196,0.8327226694328168,"[605.978,324.746,681.97,416.51]",643,370,True,25,829.0,True,4727,4716,842.0,True,0.6778684037498951,True,True,True,0.20349568202738377,True,True,True,True,INCLUDED,,BOTH_VALID_INCLUDED
401,1600938537151673,2,4013454,0.88801211,0.962632443274333,"[0.0,346.978,94.202,429.936]",47,388,True,25,810.0,True,6445,5232,815.0,True,0.8247161990070959,True,True,True,0.19941297872239236,True,True,True,True,INCLUDED,,BOTH_VALID_INCLUDED
401,1600938537151673,3,4013472,0.87980151,0.9495876569558062,"[668.275,272.454,720.0,365.969]",694,319,True,25,812.0,True,3792,3775,813.0,True,0.7839467267678706,True,True,True,0.17755719571118173,True,True,True,True,INCLUDED,,BOTH_VALID_INCLUDED
401,1600938537151673,4,4013462,0.87879997,0.9153890705005859,"[532.876,244.594,618.431,346.304]",575,295,True,25,881.0,True,6116,6083,885.0,True,0.7028431666667821,True,True,True,0.19744316059766848,True,True,True,True,INCLUDED,,BOTH_VALID_INCLUDED
401,1600938537151673,5,4013457,0.86575055,0.9273738824340609,"[1.225,287.577,79.883,353.97]",40,320,True,25,819.0,True,3757,3683,825.0,True,0.7194092251119074,True,True,True,0.18128760823914325,True,True,True,True,INCLUDED,,BOTH_VALID_INCLUDED
401,1600938537151673,6,4013449,0.81516063,0.7151289508721153,"[575.504,702.185,647.197,771.211]",611,736,True,25,762.0,True,2420,1390,815.0,True,0.4890191934371306,True,True,True,0.2707756365567195,True,True,True,True,INCLUDED,,BOTH_VALID_INCLUDED
401,1600938537151673,7,4013464,0.78894162,0.9047955687498501,"[505.526,326.184,588.054,408.258]",546,367,True,25,921.0,True,2721,2592,932.5,True,0.40171830482791065,True,True,True,0.2322320308230405,True,True,True,True,INCLUDED,,BOTH_VALID_INCLUDED
401,1600938537151673,10,4013470,0.32746264,0.5310573130833812,"[668.069,183.098,719.774,238.008]",693,210,True,25,739.0,True,911,771,856.0,True,0.32087389847750597,True,True,True,0.15528121090790759,True,True,True,True,INCLUDED,,BOTH_VALID_INCLUDED
401,1600938537151673,11,4013451,0.31900245,0.5446693652802093,"[1.476,239.844,40.215,293.031]",20,266,True,25,744.0,True,724,668,749.0,True,0.35138617110007114,True,True,True,0.16541120182982322,True,True,True,True,INCLUDED,,BOTH_VALID_INCLUDED
401,1600938537218310,0,4013472,0.92847455,0.9190112999722786,"[652.599,272.503,720.0,366.802]",686,319,True,25,814.0,True,5059,5027,823.0,True,0.7959600160910045,True,True,True,0.17944692203067042,True,True,True,True,INCLUDED,,BOTH_VALID_INCLUDED
401,1600938537218310,1,4013460,0.91219854,0.9423082090951377,"[510.61,184.037,575.488,257.767]",543,220,True,25,862.0,True,3650,3644,873.0,True,0.7630468031543741,True,True,True,0.17942714236503013,True,True,True,True,INCLUDED,,BOTH_VALID_INCLUDED
401,1600938537218310,2,4013468,0.89758581,0.8018332964470388,"[591.674,325.912,665.961,418.265]",628,372,True,25,822.0,True,4746,4719,845.0,True,0.691773475639828,True,True,True,0.20853958930158448,True,True,True,True,INCLUDED,,BOTH_VALID_INCLUDED
401,1600938537218310,3,4013462,0.89441204,0.9252758933777773,"[520.832,245.594,607.851,348.06]",564,296,True,25,866.0,True,6066,5828,890.0,True,0.6803126319480284,True,True,True,0.20023888461885647,True,True,True,True,INCLUDED,,BOTH_VALID_INCLUDED
401,1600938537218310,4,4013454,0.89139301,0.94519125399366,"[0.0,348.112,81.972,430.331]",40,389,True,25,801.0,True,5647,5144,808.0,True,0.8378766083313025,True,True,True,0.19771327497729085,True,True,True,True,INCLUDED,,BOTH_VALID_INCLUDED
401,1600938537218310,5,4013457,0.8652193,0.9359271272261745,"[0.125,288.782,65.645,353.245]",32,321,True,25,811.0,True,3081,3069,819.0,True,0.7294697659713247,True,True,True,0.1795658043180107,True,True,True,True,INCLUDED,,BOTH_VALID_INCLUDED
401,1600938537218310,6,4013464,0.85826802,0.896189518882562,"[491.885,328.458,573.055,408.344]",532,368,True,25,920.0,True,2737,2612,931.0,True,0.4220934136306246,True,True,True,0.23711702844964486,True,True,True,True,INCLUDED,,BOTH_VALID_INCLUDED
401,1600938537218310,7,4013449,0.81573701,0.6995750523975868,"[559.836,702.852,632.666,763.348]",596,733,True,25,775.0,True,2540,1621,841.0,True,0.5764965951475581,True,True,True,0.2825390732196428,True,True,True,True,INCLUDED,,BOTH_VALID_INCLUDED
401,1600938537284944,0,4013472,0.90381479,0.9573717295916933,"[640.746,271.675,718.939,368.092]",679,319,True,25,817.0,True,6119,5598,813.0,True,0.8116316289914981,True,True,True,0.18098912327673333,True,True,True,True,INCLUDED,,BOTH_VALID_INCLUDED
401,1600938537284944,1,4013468,0.89886624,0.8842030367981566,"[580.514,325.109,653.09,417.674]",616,371,True,25,863.0,True,4713,4695,857.0,True,0.7015483471217278,True,True,True,0.21203730941241136,True,True,True,True,INCLUDED,,BOTH_VALID_INCLUDED
401,1600938537284944,2,4013454,0.88628626,0.9561876102406579,"[0.0,347.383,68.566,429.311]",34,388,True,25,811.0,True,4601,4451,812.0,True,0.819051227976145,True,True,True,0.19546231275728576,True,True,True,True,INCLUDED,,BOTH_VALID_INCLUDED
401,1600938537284944,3,4013462,0.87605411,0.9300398295229815,"[506.917,245.165,594.018,343.581]",550,294,True,25,846.0,True,6043,5944,890.0,True,0.7049588117309269,True,True,True,0.2021697380214333,True,True,True,True,INCLUDED,,BOTH_VALID_INCLUDED
401,1600938537284944,4,4013460,0.8752386,0.8940100658680326,"[498.3,184.482,564.631,256.205]",531,220,True,25,880.0,True,3627,3364,883.0,True,0.7623818773333312,True,True,True,0.18072257291889443,True,True,True,True,INCLUDED,,BOTH_VALID_INCLUDED
401,1600938537284944,5,4013457,0.87146437,0.9569480913041437,"[0.0,289.592,51.196,352.197]",25,320,True,25,823.0,True,2469,2465,820.0,True,0.7703286309299617,True,True,True,0.1778643686926388,True,True,True,True,INCLUDED,,BOTH_VALID_INCLUDED
401,1600938537284944,6,4013449,0.82976079,0.8145684961227946,"[536.767,702.196,620.125,766.563]",578,734,True,25,771.0,True,2581,1505,831.0,True,0.4810358568962324,True,True,True,0.2958908281910311,True,True,True,True,INCLUDED,,BOTH_VALID_INCLUDED
401,1600938537284944,7,4013464,0.79102546,0.8908922444974015,"[481.836,325.408,565.259,406.667]",523,366,True,25,923.0,True,2757,2581,933.0,True,0.40670497887853096,True,True,True,0.23862578616085875,True,True,True,True,INCLUDED,,BOTH_VALID_INCLUDED
401,1600938537284944,8,4013473,0.37045133,0.8376949565217399,"[696.646,109.369,718.03,131.894]",707,120,True,25,873.0,True,378,378,877.0,True,0.7847621610107729,True,True,True,0.13796722355236674,True,True,True,True,INCLUDED,,BOTH_VALID_INCLUDED
401,1600938537351580,0,4013472,0.91402024,0.9535409952132851,"[626.586,271.28,710.74,367.408]",668,319,True,25,791.0,True,6358,5849,817.0,True,0.7859516920773013,True,True,True,0.18346047651004976,True,True,True,True,INCLUDED,,BOTH_VALID_INCLUDED
401,1600938537351580,1,4013468,0.90647203,0.843970746341252,"[562.892,324.524,639.266,417.643]",601,371,True,25,847.0,True,4726,4653,847.0,True,0.6645227856740179,True,True,True,0.21684537579573301,True,True,True,True,INCLUDED,,BOTH_VALID_INCLUDED
401,1600938537351580,2,4013454,0.88415968,0.9486185978228808,"[0.092,348.858,54.785,429.796]",27,389,True,25,801.0,True,3467,3427,806.0,True,0.7831944968492376,True,True,True,0.19362801035054708,True,True,True,True,INCLUDED,,BOTH_VALID_INCLUDED
401,1600938537351580,3,4013460,0.88275814,0.9346979218769881,"[484.688,184.143,549.554,256.024]",517,220,True,25,891.0,True,3616,3413,887.0,True,0.7755274845518584,True,True,True,0.18236559174805556,True,True,True,True,INCLUDED,,BOTH_VALID_INCLUDED
401,1600938537351580,4,4013457,0.83392048,0.9320196237712709,"[0.0,292.856,40.604,351.894]",20,322,True,25,813.0,True,1646,1571,821.0,True,0.6866404356782455,True,True,True,0.17697250230496817,True,True,True,True,INCLUDED,,BOTH_VALID_INCLUDED
401,1600938537351580,5,4013462,0.82683742,0.9161341986802862,"[494.985,243.69,581.022,344.302]",538,293,True,25,869.0,True,6033,5965,886.0,True,0.696944643341486,True,True,True,0.20445437082713436,True,True,True,True,INCLUDED,,BOTH_VALID_INCLUDED
401,1600938537351580,6,4013449,0.82421279,0.8456534114611697,"[514.836,699.585,607.334,764.094]",561,731,True,25,796.0,True,2657,1817,842.0,True,0.44528585785277974,True,True,True,0.31146354959270434,True,True,True,True,INCLUDED,,BOTH_VALID_INCLUDED
401,1600938537351580,7,4013464,0.79132682,0.9260972738628871,"[468.425,325.934,550.25,410.83]",509,368,True,25,922.0,True,2762,2618,935.0,True,0.39760371353231166,True,True,True,0.24392352509612383,True,True,True,True,INCLUDED,,BOTH_VALID_INCLUDED
401,1600938537351580,8,4013473,0.5030629,0.6925590016309188,"[683.604,107.096,712.576,130.308]",698,118,True,25,872.0,True,406,406,873.0,True,0.6037192101121059,True,True,True,0.13863195514276616,True,True,True,True,INCLUDED,,BOTH_VALID_INCLUDED
401,1600938537418215,0,4013472,0.90626281,0.9694955442793465,"[613.492,272.096,695.429,368.355]",654,320,True,25,829.0,True,6343,6044,828.0,True,0.8042171067782733,True,True,True,0.1870213117134967,True,True,True,True,INCLUDED,,BOTH_VALID_INCLUDED
401,1600938537418215,1,4013468,0.90079468,0.8478031609753894,"[551.746,325.851,627.777,418.269]",589,372,True,25,840.0,True,4710,4654,848.0,True,0.6703068209415352,True,True,True,0.220769059372523,True,True,True,True,INCLUDED,,BOTH_VALID_INCLUDED
401,1600938537418215,2,4013462,0.88094312,0.8551012448955444,"[482.819,244.589,565.145,348.44]",523,296,True,25,866.0,True,5975,5780,882.0,True,0.6988600454365049,True,True,True,0.20806412793648604,True,True,True,True,INCLUDED,,BOTH_VALID_INCLUDED
401,1600938537418215,3,4013460,0.87571681,0.9379124711630683,"[472.777,184.357,536.729,258.173]",504,221,True,25,876.0,True,3617,3465,877.0,True,0.7662030390789183,True,True,True,0.18414543976227501,True,True,True,True,INCLUDED,,BOTH_VALID_INCLUDED
401,1600938537418215,4,4013449,0.84992081,0.8989471724615795,"[499.539,700.895,595.557,761.345]",547,731,True,25,791.0,True,2751,1778,854.0,True,0.47395993317423324,True,True,True,0.32413687182214485,True,True,True,True,INCLUDED,,BOTH_VALID_INCLUDED
401,1600938537418215,5,4013454,0.84052604,0.8949788645686326,"[0.0,352.016,41.492,426.087]",20,389,True,25,816.0,True,2321,2294,819.0,True,0.7552010121039326,True,True,True,0.19157765353674489,True,True,True,True,INCLUDED,,BOTH_VALID_INCLUDED
401,1600938537418215,6,4013464,0.80290031,0.8671291512595415,"[462.387,329.137,538.439,408.436]",500,368,True,25,927.0,True,2758,2630,933.0,True,0.457315489746484,True,True,True,0.24666655559830805,True,True,True,True,INCLUDED,,BOTH_VALID_INCLUDED
401,1600938537418215,7,4013457,0.73041087,0.9130368065667673,"[0.0,299.561,25.896,351.581]",12,325,True,25,826.0,True,928,928,825.0,True,0.6888821663491271,True,True,True,0.1759614832968569,True,True,True,True,INCLUDED,,BOTH_VALID_INCLUDED
401,1600938537418215,8,4013473,0.5893656,0.8758218851814324,"[670.678,107.581,697.421,134.97]",684,121,True,25,880.0,True,419,417,879.0,True,0.5720417447886478,True,True,True,0.14052376549042248,True,True,True,True,INCLUDED,,BOTH_VALID_INCLUDED
401,1600938537484849,0,4013460,0.90235949,0.9331543772154867,"[459.678,184.021,523.351,257.246]",491,220,True,25,877.0,True,3628,3492,884.0,True,0.7781307635772196,True,True,True,0.1853552190920507,True,True,True,True,INCLUDED,,BOTH_VALID_INCLUDED
401,1600938537484849,1,4013472,0.89145905,0.9468221706791969,"[597.871,271.839,681.969,367.974]",639,319,True,25,835.0,True,6234,5606,837.0,True,0.7710802858181621,True,True,True,0.1903951236781443,True,True,True,True,INCLUDED,,BOTH_VALID_INCLUDED
401,1600938537484849,2,4013468,0.89004797,0.8570374707202855,"[536.896,324.466,612.47,418.642]",574,371,True,25,816.0,True,4724,4699,838.0,True,0.6637388510869094,True,True,True,0.22536098992113307,True,True,True,True,INCLUDED,,BOTH_VALID_INCLUDED
401,1600938537484849,3,4013464,0.85270351,0.909317524837834,"[444.95,326.934,524.602,407.48]",484,367,True,25,925.0,True,2732,2463,933.0,True,0.4258337040528505,True,True,True,0.25001555262804614,True,True,True,True,INCLUDED,,BOTH_VALID_INCLUDED
401,1600938537484849,4,4013462,0.83336806,0.9288424468883107,"[468.591,244.288,556.13,342.697]",512,293,True,25,850.0,True,5918,5883,883.0,True,0.686971248333615,True,True,True,0.20897550114661861,True,True,True,True,INCLUDED,,BOTH_VALID_INCLUDED
401,1600938537484849,5,4013449,0.81069595,0.8827888479303012,"[485.105,697.242,582.555,757.488]",533,727,True,25,815.0,True,2817,1880,879.0,True,0.4798182761095104,True,True,True,0.33950149756626763,True,True,True,True,INCLUDED,,BOTH_VALID_INCLUDED
401,1600938537484849,6,4013454,0.77451843,0.8291717935377602,"[0.0,358.334,28.161,417.11]",14,387,True,25,818.0,True,1149,1149,816.0,True,0.6941797317817113,True,True,True,0.18934347077690164,True,True,True,True,INCLUDED,,BOTH_VALID_INCLUDED
401,1600938537484849,8,4013473,0.33968535,0.7257025916429583,"[658.597,105.9,682.651,130.86]",670,118,True,25,872.0,True,430,430,877.0,True,0.7162037125868511,True,True,True,0.14142200686674872,True,True,True,True,INCLUDED,,BOTH_VALID_INCLUDED
401,1600938537484849,9,4013457,0.33805621,0.7503907005591092,"[0.0,322.061,12.746,352.976]",6,337,True,25,829.0,True,317,317,829.0,True,0.8044815663200259,True,True,True,0.1768827575852008,True,True,True,True,INCLUDED,,BOTH_VALID_INCLUDED
401,1600938537551483,0,4013472,0.90539563,0.9451115623015952,"[583.88,272.221,667.484,368.719]",625,320,True,25,825.0,True,6179,5817,827.0,True,0.7659013346202238,True,True,True,0.19396555061696863,True,True,True,True,INCLUDED,,BOTH_VALID_INCLUDED
401,1600938537551483,1,4013460,0.90146697,0.9585389365683256,"[445.682,184.152,508.635,257.934]",477,221,True,25,873.0,True,3616,3586,884.0,True,0.7785052888172314,True,True,True,0.18690541477348027,True,True,True,True,INCLUDED,,BOTH_VALID_INCLUDED
401,1600938537551483,2,4013468,0.90066934,0.8666465429283657,"[522.221,325.048,598.158,418.098]",560,371,True,25,825.0,True,4721,4591,842.0,True,0.6681349454552588,True,True,True,0.22996090657636664,True,True,True,True,INCLUDED,,BOTH_VALID_INCLUDED
401,1600938537551483,3,4013462,0.87212932,0.9568839375038661,"[457.051,245.338,545.405,345.834]",501,295,True,25,857.0,True,5841,5816,883.0,True,0.6578277869390793,True,True,True,0.21175448500314395,True,True,True,True,INCLUDED,,BOTH_VALID_INCLUDED
401,1600938537551483,4,4013464,0.83333915,0.922073948584091,"[431.621,327.24,513.162,409.358]",472,368,True,25,922.0,True,2790,2549,935.0,True,0.41666767236901425,True,True,True,0.2537881750108953,True,True,True,True,INCLUDED,,BOTH_VALID_INCLUDED
401,1600938537551483,5,4013449,0.81578517,0.9083440028383635,"[470.729,700.415,570.05,754.864]",520,727,True,11,777.0,True,2885,2063,850.0,True,0.5334759260303903,True,True,True,0.3536422491291371,True,True,True,True,INCLUDED,,BOTH_VALID_INCLUDED
401,1600938537551483,6,4013473,0.49578086,0.8204258662612578,"[643.912,107.411,669.842,133.118]",656,120,True,25,877.0,True,425,425,880.0,True,0.6375804849725218,True,True,True,0.14315387394883547,True,True,True,True,INCLUDED,,BOTH_VALID_INCLUDED
401,1600938537551483,7,4013470,0.43620101,0.7968611540952805,"[584.73,186.445,631.468,232.293]",608,209,True,25,701.0,True,604,276,713.0,True,0.2818684186104272,True,True,True,0.16750780870218748,True,True,True,True,INCLUDED,,BOTH_VALID_INCLUDED
401,1600938537551483,8,4013454,0.37137684,0.809895090734093,"[0.0,373.2,14.532,409.014]",7,391,True,25,825.0,True,338,338,822.0,True,0.6494391743031871,True,True,True,0.18807429881430834,True,True,True,True,INCLUDED,,BOTH_VALID_INCLUDED
401,1600938537618118,0,4013468,0.89673656,0.8498442886748925,"[509.794,325.739,583.907,418.591]",546,372,True,25,813.0,True,4750,4612,835.0,True,0.6902524448728511,True,True,True,0.23442749697536708,True,True,True,True,INCLUDED,,BOTH_VALID_INCLUDED
401,1600938537618118,1,4013472,0.8925392,0.9325789775051139,"[569.303,272.093,653.342,369.348]",611,320,True,25,828.0,True,6207,5935,829.0,True,0.7594320668956951,True,True,True,0.19750045631996332,True,True,True,True,INCLUDED,,BOTH_VALID_INCLUDED
401,1600938537618118,2,4013460,0.8899141,0.9426831064566908,"[433.18,184.452,497.744,257.437]",465,220,True,25,878.0,True,3617,3609,877.0,True,0.76758144449762,True,True,True,0.18792669696627456,True,True,True,True,INCLUDED,,BOTH_VALID_INCLUDED
401,1600938537618118,3,4013462,0.84882379,0.7533741712516766,"[443.961,245.675,529.877,325.534]",486,285,True,25,859.0,True,5800,5764,886.0,True,0.8453373860758707,True,True,True,0.20989146329828534,True,True,True,True,INCLUDED,,BOTH_VALID_INCLUDED
401,1600938537618118,4,4013449,0.79770517,0.8998717511084593,"[457.818,701.085,557.357,755.807]",507,728,True,19,784.0,True,2981,2308,844.0,True,0.5472764255542163,True,True,True,0.36756550118269843,True,True,True,True,INCLUDED,,BOTH_VALID_INCLUDED
401,1600938537618118,5,4013464,0.7555986,0.9075932678160916,"[422.127,326.985,500.459,407.627]",461,367,True,25,921.0,True,2770,2590,934.0,True,0.43850975966887845,True,True,True,0.25582048829241943,True,True,True,True,INCLUDED,,BOTH_VALID_INCLUDED
401,1600938537618118,6,4013473,0.58038169,0.8820355883892443,"[630.799,107.381,657.165,132.675]",643,120,True,25,880.0,True,441,441,883.0,True,0.6612669655537372,True,True,True,0.14441129987932352,True,True,True,True,INCLUDED,,BOTH_VALID_INCLUDED
401,1600938537618118,7,4013470,0.50893712,0.8339254220171763,"[574.36,185.72,619.786,223.816]",597,204,True,25,701.0,True,620,208,699.5,True,0.35826783134129997,True,True,True,0.1678947496195496,True,True,True,True,INCLUDED,,BOTH_VALID_INCLUDED
401,1600938537684754,0,4013468,0.90858871,0.8830244165537988,"[498.779,324.188,570.763,417.872]",534,371,True,25,831.0,True,4724,4687,842.0,True,0.7005005614491234,True,True,True,0.23766272454293233,True,True,True,True,INCLUDED,,BOTH_VALID_INCLUDED
401,1600938537684754,1,4013472,0.89403206,0.9438706880127714,"[556.757,271.038,640.386,368.408]",598,319,True,25,792.0,True,6194,5853,813.0,True,0.7606574572400381,True,True,True,0.200253663216096,True,True,True,True,INCLUDED,,BOTH_VALID_INCLUDED
401,1600938537684754,2,4013460,0.88095075,0.927682816450277,"[419.647,184.145,484.055,256.311]",451,220,True,25,862.0,True,3630,3489,875.0,True,0.780969687281631,True,True,True,0.18878484124295342,True,True,True,True,INCLUDED,,BOTH_VALID_INCLUDED
401,1600938537684754,3,4013462,0.83735722,0.6341882607986075,"[434.311,244.718,518.026,314.345]",476,279,True,25,858.0,True,5713,5652,887.0,True,0.9801290450802151,True,True,True,0.2088881728591121,True,True,True,True,INCLUDED,,BOTH_VALID_INCLUDED
401,1600938537684754,4,4013449,0.81384659,0.942943290449357,"[445.608,700.207,545.512,752.202]",495,726,True,23,786.0,True,3036,2222,867.0,True,0.5844633831457334,True,True,True,0.38365941915017276,True,True,True,True,INCLUDED,,BOTH_VALID_INCLUDED
401,1600938537684754,5,4013464,0.71664757,0.8343182744444446,"[413.215,326.894,486.663,408.681]",449,367,True,25,923.0,True,2764,2484,929.0,True,0.46012283399223464,True,True,True,0.258607985220627,True,True,True,True,INCLUDED,,BOTH_VALID_INCLUDED
401,1600938537684754,6,4013470,0.71538788,0.5022324142425223,"[558.187,184.051,607.33,248.513]",582,216,True,23,711.0,True,590,215,708.0,True,0.18624583557705096,True,True,True,0.17279967037057228,True,True,True,True,INCLUDED,,BOTH_VALID_INCLUDED
401,1600938537684754,7,4013466,0.66354442,0.9199560850647737,"[464.47,464.469,539.307,553.995]",501,509,False,0,,True,2409,1917,888.0,True,0.35955989893445583,False,True,True,0.34134638231227116,True,False,False,True,INVALID_BBOX_CENTER_DEPTH,INVALID_BBOX_CENTER_DEPTH,A_BBOX_INVALID_MASK_VALID
401,1600938537684754,8,4013473,0.54994631,0.8390636051335738,"[617.998,105.273,644.215,132.293]",631,118,True,25,873.0,True,446,446,877.0,True,0.629602610360656,True,True,True,0.14545280873313368,True,True,True,True,INCLUDED,,BOTH_VALID_INCLUDED
401,1600938537751390,0,4013468,0.91001189,0.8786060934440878,"[482.694,325.76,558.465,419.893]",520,372,True,25,827.0,True,4729,4651,845.0,True,0.6630165897141138,True,True,True,0.2428853142362989,True,True,True,True,INCLUDED,,BOTH_VALID_INCLUDED
401,1600938537751390,1,4013472,0.90134019,0.9574928056985778,"[546.544,271.87,627.708,370.286]",587,321,True,25,819.0,True,6192,5367,833.0,True,0.775178637413185,True,True,True,0.20344547200703123,True,True,True,True,INCLUDED,,BOTH_VALID_INCLUDED
401,1600938537751390,2,4013460,0.88061917,0.9516022066377194,"[406.814,185.384,470.25,258.21]",438,221,True,25,874.0,True,3606,3523,882.0,True,0.7805549373119839,True,True,True,0.19029037265765258,True,True,True,True,INCLUDED,,BOTH_VALID_INCLUDED
401,1600938537751390,3,4013462,0.86695778,0.7136693515395494,"[419.833,245.211,503.771,323.356]",461,284,True,25,853.0,True,5667,5602,885.0,True,0.8639595311659499,True,True,True,0.21276725707178762,True,True,True,True,INCLUDED,,BOTH_VALID_INCLUDED
401,1600938537751390,4,4013449,0.81254822,0.8747412531850288,"[432.86,702.484,531.993,754.069]",482,728,True,14,762.0,True,3127,2308,859.0,True,0.611485547908177,True,True,True,0.39851160422596943,True,True,True,True,INCLUDED,,BOTH_VALID_INCLUDED
401,1600938537751390,6,4013464,0.58849376,0.684113872848812,"[415.053,331.365,477.549,408.33]",446,369,True,25,925.0,True,2762,2626,929.0,True,0.5742198202952257,True,True,True,0.2606866882554894,True,True,True,True,INCLUDED,,BOTH_VALID_INCLUDED
401,1600938537751390,7,4013473,0.56880462,0.8537902734167264,"[605.884,108.636,632.501,134.75]",619,121,True,25,886.0,True,458,458,882.0,True,0.6589204306937586,True,True,True,0.14716653970030577,True,True,True,True,INCLUDED,,BOTH_VALID_INCLUDED
401,1600938537751390,8,4013466,0.35834682,0.806983284827701,"[447.188,461.956,526.602,552.803]",486,507,False,0,,True,2434,1894,883.0,True,0.33737501121103136,False,True,True,0.35267170488974015,True,False,False,True,INVALID_BBOX_CENTER_DEPTH,INVALID_BBOX_CENTER_DEPTH,A_BBOX_INVALID_MASK_VALID
401,1600938537818025,0,4013468,0.89825726,0.9065473662495057,"[469.345,326.797,545.402,420.199]",507,373,True,25,857.0,True,4743,4643,859.0,True,0.6676636891492865,True,True,True,0.24719669891757873,True,True,True,True,INCLUDED,,BOTH_VALID_INCLUDED
401,1600938537818025,1,4013472,0.89823079,0.9549885250017853,"[530.449,271.529,612.584,369.104]",571,320,True,25,838.0,True,6212,5985,833.0,True,0.7751122946588392,True,True,True,0.20690083686079322,True,True,True,True,INCLUDED,,BOTH_VALID_INCLUDED
401,1600938537818025,2,4013460,0.89299423,0.9595996547535364,"[392.99,184.557,456.006,257.577]",424,221,True,25,873.0,True,3595,3514,886.0,True,0.781279148557942,True,True,True,0.19088745032419846,True,True,True,True,INCLUDED,,BOTH_VALID_INCLUDED
401,1600938537818025,3,4013462,0.87182015,0.6849422253551439,"[407.142,245.823,491.82,320.984]",449,283,True,25,848.0,True,5588,5373,876.0,True,0.8779974526252022,True,True,True,0.21383426831216484,True,True,True,True,INCLUDED,,BOTH_VALID_INCLUDED
401,1600938537818025,4,4013449,0.77681243,0.8995302996965402,"[421.224,701.398,519.925,751.938]",470,726,False,0,,True,3121,2392,854.0,True,0.6256579657523296,False,True,True,0.41581387696053435,True,False,False,True,INVALID_BBOX_CENTER_DEPTH,INVALID_BBOX_CENTER_DEPTH,A_BBOX_INVALID_MASK_VALID
401,1600938537818025,5,4013470,0.71043569,0.5525140384918538,"[529.591,185.421,578.79,226.903]",554,206,False,0,,True,799,399,861.0,True,0.39149914379921263,False,True,True,0.1738175001309501,True,False,False,True,INVALID_BBOX_CENTER_DEPTH,INVALID_BBOX_CENTER_DEPTH,A_BBOX_INVALID_MASK_VALID
401,1600938537818025,6,4013473,0.61989516,0.8121847460401915,"[593.528,107.965,618.443,132.605]",605,120,True,25,880.0,True,452,452,881.0,True,0.7362695502370411,True,True,True,0.14815052479404067,True,True,True,True,INCLUDED,,BOTH_VALID_INCLUDED
401,1600938537818025,7,4013466,0.49711612,0.8274636127871926,"[433.234,462.048,512.366,551.762]",472,506,False,0,,True,2619,1712,882.0,True,0.36891230007879017,False,True,True,0.3643448656191474,True,False,False,True,INVALID_BBOX_CENTER_DEPTH,INVALID_BBOX_CENTER_DEPTH,A_BBOX_INVALID_MASK_VALID
401,1600938537818025,8,4013464,0.47877067,0.7356908863478145,"[402.322,322.828,467.241,408.601]",434,365,True,25,931.0,True,2739,2592,937.0,True,0.4918918314949546,True,True,True,0.2602153776807092,True,True,True,True,INCLUDED,,BOTH_VALID_INCLUDED
401,1600938537884660,0,4013472,0.89843965,0.9519256832990004,"[517.143,271.023,599.052,369.281]",558,320,True,25,779.0,True,6217,5960,817.0,True,0.7724694692227293,True,True,True,0.2099847104803556,True,True,True,True,INCLUDED,,BOTH_VALID_INCLUDED
401,1600938537884660,1,4013460,0.89174235,0.913862879299567,"[379.023,184.827,440.765,258.648]",409,221,True,25,873.0,True,3617,3492,883.0,True,0.7935748421120324,True,True,True,0.191854662991542,True,True,True,True,INCLUDED,,BOTH_VALID_INCLUDED
401,1600938537884660,2,4013468,0.88714039,0.9086251864890793,"[456.033,327.262,533.577,420.253]",494,373,True,25,849.0,True,4757,4637,852.0,True,0.6596962777973978,True,True,True,0.25098829141189805,True,True,True,True,INCLUDED,,BOTH_VALID_INCLUDED
401,1600938537884660,3,4013462,0.8620348,0.7004141472527476,"[394.229,244.956,481.319,318.142]",437,281,True,25,868.0,True,5534,5495,886.0,True,0.8682461234073574,True,True,True,0.21422846448863003,True,True,True,True,INCLUDED,,BOTH_VALID_INCLUDED
401,1600938537884660,4,4013449,0.79215968,0.8928715842016983,"[408.453,702.062,507.795,751.452]",458,726,False,0,,True,3135,2458,874.0,True,0.6389481541325888,False,True,True,0.43294266761445593,True,False,False,True,INVALID_BBOX_CENTER_DEPTH,INVALID_BBOX_CENTER_DEPTH,A_BBOX_INVALID_MASK_VALID
401,1600938537884660,5,4013466,0.65831196,0.8086616889387892,"[419.67,462.109,499.786,555.004]",459,508,False,0,,True,2807,2356,890.0,True,0.3771645060515097,False,True,True,0.37736682913465647,True,False,False,True,INVALID_BBOX_CENTER_DEPTH,INVALID_BBOX_CENTER_DEPTH,A_BBOX_INVALID_MASK_VALID
401,1600938537884660,6,4013464,0.61144245,0.6726131987917143,"[392.564,329.415,452.951,406.849]",422,368,True,25,929.0,True,2710,2607,936.0,True,0.5795543129728595,True,True,True,0.26384012511730137,True,True,True,True,INCLUDED,,BOTH_VALID_INCLUDED
401,1600938537884660,7,4013473,0.59456134,0.8925149020617116,"[579.345,108.532,605.015,135.188]",592,121,True,25,862.0,True,466,466,867.0,True,0.6810281572699214,True,True,True,0.1497494271787912,True,True,True,True,INCLUDED,,BOTH_VALID_INCLUDED
401,1600938537884660,8,4013470,0.42615202,0.6194966388719558,"[517.791,186.94,564.838,224.26]",541,205,True,4,706.0,True,917,509,855.0,True,0.522270823974321,True,True,True,0.17521694672803015,True,True,True,True,INCLUDED,,BOTH_VALID_INCLUDED
401,1600938537951295,0,4013460,0.9043836,0.942316842121396,"[367.167,185.219,430.343,257.41]",398,221,True,25,883.0,True,3597,3507,891.0,True,0.7886880399988255,True,True,True,0.19213206741001893,True,True,True,True,INCLUDED,,BOTH_VALID_INCLUDED
401,1600938537951295,1,4013472,0.89358395,0.9871987524532372,"[505.266,270.136,586.157,370.364]",545,320,True,25,811.0,True,6183,6011,819.0,True,0.7626231383702531,True,True,True,0.21287075853796633,True,True,True,True,INCLUDED,,BOTH_VALID_INCLUDED
401,1600938537951295,2,4013468,0.89264297,0.8951075380235836,"[441.449,326.09,518.504,419.765]",479,372,True,25,834.0,True,4732,4538,831.0,True,0.6555717179891035,True,True,True,0.2545932866361914,True,True,True,True,INCLUDED,,BOTH_VALID_INCLUDED
401,1600938537951295,3,4013462,0.8238554,0.7007557485228839,"[380.631,245.163,467.891,318.991]",424,282,True,25,855.0,True,5551,5364,893.0,True,0.8616579813322068,True,True,True,0.21568183217762993,True,True,True,True,INCLUDED,,BOTH_VALID_INCLUDED
401,1600938537951295,4,4013466,0.7980898,0.8663789107137431,"[407.007,466.596,488.051,553.928]",447,510,True,6,862.5,True,2936,2530,889.0,True,0.41482199638870676,True,True,True,0.38985857294890636,True,True,True,True,INCLUDED,,BOTH_VALID_INCLUDED
401,1600938537951295,5,4013449,0.75708073,0.9012158929568319,"[395.108,702.793,496.742,752.904]",445,727,True,12,769.0,True,3138,2535,877.0,True,0.6161420530653604,True,True,True,0.44866398445345107,True,True,True,True,INCLUDED,,BOTH_VALID_INCLUDED
401,1600938537951295,6,4013470,0.74575043,0.6480212091642789,"[502.038,185.916,552.649,229.67]",527,207,True,22,684.0,True,1052,605,803.0,True,0.47506502581241905,True,True,True,0.17747095716048866,True,True,True,True,INCLUDED,,BOTH_VALID_INCLUDED
401,1600938537951295,7,4013473,0.64731216,0.8707030460397794,"[566.204,106.264,593.171,133.35]",579,119,True,25,868.0,True,470,470,872.0,True,0.6434582132116619,True,True,True,0.15044836560240016,True,True,True,True,INCLUDED,,BOTH_VALID_INCLUDED
401,1600938537951295,9,4013464,0.45269585,0.5949494096522367,"[381.876,316.771,442.029,398.103]",411,357,True,25,926.0,True,2715,2605,936.0,True,0.5549464662091942,True,True,True,0.2581982189614142,True,True,True,True,INCLUDED,,BOTH_VALID_INCLUDED
401,1600938538017929,0,4013468,0.90774691,0.9099529992614762,"[428.554,326.765,504.497,420.261]",466,373,True,25,845.0,True,4718,4435,849.0,True,0.6644727210208397,True,True,True,0.25840490866013793,True,True,True,True,INCLUDED,,BOTH_VALID_INCLUDED
401,1600938538017929,1,4013460,0.89431053,0.9385366282460683,"[353.052,185.769,419.127,257.959]",386,221,True,25,862.0,True,3578,3493,876.0,True,0.7501120162735315,True,True,True,0.1926971133278822,True,True,True,True,INCLUDED,,BOTH_VALID_INCLUDED
401,1600938538017929,2,4013472,0.89262539,0.9572440890394055,"[491.811,270.431,571.377,371.042]",531,320,True,25,806.0,True,6092,5611,822.0,True,0.7610039371103321,True,True,True,0.21623721923842693,True,True,True,True,INCLUDED,,BOTH_VALID_INCLUDED
401,1600938538017929,3,4013462,0.84782434,0.6413018471957005,"[369.549,245.775,451.978,317.005]",410,281,True,25,857.0,True,5425,5338,886.0,True,0.9239676522620811,True,True,True,0.21636351867024298,True,True,True,True,INCLUDED,,BOTH_VALID_INCLUDED
401,1600938538017929,4,4013466,0.8086558,0.8037685394902963,"[395.765,466.302,484.454,553.627]",440,509,True,25,864.0,True,2839,2451,883.0,True,0.36657010178521304,True,True,True,0.3956775926436736,True,True,True,True,INCLUDED,,BOTH_VALID_INCLUDED
401,1600938538017929,5,4013449,0.79813731,0.8704781869009178,"[387.635,702.537,482.838,751.863]",435,727,True,25,794.0,True,3154,2421,901.0,True,0.671637840351735,True,True,True,0.4647465337397095,True,True,True,True,INCLUDED,,BOTH_VALID_INCLUDED
401,1600938538017929,6,4013470,0.63661748,0.6783632660008353,"[489.489,186.698,538.713,226.888]",514,206,False,0,,True,1158,779,838.0,True,0.5853473426868403,False,True,True,0.1786354409516473,True,False,False,True,INVALID_BBOX_CENTER_DEPTH,INVALID_BBOX_CENTER_DEPTH,A_BBOX_INVALID_MASK_VALID
401,1600938538017929,7,4013464,0.61561584,0.7457577187500003,"[362.157,329.521,424.23,409.872]",393,369,True,25,926.0,True,2665,2572,938.0,True,0.5343221670580596,True,True,True,0.2685760859428614,True,True,True,True,INCLUDED,,BOTH_VALID_INCLUDED
401,1600938538017929,8,4013473,0.53131837,0.8359066407498528,"[554.027,107.809,579.315,134.093]",566,120,True,25,871.0,True,474,474,873.5,True,0.7131360650131667,True,True,True,0.1518184953010586,True,True,True,True,INCLUDED,,BOTH_VALID_INCLUDED
401,1600938538084562,0,4013468,0.90698016,0.8902999990388483,"[413.157,327.74,489.552,420.57]",451,374,True,21,851.0,True,4759,4504,850.0,True,0.6710616480815795,True,True,True,0.2623958728782894,True,True,True,True,INCLUDED,,BOTH_VALID_INCLUDED
401,1600938538084562,1,4013472,0.90121931,0.8911034887619876,"[481.517,271.503,555.232,371.794]",518,321,True,25,841.0,True,6073,6046,840.0,True,0.8214581628642231,True,True,True,0.21950514379814148,True,True,True,True,INCLUDED,,BOTH_VALID_INCLUDED
401,1600938538084562,2,4013460,0.87651128,0.9607086939192898,"[339.894,185.663,404.167,258.469]",372,222,True,25,872.0,True,3610,3511,882.0,True,0.7714565293184801,True,True,True,0.1930102805361661,True,True,True,True,INCLUDED,,BOTH_VALID_INCLUDED
401,1600938538084562,3,4013462,0.83824319,0.6915868454451908,"[354.932,245.201,440.058,319.297]",397,282,True,25,866.0,True,5362,5066,885.0,True,0.8500996145523416,True,True,True,0.21752819918943292,True,True,True,True,INCLUDED,,BOTH_VALID_INCLUDED
401,1600938538084562,4,4013466,0.81896496,0.913508707709334,"[384.685,467.782,465.301,554.485]",424,511,True,25,876.0,True,2954,2357,883.0,True,0.42262493863626094,True,True,True,0.4092853366300964,True,True,True,True,INCLUDED,,BOTH_VALID_INCLUDED
401,1600938538084562,5,4013449,0.75837433,0.8369915583674647,"[374.355,702.202,469.415,752.611]",421,727,True,22,788.0,True,3176,2365,877.0,True,0.6627879464599398,True,True,True,0.4828668009767069,True,True,True,True,INCLUDED,,BOTH_VALID_INCLUDED
401,1600938538084562,6,4013470,0.71822548,0.8179689143224342,"[479.825,188.415,524.407,229.539]",502,208,True,15,826.0,True,1290,1009,833.0,True,0.70361455107356,True,True,True,0.18055503383942173,True,True,True,True,INCLUDED,,BOTH_VALID_INCLUDED
401,1600938538084562,7,4013473,0.54769939,0.904593522633746,"[540.984,108.847,566.863,134.329]",553,121,True,25,887.0,True,480,480,883.0,True,0.7278807525337087,True,True,True,0.15302322986185163,True,True,True,True,INCLUDED,,BOTH_VALID_INCLUDED
401,1600938538084562,8,4013464,0.54429662,0.6034532213461035,"[354.516,317.248,418.778,401.857]",386,359,True,25,925.0,True,2634,2535,934.0,True,0.48444554974540527,True,True,True,0.2619785766193595,True,True,True,True,INCLUDED,,BOTH_VALID_INCLUDED
401,1600938538151196,0,4013468,0.90075684,0.8852212986373522,"[400.122,326.925,473.165,419.327]",436,373,True,25,842.0,True,4790,4656,842.0,True,0.7097012005248909,True,True,True,0.2647873199993398,True,True,True,True,INCLUDED,,BOTH_VALID_INCLUDED
401,1600938538151196,1,4013460,0.89917117,0.9465116106274851,"[327.142,184.491,390.151,257.142]",358,220,True,25,867.0,True,3648,3559,877.0,True,0.7969125129382859,True,True,True,0.19260931658997646,True,True,True,True,INCLUDED,,BOTH_VALID_INCLUDED
401,1600938538151196,2,4013472,0.89596373,0.9289045580168975,"[466.209,270.215,542.104,370.415]",504,320,True,25,831.0,True,6120,5817,838.0,True,0.8047676963090742,True,True,True,0.2218847269437324,True,True,True,True,INCLUDED,,BOTH_VALID_INCLUDED
401,1600938538151196,3,4013462,0.85458285,0.6973214530834071,"[342.781,244.996,428.892,318.007]",385,281,True,25,868.0,True,5377,5149,897.0,True,0.8552500474769154,True,True,True,0.21766182251283825,True,True,True,True,INCLUDED,,BOTH_VALID_INCLUDED
401,1600938538151196,4,4013466,0.8050704,0.8499095201924336,"[369.268,468.05,457.998,554.032]",413,511,True,25,881.0,True,3043,2687,887.0,True,0.39886316212900397,True,True,True,0.41724527407665396,True,True,True,True,INCLUDED,,BOTH_VALID_INCLUDED
401,1600938538151196,5,4013449,0.78912568,0.8757438627907965,"[358.354,702.842,457.617,751.309]",407,727,True,24,777.0,True,3213,2410,892.0,True,0.6678473241511441,True,True,True,0.5014489753718095,True,True,True,True,INCLUDED,,BOTH_VALID_INCLUDED
401,1600938538151196,6,4013470,0.74860293,0.8930643306446243,"[467.761,186.512,511.567,229.456]",489,207,True,21,798.0,True,1368,1121,825.0,True,0.7271935269671942,True,True,True,0.18147010228793642,True,True,True,True,INCLUDED,,BOTH_VALID_INCLUDED
401,1600938538151196,7,4013474,0.66128957,0.8704249711028188,"[696.001,430.856,719.207,496.336]",707,463,True,25,905.0,True,1177,1109,905.0,True,0.7745821849730152,True,True,True,0.20416342970447168,True,True,True,True,INCLUDED,,BOTH_VALID_INCLUDED
401,1600938538151196,8,4013473,0.61645496,0.9361332739013335,"[528.152,106.097,554.002,132.501]",541,119,True,25,878.0,True,493,493,877.0,True,0.7222983915748091,True,True,True,0.1535419148373748,True,True,True,True,INCLUDED,,BOTH_VALID_INCLUDED
401,1600938538151196,9,4013464,0.44276023,0.5848774394662366,"[342.688,310.009,409.018,407.126]",375,358,True,25,926.0,True,2616,2527,934.0,True,0.4060995273471872,True,True,True,0.2618632953173034,True,True,True,True,INCLUDED,,BOTH_VALID_INCLUDED
401,1600938538217830,0,4013468,0.91013741,0.8968161693395408,"[386.165,328.502,462.776,421.507]",424,375,True,25,851.0,True,4731,4605,851.0,True,0.6639807976753314,True,True,True,0.2682941410209185,True,True,True,True,INCLUDED,,BOTH_VALID_INCLUDED
401,1600938538217830,1,4013472,0.90275538,0.9270978279772699,"[453.394,271.676,529.783,372.485]",491,322,True,25,817.0,True,6052,5890,826.0,True,0.7859027128556653,True,True,True,0.22518664436004568,True,True,True,True,INCLUDED,,BOTH_VALID_INCLUDED
401,1600938538217830,2,4013460,0.8912406,0.9433501942964216,"[313.572,185.794,377.35,258.29]",345,222,True,25,885.0,True,3626,3494,890.0,True,0.7842289290568357,True,True,True,0.1929716636927556,True,True,True,True,INCLUDED,,BOTH_VALID_INCLUDED
401,1600938538217830,3,4013462,0.85792774,0.7392564685991885,"[329.228,246.131,418.711,320.979]",373,283,True,25,866.0,True,5327,5141,891.0,True,0.7953567311136608,True,True,True,0.21895318520898835,True,True,True,True,INCLUDED,,BOTH_VALID_INCLUDED
401,1600938538217830,4,4013466,0.81859511,0.8410165076075411,"[355.278,469.664,438.128,556.302]",396,512,True,25,890.0,True,3074,2790,883.0,True,0.42825548317827367,True,True,True,0.4306380515963673,True,True,True,True,INCLUDED,,BOTH_VALID_INCLUDED
401,1600938538217830,5,4013470,0.80265754,0.9455118691529826,"[456.176,188.2,498.653,232.531]",477,210,True,25,831.0,True,1489,1150,847.5,True,0.7907393169762752,True,True,True,0.18335513741682985,True,True,True,True,INCLUDED,,BOTH_VALID_INCLUDED
401,1600938538217830,6,4013449,0.78508335,0.9329588692486067,"[343.634,703.046,445.627,753.818]",394,728,True,24,797.0,True,3235,2249,877.0,True,0.6247117109941983,True,True,True,0.5128967992902437,True,True,True,True,INCLUDED,,BOTH_VALID_INCLUDED
401,1600938538217830,7,4013474,0.74604863,0.8779853188762661,"[683.441,424.28,719.616,499.547]",701,461,True,25,897.0,True,2224,2098,897.0,True,0.8168111112093567,True,True,True,0.20611299634130828,True,True,True,True,INCLUDED,,BOTH_VALID_INCLUDED
401,1600938538217830,8,4013464,0.67331922,0.6760265709966489,"[332.172,317.958,387.432,409.05]",359,363,True,25,921.0,True,2517,2415,930.0,True,0.500025436335665,True,True,True,0.26560702150877913,True,True,True,True,INCLUDED,,BOTH_VALID_INCLUDED
401,1600938538217830,9,4013473,0.53269601,0.8805593853092212,"[515.345,107.79,541.156,134.275]",528,121,True,25,872.0,True,500,499,873.0,True,0.7314172459131663,True,True,True,0.1549043168377587,True,True,True,True,INCLUDED,,BOTH_VALID_INCLUDED
401,1600938538284461,0,4013472,0.90963238,0.9623701105177472,"[438.402,271.339,516.072,371.558]",477,321,True,25,795.0,True,6065,5524,809.0,True,0.7791614104264485,True,True,True,0.22756230729221225,True,True,True,True,INCLUDED,,BOTH_VALID_INCLUDED
401,1600938538284461,1,4013460,0.90394622,0.9233704628476547,"[300.761,186.209,362.302,258.499]",331,222,True,25,867.0,True,3634,3607,891.0,True,0.8168496913107257,True,True,True,0.19282121166813623,True,True,True,True,INCLUDED,,BOTH_VALID_INCLUDED
401,1600938538284461,2,4013468,0.89904606,0.8811351125989949,"[373.356,328.099,449.494,420.892]",411,374,True,25,844.0,True,4736,4590,845.0,True,0.6703398123519062,True,True,True,0.26995008952417204,True,True,True,True,INCLUDED,,BOTH_VALID_INCLUDED
401,1600938538284461,3,4013462,0.85443181,0.7226719378881986,"[317.922,246.454,403.254,322.81]",360,284,True,25,865.0,True,5273,5166,893.0,True,0.8092872109621134,True,True,True,0.21960237252617454,True,True,True,True,INCLUDED,,BOTH_VALID_INCLUDED
401,1600938538284461,4,4013466,0.85409755,0.9113158927071401,"[344.371,469.98,426.296,555.69]",385,512,True,25,884.0,True,3244,3046,889.0,True,0.46199034598256183,True,True,True,0.43541891391463505,True,True,True,True,INCLUDED,,BOTH_VALID_INCLUDED
401,1600938538284461,5,4013474,0.84176153,0.9337051023519187,"[669.825,419.756,719.539,501.705]",694,460,True,25,894.0,True,3296,3177,894.0,True,0.8090303921314403,True,True,True,0.2084764974229519,True,True,True,True,INCLUDED,,BOTH_VALID_INCLUDED
401,1600938538284461,6,4013449,0.82607913,0.7095597638102795,"[358.105,702.45,434.071,754.38]",396,728,True,24,801.0,True,3218,2498,868.0,True,0.8157338005394182,True,True,True,0.5115184589499794,True,True,True,True,INCLUDED,,BOTH_VALID_INCLUDED
401,1600938538284461,7,4013470,0.79393506,0.8982497214380208,"[441.601,188.012,484.777,232.471]",463,210,True,25,832.0,True,1551,1413,845.0,True,0.8079969151959322,True,True,True,0.18451095745291307,True,True,True,True,INCLUDED,,BOTH_VALID_INCLUDED
401,1600938538284461,8,4013476,0.75517637,0.8010922112362857,"[695.051,610.793,719.69,676.352]",707,643,True,25,831.0,True,1145,1056,838.0,True,0.708843055022662,True,True,True,0.2235191948146475,True,True,True,True,INCLUDED,,BOTH_VALID_INCLUDED
401,1600938538284461,9,4013479,0.64448017,0.8923289423051631,"[700.897,305.59,719.615,363.775]",710,334,True,25,868.0,True,839,738,869.0,True,0.7703560173247668,True,True,True,0.1771013925967708,True,True,True,True,INCLUDED,,BOTH_VALID_INCLUDED
401,1600938538284461,10,4013464,0.5352996,0.7313008268106332,"[315.855,323.475,374.247,405.922]",345,364,True,25,923.0,True,2486,2394,935.0,True,0.516384164979129,True,True,True,0.2661648075276407,True,True,True,True,INCLUDED,,BOTH_VALID_INCLUDED
401,1600938538284461,11,4013473,0.49832276,0.8940749944856227,"[501.494,107.369,528.229,134.02]",514,120,True,25,872.0,True,504,504,873.0,True,0.7073540406690814,True,True,True,0.1557864586325804,True,True,True,True,INCLUDED,,BOTH_VALID_INCLUDED
401,1600938538351094,0,4013472,0.9186545,0.9541609280541108,"[423.93,270.87,501.372,371.646]",462,321,True,25,832.0,True,6043,5924,835.0,True,0.7743172197097286,True,True,True,0.22995711639427266,True,True,True,True,INCLUDED,,BOTH_VALID_INCLUDED
401,1600938538351094,1,4013460,0.90845561,0.9150435401769234,"[286.957,185.53,351.696,257.515]",319,221,True,25,869.0,True,3655,3536,886.0,True,0.7842948902952929,True,True,True,0.19214161403902266,True,True,True,True,INCLUDED,,BOTH_VALID_INCLUDED
401,1600938538351094,2,4013468,0.89060473,0.8639512437261431,"[358.101,327.71,436.486,420.739]",397,374,True,25,843.0,True,4719,4402,842.0,True,0.6471406220862966,True,True,True,0.27145937276783166,True,True,True,True,INCLUDED,,BOTH_VALID_INCLUDED
401,1600938538351094,3,4013462,0.86635393,0.7234890389092119,"[304.707,246.139,390.156,322.519]",347,284,True,25,859.0,True,5212,5132,884.0,True,0.7985787847200474,True,True,True,0.21934971584308965,True,True,True,True,INCLUDED,,BOTH_VALID_INCLUDED
401,1600938538351094,4,4013466,0.84462434,0.8830602449052667,"[329.876,468.569,416.578,555.671]",373,512,True,25,891.0,True,3330,3089,889.0,True,0.4409476075634364,True,True,True,0.43751760030333753,True,True,True,True,INCLUDED,,BOTH_VALID_INCLUDED
401,1600938538351094,5,4013476,0.83408749,0.8925965235927559,"[682.526,604.934,719.726,686.516]",701,645,True,25,817.0,True,2363,2333,833.0,True,0.7786215755478416,True,True,True,0.22666791701359212,True,True,True,True,INCLUDED,,BOTH_VALID_INCLUDED
401,1600938538351094,6,4013474,0.80149043,0.9170185741489135,"[658.616,418.335,719.776,509.659]",689,463,True,25,893.0,True,4394,3764,891.0,True,0.7866972833828138,True,True,True,0.21128596916686376,True,True,True,True,INCLUDED,,BOTH_VALID_INCLUDED
401,1600938538351094,7,4013470,0.79526937,0.8518958398925174,"[428.118,186.796,471.923,233.589]",450,210,True,25,827.0,True,1595,1448,825.0,True,0.7781370838636605,True,True,True,0.18548283730502502,True,True,True,True,INCLUDED,,BOTH_VALID_INCLUDED
401,1600938538351094,8,4013449,0.76105773,0.7464857844935855,"[338.788,702.71,420.731,753.245]",379,727,True,20,792.0,True,3197,2308,867.0,True,0.7720376968209685,True,True,True,0.5258476047543766,True,True,True,True,INCLUDED,,BOTH_VALID_INCLUDED
401,1600938538351094,9,4013479,0.75643188,0.8981647385080687,"[688.135,299.354,719.726,378.244]",703,338,True,25,868.0,True,1863,1702,859.0,True,0.7475281045188252,True,True,True,0.17947638447660041,True,True,True,True,INCLUDED,,BOTH_VALID_INCLUDED
401,1600938538351094,10,4013464,0.60846156,0.7263081776006076,"[306.54,326.422,358.684,409.656]",332,368,True,25,926.0,True,2359,2316,933.0,True,0.5435291386510382,True,True,True,0.2678548107222576,True,True,True,True,INCLUDED,,BOTH_VALID_INCLUDED
401,1600938538351094,11,4013473,0.48649827,0.8846279851481584,"[486.654,106.573,514.312,134.057]",500,120,True,25,883.0,True,511,511,883.0,True,0.672233556848842,True,True,True,0.15665677936399214,True,True,True,True,INCLUDED,,BOTH_VALID_INCLUDED
401,1600938538417726,0,4013472,0.90045935,0.9423435544311166,"[411.258,272.148,487.695,373.3]",449,322,True,25,831.0,True,6053,5694,830.0,True,0.7828752551084316,True,True,True,0.23274677861060075,True,True,True,True,INCLUDED,,BOTH_VALID_INCLUDED
401,1600938538417726,1,4013468,0.89220685,0.8776053116365321,"[344.606,327.415,420.752,420.642]",382,374,True,25,840.0,True,4676,4419,830.0,True,0.6586970204193296,True,True,True,0.27252660540242507,True,True,True,True,INCLUDED,,BOTH_VALID_INCLUDED
401,1600938538417726,2,4013462,0.87234098,0.7405198574630212,"[292.796,246.93,378.788,323.779]",335,285,True,25,869.0,True,5135,5089,893.0,True,0.7770414344496119,True,True,True,0.21955306420362705,True,True,True,True,INCLUDED,,BOTH_VALID_INCLUDED
401,1600938538417726,3,4013460,0.87074417,0.974482651748478,"[274.529,186.698,339.83,259.193]",307,222,True,25,875.0,True,3669,3596,881.0,True,0.7750323413613285,True,True,True,0.19216501500690678,True,True,True,True,INCLUDED,,BOTH_VALID_INCLUDED
401,1600938538417726,4,4013474,0.86899871,0.837475151555522,"[649.659,417.579,717.429,510.886]",683,464,True,25,877.0,True,3845,3530,892.0,True,0.6080574757243649,True,True,True,0.21358165019409844,True,True,True,True,INCLUDED,,BOTH_VALID_INCLUDED
401,1600938538417726,5,4013476,0.86504894,0.9641076002702115,"[669.161,605.763,719.712,695.244]",694,650,True,25,826.0,True,3636,3572,830.0,True,0.8038283041922697,True,True,True,0.23009590003149727,True,True,True,True,INCLUDED,,BOTH_VALID_INCLUDED
401,1600938538417726,6,4013479,0.85484147,0.8990636392462787,"[675.644,297.791,719.671,385.603]",697,341,True,25,854.0,True,3014,2838,862.0,True,0.7795972268815118,True,True,True,0.18163582597596253,True,True,True,True,INCLUDED,,BOTH_VALID_INCLUDED
401,1600938538417726,7,4013449,0.82219118,0.7125204287317624,"[336.16,703.569,409.633,755.413]",372,729,True,25,802.0,True,3200,2120,865.0,True,0.840085915040475,True,True,True,0.5251673901148602,True,True,True,True,INCLUDED,,BOTH_VALID_INCLUDED
401,1600938538417726,8,4013466,0.81181276,0.8999882947267591,"[312.799,470.148,403.471,555.7]",358,512,True,25,886.0,True,3356,2768,890.0,True,0.43263195103310054,True,True,True,0.4403546557217261,True,True,True,True,INCLUDED,,BOTH_VALID_INCLUDED
401,1600938538417726,9,4013470,0.74980015,0.9090674420635516,"[414.317,187.091,457.642,236.037]",435,211,True,25,843.0,True,1627,1489,845.0,True,0.7672409522568405,True,True,True,0.18687362061732452,True,True,True,True,INCLUDED,,BOTH_VALID_INCLUDED
401,1600938538417726,10,4013464,0.68294352,0.8209560333034267,"[291.374,329.282,346.006,411.564]",318,370,True,25,925.0,True,2259,2216,929.0,True,0.5025326596042217,True,True,True,0.2682951774497111,True,True,True,True,INCLUDED,,BOTH_VALID_INCLUDED
401,1600938538417726,11,4013473,0.46883753,0.911975104123949,"[474.112,108.235,502.179,134.725]",488,121,True,25,873.0,True,514,514,874.0,True,0.6913296222920623,True,True,True,0.15769883843239463,True,True,True,True,INCLUDED,,BOTH_VALID_INCLUDED
401,1600938538484357,0,4013476,0.92855984,0.9338709868534854,"[657.578,605.045,719.983,699.776]",688,652,True,25,827.0,True,4871,4693,835.0,True,0.8239609320860897,True,True,True,0.23309227502568045,True,True,True,True,INCLUDED,,BOTH_VALID_INCLUDED
401,1600938538484357,1,4013472,0.91031224,0.925278059688774,"[399.053,271.472,474.166,373.075]",436,322,True,25,821.0,True,6077,5991,826.0,True,0.7962832804770812,True,True,True,0.23428422488578962,True,True,True,True,INCLUDED,,BOTH_VALID_INCLUDED
401,1600938538484357,2,4013468,0.89221829,0.862647647770126,"[329.299,327.18,406.846,420.31]",368,373,True,25,831.0,True,4653,4261,835.0,True,0.6442856348434023,True,True,True,0.2729426401069141,True,True,True,True,INCLUDED,,BOTH_VALID_INCLUDED
401,1600938538484357,3,4013460,0.86802292,0.9280951900018539,"[260.937,186.497,324.801,258.587]",292,222,True,25,862.0,True,3680,3601,877.0,True,0.7993126328390268,True,True,True,0.19126998526810138,True,True,True,True,INCLUDED,,BOTH_VALID_INCLUDED
401,1600938538484357,4,4013479,0.86582834,0.8823016708010876,"[662.701,296.807,719.825,387.049]",691,341,True,25,862.0,True,4054,3817,866.0,True,0.78642339020036,True,True,True,0.18327588931425878,True,True,True,True,INCLUDED,,BOTH_VALID_INCLUDED
401,1600938538484357,5,4013462,0.85160464,0.6968719895468657,"[278.391,246.526,363.374,320.638]",320,283,True,25,880.0,True,5098,5034,899.0,True,0.8094298936999635,True,True,True,0.2180748354984077,True,True,True,True,INCLUDED,,BOTH_VALID_INCLUDED
401,1600938538484357,6,4013466,0.8447488,0.8400630605780722,"[300.276,469.806,389.074,556.982]",344,513,True,25,891.0,True,3486,3266,890.0,True,0.45032624733709925,True,True,True,0.43950222599534566,True,True,True,True,INCLUDED,,BOTH_VALID_INCLUDED
401,1600938538484357,7,4013470,0.83614576,0.8773524002547334,"[400.178,187.262,444.569,237.951]",422,212,True,25,830.0,True,1702,1614,832.0,True,0.7563989263741189,True,True,True,0.18799787979241642,True,True,True,True,INCLUDED,,BOTH_VALID_INCLUDED
401,1600938538484357,8,4013449,0.83117145,0.8032598866541805,"[318.748,703.705,397.199,756.333]",357,730,True,24,788.0,True,3181,2049,889.0,True,0.7704568473504354,True,True,True,0.5262000052338495,True,True,True,True,INCLUDED,,BOTH_VALID_INCLUDED
401,1600938538484357,9,4013474,0.81771564,0.7419451794900764,"[639.882,419.464,711.519,509.648]",675,464,True,18,875.0,True,3752,3420,890.0,True,0.58075899556585,True,True,True,0.21683741168223303,True,True,True,True,INCLUDED,,BOTH_VALID_INCLUDED
401,1600938538484357,10,4013464,0.67523676,0.8072649431611154,"[279.448,328.649,332.655,411.93]",306,370,True,25,927.0,True,2153,2008,929.0,True,0.48588033912282086,True,True,True,0.2666289292743035,True,True,True,True,INCLUDED,,BOTH_VALID_INCLUDED
401,1600938538484357,11,4013473,0.49168834,0.864773352235072,"[463.455,107.905,490.008,134.402]",476,121,True,25,871.0,True,516,516,877.0,True,0.73339745813907,True,True,True,0.15827400420833368,True,True,True,True,INCLUDED,,BOTH_VALID_INCLUDED
401,1600938538550987,0,4013476,0.91558141,0.9505994389981102,"[643.361,606.537,720.0,702.579]",681,654,True,6,830.0,True,6071,4986,832.0,True,0.8248010557912181,True,True,True,0.23696134952218403,True,True,True,True,INCLUDED,,BOTH_VALID_INCLUDED
401,1600938538550987,1,4013472,0.91299808,0.9528640323404066,"[383.312,272.152,460.495,373.449]",421,322,True,25,802.0,True,6092,5722,810.0,True,0.7791869246116648,True,True,True,0.23630411660507378,True,True,True,True,INCLUDED,,BOTH_VALID_INCLUDED
401,1600938538550987,2,4013468,0.89140069,0.8838046912295124,"[314.938,327.842,391.535,419.87]",353,373,True,25,823.0,True,4645,4465,832.0,True,0.6589522938621324,True,True,True,0.2730525083105192,True,True,True,True,INCLUDED,,BOTH_VALID_INCLUDED
401,1600938538550987,3,4013460,0.88490844,0.942582031863673,"[247.945,186.896,312.915,259.027]",280,222,True,25,898.0,True,3694,3639,894.0,True,0.7882465365532245,True,True,True,0.1906354044117019,True,True,True,True,INCLUDED,,BOTH_VALID_INCLUDED
401,1600938538550987,4,4013466,0.88102394,0.8691885741537739,"[289.083,469.818,377.205,557.144]",333,513,True,25,886.0,True,3503,3271,897.0,True,0.4552104511778663,True,True,True,0.43603775745071444,True,True,True,True,INCLUDED,,BOTH_VALID_INCLUDED
401,1600938538550987,5,4013479,0.8749752,0.9280340702204198,"[648.419,296.08,719.417,384.592]",683,340,True,25,870.0,True,4747,4603,864.0,True,0.7553895329346089,True,True,True,0.18474983942470177,True,True,True,True,INCLUDED,,BOTH_VALID_INCLUDED
401,1600938538550987,6,4013462,0.84989983,0.7576776064560439,"[268.246,247.423,354.256,324.38]",311,285,True,25,877.0,True,5057,5019,895.0,True,0.7640044297028202,True,True,True,0.2186086675507025,True,True,True,True,INCLUDED,,BOTH_VALID_INCLUDED
401,1600938538550987,7,4013449,0.84696406,0.9354046627615187,"[305.609,703.738,385.714,757.213]",345,730,True,17,788.0,True,3246,2197,790.0,True,0.7577712036962717,True,True,True,0.521908049571397,True,True,True,True,INCLUDED,,BOTH_VALID_INCLUDED
401,1600938538550987,8,4013470,0.81193715,0.8725631484140892,"[387.29,188.569,430.216,240.011]",408,214,True,25,817.0,True,1773,1366,824.0,True,0.8029166599334279,True,True,True,0.18921742868510047,True,True,True,True,INCLUDED,,BOTH_VALID_INCLUDED
401,1600938538550987,9,4013474,0.78293747,0.9006538865209874,"[620.359,419.7,688.856,508.149]",654,463,True,25,863.0,True,3574,3170,890.0,True,0.5899158568928923,True,True,True,0.22562441120852939,True,True,True,True,INCLUDED,,BOTH_VALID_INCLUDED
401,1600938538550987,11,4013464,0.48157904,0.5632274876458243,"[269.985,355.377,319.759,414.023]",294,384,True,25,930.0,True,2033,1921,932.0,True,0.6964604179633201,True,True,True,0.2751211219393392,True,True,True,True,INCLUDED,,BOTH_VALID_INCLUDED
401,1600938538617621,0,4013476,0.91101551,0.9582377070666631,"[629.366,605.854,720.0,703.495]",674,654,True,25,815.0,True,7378,7260,827.0,True,0.8337105263267506,True,True,True,0.24094935808008316,True,True,True,True,INCLUDED,,BOTH_VALID_INCLUDED
401,1600938538617621,1,4013472,0.90778208,0.9543064925641319,"[369.035,272.235,446.996,373.386]",408,322,True,25,842.0,True,6097,5940,836.0,True,0.7731586395729397,True,True,True,0.23764080126406578,True,True,True,True,INCLUDED,,BOTH_VALID_INCLUDED
401,1600938538617621,2,4013460,0.89866507,0.9317314057623906,"[234.368,187.487,297.905,259.219]",266,223,True,25,867.0,True,3685,3614,880.0,True,0.8085331808163738,True,True,True,0.1897212529416049,True,True,True,True,INCLUDED,,BOTH_VALID_INCLUDED
401,1600938538617621,3,4013468,0.89498401,0.8964184442181168,"[302.133,328.865,378.161,419.25]",340,374,True,25,829.0,True,4573,4365,833.0,True,0.6654742768521831,True,True,True,0.27271549761872543,True,True,True,True,INCLUDED,,BOTH_VALID_INCLUDED
401,1600938538617621,4,4013479,0.88321942,0.9266728573875309,"[634.298,296.324,710.01,386.604]",672,341,True,25,862.0,True,4860,4637,865.0,True,0.7110170256450209,True,True,True,0.18799452262438177,True,True,True,True,INCLUDED,,BOTH_VALID_INCLUDED
401,1600938538617621,5,4013449,0.87856364,0.8855807561429221,"[294.974,703.428,372.558,756.899]",333,730,True,19,795.0,True,3316,2396,799.0,True,0.7993262009883882,True,True,True,0.5157231085180903,True,True,True,True,INCLUDED,,BOTH_VALID_INCLUDED
401,1600938538617621,6,4013466,0.87483978,0.8335263352191222,"[274.174,469.756,364.484,558.081]",319,513,True,25,884.0,True,3581,3549,893.0,True,0.44893641340988466,True,True,True,0.43014645253978745,True,True,True,True,INCLUDED,,BOTH_VALID_INCLUDED
401,1600938538617621,7,4013462,0.84978092,0.7335184245024018,"[254.104,247.637,338.847,323.306]",296,285,True,25,872.0,True,4982,4842,887.0,True,0.776930004866447,True,True,True,0.21730877104738727,True,True,True,True,INCLUDED,,BOTH_VALID_INCLUDED
401,1600938538617621,8,4013474,0.82377183,0.9429549856534785,"[605.552,419.0,675.62,506.843]",640,462,True,25,890.0,True,3379,3102,892.0,True,0.5489860527849579,True,True,True,0.23159350061414696,True,True,True,True,INCLUDED,,BOTH_VALID_INCLUDED
401,1600938538617621,9,4013470,0.800713,0.7720535721470027,"[372.657,196.578,415.571,243.084]",394,219,True,25,833.0,True,1834,1529,849.0,True,0.9189488681637483,True,True,True,0.1917355819130644,True,True,True,True,INCLUDED,,BOTH_VALID_INCLUDED
401,1600938538617621,10,4013464,0.5076443,0.8477809092653307,"[253.035,332.782,307.1,414.106]",280,373,True,25,930.0,True,1953,1860,928.0,True,0.44418849361844387,True,True,True,0.26435250364114804,True,True,True,True,INCLUDED,,BOTH_VALID_INCLUDED
401,1600938538617621,11,4013473,0.33956257,0.9180959484560488,"[435.589,106.92,462.845,134.425]",449,120,True,25,880.0,True,542,542,883.0,True,0.7229787235631882,True,True,True,0.15950611310474605,True,True,True,True,INCLUDED,,BOTH_VALID_INCLUDED
401,1600938538684260,0,4013476,0.92975402,0.9532916732902219,"[616.654,606.173,719.473,704.407]",668,655,True,25,832.0,True,8376,8240,831.0,True,0.8292805213106379,True,True,True,0.24483237926845922,True,True,True,True,INCLUDED,,BOTH_VALID_INCLUDED
401,1600938538684260,1,4013472,0.90718722,0.9676224419584318,"[355.646,271.669,433.979,372.887]",394,322,True,25,814.0,True,6041,5787,820.0,True,0.7619146505973039,True,True,True,0.2383088670246182,True,True,True,True,INCLUDED,,BOTH_VALID_INCLUDED
401,1600938538684260,2,4013460,0.9046154,0.9096074655142126,"[220.882,186.558,285.428,258.308]",253,222,True,25,898.0,True,3735,3678,891.0,True,0.8064907063012404,True,True,True,0.1883169011076441,True,True,True,True,INCLUDED,,BOTH_VALID_INCLUDED
401,1600938538684260,3,4013468,0.89501208,0.8669202914246272,"[287.989,330.001,368.838,415.733]",328,372,True,25,827.0,True,4557,4468,831.0,True,0.6574480183667535,True,True,True,0.27100715127425107,True,True,True,True,INCLUDED,,BOTH_VALID_INCLUDED
401,1600938538684260,4,4013466,0.89052892,0.8799348554327966,"[264.271,469.522,353.073,557.913]",308,513,True,25,886.0,True,3566,3369,893.0,True,0.4543081674183876,True,True,True,0.4231636414416029,True,True,True,True,INCLUDED,,BOTH_VALID_INCLUDED
401,1600938538684260,5,4013479,0.88797301,0.9293960587608815,"[622.264,296.94,697.396,386.394]",659,341,True,25,880.0,True,4907,4674,865.0,True,0.7301151211003553,True,True,True,0.19121685964501092,True,True,True,True,INCLUDED,,BOTH_VALID_INCLUDED
401,1600938538684260,6,4013449,0.86973608,0.8729876828752648,"[284.724,703.385,360.794,757.667]",322,730,True,11,790.0,True,3405,2507,796.0,True,0.8246085989835963,True,True,True,0.5053391143975394,True,True,True,True,INCLUDED,,BOTH_VALID_INCLUDED
401,1600938538684260,7,4013474,0.84118629,0.7194205815456416,"[597.024,419.44,678.972,503.775]",637,461,True,15,812.0,True,3254,2986,890.0,True,0.47083782036422445,True,True,True,0.23238890505622029,True,True,True,True,INCLUDED,,BOTH_VALID_INCLUDED
401,1600938538684260,8,4013462,0.83743882,0.7568856006474735,"[241.5,246.341,327.01,322.897]",284,284,True,25,875.0,True,4949,4836,891.0,True,0.75599916115103,True,True,True,0.2158133337273468,True,True,True,True,INCLUDED,,BOTH_VALID_INCLUDED
401,1600938538684260,9,4013470,0.80093813,0.8100267957292143,"[359.175,195.925,402.848,244.16]",381,220,True,25,802.0,True,1880,1527,835.0,True,0.8924472194194069,True,True,True,0.19212930770420528,True,True,True,True,INCLUDED,,BOTH_VALID_INCLUDED
401,1600938538684260,10,4013464,0.70034754,0.6915130466510889,"[244.592,340.966,293.14,412.906]",268,376,True,25,933.0,True,1854,1764,928.0,True,0.5308452712818621,True,True,True,0.26426871406801955,True,True,True,True,INCLUDED,,BOTH_VALID_INCLUDED
401,1600938538684260,11,4013473,0.50543594,0.8839609096222798,"[423.442,107.42,450.399,135.755]",436,121,True,25,877.0,True,552,552,879.0,True,0.7226771149543442,True,True,True,0.1602338005084151,True,True,True,True,INCLUDED,,BOTH_VALID_INCLUDED
401,1600938538750897,0,4013476,0.91307825,0.933017275643228,"[603.083,606.79,718.584,703.886]",660,655,True,10,813.0,True,8740,8317,829.0,True,0.7793353023454348,True,True,True,0.2492371782769426,True,True,True,True,INCLUDED,,BOTH_VALID_INCLUDED
401,1600938538750897,1,4013472,0.89770281,0.9574776530546497,"[341.122,272.848,419.52,373.512]",380,323,True,25,831.0,True,6052,5930,835.0,True,0.7668664749347077,True,True,True,0.23953757891140728,True,True,True,True,INCLUDED,,BOTH_VALID_INCLUDED
401,1600938538750897,2,4013460,0.89526254,0.9651900692600492,"[206.373,187.536,274.645,259.949]",240,223,True,25,876.0,True,3729,3596,884.0,True,0.754281085841513,True,True,True,0.18759311934429296,True,True,True,True,INCLUDED,,BOTH_VALID_INCLUDED
401,1600938538750897,3,4013468,0.8934983,0.8647458883412833,"[274.21,329.784,354.56,414.164]",314,371,True,25,836.0,True,4548,4405,842.0,True,0.6708030890570745,True,True,True,0.26890403992993694,True,True,True,True,INCLUDED,,BOTH_VALID_INCLUDED
401,1600938538750897,4,4013479,0.88234907,0.9215695048597198,"[608.521,296.93,683.692,386.595]",646,341,True,20,859.0,True,4921,4621,865.0,True,0.7300961940755257,True,True,True,0.19482443654421183,True,True,True,True,INCLUDED,,BOTH_VALID_INCLUDED
401,1600938538750897,5,4013449,0.87570357,0.8992316549146686,"[268.79,703.813,348.014,757.856]",308,730,True,14,808.0,True,3444,2465,830.0,True,0.8043904899787996,True,True,True,0.48907755412681975,True,True,True,True,INCLUDED,,BOTH_VALID_INCLUDED
401,1600938538750897,6,4013466,0.87365186,0.799852210531237,"[246.286,469.944,339.055,558.951]",292,514,True,25,894.0,True,3480,3425,899.0,True,0.4214559655498929,True,True,True,0.4124281790426298,True,True,True,True,INCLUDED,,BOTH_VALID_INCLUDED
401,1600938538750897,7,4013462,0.86431426,0.7975787597007946,"[227.597,247.712,314.779,325.986]",271,286,True,25,879.0,True,4910,4893,895.0,True,0.7195105005998441,True,True,True,0.21544888131887194,True,True,True,True,INCLUDED,,BOTH_VALID_INCLUDED
401,1600938538750897,8,4013474,0.84056532,0.7706713228411065,"[585.554,415.497,656.67,502.34]",621,458,True,25,819.0,True,3079,2714,894.0,True,0.4985486560466659,True,True,True,0.23937317874902986,True,True,True,True,INCLUDED,,BOTH_VALID_INCLUDED
401,1600938538750897,9,4013470,0.80560756,0.8833394446298739,"[343.864,191.575,388.745,245.589]",366,218,True,25,822.0,True,1921,1576,835.0,True,0.7924256045205171,True,True,True,0.19176736722024068,True,True,True,True,INCLUDED,,BOTH_VALID_INCLUDED
401,1600938538750897,10,4013464,0.7353093,0.8736440684608352,"[226.935,332.077,279.151,413.004]",253,372,True,25,920.0,True,1704,1587,927.0,True,0.40324830404885764,True,True,True,0.2576969271560957,True,True,True,True,INCLUDED,,BOTH_VALID_INCLUDED
401,1600938538750897,11,4013473,0.40566003,0.8657084285055435,"[408.889,108.781,437.888,135.58]",423,122,True,25,876.0,True,563,563,877.0,True,0.7244472766772927,True,True,True,0.16085319065905776,True,True,True,True,INCLUDED,,BOTH_VALID_INCLUDED
401,1600938538817535,0,4013472,0.9157359,0.9454466829736391,"[328.789,271.752,405.971,373.871]",367,322,True,25,829.0,True,6035,5948,833.0,True,0.7656930285228591,True,True,True,0.23965048798156335,True,True,True,True,INCLUDED,,BOTH_VALID_INCLUDED
401,1600938538817535,1,4013476,0.90395945,0.9372647363046938,"[587.99,607.54,703.69,704.246]",645,655,True,24,806.0,True,8722,8487,831.0,True,0.779523663315775,True,True,True,0.2588785688570009,True,True,True,True,INCLUDED,,BOTH_VALID_INCLUDED
401,1600938538817535,2,4013460,0.8724426,0.9213587916691361,"[194.721,185.726,261.01,259.146]",227,222,True,25,877.0,True,3760,3513,893.0,True,0.7725596065590622,True,True,True,0.18588337981081793,True,True,True,True,INCLUDED,,BOTH_VALID_INCLUDED
401,1600938538817535,3,4013449,0.87117946,0.9102640258402191,"[255.334,702.847,337.135,757.977]",296,730,True,5,808.0,True,3487,1919,904.0,True,0.7732240293024368,True,True,True,0.4747522032525109,True,True,True,True,INCLUDED,,BOTH_VALID_INCLUDED
401,1600938538817535,4,4013479,0.87036616,0.9315625699179396,"[593.518,297.2,668.717,387.459]",631,342,True,25,868.0,True,4958,4814,871.0,True,0.730472615645304,True,True,True,0.19895276307994025,True,True,True,True,INCLUDED,,BOTH_VALID_INCLUDED
401,1600938538817535,5,4013468,0.86974859,0.7921006581319052,"[258.681,327.324,345.407,410.895]",302,369,True,25,837.0,True,4570,4451,846.0,True,0.6305380291347552,True,True,True,0.26523730825027897,True,True,True,True,INCLUDED,,BOTH_VALID_INCLUDED
401,1600938538817535,6,4013466,0.86943221,0.7935108460880422,"[234.418,467.771,329.298,560.086]",281,513,True,25,879.0,True,3678,3393,898.0,True,0.41991827417653776,True,True,True,0.4026986803472933,True,True,True,True,INCLUDED,,BOTH_VALID_INCLUDED
401,1600938538817535,7,4013462,0.85998857,0.7795411270472387,"[213.296,246.967,300.815,321.621]",257,284,True,25,875.0,True,4875,4843,893.0,True,0.7461380553154174,True,True,True,0.21262886948058735,True,True,True,True,INCLUDED,,BOTH_VALID_INCLUDED
401,1600938538817535,8,4013470,0.83306772,0.9462512288789849,"[330.97,187.994,377.398,243.547]",354,215,True,25,829.0,True,1904,1497,842.0,True,0.7382091967029141,True,True,True,0.19074164270332092,True,True,True,True,INCLUDED,,BOTH_VALID_INCLUDED
401,1600938538817535,9,4013474,0.82167393,0.8220364582459355,"[570.212,417.145,644.049,501.713]",607,459,True,25,799.0,True,2916,2690,883.0,True,0.46698982371008585,True,True,True,0.24626243929660965,True,True,True,True,INCLUDED,,BOTH_VALID_INCLUDED
401,1600938538817535,10,4013464,0.69647229,0.8286444877558978,"[217.169,331.554,267.336,412.568]",242,372,True,25,927.0,True,1637,1527,927.0,True,0.4027823884578237,True,True,True,0.25466671027826054,True,True,True,True,INCLUDED,,BOTH_VALID_INCLUDED
401,1600938538817535,11,4013473,0.39957607,0.8926106573676164,"[397.787,108.028,425.291,134.919]",411,121,True,25,885.0,True,562,562,883.0,True,0.7598598604250463,True,True,True,0.16100944750858734,True,True,True,True,INCLUDED,,BOTH_VALID_INCLUDED
401,1600938538884172,0,4013472,0.91926646,0.9072594324662583,"[319.202,270.466,393.669,372.23]",356,321,True,25,828.0,True,6041,5938,833.0,True,0.7971697464786485,True,True,True,0.2388504970420196,True,True,True,True,INCLUDED,,BOTH_VALID_INCLUDED
401,1600938538884172,1,4013476,0.89292359,0.944236757082851,"[577.361,605.165,693.396,703.342]",635,654,True,25,814.0,True,8627,8442,833.0,True,0.757287928857319,True,True,True,0.26613642958145894,True,True,True,True,INCLUDED,,BOTH_VALID_INCLUDED
401,1600938538884172,2,4013460,0.88632315,0.9532695130109063,"[182.97,186.884,250.254,259.512]",216,223,True,25,871.0,True,3777,3579,892.0,True,0.7729138645929954,True,True,True,0.18491923823801606,True,True,True,True,INCLUDED,,BOTH_VALID_INCLUDED
401,1600938538884172,3,4013479,0.88254732,0.9429227263990819,"[582.853,295.093,657.209,384.923]",620,340,True,25,839.0,True,4988,4554,868.0,True,0.7467737204423056,True,True,True,0.2012060600312805,True,True,True,True,INCLUDED,,BOTH_VALID_INCLUDED
401,1600938538884172,4,4013468,0.87347847,0.8262569797203451,"[247.81,329.966,329.221,409.88]",288,369,True,25,845.0,True,4510,4377,834.0,True,0.6932192006420415,True,True,True,0.2635899049793844,True,True,True,True,INCLUDED,,BOTH_VALID_INCLUDED
401,1600938538884172,5,4013449,0.87344903,0.8965905810543002,"[241.48,703.933,324.156,758.655]",282,731,True,24,782.0,True,3471,2624,808.0,True,0.7672081281980303,True,True,True,0.45548185799288177,True,True,True,True,INCLUDED,,BOTH_VALID_INCLUDED
401,1600938538884172,6,4013466,0.86921197,0.8122715518479228,"[223.515,468.241,319.037,558.374]",271,513,True,25,877.0,True,3677,3599,893.0,True,0.42707720957762296,True,True,True,0.39266437533076143,True,True,True,True,INCLUDED,,BOTH_VALID_INCLUDED
401,1600938538884172,7,4013462,0.84665722,0.8711708206686931,"[206.319,246.905,294.735,324.705]",250,285,True,25,901.0,True,4830,4781,893.0,True,0.7021609461047424,True,True,True,0.21243740182973,True,True,True,True,INCLUDED,,BOTH_VALID_INCLUDED
401,1600938538884172,8,4013470,0.82289958,0.9296837487881777,"[317.389,187.5,364.444,244.073]",340,215,True,25,834.0,True,1889,1587,848.0,True,0.7096054962893782,True,True,True,0.19060597519920203,True,True,True,True,INCLUDED,,BOTH_VALID_INCLUDED
401,1600938538884172,9,4013474,0.7654317,0.7579376310934322,"[561.354,413.386,635.387,498.941]",598,456,True,25,778.0,True,2823,2604,893.0,True,0.4456974343591396,True,True,True,0.24936069907208525,True,True,True,True,INCLUDED,,BOTH_VALID_INCLUDED
401,1600938538884172,10,4013464,0.58053207,0.6758204219837599,"[204.997,323.534,265.306,411.748]",235,367,True,25,923.0,True,1486,1420,927.0,True,0.27931815632078827,True,True,True,0.2502435481982121,True,True,True,True,INCLUDED,,BOTH_VALID_INCLUDED
401,1600938538884172,11,4013482,0.30643535,0.6047713684925429,"[685.081,578.582,718.98,627.514]",702,603,True,25,930.0,True,581,519,909.0,True,0.3502646253464547,True,True,True,0.22521467285741548,True,True,True,True,INCLUDED,,BOTH_VALID_INCLUDED
401,1600938538950808,0,4013472,0.91160142,0.9250665404138348,"[306.764,273.799,380.361,374.558]",343,324,True,25,824.0,True,5951,5887,826.0,True,0.8025017532448372,True,True,True,0.24024083448882688,True,True,True,True,INCLUDED,,BOTH_VALID_INCLUDED
401,1600938538950808,1,4013476,0.90033901,0.941409825777804,"[563.857,607.67,678.632,705.548]",621,656,True,25,820.0,True,8454,8245,822.0,True,0.7525404616344362,True,True,True,0.27641723811005287,True,True,True,True,INCLUDED,,BOTH_VALID_INCLUDED
401,1600938538950808,2,4013460,0.89104587,0.9274944133864483,"[170.517,191.122,236.929,264.652]",203,227,True,25,886.0,True,3772,3564,893.0,True,0.7724325364344266,True,True,True,0.18492870378665008,True,True,True,True,INCLUDED,,BOTH_VALID_INCLUDED
401,1600938538950808,3,4013479,0.8826248,0.9319823972343739,"[569.808,298.134,643.589,390.046]",606,344,True,25,852.0,True,4952,4751,856.0,True,0.7302370810003586,True,True,True,0.2060764107964508,True,True,True,True,INCLUDED,,BOTH_VALID_INCLUDED
401,1600938538950808,4,4013449,0.86584646,0.9361551904869607,"[227.872,704.003,313.59,760.871]",270,732,True,25,789.0,True,3509,2711,793.0,True,0.7198522792389167,True,True,True,0.43762704899646343,True,True,True,True,INCLUDED,,BOTH_VALID_INCLUDED
401,1600938538950808,5,4013462,0.86402243,0.8802580376991839,"[192.712,249.973,279.769,328.022]",236,288,True,25,901.0,True,4784,4749,895.0,True,0.7040769565721006,True,True,True,0.2117829088511184,True,True,True,True,INCLUDED,,BOTH_VALID_INCLUDED
401,1600938538950808,6,4013466,0.85348135,0.7488688655218718,"[209.326,469.877,305.676,564.101]",257,516,True,25,883.0,True,3799,3541,897.0,True,0.41846201078717743,True,True,True,0.38444101282357607,True,True,True,True,INCLUDED,,BOTH_VALID_INCLUDED
401,1600938538950808,7,4013468,0.85160422,0.8352078018234667,"[230.979,333.016,315.25,411.896]",273,372,True,25,861.0,True,4433,4277,844.0,True,0.6668876607712255,True,True,True,0.262261674893171,True,True,True,True,INCLUDED,,BOTH_VALID_INCLUDED
401,1600938538950808,8,4013470,0.80941516,0.9336083817330372,"[304.826,192.725,352.262,247.427]",328,220,True,25,845.0,True,1866,1424,850.0,True,0.7191183547926115,True,True,True,0.19190155578551113,True,True,True,True,INCLUDED,,BOTH_VALID_INCLUDED
401,1600938538950808,9,4013474,0.78379834,0.7189346299630566,"[547.598,417.081,627.533,500.054]",587,458,True,25,797.0,True,2657,2419,889.0,True,0.4006063068651049,True,True,True,0.2557288453816502,True,True,True,True,INCLUDED,,BOTH_VALID_INCLUDED
401,1600938538950808,10,4013482,0.74987829,0.9242896764449146,"[677.258,540.981,719.476,629.26]",698,585,True,25,873.0,True,1734,1672,872.0,True,0.4652581962353693,True,True,True,0.2258414343650003,True,True,True,True,INCLUDED,,BOTH_VALID_INCLUDED
401,1600938538950808,11,4013473,0.33901677,0.8971848873563216,"[373.404,110.259,401.248,138.292]",387,124,True,25,897.0,True,568,568,895.0,True,0.7276912177401609,True,True,True,0.16221970133474642,True,True,True,True,INCLUDED,,BOTH_VALID_INCLUDED
401,1600938539017445,0,4013476,0.91499066,0.9600970861875955,"[548.582,609.131,661.295,706.394]",604,657,True,25,829.0,True,8418,8035,837.0,True,0.7678692058597308,True,True,True,0.2893671677441985,True,True,True,True,INCLUDED,,BOTH_VALID_INCLUDED
401,1600938539017445,1,4013472,0.91334343,0.9213618739605398,"[293.313,274.987,365.55,375.909]",329,325,True,25,819.0,True,5999,5862,833.0,True,0.8228739463801077,True,True,True,0.24036505724465712,True,True,True,True,INCLUDED,,BOTH_VALID_INCLUDED
401,1600938539017445,2,4013460,0.89261323,0.9393864561776165,"[156.091,189.548,225.617,262.268]",190,225,True,25,871.0,True,3789,3664,884.0,True,0.7494169144786071,True,True,True,0.18271318277394516,True,True,True,True,INCLUDED,,BOTH_VALID_INCLUDED
401,1600938539017445,3,4013479,0.87796265,0.8974890271587568,"[554.19,300.612,628.081,393.151]",591,346,True,25,875.0,True,4968,4788,870.0,True,0.7265495547747401,True,True,True,0.21128895180682541,True,True,True,True,INCLUDED,,BOTH_VALID_INCLUDED
401,1600938539017445,4,4013482,0.87626338,0.9427651397194305,"[666.87,535.939,719.668,629.96]",693,582,True,19,843.0,True,3203,3117,843.0,True,0.6452300731883198,True,True,True,0.22824962379606045,True,True,True,True,INCLUDED,,BOTH_VALID_INCLUDED
401,1600938539017445,5,4013468,0.86945409,0.8617503523925405,"[220.394,332.203,306.044,411.964]",263,372,True,25,847.0,True,4436,4351,847.0,True,0.6493421279376281,True,True,True,0.2598340419817113,True,True,True,True,INCLUDED,,BOTH_VALID_INCLUDED
401,1600938539017445,6,4013466,0.8693738,0.7954111021360667,"[198.929,470.671,295.348,564.689]",247,517,True,25,883.0,True,3779,3697,899.0,True,0.4168725132356312,True,True,True,0.375329063518028,True,True,True,True,INCLUDED,,BOTH_VALID_INCLUDED
401,1600938539017445,7,4013449,0.86013687,0.918364082397005,"[216.722,704.175,301.497,762.023]",259,733,True,15,786.0,True,3530,3023,792.0,True,0.7198111313469338,True,True,True,0.42143966745472244,True,True,True,True,INCLUDED,,BOTH_VALID_INCLUDED
401,1600938539017445,8,4013470,0.82620293,0.8973376352435348,"[292.614,192.487,338.735,248.558]",315,220,True,25,842.0,True,1865,1393,848.0,True,0.7211769199297922,True,True,True,0.19163957027599912,True,True,True,True,INCLUDED,,BOTH_VALID_INCLUDED
401,1600938539017445,9,4013462,0.82526654,0.9053971876842941,"[179.034,249.778,269.072,329.018]",224,289,True,25,889.0,True,4742,4707,897.0,True,0.6646472975530585,True,True,True,0.2100679842095608,True,True,True,True,INCLUDED,,BOTH_VALID_INCLUDED
401,1600938539017445,10,4013474,0.75220531,0.75424085541234,"[532.878,420.105,612.689,501.93]",572,461,True,24,808.0,True,2448,2180,890.0,True,0.37485442952008075,True,True,True,0.264515589453345,True,True,True,True,INCLUDED,,BOTH_VALID_INCLUDED
401,1600938539017445,11,4013464,0.60263491,0.8897775950725985,"[184.427,335.77,232.233,412.982]",208,374,True,25,930.0,True,1301,1272,937.0,True,0.352460203320198,True,True,True,0.2463808953208593,True,True,True,True,INCLUDED,,BOTH_VALID_INCLUDED
401,1600938539017445,12,4013473,0.52098256,0.8757307435243559,"[359.105,111.393,388.613,141.041]",373,126,True,25,893.0,True,575,575,887.0,True,0.6572531374590053,True,True,True,0.16287443797857548,True,True,True,True,INCLUDED,,BOTH_VALID_INCLUDED
402,1600938539084082,0,4024742,0.92052245,0.9558087930845719,"[537.964,607.213,650.365,704.77]",594,655,True,25,840.0,True,8477,8355,831.0,True,0.7730606567666518,True,True,True,0.29876617772704794,True,True,True,True,INCLUDED,,BOTH_VALID_INCLUDED
402,1600938539084082,1,4024746,0.91614288,0.9591509942215445,"[660.326,532.818,719.748,628.048]",690,580,True,25,866.0,True,4129,3788,865.0,True,0.7296655354205995,True,True,True,0.22968999444668212,True,True,True,True,INCLUDED,,BOTH_VALID_INCLUDED
402,1600938539084082,2,4024737,0.90173739,0.972513607720109,"[277.923,270.851,355.312,372.686]",316,321,True,25,829.0,True,6129,6060,841.0,True,0.7777021843387488,True,True,True,0.2374310420124772,True,True,True,True,INCLUDED,,BOTH_VALID_INCLUDED
402,1600938539084082,3,4024721,0.89831793,0.9594835484260409,"[143.799,186.321,212.642,259.722]",178,223,True,25,879.0,True,3849,3694,885.0,True,0.761703843298923,True,True,True,0.1802194886078745,True,True,True,True,INCLUDED,,BOTH_VALID_INCLUDED
402,1600938539084082,4,4024743,0.87631822,0.9199109378322528,"[544.826,296.066,617.976,389.065]",581,342,True,25,880.0,True,5054,4698,873.0,True,0.7429209893752524,True,True,True,0.2124086495102102,True,True,True,True,INCLUDED,,BOTH_VALID_INCLUDED
402,1600938539084082,5,4024724,0.87415153,0.878074997743491,"[165.656,247.296,256.9,325.444]",211,286,True,25,880.0,True,4780,4672,888.0,True,0.6703563273392199,True,True,True,0.20676939650993306,True,True,True,True,INCLUDED,,BOTH_VALID_INCLUDED
402,1600938539084082,6,4024719,0.87087452,0.890608298765433,"[202.472,704.14,290.158,761.729]",246,732,True,16,786.0,True,3611,2984,793.0,True,0.7150850391545014,True,True,True,0.40512567237562175,True,True,True,True,INCLUDED,,BOTH_VALID_INCLUDED
402,1600938539084082,7,4024731,0.86612612,0.7500954851272522,"[185.005,468.866,282.925,563.075]",233,515,True,25,888.0,True,3917,3398,903.0,True,0.4246095647301224,True,True,True,0.36123514804686296,True,True,True,True,INCLUDED,,BOTH_VALID_INCLUDED
402,1600938539084082,8,4024734,0.84840888,0.8318884054140141,"[204.049,330.05,290.429,407.335]",247,368,True,25,805.0,True,4467,4392,840.0,True,0.6691254392699165,True,True,True,0.253931220654479,True,True,True,True,INCLUDED,,BOTH_VALID_INCLUDED
402,1600938539084082,9,4024728,0.79829681,0.9074032237590101,"[279.527,187.362,326.867,243.81]",303,215,True,25,842.0,True,1916,1487,848.0,True,0.7169992345621528,True,True,True,0.18932281898500014,True,True,True,True,INCLUDED,,BOTH_VALID_INCLUDED
402,1600938539084082,10,4024741,0.79781353,0.7302093658476957,"[521.807,416.38,604.371,497.773]",563,457,True,25,781.0,True,2301,1997,883.0,True,0.34240400622437095,True,True,True,0.26786365596053396,True,True,True,True,INCLUDED,,BOTH_VALID_INCLUDED
402,1600938539084082,11,4024726,0.62838244,0.8449360921800131,"[170.744,334.211,221.565,411.049]",196,372,True,25,926.0,True,1127,1054,927.0,True,0.28860553604757705,True,True,True,0.24179151691414671,True,True,True,True,INCLUDED,,BOTH_VALID_INCLUDED
402,1600938539084082,13,4024735,0.46153432,0.924810260206533,"[348.082,106.173,377.489,134.438]",362,120,True,25,886.0,True,584,584,879.0,True,0.702608073348145,True,True,True,0.16136789240792082,True,True,True,True,INCLUDED,,BOTH_VALID_INCLUDED
402,1600938539150716,0,4024746,0.91273254,0.9422718053385934,"[647.142,534.057,719.817,628.11]",683,581,True,25,831.0,True,5420,5020,838.0,True,0.792942313070004,True,True,True,0.23320837555728838,True,True,True,True,INCLUDED,,BOTH_VALID_INCLUDED
402,1600938539150716,1,4024742,0.90783042,0.95329639538752,"[523.581,608.778,635.71,706.061]",579,657,True,15,838.0,True,8351,7919,825.0,True,0.7655676611459674,True,True,True,0.31217303352240483,True,True,True,True,INCLUDED,,BOTH_VALID_INCLUDED
402,1600938539150716,2,4024737,0.90093386,0.940787547599204,"[260.579,273.679,341.07,375.326]",300,324,True,25,837.0,True,6106,5946,843.0,True,0.7463025259339768,True,True,True,0.23753020769107136,True,True,True,True,INCLUDED,,BOTH_VALID_INCLUDED
402,1600938539150716,3,4024743,0.89365262,0.9495686329108579,"[529.674,297.846,605.224,389.845]",567,343,True,25,849.0,True,5014,4824,862.0,True,0.721384412941673,True,True,True,0.21664555942403238,True,True,True,True,INCLUDED,,BOTH_VALID_INCLUDED
402,1600938539150716,4,4024721,0.8787232,0.8819047417600475,"[129.418,190.48,195.636,262.313]",162,226,True,25,871.0,True,3819,3685,881.0,True,0.8028780676537707,True,True,True,0.17910657855552592,True,True,True,True,INCLUDED,,BOTH_VALID_INCLUDED
402,1600938539150716,5,4024731,0.87049645,0.7702056907696719,"[172.636,470.025,271.278,567.049]",221,518,True,25,882.0,True,3830,3647,896.0,True,0.4001821650948641,True,True,True,0.35227071120777725,True,True,True,True,INCLUDED,,BOTH_VALID_INCLUDED
402,1600938539150716,6,4024719,0.86755997,0.8928249186480982,"[189.55,705.459,276.541,765.89]",233,735,True,24,776.0,True,3627,3081,783.0,True,0.6899433790861074,True,True,True,0.3861470168512837,True,True,True,True,INCLUDED,,BOTH_VALID_INCLUDED
402,1600938539150716,7,4024734,0.85703754,0.8285398701506885,"[190.929,332.097,275.868,409.888]",233,370,True,25,809.0,True,4425,4372,828.0,True,0.6696945690562282,True,True,True,0.25169291127666504,True,True,True,True,INCLUDED,,BOTH_VALID_INCLUDED
402,1600938539150716,8,4024724,0.84975225,0.9321323525828271,"[152.836,248.514,245.166,328.388]",199,288,True,25,868.0,True,4619,4619,886.0,True,0.6263249216237553,True,True,True,0.20548149058695417,True,True,True,True,INCLUDED,,BOTH_VALID_INCLUDED
402,1600938539150716,9,4024728,0.83548486,0.8698006307194929,"[264.856,191.386,313.893,248.189]",289,219,True,25,846.0,True,1917,1321,847.0,True,0.6882194572205143,True,True,True,0.1900756865461003,True,True,True,True,INCLUDED,,BOTH_VALID_INCLUDED
402,1600938539150716,10,4024741,0.7379483,0.6624608512922323,"[510.231,416.721,590.954,495.768]",550,456,True,17,772.0,True,2101,1595,878.0,True,0.32926333030753846,True,True,True,0.27416177165542477,True,True,True,True,INCLUDED,,BOTH_VALID_INCLUDED
402,1600938539150716,11,4024726,0.55315739,0.8192682242832311,"[158.413,333.44,208.055,411.879]",183,372,True,25,926.0,True,971,877,929.0,True,0.24936638607959188,True,True,True,0.2378148532410656,True,True,True,True,INCLUDED,,BOTH_VALID_INCLUDED
402,1600938539217352,0,4024742,0.91803521,0.9727068033826471,"[508.419,609.497,619.464,706.556]",563,658,True,19,825.0,True,8239,7789,832.0,True,0.7644334488500448,True,True,True,0.3281522081147858,True,True,True,True,INCLUDED,,BOTH_VALID_INCLUDED
402,1600938539217352,1,4024746,0.90319949,0.9489260111024196,"[632.135,534.502,719.405,630.802]",675,582,True,14,821.0,True,6536,5052,865.0,True,0.7777155462553338,True,True,True,0.23756618389371525,True,True,True,True,INCLUDED,,BOTH_VALID_INCLUDED
402,1600938539217352,2,4024743,0.89651632,0.8960377959564597,"[514.184,301.012,588.499,394.891]",551,347,True,25,849.0,True,4988,4808,859.0,True,0.7149596096877241,True,True,True,0.22264406627315395,True,True,True,True,INCLUDED,,BOTH_VALID_INCLUDED
402,1600938539217352,3,4024737,0.89647317,0.931134645128079,"[247.853,275.674,325.63,376.034]",286,325,True,25,838.0,True,6122,5867,846.0,True,0.7842986816818006,True,True,True,0.23664448116324932,True,True,True,True,INCLUDED,,BOTH_VALID_INCLUDED
402,1600938539217352,4,4024721,0.88099992,0.8774746283065108,"[116.037,190.86,184.281,264.537]",150,227,True,25,887.0,True,3852,3703,891.0,True,0.76610777576982,True,True,True,0.17773695511400503,True,True,True,True,INCLUDED,,BOTH_VALID_INCLUDED
402,1600938539217352,5,4024719,0.86808908,0.8697852482269509,"[175.012,705.28,262.572,766.908]",218,736,True,25,786.0,True,3660,2905,789.0,True,0.6782616446108823,True,True,True,0.3692717632953158,True,True,True,True,INCLUDED,,BOTH_VALID_INCLUDED
402,1600938539217352,6,4024724,0.84875232,0.8536091642896592,"[140.725,250.392,227.261,326.985]",183,288,True,25,897.0,True,4518,4490,894.0,True,0.6816482585849559,True,True,True,0.20286633619360694,True,True,True,True,INCLUDED,,BOTH_VALID_INCLUDED
402,1600938539217352,7,4024734,0.84381312,0.8320750420794623,"[176.207,332.445,262.207,410.195]",219,371,True,25,843.0,True,4413,4216,840.0,True,0.659986540043371,True,True,True,0.24793337752866781,True,True,True,True,INCLUDED,,BOTH_VALID_INCLUDED
402,1600938539217352,8,4024731,0.83743721,0.8008062245307451,"[159.222,471.6,257.322,561.597]",208,516,True,25,883.0,True,3933,3867,901.0,True,0.44547866172501394,True,True,True,0.338324380364182,True,True,True,True,INCLUDED,,BOTH_VALID_INCLUDED
402,1600938539217352,9,4024728,0.81402332,0.9168747812412046,"[250.546,192.697,300.126,249.361]",275,221,True,25,864.0,True,1927,1385,859.0,True,0.6859113090977913,True,True,True,0.1895951351356564,True,True,True,True,INCLUDED,,BOTH_VALID_INCLUDED
402,1600938539217352,10,4024741,0.76058257,0.8843578196973737,"[495.345,420.029,558.882,495.94]",527,457,True,25,789.0,True,1929,1336,894.0,True,0.399945495701526,True,True,True,0.28810451196224607,True,True,True,True,INCLUDED,,BOTH_VALID_INCLUDED
402,1600938539283987,0,4024737,0.9176141,0.9193669596457147,"[233.829,272.458,311.862,374.639]",272,323,True,25,816.0,True,6178,5927,842.0,True,0.7748175542855228,True,True,True,0.23351727229433572,True,True,True,True,INCLUDED,,BOTH_VALID_INCLUDED
402,1600938539283987,1,4024742,0.91606522,0.9456417913998343,"[497.586,608.196,605.845,705.862]",551,657,True,25,780.0,True,8346,8051,827.0,True,0.7893524623532377,True,True,True,0.3419150490862515,True,True,True,True,INCLUDED,,BOTH_VALID_INCLUDED
402,1600938539283987,2,4024746,0.9062351,0.9480712676550956,"[619.725,532.262,719.138,628.606]",669,580,True,23,805.0,True,7405,6435,842.0,True,0.7731383386550624,True,True,True,0.24089848355657117,True,True,True,True,INCLUDED,,BOTH_VALID_INCLUDED
402,1600938539283987,3,4024743,0.88070834,0.9121196952586207,"[502.173,298.152,578.241,393.276]",540,345,True,25,862.0,True,5005,4546,868.0,True,0.691690768904454,True,True,True,0.22467972889034224,True,True,True,True,INCLUDED,,BOTH_VALID_INCLUDED
402,1600938539283987,4,4024721,0.87695724,0.91602124717766,"[104.276,187.507,172.034,261.619]",138,224,True,25,883.0,True,3885,3797,884.0,True,0.7736453351893745,True,True,True,0.1751436883081802,True,True,True,True,INCLUDED,,BOTH_VALID_INCLUDED
402,1600938539283987,5,4024719,0.87212014,0.9205957001897529,"[161.897,703.269,252.203,767.737]",207,735,True,25,836.0,True,3680,3220,814.0,True,0.6321017829089,True,True,True,0.35673790129026123,True,True,True,True,INCLUDED,,BOTH_VALID_INCLUDED
402,1600938539283987,6,4024731,0.87122488,0.7833097727919072,"[148.502,469.76,245.028,562.748]",196,516,True,25,885.0,True,3764,3620,901.0,True,0.41935169064655536,True,True,True,0.3280427463294089,True,True,True,True,INCLUDED,,BOTH_VALID_INCLUDED
402,1600938539283987,7,4024724,0.85261327,0.882517806381297,"[127.675,247.909,216.322,326.953]",171,287,True,25,880.0,True,4518,4493,886.0,True,0.6447825483186299,True,True,True,0.20017551811827025,True,True,True,True,INCLUDED,,BOTH_VALID_INCLUDED
402,1600938539283987,8,4024728,0.84472251,0.9638923532434723,"[237.484,189.084,286.543,245.817]",262,217,True,25,849.0,True,1950,1487,849.0,True,0.7006161926959859,True,True,True,0.1873494334870174,True,True,True,True,INCLUDED,,BOTH_VALID_INCLUDED
402,1600938539283987,9,4024734,0.83072478,0.802215463362793,"[158.617,330.1,251.123,408.773]",204,369,True,25,849.0,True,4447,4266,841.0,True,0.6110426379537147,True,True,True,0.24278841529922637,True,True,True,True,INCLUDED,,BOTH_VALID_INCLUDED
402,1600938539283987,11,4024741,0.71760941,0.7316304847568437,"[482.985,418.025,557.456,493.137]",520,455,True,25,756.0,True,1795,1058,895.0,True,0.32089868783421716,True,True,True,0.2904469935849771,True,True,True,True,INCLUDED,,BOTH_VALID_INCLUDED
402,1600938539283987,13,4024735,0.42453304,0.9051301529841154,"[308.413,105.693,337.829,135.876]",323,120,True,25,880.0,True,590,588,883.0,True,0.6645168398073177,True,True,True,0.1611542307453296,True,True,True,True,INCLUDED,,BOTH_VALID_INCLUDED
402,1600938539350621,0,4024742,0.91558391,0.9442084404100133,"[483.268,608.967,591.589,706.215]",537,657,True,25,861.0,True,8272,7447,823.0,True,0.7852667099447342,True,True,True,0.3593265486847214,True,True,True,True,INCLUDED,,BOTH_VALID_INCLUDED
402,1600938539350621,1,4024746,0.91279858,0.9401047934648039,"[605.173,533.262,710.696,628.753]",657,581,True,25,844.0,True,7586,7203,866.0,True,0.7528410077269987,True,True,True,0.24769718791751177,True,True,True,True,INCLUDED,,BOTH_VALID_INCLUDED
402,1600938539350621,2,4024737,0.90374637,0.9425081393939865,"[220.242,274.879,298.486,376.923]",259,325,True,25,831.0,True,6193,5844,831.0,True,0.7756442217601043,True,True,True,0.2326517934941764,True,True,True,True,INCLUDED,,BOTH_VALID_INCLUDED
402,1600938539350621,3,4024721,0.88043809,0.9361837863359422,"[90.818,191.498,159.462,263.871]",125,227,True,25,886.0,True,3906,3829,893.0,True,0.7862362817902173,True,True,True,0.17406024038654055,True,True,True,True,INCLUDED,,BOTH_VALID_INCLUDED
402,1600938539350621,4,4024743,0.88026798,0.84217334099627,"[487.832,299.319,563.598,401.375]",525,350,True,25,857.0,True,4968,4726,859.0,True,0.6424934210794638,True,True,True,0.2305704401658552,True,True,True,True,INCLUDED,,BOTH_VALID_INCLUDED
402,1600938539350621,5,4024719,0.86744428,0.9234122277100328,"[146.767,704.876,240.911,770.64]",193,737,True,25,797.0,True,3677,2995,784.0,True,0.5938992303856763,True,True,True,0.3415474059467418,True,True,True,True,INCLUDED,,BOTH_VALID_INCLUDED
402,1600938539350621,6,4024731,0.86082751,0.8175145218236004,"[137.45,471.36,234.426,562.524]",185,516,True,25,873.0,True,3703,3605,901.0,True,0.4188572846095266,True,True,True,0.31931681724359773,True,True,True,True,INCLUDED,,BOTH_VALID_INCLUDED
402,1600938539350621,7,4024734,0.85764378,0.8669476825198027,"[149.197,333.819,233.913,409.938]",191,371,True,25,829.0,True,4467,4333,833.0,True,0.6927195373875827,True,True,True,0.24001357152046557,True,True,True,True,INCLUDED,,BOTH_VALID_INCLUDED
402,1600938539350621,8,4024728,0.8338455,0.942511031920703,"[223.532,191.865,272.2,248.649]",247,220,True,25,844.0,True,1949,1174,852.0,True,0.7052488030353762,True,True,True,0.18710364198912066,True,True,True,True,INCLUDED,,BOTH_VALID_INCLUDED
402,1600938539350621,10,4024724,0.82571769,0.8841199367425484,"[114.987,250.767,203.761,332.779]",159,291,True,25,865.0,True,4481,4478,887.0,True,0.6154768919724222,True,True,True,0.1992481986080342,True,True,True,True,INCLUDED,,BOTH_VALID_INCLUDED
402,1600938539350621,11,4024741,0.64258271,0.7205427314911992,"[470.585,418.029,540.154,490.017]",505,454,True,25,774.0,True,1670,948,890.0,True,0.33345758641898987,True,True,True,0.29757451514613487,True,True,True,True,INCLUDED,,BOTH_VALID_INCLUDED
402,1600938539417256,0,4024737,0.91424757,0.9491933308029504,"[207.002,274.214,287.185,376.76]",247,325,True,25,808.0,True,6170,5379,829.0,True,0.7503849902488346,True,True,True,0.2303271339687477,True,True,True,True,INCLUDED,,BOTH_VALID_INCLUDED
402,1600938539417256,1,4024742,0.90465093,0.9590930964238447,"[468.252,609.439,575.423,707.007]",521,658,True,25,806.0,True,8151,7691,823.0,True,0.7795181065314346,True,True,True,0.38043031631029744,True,True,True,True,INCLUDED,,BOTH_VALID_INCLUDED
402,1600938539417256,2,4024746,0.89967024,0.9455113926258673,"[590.846,535.53,694.084,629.694]",642,582,True,14,860.0,True,7590,7110,844.0,True,0.7807595314142252,True,True,True,0.25757544224027407,True,True,True,True,INCLUDED,,BOTH_VALID_INCLUDED
402,1600938539417256,3,4024719,0.89844698,0.8737388316151199,"[134.431,706.36,225.631,773.27]",180,739,True,25,831.0,True,3728,3084,803.0,True,0.610928007509433,True,True,True,0.3270157035879697,True,True,True,True,INCLUDED,,BOTH_VALID_INCLUDED
402,1600938539417256,4,4024721,0.88308799,0.947699474214856,"[77.741,191.286,145.798,263.134]",111,227,True,25,877.0,True,3856,3747,885.0,True,0.7885868679897745,True,True,True,0.1719163384174026,True,True,True,True,INCLUDED,,BOTH_VALID_INCLUDED
402,1600938539417256,5,4024743,0.87058783,0.9393888255584347,"[473.486,300.495,548.099,390.03]",510,345,True,25,871.0,True,4926,4744,867.0,True,0.7373727217273878,True,True,True,0.2319798874926412,True,True,True,True,INCLUDED,,BOTH_VALID_INCLUDED
402,1600938539417256,6,4024734,0.85492796,0.8338428044055047,"[131.646,331.668,220.987,409.202]",176,370,True,25,808.0,True,4461,4295,831.0,True,0.6440049775714952,True,True,True,0.23463291318542312,True,True,True,True,INCLUDED,,BOTH_VALID_INCLUDED
402,1600938539417256,7,4024731,0.85240948,0.8269322783545818,"[123.979,471.599,222.151,562.263]",173,516,True,25,880.0,True,3649,3413,897.0,True,0.4099693118162597,True,True,True,0.3088235932500076,True,True,True,True,INCLUDED,,BOTH_VALID_INCLUDED
402,1600938539417256,8,4024724,0.84300417,0.9552553879275061,"[101.347,250.231,194.839,330.078]",148,290,True,25,883.0,True,4426,4258,883.0,True,0.592895775147465,True,True,True,0.1964563642149091,True,True,True,True,INCLUDED,,BOTH_VALID_INCLUDED
402,1600938539417256,9,4024728,0.83217889,0.9716089672880124,"[209.5,192.293,258.539,247.872]",234,220,True,25,855.0,True,1953,1224,859.0,True,0.7165556244973221,True,True,True,0.18573266680443237,True,True,True,True,INCLUDED,,BOTH_VALID_INCLUDED
402,1600938539417256,12,4024735,0.37351847,0.8907863081204301,"[281.553,111.193,310.622,140.346]",296,125,True,25,892.0,True,604,604,891.0,True,0.7127276281384942,True,True,True,0.16176333785143365,True,True,True,True,INCLUDED,,BOTH_VALID_INCLUDED
402,1600938539417256,13,4024741,0.3705363,0.6924080954014531,"[458.501,417.956,530.448,484.99]",494,451,True,25,786.0,True,1529,769,890.0,True,0.31702948897460165,True,True,True,0.3015931695851575,True,True,True,True,INCLUDED,,BOTH_VALID_INCLUDED
402,1600938539483890,0,4024742,0.91532874,0.9704048290320931,"[454.717,608.432,564.255,706.152]",509,657,True,25,830.0,True,8194,7960,833.0,True,0.7655044051462013,True,True,True,0.3992289858264494,True,True,True,True,INCLUDED,,BOTH_VALID_INCLUDED
402,1600938539483890,1,4024737,0.89066076,0.9591864944326446,"[193.518,272.532,272.5,374.232]",233,323,True,25,821.0,True,6260,5485,842.0,True,0.779336924707114,True,True,True,0.2266875356443958,True,True,True,True,INCLUDED,,BOTH_VALID_INCLUDED
402,1600938539483890,2,4024746,0.88649255,0.940447253262479,"[579.479,534.15,682.911,629.951]",631,582,True,25,853.0,True,7651,7008,865.0,True,0.7721349966975797,True,True,True,0.2650289448149205,True,True,True,True,INCLUDED,,BOTH_VALID_INCLUDED
402,1600938539483890,3,4024721,0.87770706,0.9499087560360845,"[63.768,189.368,130.561,260.507]",97,224,True,25,865.0,True,3798,3662,882.0,True,0.7993118548721108,True,True,True,0.16912363855582085,True,True,True,True,INCLUDED,,BOTH_VALID_INCLUDED
402,1600938539483890,4,4024734,0.86271399,0.8229976625139815,"[115.469,330.564,208.814,408.744]",162,369,True,25,842.0,True,4557,4469,842.0,True,0.624442282396972,True,True,True,0.22987721307964182,True,True,True,True,INCLUDED,,BOTH_VALID_INCLUDED
402,1600938539483890,5,4024724,0.85662979,0.9636055917843386,"[90.4,248.827,183.834,329.167]",137,288,True,25,878.0,True,4423,4360,885.0,True,0.5892236501621541,True,True,True,0.19387797986023356,True,True,True,True,INCLUDED,,BOTH_VALID_INCLUDED
402,1600938539483890,6,4024743,0.85353136,0.9070214944207499,"[461.283,298.638,536.933,393.279]",499,345,True,25,859.0,True,4987,4745,877.0,True,0.6965481055054307,True,True,True,0.23513549614578544,True,True,True,True,INCLUDED,,BOTH_VALID_INCLUDED
402,1600938539483890,7,4024728,0.84655231,0.9088028045584687,"[195.623,189.861,244.07,246.469]",219,218,True,25,847.0,True,1978,1267,851.0,True,0.7212429595164765,True,True,True,0.1836518757602775,True,True,True,True,INCLUDED,,BOTH_VALID_INCLUDED
402,1600938539483890,8,4024731,0.84595793,0.8184958379139009,"[109.695,468.043,210.166,559.368]",159,513,True,25,878.0,True,3545,3526,899.0,True,0.38635437437329617,True,True,True,0.29709124525580577,True,True,True,True,INCLUDED,,BOTH_VALID_INCLUDED
402,1600938539483890,9,4024719,0.83447433,0.8691142091676398,"[118.056,705.734,215.348,773.287]",166,739,True,20,792.5,True,3786,2929,792.0,True,0.5760482185260296,True,True,True,0.31505142303148137,True,True,True,True,INCLUDED,,BOTH_VALID_INCLUDED
402,1600938539483890,10,4024741,0.57329375,0.5239577963290389,"[449.082,417.578,513.179,467.655]",481,442,True,21,779.0,True,1371,689,885.0,True,0.4271313498179465,True,True,True,0.3015793775478079,True,True,True,True,INCLUDED,,BOTH_VALID_INCLUDED
402,1600938539550524,0,4024742,0.91742653,0.9746321981332157,"[441.255,608.997,549.326,706.0]",495,657,True,25,823.0,True,8155,7731,828.0,True,0.7779104927206997,True,True,True,0.42298064651234824,True,True,True,True,INCLUDED,,BOTH_VALID_INCLUDED
402,1600938539550524,1,4024737,0.91491503,0.9022087561993791,"[180.071,274.629,260.707,376.775]",220,325,True,25,825.0,True,6298,5595,834.0,True,0.7646317293153915,True,True,True,0.22527061081454255,True,True,True,True,INCLUDED,,BOTH_VALID_INCLUDED
402,1600938539550524,2,4024746,0.90532935,0.9177508632821487,"[567.342,532.492,670.064,628.241]",618,580,True,25,820.0,True,7671,6617,854.0,True,0.7799275639514579,True,True,True,0.27360747321780476,True,True,True,True,INCLUDED,,BOTH_VALID_INCLUDED
402,1600938539550524,3,4024721,0.87215471,0.9175530555278761,"[50.601,191.022,117.046,263.696]",83,227,True,25,883.0,True,3714,3661,889.0,True,0.7691313772958372,True,True,True,0.16763502683788112,True,True,True,True,INCLUDED,,BOTH_VALID_INCLUDED
402,1600938539550524,4,4024743,0.86678302,0.9340431987718972,"[447.644,299.507,522.751,392.626]",485,346,True,25,862.0,True,4949,4784,867.0,True,0.7076177773101561,True,True,True,0.23838696747045804,True,True,True,True,INCLUDED,,BOTH_VALID_INCLUDED
402,1600938539550524,5,4024724,0.85588616,0.8572527695473252,"[77.25,252.738,165.178,328.55]",121,290,True,25,884.0,True,4376,4272,877.0,True,0.6564658892187144,True,True,True,0.19114439262480767,True,True,True,True,INCLUDED,,BOTH_VALID_INCLUDED
402,1600938539550524,6,4024734,0.85515136,0.8768941107436706,"[102.461,332.188,192.211,410.1]",147,371,True,25,821.0,True,4551,4253,837.0,True,0.6508306922087082,True,True,True,0.22583731336686066,True,True,True,True,INCLUDED,,BOTH_VALID_INCLUDED
402,1600938539550524,7,4024719,0.84096837,0.8882084786666669,"[108.005,705.28,202.188,776.01]",155,740,True,25,799.0,True,3837,3047,783.0,True,0.5759908988574256,True,True,True,0.30461170480412625,True,True,True,True,INCLUDED,,BOTH_VALID_INCLUDED
402,1600938539550524,8,4024731,0.8260693,0.8304689120836029,"[97.573,471.782,196.231,557.954]",146,514,True,25,874.0,True,3428,3354,897.0,True,0.40322024883597646,True,True,True,0.2880840051012533,True,True,True,True,INCLUDED,,BOTH_VALID_INCLUDED
402,1600938539550524,9,4024728,0.78386557,0.9423737411661015,"[182.782,192.978,231.762,247.807]",207,220,True,25,850.0,True,1993,1346,856.0,True,0.7421269325117518,True,True,True,0.18296985267535665,True,True,True,True,INCLUDED,,BOTH_VALID_INCLUDED
402,1600938539617158,0,4024742,0.92374647,0.9432270315850798,"[426.944,609.942,534.217,706.678]",480,658,True,20,813.0,True,8011,7348,823.0,True,0.7719837878185407,True,True,True,0.4505260397098998,True,True,True,True,INCLUDED,,BOTH_VALID_INCLUDED
402,1600938539617158,1,4024746,0.90366304,0.9487706016636759,"[552.266,533.51,655.909,628.05]",604,580,True,23,857.0,True,7609,6689,864.0,True,0.7765546252619158,True,True,True,0.2847634196572038,True,True,True,True,INCLUDED,,BOTH_VALID_INCLUDED
402,1600938539617158,2,4024737,0.89643872,0.9520529691134146,"[163.402,275.242,247.569,375.1]",205,325,True,25,829.0,True,6281,6140,840.0,True,0.7473156585144161,True,True,True,0.22187599925461174,True,True,True,True,INCLUDED,,BOTH_VALID_INCLUDED
402,1600938539617158,3,4024721,0.87315953,0.9322883902157946,"[37.861,191.303,104.347,264.147]",71,227,True,25,886.0,True,3585,3073,893.0,True,0.7402274209563356,True,True,True,0.16572208424314072,True,True,True,True,INCLUDED,,BOTH_VALID_INCLUDED
402,1600938539617158,4,4024743,0.85939389,0.9126358228599124,"[434.038,302.204,507.532,392.111]",470,347,True,25,868.0,True,4931,4595,867.0,True,0.7462590502210671,True,True,True,0.2420736010517314,True,True,True,True,INCLUDED,,BOTH_VALID_INCLUDED
402,1600938539617158,5,4024734,0.85704595,0.8419962790270801,"[89.357,331.752,181.841,410.857]",135,371,True,25,808.0,True,4553,4489,828.0,True,0.6223391328588141,True,True,True,0.222184786009681,True,True,True,True,INCLUDED,,BOTH_VALID_INCLUDED
402,1600938539617158,6,4024724,0.85442996,0.8853640182854197,"[65.399,251.994,153.399,333.081]",109,292,True,25,870.0,True,4308,4205,876.0,True,0.6037286550809062,True,True,True,0.18924869083639956,True,True,True,True,INCLUDED,,BOTH_VALID_INCLUDED
402,1600938539617158,7,4024719,0.84514803,0.9102377774257433,"[95.002,707.684,192.868,778.138]",143,742,True,23,776.0,True,3926,2816,779.0,True,0.5693938894171194,True,True,True,0.29470579871535585,True,True,True,True,INCLUDED,,BOTH_VALID_INCLUDED
402,1600938539617158,8,4024728,0.81317478,0.915574943715503,"[169.661,193.557,219.327,248.121]",194,220,True,25,848.0,True,1997,1344,853.0,True,0.7369069973597664,True,True,True,0.18160255044594142,True,True,True,True,INCLUDED,,BOTH_VALID_INCLUDED
402,1600938539617158,9,4024731,0.71812534,0.7736425852898209,"[83.125,473.938,181.099,561.03]",132,517,True,25,876.0,True,3235,3175,899.0,True,0.37912740797083344,True,True,True,0.27875833523501986,True,True,True,True,INCLUDED,,BOTH_VALID_INCLUDED
402,1600938539617158,10,4024735,0.32002699,0.9097125203218328,"[243.092,109.893,272.503,139.375]",257,124,True,25,892.0,True,607,607,886.0,True,0.7000385524032179,True,True,True,0.15989710467140267,True,True,True,True,INCLUDED,,BOTH_VALID_INCLUDED
402,1600938539683797,0,4024742,0.92376179,0.9541008168231419,"[415.463,609.135,521.077,706.14]",468,657,False,0,,True,7948,7324,827.0,True,0.7757865522744214,False,True,True,0.4768781032986585,True,False,False,True,INVALID_BBOX_CENTER_DEPTH,INVALID_BBOX_CENTER_DEPTH,A_BBOX_INVALID_MASK_VALID
402,1600938539683797,1,4024746,0.90464038,0.9099396919885002,"[541.083,532.226,643.362,625.423]",592,578,True,25,882.0,True,7510,6329,882.0,True,0.7878644979185047,True,True,True,0.29399206954451695,True,True,True,True,INCLUDED,,BOTH_VALID_INCLUDED
402,1600938539683797,2,4024737,0.8915661,0.9409516230152398,"[150.327,273.509,230.186,374.599]",190,324,True,25,827.0,True,6365,6272,831.0,True,0.7884358145818018,True,True,True,0.21802792572314675,True,True,True,True,INCLUDED,,BOTH_VALID_INCLUDED
402,1600938539683797,3,4024743,0.88752091,0.8300963383527828,"[421.154,300.129,496.391,403.717]",458,351,True,25,870.0,True,4933,4549,868.0,True,0.6329511557061696,True,True,True,0.24719459190736318,True,True,True,True,INCLUDED,,BOTH_VALID_INCLUDED
402,1600938539683797,4,4024734,0.8656618,0.8694242860706664,"[76.307,331.306,166.151,408.797]",121,370,True,25,815.0,True,4612,4416,843.0,True,0.6624436692849981,True,True,True,0.2172052974472254,True,True,True,True,INCLUDED,,BOTH_VALID_INCLUDED
402,1600938539683797,5,4024721,0.86513555,0.9222669771778568,"[24.986,191.194,89.837,262.242]",57,226,True,25,880.0,True,3462,3086,888.0,True,0.7513780938370653,True,True,True,0.1633419334301695,True,True,True,True,INCLUDED,,BOTH_VALID_INCLUDED
402,1600938539683797,6,4024719,0.8578065,0.9003252842360749,"[79.935,708.678,179.304,779.603]",129,744,True,25,788.0,True,4023,3092,784.0,True,0.5708207722700636,True,True,True,0.2834267265947618,True,True,True,True,INCLUDED,,BOTH_VALID_INCLUDED
402,1600938539683797,7,4024724,0.85418618,0.9536851360463728,"[51.716,251.197,145.282,332.594]",98,291,True,25,879.0,True,4217,4100,883.0,True,0.5537033343789745,True,True,True,0.1867817083132369,True,True,True,True,INCLUDED,,BOTH_VALID_INCLUDED
402,1600938539683797,8,4024728,0.8089506,0.9643815423144178,"[155.55,192.101,204.999,246.39]",180,219,True,25,852.0,True,2020,1581,861.0,True,0.7524575671102166,True,True,True,0.17936187622295527,True,True,True,True,INCLUDED,,BOTH_VALID_INCLUDED
402,1600938539683797,9,4024731,0.76254117,0.8033578658281376,"[72.934,473.22,169.929,561.475]",121,517,True,25,877.0,True,3206,3097,899.0,True,0.37451985913018426,True,True,True,0.27155395976085694,True,True,True,True,INCLUDED,,BOTH_VALID_INCLUDED
402,1600938539683797,10,4024735,0.37184227,0.9097735500433772,"[229.434,107.837,259.594,138.982]",244,123,True,25,888.0,True,629,629,886.0,True,0.6696239417493176,True,True,True,0.15889616270428888,True,True,True,True,INCLUDED,,BOTH_VALID_INCLUDED
402,1600938539750435,0,4024737,0.91654527,0.9304633432095363,"[137.356,274.093,216.815,376.917]",177,325,True,25,827.0,True,6406,6260,836.0,True,0.7840600838553903,True,True,True,0.21560099021042956,True,True,True,True,INCLUDED,,BOTH_VALID_INCLUDED
402,1600938539750435,1,4024742,0.91436166,0.9075845796440628,"[403.037,609.589,509.618,706.889]",456,658,True,25,813.0,True,7762,7533,825.0,True,0.7484813913322136,True,True,True,0.5049510078541407,True,True,True,True,INCLUDED,,BOTH_VALID_INCLUDED
402,1600938539750435,2,4024746,0.88581032,0.9458079097355175,"[528.233,532.996,631.678,628.492]",579,580,True,25,832.0,True,7451,7060,849.0,True,0.7542579190693945,True,True,True,0.3050664012876973,True,True,True,True,INCLUDED,,BOTH_VALID_INCLUDED
402,1600938539750435,3,4024743,0.86749488,0.912382787934157,"[406.301,300.417,483.786,391.695]",445,346,True,25,865.0,True,4926,4397,872.0,True,0.6964832148966169,True,True,True,0.2463059420890989,True,True,True,True,INCLUDED,,BOTH_VALID_INCLUDED
402,1600938539750435,4,4024724,0.85973471,0.8710376741615853,"[39.246,254.031,128.135,331.17]",83,292,True,25,856.0,True,4136,4080,879.0,True,0.6031960725129014,True,True,True,0.1838626033264636,True,True,True,True,INCLUDED,,BOTH_VALID_INCLUDED
402,1600938539750435,5,4024719,0.8552106,0.7582656666666671,"[70.765,715.558,167.378,779.013]",119,747,True,25,782.0,True,4145,3250,780.0,True,0.6761189658577235,True,True,True,0.2749246091291675,True,True,True,True,INCLUDED,,BOTH_VALID_INCLUDED
402,1600938539750435,6,4024721,0.84561431,0.9045338109031832,"[12.516,191.644,76.072,263.817]",44,227,True,25,875.0,True,3313,2728,882.0,True,0.7222542758558421,True,True,True,0.16148168658459444,True,True,True,True,INCLUDED,,BOTH_VALID_INCLUDED
402,1600938539750435,7,4024734,0.83047557,0.868273782465686,"[63.621,332.399,152.938,411.061]",108,371,True,25,822.0,True,4662,4595,824.0,True,0.6635492421103815,True,True,True,0.2137323081199624,True,True,True,True,INCLUDED,,BOTH_VALID_INCLUDED
402,1600938539750435,8,4024728,0.81045866,0.9514393614285713,"[142.565,192.556,191.919,246.534]",167,219,True,25,849.0,True,2022,1505,858.0,True,0.7590004013062598,True,True,True,0.1777669123542321,True,True,True,True,INCLUDED,,BOTH_VALID_INCLUDED
402,1600938539750435,9,4024731,0.77963173,0.8234366838191961,"[58.762,473.928,156.943,559.082]",107,516,True,25,886.0,True,3104,3076,908.0,True,0.371269444462978,True,True,True,0.2626286997717468,True,True,True,True,INCLUDED,,BOTH_VALID_INCLUDED
402,1600938539750435,10,4024735,0.47103101,0.8211029939393941,"[218.119,110.604,247.345,138.418]",232,124,True,25,897.0,True,632,632,890.0,True,0.7774710883966862,True,True,True,0.1584868707802752,True,True,True,True,INCLUDED,,BOTH_VALID_INCLUDED
402,1600938539817073,0,4024737,0.92026281,0.9434813384110806,"[124.014,274.927,203.698,376.756]",163,325,True,25,833.0,True,6444,6355,844.0,True,0.794168991793577,True,True,True,0.21260219581068543,True,True,True,True,INCLUDED,,BOTH_VALID_INCLUDED
402,1600938539817073,1,4024742,0.91411448,0.9356242485962863,"[387.882,609.647,494.893,707.51]",441,658,True,25,836.0,True,7710,7499,825.0,True,0.7362196937959689,True,True,True,0.5450154097270158,True,True,True,True,INCLUDED,,BOTH_VALID_INCLUDED
402,1600938539817073,2,4024746,0.89871228,0.9316233337331686,"[515.147,534.493,617.646,629.111]",566,581,True,13,838.0,True,7333,6452,882.0,True,0.75611576430426,True,True,True,0.3180209593208788,True,True,True,True,INCLUDED,,BOTH_VALID_INCLUDED
402,1600938539817073,3,4024734,0.85932165,0.8350060980348084,"[49.062,333.105,139.007,410.828]",94,371,True,25,829.0,True,4627,4343,837.0,True,0.6618703372735824,True,True,True,0.20938148591529204,True,True,True,True,INCLUDED,,BOTH_VALID_INCLUDED
402,1600938539817073,4,4024743,0.85451669,0.9437398349793493,"[394.856,302.793,469.388,392.277]",432,347,True,25,868.0,True,4910,4432,869.0,True,0.7361957868211435,True,True,True,0.24923582738559508,True,True,True,True,INCLUDED,,BOTH_VALID_INCLUDED
402,1600938539817073,5,4024719,0.85238892,0.8775785071651102,"[52.573,713.507,156.461,781.297]",104,747,True,25,783.0,True,4208,3041,783.0,True,0.5975093583483307,True,True,True,0.2651533040810577,True,True,True,True,INCLUDED,,BOTH_VALID_INCLUDED
402,1600938539817073,6,4024724,0.8342967,0.893075409722222,"[26.423,254.787,116.432,331.941]",71,293,True,25,875.0,True,4052,3912,886.0,True,0.5834787626069579,True,True,True,0.1814773938393161,True,True,True,True,INCLUDED,,BOTH_VALID_INCLUDED
402,1600938539817073,7,4024721,0.81406063,0.9175320685232449,"[1.218,192.517,60.834,263.661]",31,228,True,25,893.0,True,3102,2588,895.0,True,0.7313759596331623,True,True,True,0.15944969223219146,True,True,True,True,INCLUDED,,BOTH_VALID_INCLUDED
402,1600938539817073,8,4024731,0.80075896,0.8331167496568557,"[45.886,475.528,150.465,561.092]",98,518,True,25,878.0,True,2960,2880,904.0,True,0.3307928754897956,True,True,True,0.2572531046984037,True,True,True,True,INCLUDED,,BOTH_VALID_INCLUDED
402,1600938539817073,9,4024728,0.78551334,0.8927517250334919,"[128.68,194.545,178.777,249.997]",153,222,True,25,855.0,True,2048,1554,857.0,True,0.7372266367050849,True,True,True,0.17671548426088632,True,True,True,True,INCLUDED,,BOTH_VALID_INCLUDED
402,1600938539817073,10,4024738,0.4004297,0.8448067926109053,"[376.22,355.712,453.061,418.249]",414,386,True,25,882.0,True,1990,1661,876.0,True,0.4141169671421725,True,True,True,0.278666273435628,True,True,True,True,INCLUDED,,BOTH_VALID_INCLUDED
402,1600938539883711,0,4024737,0.92103279,0.945415206361304,"[110.241,273.314,190.378,375.515]",150,324,True,25,844.0,True,6548,6518,842.0,True,0.7995036399110764,True,True,True,0.20881237628724436,True,True,True,True,INCLUDED,,BOTH_VALID_INCLUDED
402,1600938539883711,1,4024746,0.91056806,0.9296000761914748,"[503.748,533.936,606.975,629.085]",555,581,True,25,812.0,True,7343,6680,849.0,True,0.7476115356699414,True,True,True,0.3290239467966523,True,True,True,True,INCLUDED,,BOTH_VALID_INCLUDED
402,1600938539883711,2,4024742,0.90804631,0.9541892774864883,"[375.039,609.683,480.061,706.959]",427,658,True,25,819.0,True,7799,7505,823.0,True,0.7634013642199883,True,True,True,0.5882683792807865,True,True,True,True,INCLUDED,,BOTH_VALID_INCLUDED
402,1600938539883711,3,4024743,0.87822843,0.8644366961538075,"[376.044,301.297,455.493,389.067]",415,345,True,25,856.0,True,4923,4501,873.0,True,0.7059847211053393,True,True,True,0.24997106941800087,True,True,True,True,INCLUDED,,BOTH_VALID_INCLUDED
402,1600938539883711,4,4024734,0.85295951,0.8088145542572569,"[34.088,331.611,127.565,409.963]",80,370,True,25,839.0,True,4703,4582,830.0,True,0.6421258093671552,True,True,True,0.20498869892840924,True,True,True,True,INCLUDED,,BOTH_VALID_INCLUDED
402,1600938539883711,5,4024719,0.85254925,0.8603407816654008,"[40.757,708.813,147.09,781.342]",93,745,True,25,786.0,True,4300,3313,786.0,True,0.5575562635824816,True,True,True,0.2590181100602452,True,True,True,True,INCLUDED,,BOTH_VALID_INCLUDED
402,1600938539883711,6,4024724,0.83397025,0.8011154944635356,"[14.377,254.792,99.722,328.544]",57,291,True,25,878.0,True,4028,3847,883.0,True,0.639937524812275,True,True,True,0.17804907003424936,True,True,True,True,INCLUDED,,BOTH_VALID_INCLUDED
402,1600938539883711,7,4024721,0.82214421,0.8935648956338861,"[0.831,194.162,49.41,263.38]",25,228,True,25,886.0,True,2378,2027,892.0,True,0.7072032260724508,True,True,True,0.15864618914783316,True,True,True,True,INCLUDED,,BOTH_VALID_INCLUDED
402,1600938539883711,8,4024728,0.79631352,0.9336322419705966,"[115.393,192.522,164.915,248.342]",140,220,True,25,856.0,True,2068,1505,857.0,True,0.7481049467086643,True,True,True,0.17431422336676752,True,True,True,True,INCLUDED,,BOTH_VALID_INCLUDED
402,1600938539883711,9,4024731,0.78485477,0.8095676488303567,"[33.316,472.934,139.801,560.753]",86,516,True,25,874.0,True,2851,2827,900.0,True,0.3048739338717733,True,True,True,0.25006484321400324,True,True,True,True,INCLUDED,,BOTH_VALID_INCLUDED
402,1600938539883711,11,4024738,0.32051218,0.8217152174399739,"[365.386,353.977,444.621,416.217]",405,385,True,25,896.0,True,2033,1687,897.0,True,0.4122405723237457,True,True,True,0.27867166935843385,True,True,True,True,INCLUDED,,BOTH_VALID_INCLUDED
402,1600938539950348,0,4024746,0.9199068,0.8714418616232765,"[491.674,532.863,593.136,627.469]",542,580,True,25,852.0,True,7294,6755,871.0,True,0.7598776300398749,True,True,True,0.34250335354891864,True,True,True,True,INCLUDED,,BOTH_VALID_INCLUDED
402,1600938539950348,1,4024742,0.91369665,0.9294376915526126,"[361.116,610.848,467.193,707.382]",414,659,True,25,815.0,True,7844,7347,821.0,True,0.7660128483530367,True,True,True,0.6352068749015809,True,True,True,True,INCLUDED,,BOTH_VALID_INCLUDED
402,1600938539950348,2,4024737,0.90281725,0.9536433681612564,"[95.429,275.795,177.55,377.765]",136,326,True,25,834.0,True,6598,6526,838.0,True,0.7879264193325035,True,True,True,0.2062746784939715,True,True,True,True,INCLUDED,,BOTH_VALID_INCLUDED
402,1600938539950348,3,4024743,0.88027883,0.9142342226892581,"[368.083,303.474,441.981,395.34]",405,349,True,25,862.0,True,4875,4686,864.0,True,0.7181036406026844,True,True,True,0.2537674881375885,True,True,True,True,INCLUDED,,BOTH_VALID_INCLUDED
402,1600938539950348,4,4024719,0.87193739,0.9267141963390009,"[27.496,707.134,132.592,783.379]",80,745,True,25,804.0,True,4457,3932,808.0,True,0.5562180503147883,True,True,True,0.25057060878825,True,True,True,True,INCLUDED,,BOTH_VALID_INCLUDED
402,1600938539950348,5,4024734,0.85317951,0.7903130950125672,"[21.739,333.068,115.596,411.961]",68,372,True,25,849.0,True,4738,4571,843.0,True,0.6398673007808516,True,True,True,0.20181487022602188,True,True,True,True,INCLUDED,,BOTH_VALID_INCLUDED
402,1600938539950348,6,4024728,0.80825835,0.870886213184497,"[102.511,194.955,152.299,251.546]",127,223,True,25,854.0,True,2096,1419,851.0,True,0.7439080000344754,True,True,True,0.17323107413406919,True,True,True,True,INCLUDED,,BOTH_VALID_INCLUDED
402,1600938539950348,7,4024724,0.79434943,0.8278225606722871,"[2.57,257.508,86.71,335.125]",44,296,True,25,857.0,True,3920,3724,883.0,True,0.6002424507882115,True,True,True,0.1765398669705933,True,True,True,True,INCLUDED,,BOTH_VALID_INCLUDED
402,1600938539950348,8,4024731,0.75650781,0.8824425990334638,"[21.542,475.893,127.438,558.693]",74,517,True,25,873.0,True,2807,2675,906.0,True,0.3201345299499025,True,True,True,0.24345002858238135,True,True,True,True,INCLUDED,,BOTH_VALID_INCLUDED
402,1600938539950348,9,4024721,0.57118845,0.8960651868099191,"[0.918,196.086,35.959,263.878]",18,229,True,25,886.0,True,1302,1169,893.0,True,0.5480952596902957,True,True,True,0.15781659990933444,True,True,True,True,INCLUDED,,BOTH_VALID_INCLUDED
402,1600938539950348,10,4024735,0.38832521,0.7686089420347525,"[180.608,112.771,209.316,139.867]",194,126,True,25,905.0,True,656,656,899.0,True,0.8433264431506038,True,True,True,0.15636186443558317,True,True,True,True,INCLUDED,,BOTH_VALID_INCLUDED
402,1600938540016985,0,4024742,0.9197191,0.957638329531187,"[346.897,610.171,452.044,707.092]",399,658,True,25,820.0,True,7772,7222,829.0,True,0.7626372594885529,True,True,True,0.6961513946294616,True,True,True,True,INCLUDED,,BOTH_VALID_INCLUDED
402,1600938540016985,1,4024746,0.91475433,0.8988716410062708,"[476.793,535.178,579.722,628.245]",528,581,True,20,888.0,True,7230,6657,884.0,True,0.7547529673218086,True,True,True,0.35962454450221326,True,True,True,True,INCLUDED,,BOTH_VALID_INCLUDED
402,1600938540016985,2,4024737,0.90940183,0.93280826203075,"[83.26,275.5,162.954,377.3]",123,326,True,25,828.0,True,6641,6618,838.0,True,0.8185780157235018,True,True,True,0.20283229592646237,True,True,True,True,INCLUDED,,BOTH_VALID_INCLUDED
402,1600938540016985,3,4024719,0.875745,0.9255056053805532,"[15.015,706.1,120.514,783.685]",67,744,True,25,791.0,True,4592,3820,812.0,True,0.5610166775017192,True,True,True,0.24361130919042961,True,True,True,True,INCLUDED,,BOTH_VALID_INCLUDED
402,1600938540016985,4,4024743,0.84900498,0.6410961825661075,"[338.845,304.129,428.775,410.849]",383,357,True,25,869.0,True,4868,4590,873.0,True,0.5072244262612388,True,True,True,0.2607476417761105,True,True,True,True,INCLUDED,,BOTH_VALID_INCLUDED
402,1600938540016985,5,4024734,0.84712332,0.8236957642184897,"[5.666,332.548,98.207,410.607]",51,371,True,18,831.0,True,4746,4446,838.0,True,0.6570078557453349,True,True,True,0.196618262822724,True,True,True,True,INCLUDED,,BOTH_VALID_INCLUDED
402,1600938540016985,6,4024724,0.81848669,0.9507968853667107,"[0.649,256.712,81.347,334.096]",40,295,True,25,884.0,True,3460,3187,890.0,True,0.5540668317129058,True,True,True,0.17556687835257245,True,True,True,True,INCLUDED,,BOTH_VALID_INCLUDED
402,1600938540016985,7,4024728,0.78393871,0.9241604578358219,"[88.105,193.581,139.512,250.312]",113,221,True,25,854.0,True,2109,1551,858.0,True,0.7231591417161481,True,True,True,0.17089380469308182,True,True,True,True,INCLUDED,,BOTH_VALID_INCLUDED
402,1600938540016985,8,4024731,0.6850059,0.8706740559529976,"[10.497,475.437,117.779,558.321]",64,516,True,25,875.0,True,2697,2555,907.0,True,0.30330766325306563,True,True,True,0.23783608325967412,True,True,True,True,INCLUDED,,BOTH_VALID_INCLUDED
402,1600938540016985,9,4024735,0.44478002,0.844331167629728,"[165.169,111.508,196.137,141.429]",180,126,True,25,898.0,True,646,646,891.0,True,0.697177328007411,True,True,True,0.1552919266798401,True,True,True,True,INCLUDED,,BOTH_VALID_INCLUDED
402,1600938540016985,10,4024721,0.44159865,0.8776859613318005,"[0.041,228.983,22.595,264.722]",11,246,True,25,905.0,True,467,449,901.0,True,0.5793632023275528,True,True,True,0.15987359943673327,True,True,True,True,INCLUDED,,BOTH_VALID_INCLUDED
402,1600938540083622,0,4024742,0.91040963,0.9482427009233655,"[334.054,610.314,438.546,706.518]",386,658,True,22,857.0,True,7584,6951,829.0,True,0.7544355642338346,True,True,True,0.7569639791747708,True,True,True,True,INCLUDED,,BOTH_VALID_INCLUDED
402,1600938540083622,1,4024746,0.90531021,0.921441948775836,"[464.995,535.274,566.049,628.808]",515,582,True,25,830.0,True,7180,6925,860.0,True,0.7596288107290826,True,True,True,0.3759809876885173,True,True,True,True,INCLUDED,,BOTH_VALID_INCLUDED
402,1600938540083622,2,4024737,0.89462519,0.9242757856171527,"[68.989,275.05,150.332,376.493]",109,325,True,25,824.0,True,6672,6635,841.0,True,0.8085628209482613,True,True,True,0.19929930090850276,True,True,True,True,INCLUDED,,BOTH_VALID_INCLUDED
402,1600938540083622,3,4024719,0.88080955,0.9720115975974674,"[3.736,706.404,108.708,785.083]",56,745,True,25,806.0,True,4683,3719,825.0,True,0.5670114834420225,True,True,True,0.23715999323286036,True,True,True,True,INCLUDED,,BOTH_VALID_INCLUDED
402,1600938540083622,4,4024743,0.85049325,0.7999218178757331,"[334.452,303.207,416.357,399.725]",375,351,True,25,872.0,True,4849,4441,873.0,True,0.6133854294097544,True,True,True,0.2571058122134784,True,True,True,True,INCLUDED,,BOTH_VALID_INCLUDED
402,1600938540083622,5,4024734,0.83875042,0.9198957072203765,"[0.519,332.988,86.378,410.993]",43,371,True,25,848.0,True,4803,4686,843.0,True,0.7171406153260137,True,True,True,0.19426160977409562,True,True,True,True,INCLUDED,,BOTH_VALID_INCLUDED
402,1600938540083622,6,4024728,0.76157707,0.952455047276635,"[75.752,192.809,126.335,248.461]",101,220,True,25,856.0,True,2143,1591,860.0,True,0.7612666624132355,True,True,True,0.16866970309346302,True,True,True,True,INCLUDED,,BOTH_VALID_INCLUDED
402,1600938540083622,7,4024731,0.75803548,0.7343697744666301,"[2.115,477.931,103.309,579.813]",52,528,True,25,879.0,True,2619,2473,909.0,True,0.2540289853539892,True,True,True,0.23432101136904426,True,True,True,True,INCLUDED,,BOTH_VALID_INCLUDED
402,1600938540083622,8,4024724,0.59146261,0.7361626622023814,"[0.0,256.575,61.959,328.434]",30,292,True,25,858.0,True,2891,2891,873.0,True,0.6493255958257876,True,True,True,0.17284668530250133,True,True,True,True,INCLUDED,,BOTH_VALID_INCLUDED
402,1600938540083622,9,4024735,0.40648124,0.7988681476081249,"[153.848,111.952,183.771,141.4]",168,126,True,25,891.0,True,660,660,887.0,True,0.7490020364956831,True,True,True,0.15437504988142192,True,True,True,True,INCLUDED,,BOTH_VALID_INCLUDED
402,1600938540150258,0,4024742,0.91458148,0.9557166094060997,"[320.37,610.63,423.39,706.81]",371,658,True,25,831.0,True,7691,7364,825.0,True,0.7762051020705173,True,True,True,0.8185218992912469,True,True,True,True,INCLUDED,,BOTH_VALID_INCLUDED
402,1600938540150258,1,4024746,0.90021002,0.8941316087355028,"[451.999,533.757,551.226,628.685]",501,581,True,25,809.0,True,7112,6189,850.0,True,0.7550358201138185,True,True,True,0.3947472084103276,True,True,True,True,INCLUDED,,BOTH_VALID_INCLUDED
402,1600938540150258,2,4024737,0.88486177,0.9634738983112285,"[52.295,276.299,137.21,378.203]",94,327,True,25,834.0,True,6754,6682,840.0,True,0.7805224710639727,True,True,True,0.19604647591571625,True,True,True,True,INCLUDED,,BOTH_VALID_INCLUDED
402,1600938540150258,3,4024719,0.87820756,0.9468802872326899,"[2.118,707.222,96.28,786.754]",49,746,True,23,776.0,True,4517,3386,806.0,True,0.603159971998336,True,True,True,0.2332633512273675,True,True,True,True,INCLUDED,,BOTH_VALID_INCLUDED
402,1600938540150258,4,4024734,0.86637789,0.9065994579404003,"[0.384,332.854,71.542,411.95]",35,372,True,25,812.0,True,4482,4396,823.0,True,0.7963309549800089,True,True,True,0.19221589456403085,True,True,True,True,INCLUDED,,BOTH_VALID_INCLUDED
402,1600938540150258,5,4024743,0.85891712,0.8258110633864402,"[321.17,302.579,402.038,396.385]",361,349,True,25,860.0,True,4811,4560,865.0,True,0.634202627479524,True,True,True,0.25606723927689096,True,True,True,True,INCLUDED,,BOTH_VALID_INCLUDED
402,1600938540150258,6,4024731,0.77272129,0.7037126483180363,"[0.0,485.757,90.082,583.739]",45,534,True,25,890.0,True,2278,2176,914.0,True,0.2580889435688597,True,True,True,0.2314385992625099,True,True,True,True,INCLUDED,,BOTH_VALID_INCLUDED
402,1600938540150258,7,4024728,0.72266543,0.8763720333177111,"[62.61,196.537,112.384,250.524]",87,223,True,25,857.0,True,2152,1519,857.0,True,0.8008487990999478,True,True,True,0.16730817169124748,True,True,True,True,INCLUDED,,BOTH_VALID_INCLUDED
402,1600938540150258,8,4024735,0.31319225,0.8397701814996531,"[140.498,112.961,170.056,141.794]",155,127,True,25,897.0,True,661,660,892.0,True,0.7755978253476047,True,True,True,0.15337650580716639,True,True,True,True,INCLUDED,,BOTH_VALID_INCLUDED
402,1600938540216893,0,4024742,0.91393352,0.9312868588650717,"[305.643,610.643,411.068,708.191]",358,659,True,25,849.0,True,7728,7379,832.0,True,0.7514587298778035,True,True,True,0.8369145250270238,True,True,True,True,INCLUDED,,BOTH_VALID_INCLUDED
402,1600938540216893,1,4024746,0.90088969,0.8832671002487699,"[438.929,534.801,538.88,627.212]",488,581,True,25,871.0,True,7037,6699,868.0,True,0.7618627458216018,True,True,True,0.4136290976981288,True,True,True,True,INCLUDED,,BOTH_VALID_INCLUDED
402,1600938540216893,2,4024737,0.89990997,0.9276350828341766,"[40.73,275.607,123.934,376.442]",82,326,True,25,847.0,True,6793,6736,842.0,True,0.8096663805734211,True,True,True,0.19262547278620396,True,True,True,True,INCLUDED,,BOTH_VALID_INCLUDED
402,1600938540216893,3,4024719,0.89453316,0.9453136878728535,"[1.306,706.442,85.087,787.145]",43,746,True,25,817.0,True,4370,3776,823.0,True,0.6463179506024258,True,True,True,0.23024541921913777,True,True,True,True,INCLUDED,,BOTH_VALID_INCLUDED
402,1600938540216893,4,4024743,0.87550068,0.9003490025398615,"[309.996,302.933,389.525,388.163]",349,345,True,25,870.0,True,4773,4014,871.0,True,0.7041633612260362,True,True,True,0.2534019308508936,True,True,True,True,INCLUDED,,BOTH_VALID_INCLUDED
402,1600938540216893,5,4024734,0.84589994,0.951574454920547,"[0.603,334.207,55.519,411.629]",28,372,True,25,840.0,True,3632,3612,838.0,True,0.8542452202613815,True,True,True,0.19009697730446232,True,True,True,True,INCLUDED,,BOTH_VALID_INCLUDED
402,1600938540216893,6,4024731,0.79262763,0.6155046036882028,"[1.145,508.435,77.4,572.932]",39,540,True,25,911.0,True,1744,1698,922.0,True,0.35459992610515717,True,True,True,0.22948794779064802,True,True,True,True,INCLUDED,,BOTH_VALID_INCLUDED
402,1600938540216893,7,4024728,0.76714277,0.8525305181258448,"[48.38,194.596,99.104,252.857]",73,223,True,25,859.0,True,2192,1549,862.0,True,0.7417355958645812,True,True,True,0.16523457120104015,True,True,True,True,INCLUDED,,BOTH_VALID_INCLUDED
402,1600938540216893,8,4024741,0.6322757,0.8205821081901015,"[322.376,428.844,396.46,515.081]",359,471,True,21,783.0,True,1304,784,810.0,True,0.20410776557689933,True,True,True,0.37308072183825197,True,True,True,True,INCLUDED,,BOTH_VALID_INCLUDED
402,1600938540283529,0,4024742,0.91817081,0.9362736404148223,"[291.241,609.712,397.276,707.057]",344,658,True,25,809.0,True,7655,7260,821.0,True,0.7416214882457483,True,True,True,0.8051336045820013,True,True,True,True,INCLUDED,,BOTH_VALID_INCLUDED
402,1600938540283529,1,4024746,0.91743046,0.8620399566464231,"[428.345,534.305,526.98,624.786]",477,579,True,25,831.0,True,6956,6352,852.0,True,0.779419258777697,True,True,True,0.4305064046729201,True,True,True,True,INCLUDED,,BOTH_VALID_INCLUDED
402,1600938540283529,2,4024719,0.90756911,0.9589398412698418,"[0.686,706.476,71.9,787.916]",36,747,True,25,889.0,True,4291,3511,880.0,True,0.7398699169712492,True,True,True,0.22676023144137653,True,True,True,True,INCLUDED,,BOTH_VALID_INCLUDED
402,1600938540283529,3,4024737,0.8926276,0.9179360713894759,"[26.058,277.042,110.581,377.325]",68,327,True,25,825.0,True,6846,6830,839.0,True,0.8076713432085243,True,True,True,0.1894997691740063,True,True,True,True,INCLUDED,,BOTH_VALID_INCLUDED
402,1600938540283529,4,4024743,0.85584277,0.8798942803261507,"[303.145,303.167,375.258,398.383]",339,350,True,25,871.0,True,4738,3951,859.0,True,0.690035700169339,True,True,True,0.2564287602786975,True,True,True,True,INCLUDED,,BOTH_VALID_INCLUDED
402,1600938540283529,5,4024734,0.82635468,0.8748647478888842,"[0.0,337.977,42.363,413.978]",21,375,True,25,824.0,True,2647,2619,821.0,True,0.8221440667286932,True,True,True,0.18884263012869737,True,True,True,True,INCLUDED,,BOTH_VALID_INCLUDED
402,1600938540283529,6,4024731,0.80142456,0.5504583326687944,"[0.086,508.333,68.102,582.051]",34,545,True,25,935.0,True,1786,1686,939.0,True,0.35620238483567634,True,True,True,0.22757473785754104,True,True,True,True,INCLUDED,,BOTH_VALID_INCLUDED
402,1600938540283529,7,4024728,0.79697287,0.8270415191475043,"[35.342,196.316,87.139,254.32]",61,225,True,25,855.0,True,2216,1612,857.0,True,0.7375767279002645,True,True,True,0.16364059896281058,True,True,True,True,INCLUDED,,BOTH_VALID_INCLUDED
402,1600938540283529,8,4024741,0.74753678,0.5872870434248469,"[327.759,432.856,384.034,516.39]",355,474,True,8,763.0,True,1413,720,801.0,True,0.3005822840439406,True,True,True,0.37675014252125594,True,True,True,True,INCLUDED,,BOTH_VALID_INCLUDED
402,1600938540283529,9,4024724,0.65403157,0.9513931932195226,"[0.0,280.414,32.34,337.816]",16,309,True,25,905.0,True,1092,908,888.0,True,0.5882414160871359,True,True,True,0.1732551701752755,True,True,True,True,INCLUDED,,BOTH_VALID_INCLUDED
402,1600938540350165,0,4024742,0.92305797,0.9444220789190457,"[279.511,611.681,382.559,707.97]",331,659,True,25,819.0,True,7634,7422,825.0,True,0.7693711764857748,True,True,True,0.740191538830497,True,True,True,True,INCLUDED,,BOTH_VALID_INCLUDED
402,1600938540350165,1,4024746,0.89897603,0.9034410738439004,"[412.587,537.102,513.262,628.779]",462,582,True,25,802.0,True,6884,6472,871.0,True,0.7458625990479923,True,True,True,0.45938404065826666,True,True,True,True,INCLUDED,,BOTH_VALID_INCLUDED
402,1600938540350165,2,4024737,0.89791274,0.934003655255574,"[12.384,277.106,97.021,377.616]",54,327,True,25,838.0,True,6905,6838,849.0,True,0.8116973885821229,True,True,True,0.18622739437634364,True,True,True,True,INCLUDED,,BOTH_VALID_INCLUDED
402,1600938540350165,3,4024719,0.89041287,0.9742157237021721,"[0.147,706.257,59.582,788.11]",29,747,True,25,918.0,True,3902,3701,911.0,True,0.8020665353225496,True,True,True,0.223664084797197,True,True,True,True,INCLUDED,,BOTH_VALID_INCLUDED
402,1600938540350165,4,4024743,0.86342043,0.6419448092406462,"[275.979,303.794,361.146,416.283]",318,360,True,25,870.0,True,4677,3945,869.0,True,0.48818672348423586,True,True,True,0.26108876776207274,True,True,True,True,INCLUDED,,BOTH_VALID_INCLUDED
402,1600938540350165,5,4024731,0.80145824,0.8276081395090314,"[0.694,506.684,55.035,560.015]",27,533,True,25,961.0,True,1739,1679,938.0,True,0.6000566162906582,True,True,True,0.22279727224026177,True,True,True,True,INCLUDED,,BOTH_VALID_INCLUDED
402,1600938540350165,6,4024734,0.78952384,0.8881324145486627,"[0.0,339.786,30.695,413.24]",15,376,True,25,838.0,True,1667,1567,833.0,True,0.7393541441285436,True,True,True,0.1873246325907631,True,True,True,True,INCLUDED,,BOTH_VALID_INCLUDED
402,1600938540350165,7,4024728,0.62683052,0.7600977619745278,"[21.623,201.118,71.916,253.334]",46,227,True,25,864.0,True,2230,1609,861.0,True,0.8491681979390567,True,True,True,0.16176891655983033,True,True,True,True,INCLUDED,,BOTH_VALID_INCLUDED
402,1600938540350165,8,4024735,0.60070658,0.9418149671858744,"[99.294,112.989,132.143,142.405]",115,127,True,25,892.0,True,703,703,890.0,True,0.7275277362342997,True,True,True,0.1497985847014036,True,True,True,True,INCLUDED,,BOTH_VALID_INCLUDED
402,1600938540350165,10,4024741,0.55381858,0.7345573956382191,"[301.533,432.229,369.549,514.246]",335,473,True,24,784.5,True,1552,894,801.5,True,0.2782125709650359,True,True,True,0.3723747775250745,True,True,True,True,INCLUDED,,BOTH_VALID_INCLUDED
402,1600938540416799,0,4024742,0.91892034,0.9377081596815622,"[265.739,611.072,370.228,707.511]",317,659,True,25,813.0,True,7616,7356,827.0,True,0.7557943902568772,True,True,True,0.6838372418668116,True,True,True,True,INCLUDED,,BOTH_VALID_INCLUDED
402,1600938540416799,1,4024746,0.9066847,0.8891252618093465,"[400.543,536.549,500.136,626.861]",450,581,True,12,897.0,True,6908,6199,875.0,True,0.7680297699047647,True,True,True,0.48189225899562077,True,True,True,True,INCLUDED,,BOTH_VALID_INCLUDED
402,1600938540416799,2,4024737,0.89696914,0.9322932393868002,"[1.057,276.423,82.536,377.26]",41,326,True,25,848.0,True,6931,6917,851.0,True,0.8435878034751121,True,True,True,0.18299781765432135,True,True,True,True,INCLUDED,,BOTH_VALID_INCLUDED
402,1600938540416799,3,4024719,0.88626707,0.9658874655059271,"[0.046,705.118,49.927,784.684]",24,744,True,25,901.0,True,3113,2732,907.0,True,0.7843618166916831,True,True,True,0.2217033968555985,True,True,True,True,INCLUDED,,BOTH_VALID_INCLUDED
402,1600938540416799,4,4024743,0.86654222,0.6917114335775869,"[266.607,303.921,351.309,414.575]",308,359,True,25,865.0,True,4603,3656,863.0,True,0.49111159980005015,True,True,True,0.25950157520502404,True,True,True,True,INCLUDED,,BOTH_VALID_INCLUDED
402,1600938540416799,5,4024741,0.76132542,0.6835275681216337,"[290.197,435.649,357.122,514.148]",323,474,True,6,823.0,True,1686,1044,806.0,True,0.32092612045151986,True,True,True,0.3716730818180164,True,True,True,True,INCLUDED,,BOTH_VALID_INCLUDED
402,1600938540416799,6,4024731,0.72634298,0.8326319900099172,"[0.0,504.811,45.413,558.53]",22,531,True,21,921.0,True,1551,1528,922.0,True,0.6357753502384644,True,True,True,0.22013685281977788,True,True,True,True,INCLUDED,,BOTH_VALID_INCLUDED
402,1600938540416799,7,4024728,0.70504564,0.8184674070387483,"[8.114,198.168,60.076,250.965]",34,224,True,25,862.0,True,2261,1618,862.0,True,0.8241484719926103,True,True,True,0.15923205234212187,True,True,True,True,INCLUDED,,BOTH_VALID_INCLUDED
402,1600938540416799,8,4024734,0.41104001,0.6983392304759694,"[0.0,345.097,20.837,408.574]",10,376,True,25,830.0,True,688,688,821.0,True,0.5201598815125383,True,True,True,0.18602415410866577,True,True,True,True,INCLUDED,,BOTH_VALID_INCLUDED
402,1600938540416799,9,4024735,0.39828086,0.8580901176404298,"[87.77,112.928,119.059,142.074]",103,127,True,25,897.0,True,711,711,897.0,True,0.7796486960873389,True,True,True,0.1485571438449585,True,True,True,True,INCLUDED,,BOTH_VALID_INCLUDED
402,1600938540483433,0,4024742,0.92467588,0.91885437598169,"[249.282,610.248,355.883,707.882]",302,659,True,25,801.0,True,7618,7238,819.0,True,0.7319452675495235,True,True,True,0.6230531670336475,True,True,True,True,INCLUDED,,BOTH_VALID_INCLUDED
402,1600938540483433,1,4024746,0.89538109,0.9073076873942723,"[388.634,536.298,486.053,625.976]",437,581,True,21,857.0,True,6880,5346,857.0,True,0.7875150403840426,True,True,True,0.5071122263271481,True,True,True,True,INCLUDED,,BOTH_VALID_INCLUDED
402,1600938540483433,2,4024719,0.87849367,0.9658754463386069,"[0.0,706.283,37.386,782.561]",18,744,True,25,951.0,True,2235,2231,932.0,True,0.7837349757321355,True,True,True,0.21885499106295506,True,True,True,True,INCLUDED,,BOTH_VALID_INCLUDED
402,1600938540483433,3,4024737,0.87682843,0.9180851838845873,"[0.384,276.649,68.03,377.779]",34,327,True,25,837.0,True,6032,5997,840.0,True,0.881737282289644,True,True,True,0.18127856488941518,True,True,True,True,INCLUDED,,BOTH_VALID_INCLUDED
402,1600938540483433,4,4024743,0.86497796,0.8575641150858315,"[255.298,302.435,336.15,394.714]",295,348,True,25,864.0,True,4556,3714,862.5,True,0.610646776011509,True,True,True,0.25098536848298025,True,True,True,True,INCLUDED,,BOTH_VALID_INCLUDED
402,1600938540483433,5,4024741,0.72080564,0.6817200523240117,"[278.789,436.413,343.261,515.111]",311,475,True,25,810.0,True,1783,1269,830.0,True,0.3514119330192945,True,True,True,0.36848078552314617,True,True,True,True,INCLUDED,,BOTH_VALID_INCLUDED
402,1600938540483433,6,4024731,0.68902224,0.7333377130413421,"[0.0,497.571,33.413,556.859]",16,527,True,25,928.0,True,1210,1201,938.0,True,0.6108057255236626,True,True,True,0.2167570857908097,True,True,True,True,INCLUDED,,BOTH_VALID_INCLUDED
402,1600938540550068,0,4024742,0.92022687,0.9540661569345076,"[237.466,611.601,341.269,708.355]",289,659,True,25,829.0,True,7594,7151,832.0,True,0.7561217990075755,True,True,True,0.5766897026480253,True,True,True,True,INCLUDED,,BOTH_VALID_INCLUDED
402,1600938540550068,1,4024746,0.89843506,0.9143564885980191,"[375.739,536.125,473.034,627.774]",424,581,True,25,853.0,True,6893,5924,857.0,True,0.7730187452599157,True,True,True,0.535641937868481,True,True,True,True,INCLUDED,,BOTH_VALID_INCLUDED
402,1600938540550068,2,4024737,0.86572903,0.9825794661836112,"[0.0,278.12,57.159,376.648]",28,327,True,25,840.0,True,4659,4607,848.0,True,0.8272721822600216,True,True,True,0.17998668503913592,True,True,True,True,INCLUDED,,BOTH_VALID_INCLUDED
402,1600938540550068,3,4024743,0.86491543,0.7705796366892667,"[240.991,305.115,322.271,405.254]",281,355,True,25,859.0,True,4485,3246,860.0,True,0.5510303276870346,True,True,True,0.2529080041236316,True,True,True,True,INCLUDED,,BOTH_VALID_INCLUDED
402,1600938540550068,4,4024741,0.82814586,0.8670434747214428,"[255.734,427.76,330.622,514.875]",293,471,True,25,755.0,True,1905,1364,841.0,True,0.2920046765139084,True,True,True,0.35532076716492916,True,True,True,True,INCLUDED,,BOTH_VALID_INCLUDED
402,1600938540550068,5,4024719,0.80552226,0.922452793493249,"[0.0,707.119,24.463,775.761]",12,741,True,25,901.0,True,1212,1189,918.0,True,0.7217768949432642,True,True,True,0.2163280238600194,True,True,True,True,INCLUDED,,BOTH_VALID_INCLUDED
402,1600938540550068,6,4024731,0.65939206,0.5732562440501805,"[0.383,487.124,20.771,556.092]",10,521,True,25,922.0,True,685,552,951.0,True,0.487156290115365,True,True,True,0.21324913132361642,True,True,True,True,INCLUDED,,BOTH_VALID_INCLUDED
402,1600938540550068,7,4024728,0.61656404,0.7994628149527151,"[0.0,197.263,32.24,251.742]",16,224,True,25,844.0,True,1553,1445,861.0,True,0.8841934541034936,True,True,True,0.15641039393114953,True,True,True,True,INCLUDED,,BOTH_VALID_INCLUDED
402,1600938540550068,8,4024735,0.32574263,0.8948317333333339,"[61.356,113.22,93.626,142.336]",77,127,True,25,897.0,True,749,749,893.0,True,0.7971703581366056,True,True,True,0.14599310486475633,True,True,True,True,INCLUDED,,BOTH_VALID_INCLUDED
402,1600938540616703,0,4024742,0.91600531,0.9566354266461815,"[224.017,610.287,327.995,707.185]",276,658,True,25,843.0,True,7656,7134,833.0,True,0.7598811161785417,True,True,True,0.5374659660767558,True,True,True,True,INCLUDED,,BOTH_VALID_INCLUDED
402,1600938540616703,1,4024746,0.90277576,0.9563298903635679,"[364.177,535.805,460.523,629.663]",412,582,True,25,867.0,True,6874,5980,868.0,True,0.7601591778538017,True,True,True,0.5631007117325372,True,True,True,True,INCLUDED,,BOTH_VALID_INCLUDED
402,1600938540616703,2,4024737,0.86103934,0.9704552340614778,"[0.0,281.231,44.344,376.234]",22,328,True,25,827.0,True,3425,3397,839.0,True,0.8129959658746139,True,True,True,0.17877448976063154,True,True,True,True,INCLUDED,,BOTH_VALID_INCLUDED
402,1600938540616703,3,4024743,0.82769167,0.8685890107453281,"[231.383,302.876,309.202,394.193]",270,348,True,25,865.0,True,4403,3431,859.0,True,0.6195999933563908,True,True,True,0.24693899731279798,True,True,True,True,INCLUDED,,BOTH_VALID_INCLUDED
402,1600938540616703,4,4024741,0.78354549,0.6899825110499812,"[254.003,433.043,318.264,512.387]",286,472,True,25,749.0,True,2013,1455,813.0,True,0.3948046002241334,True,True,True,0.3535223798864554,True,True,True,True,INCLUDED,,BOTH_VALID_INCLUDED
402,1600938540616703,5,4024735,0.54805207,0.7748120951800676,"[50.201,112.616,81.247,141.88]",65,127,True,25,895.0,True,763,763,890.0,True,0.8398180347002335,True,True,True,0.1446767158631663,True,True,True,True,INCLUDED,,BOTH_VALID_INCLUDED
402,1600938540616703,6,4024728,0.38126612,0.7408020999999998,"[0.0,200.895,21.88,241.524]",10,221,True,25,860.0,True,884,884,866.0,True,0.9944176274158334,True,True,True,0.1549939333209374,True,True,True,True,INCLUDED,,BOTH_VALID_INCLUDED
402,1600938540683342,0,4024742,0.92033434,0.9795082061533018,"[209.674,610.448,312.852,707.821]",261,659,True,25,815.0,True,7629,7153,825.0,True,0.7593499332088677,True,True,True,0.4985691711305312,True,True,True,True,INCLUDED,,BOTH_VALID_INCLUDED
402,1600938540683342,1,4024746,0.90276045,0.9216316280070366,"[351.655,535.883,447.058,629.153]",399,582,True,25,883.0,True,6865,5251,878.0,True,0.7715010709519349,True,True,True,0.5893991910910754,True,True,True,True,INCLUDED,,BOTH_VALID_INCLUDED
402,1600938540683342,2,4024743,0.82672042,0.9010506032672049,"[220.361,304.69,295.792,395.065]",258,349,True,25,872.0,True,4360,3480,873.0,True,0.6395703378205758,True,True,True,0.24539562509649088,True,True,True,True,INCLUDED,,BOTH_VALID_INCLUDED
402,1600938540683342,3,4024737,0.7998454,0.9001074016590914,"[0.0,286.964,29.223,377.344]",14,332,True,25,831.0,True,2108,2094,835.0,True,0.7981296989081457,True,True,True,0.1777244592716681,True,True,True,True,INCLUDED,,BOTH_VALID_INCLUDED
402,1600938540683342,4,4024741,0.79725009,0.7435806147558979,"[238.773,433.493,305.039,515.91]",271,474,True,13,747.0,True,2157,1672,815.0,True,0.39495042627109384,True,True,True,0.3480589820205504,True,True,True,True,INCLUDED,,BOTH_VALID_INCLUDED
402,1600938540683342,5,4024735,0.72332817,0.8705429758064518,"[35.742,112.748,68.439,142.461]",52,127,True,25,897.0,True,789,786,895.0,True,0.8121244636508482,True,True,True,0.14330881449852761,True,True,True,True,INCLUDED,,BOTH_VALID_INCLUDED
402,1600938540749981,0,4024742,0.90530515,0.955775652534156,"[196.858,611.336,299.544,705.608]",248,658,True,25,819.0,True,7609,7199,828.0,True,0.7860200539642348,True,True,True,0.4687908494835812,True,True,True,True,INCLUDED,,BOTH_VALID_INCLUDED
402,1600938540749981,1,4024746,0.89634866,0.9002541707763217,"[338.917,536.481,435.705,630.133]",387,583,True,25,850.0,True,6833,5396,866.0,True,0.7538290131887192,True,True,True,0.6137664348717841,True,True,True,True,INCLUDED,,BOTH_VALID_INCLUDED
402,1600938540749981,2,4024743,0.81971711,0.743238754830736,"[204.114,303.392,284.643,413.126]",244,358,True,25,865.0,True,4263,3210,860.0,True,0.48241612539933887,True,True,True,0.24719262793555052,True,True,True,True,INCLUDED,,BOTH_VALID_INCLUDED
402,1600938540749981,3,4024741,0.80740762,0.7507697107461414,"[222.938,435.411,292.309,515.156]",257,475,True,5,755.0,True,2277,1679,821.0,True,0.4116059207293689,True,True,True,0.3402062315108021,True,True,True,True,INCLUDED,,BOTH_VALID_INCLUDED
402,1600938540749981,4,4024735,0.70369625,0.8626512554489976,"[21.83,113.598,56.264,142.333]",39,127,True,25,897.0,True,807,807,894.0,True,0.8155955698667816,True,True,True,0.14198300348853848,True,True,True,True,INCLUDED,,BOTH_VALID_INCLUDED
402,1600938540816619,0,4024742,0.92096907,0.9586113957436639,"[184.228,610.582,287.791,706.352]",236,658,True,25,808.0,True,7642,7343,831.0,True,0.7705004973715818,True,True,True,0.44373804594662686,True,True,True,True,INCLUDED,,BOTH_VALID_INCLUDED
402,1600938540816619,1,4024746,0.88228863,0.9182866335265115,"[326.665,536.647,421.656,627.729]",374,582,True,20,852.0,True,6804,5269,849.0,True,0.786410469980878,True,True,True,0.6268767892964521,True,True,True,True,INCLUDED,,BOTH_VALID_INCLUDED
402,1600938540816619,2,4024749,0.85471654,0.6049829390704147,"[689.541,277.783,719.795,349.41]",704,313,True,25,936.0,True,767,767,936.0,True,0.3539450146964211,True,True,True,0.17400536364691258,True,True,True,True,INCLUDED,,BOTH_VALID_INCLUDED
402,1600938540816619,3,4024741,0.83825505,0.8607724019138756,"[204.895,426.414,279.667,510.624]",242,468,True,22,794.0,True,2441,1564,819.0,True,0.38767260697989964,True,True,True,0.32467660100007023,True,True,True,True,INCLUDED,,BOTH_VALID_INCLUDED
402,1600938540816619,4,4024743,0.81982839,0.7871353910390076,"[193.42,302.01,272.134,405.519]",232,353,True,25,854.0,True,4238,3156,862.0,True,0.5201526998559145,True,True,True,0.24199278561901166,True,True,True,True,INCLUDED,,BOTH_VALID_INCLUDED
402,1600938540816619,5,4024735,0.63079488,0.7721186098944051,"[7.618,107.515,43.878,138.251]",25,122,True,25,883.0,True,842,842,888.0,True,0.7555043064822197,True,True,True,0.1397157541695323,True,True,True,True,INCLUDED,,BOTH_VALID_INCLUDED
402,1600938540816619,6,4024751,0.45089886,0.5966692184075696,"[703.838,350.073,719.148,398.13]",711,374,True,25,968.0,True,408,407,957.0,True,0.5545341751868849,True,True,True,0.1849326937670777,True,True,True,True,INCLUDED,,BOTH_VALID_INCLUDED
402,1600938540883257,0,4024742,0.91794378,0.937654826627885,"[173.94,612.266,276.341,707.853]",225,660,True,25,843.0,True,7644,7129,835.0,True,0.7809399658789532,True,True,True,0.4231135055027671,True,True,True,True,INCLUDED,,BOTH_VALID_INCLUDED
402,1600938540883257,1,4024746,0.90273714,0.9371430701766189,"[315.744,536.127,410.914,627.981]",363,582,True,25,865.0,True,6744,5030,880.0,True,0.7714706687435151,True,True,True,0.6327450092304006,True,True,True,True,INCLUDED,,BOTH_VALID_INCLUDED
402,1600938540883257,2,4024749,0.86149627,0.9413903259424758,"[680.7,272.468,719.754,343.91]",700,308,True,25,933.0,True,2177,2129,933.0,True,0.780259927613355,True,True,True,0.17384051778590295,True,True,True,True,INCLUDED,,BOTH_VALID_INCLUDED
402,1600938540883257,3,4024741,0.86087686,0.8788442930738624,"[194.699,426.745,269.454,513.686]",232,470,True,19,850.0,True,2573,1975,842.0,True,0.3958903440399486,True,True,True,0.31991583360226294,True,True,True,True,INCLUDED,,BOTH_VALID_INCLUDED
402,1600938540883257,4,4024743,0.83865207,0.8339080515563213,"[184.105,304.826,262.598,403.549]",223,354,True,25,866.0,True,4142,3259,873.0,True,0.5345161383810246,True,True,True,0.23992380809833705,True,True,True,True,INCLUDED,,BOTH_VALID_INCLUDED
402,1600938540883257,5,4024751,0.72458428,0.7696200132646639,"[695.799,340.584,719.938,399.171]",707,369,True,25,929.0,True,1041,1037,935.0,True,0.7360887743935443,True,True,True,0.18503781170836045,True,True,True,True,INCLUDED,,BOTH_VALID_INCLUDED
402,1600938540883257,6,4024735,0.41844186,0.8155806672090374,"[1.121,113.215,33.519,144.761]",17,128,True,25,900.0,True,801,801,897.0,True,0.7837363969926333,True,True,True,0.13980644427644484,True,True,True,True,INCLUDED,,BOTH_VALID_INCLUDED
402,1600938540949895,0,4024742,0.92005712,0.95154325914399,"[160.796,613.004,261.856,707.728]",211,660,True,25,798.0,True,7524,7029,824.0,True,0.7859763237857426,True,True,True,0.3999001404839155,True,True,True,True,INCLUDED,,BOTH_VALID_INCLUDED
402,1600938540949895,1,4024746,0.89686298,0.9442849881237037,"[303.337,539.082,397.17,632.107]",350,585,True,3,851.0,True,6492,4843,874.0,True,0.743743581477569,True,True,True,0.6440326689057512,True,True,True,True,INCLUDED,,BOTH_VALID_INCLUDED
402,1600938540949895,2,4024749,0.8935439,0.9311935004624141,"[665.777,278.576,720.0,348.953]",692,313,True,25,924.0,True,3046,2854,936.0,True,0.7982071374623034,True,True,True,0.17664886068217994,True,True,True,True,INCLUDED,,BOTH_VALID_INCLUDED
402,1600938540949895,3,4024743,0.84539884,0.7960731759941031,"[171.11,309.042,248.382,405.265]",209,357,True,25,872.0,True,5114,3785,887.0,True,0.6877960504049095,True,True,True,0.23793738377990217,True,True,True,True,INCLUDED,,BOTH_VALID_INCLUDED
402,1600938540949895,4,4024751,0.8367154,0.8707598255510178,"[680.154,347.379,719.806,413.124]",699,380,True,25,958.0,True,2332,2304,962.0,True,0.8945419644787502,True,True,True,0.18944773413128047,True,True,True,True,INCLUDED,,BOTH_VALID_INCLUDED
402,1600938540949895,5,4024741,0.81098169,0.8333504406469638,"[181.81,428.484,257.001,513.494]",219,470,True,2,739.0,True,2909,2050,802.0,True,0.45510105714531246,True,True,True,0.31265209076511996,True,True,True,True,INCLUDED,,BOTH_VALID_INCLUDED
402,1600938540949895,6,4024753,0.63978201,0.8617671148879298,"[695.725,213.624,719.814,255.834]",707,234,True,25,980.0,True,769,769,980.0,True,0.7562967184718133,True,True,True,0.15772120442229395,True,True,True,True,INCLUDED,,BOTH_VALID_INCLUDED
402,1600938540949895,7,4024735,0.41208208,0.9088446284553625,"[0.0,119.141,20.469,148.075]",10,133,True,25,908.0,True,496,496,907.0,True,0.8374841054887825,True,True,True,0.13977374899392297,True,True,True,True,INCLUDED,,BOTH_VALID_INCLUDED
403,1600938541416349,0,4035125,0.92761326,0.9473804234068703,"[57.184,611.632,161.416,705.815]",109,658,True,20,846.0,True,7763,6892,840.0,True,0.7907805797608698,True,True,True,0.28457743226706333,True,True,True,True,INCLUDED,,BOTH_VALID_INCLUDED
403,1600938541416349,1,4035124,0.89679605,0.828006450586277,"[86.423,424.923,163.106,507.945]",124,466,True,25,776.0,True,3841,2719,819.0,True,0.6033259713710791,True,True,True,0.25488294703461956,True,True,True,True,INCLUDED,,BOTH_VALID_INCLUDED
403,1600938541416349,2,4035128,0.89227712,0.9600877069205342,"[209.413,535.815,302.339,629.429]",255,582,True,25,865.0,True,5990,4445,862.0,True,0.688571077167317,True,True,True,0.45685740589477825,True,True,True,True,INCLUDED,,BOTH_VALID_INCLUDED
403,1600938541416349,3,4035143,0.89189333,0.8213835903614454,"[596.244,344.731,670.962,414.988]",633,379,True,25,905.0,True,4693,4548,944.0,True,0.893996285668504,True,True,True,0.2094093122325028,True,True,True,True,INCLUDED,,BOTH_VALID_INCLUDED
403,1600938541416349,4,4035137,0.86793274,0.8350276726839904,"[578.073,275.579,639.911,343.65]",608,309,True,25,949.0,True,3403,3023,950.0,True,0.8084336524623482,True,True,True,0.19466435924328085,True,True,True,True,INCLUDED,,BOTH_VALID_INCLUDED
403,1600938541416349,5,4035134,0.86093563,0.9187540532218851,"[608.903,203.094,656.848,251.797]",632,227,True,25,969.0,True,1749,1742,973.0,True,0.7490154445721332,True,True,True,0.16817082742494105,True,True,True,True,INCLUDED,,BOTH_VALID_INCLUDED
403,1600938541416349,6,4035126,0.80995846,0.9371413741973961,"[72.125,301.622,150.819,390.19]",111,345,True,25,854.0,True,3199,2219,867.0,True,0.458982134543239,True,True,True,0.2061676548837655,True,True,True,True,INCLUDED,,BOTH_VALID_INCLUDED
403,1600938541416349,7,4035140,0.80600208,0.8609817453030892,"[682.724,445.061,719.833,505.339]",701,475,True,25,936.0,True,1538,1538,946.0,True,0.6875721067217677,True,True,True,0.2087745610426708,True,True,True,True,INCLUDED,,BOTH_VALID_INCLUDED
403,1600938541416349,8,4035146,0.78011364,0.9360428152994655,"[683.783,495.007,719.571,584.846]",701,539,True,25,916.0,True,2525,2495,926.0,True,0.7853423988291719,True,True,True,0.219283470031895,True,True,True,True,INCLUDED,,BOTH_VALID_INCLUDED
403,1600938541482983,0,4035125,0.92500198,0.949245924242339,"[43.094,612.438,147.628,707.032]",95,659,True,25,856.0,True,7751,6518,831.0,True,0.7838565242545112,True,True,True,0.2736922880803303,True,True,True,True,INCLUDED,,BOTH_VALID_INCLUDED
403,1600938541482983,1,4035143,0.90237635,0.8521747729919089,"[583.187,343.166,658.401,416.438]",620,379,True,5,1024.0,True,4633,4242,948.0,True,0.84067003657008,True,True,True,0.21349400963137058,True,True,True,True,INCLUDED,,BOTH_VALID_INCLUDED
403,1600938541482983,2,4035124,0.89191258,0.8789023333691776,"[69.848,425.467,149.2,509.055]",109,467,True,24,785.5,True,3956,3459,804.0,True,0.59642312184598,True,True,True,0.24736270001015465,True,True,True,True,INCLUDED,,BOTH_VALID_INCLUDED
403,1600938541482983,3,4035128,0.89101171,0.9531625436679507,"[195.524,536.545,287.564,631.84]",241,584,True,25,851.0,True,5850,4471,838.0,True,0.666974364173338,True,True,True,0.43300561971602736,True,True,True,True,INCLUDED,,BOTH_VALID_INCLUDED
403,1600938541482983,4,4035137,0.88056135,0.8844870646350592,"[564.67,274.838,627.847,344.724]",596,309,True,25,959.0,True,3387,3042,958.0,True,0.7671247830326166,True,True,True,0.1976156331895544,True,True,True,True,INCLUDED,,BOTH_VALID_INCLUDED
403,1600938541482983,5,4035140,0.84962136,0.9022660620783047,"[675.014,442.625,720.0,501.321]",697,471,True,25,928.0,True,2179,2173,944.0,True,0.8252230407835571,True,True,True,0.2096348351629352,True,True,True,True,INCLUDED,,BOTH_VALID_INCLUDED
403,1600938541482983,6,4035134,0.84932274,0.9552921074193588,"[597.283,202.435,644.631,251.729]",620,227,True,25,941.0,True,1729,1727,956.0,True,0.7407971341863978,True,True,True,0.16993311642960005,True,True,True,True,INCLUDED,,BOTH_VALID_INCLUDED
403,1600938541482983,7,4035146,0.84853047,0.9010933793661554,"[669.89,493.636,720.0,588.246]",694,540,True,25,915.0,True,3713,3622,920.0,True,0.7831834544912303,True,True,True,0.22257528387512027,True,True,True,True,INCLUDED,,BOTH_VALID_INCLUDED
403,1600938541482983,8,4035126,0.83254671,0.9120212526530289,"[58.315,304.434,135.51,394.573]",96,349,True,25,849.0,True,3123,2183,861.0,True,0.4488178045255627,True,True,True,0.20328405222346058,True,True,True,True,INCLUDED,,BOTH_VALID_INCLUDED
403,1600938541549618,0,4035125,0.92192322,0.9509810951133131,"[26.348,612.037,133.052,706.277]",79,659,True,12,843.5,True,7766,5504,829.0,True,0.7722917734310817,True,True,True,0.262498969565793,True,True,True,True,INCLUDED,,BOTH_VALID_INCLUDED
403,1600938541549618,1,4035146,0.90477914,0.9125030208402609,"[658.047,494.17,720.0,593.932]",689,544,True,25,904.0,True,4963,4873,910.0,True,0.8030022952051353,True,True,True,0.22587217586467145,True,True,True,True,INCLUDED,,BOTH_VALID_INCLUDED
403,1600938541549618,2,4035137,0.89489138,0.879674378269619,"[551.097,276.697,613.902,346.309]",582,311,True,25,935.0,True,3391,2941,948.0,True,0.7756208199647378,True,True,True,0.201305571810928,True,True,True,True,INCLUDED,,BOTH_VALID_INCLUDED
403,1600938541549618,3,4035128,0.8911854,0.9470852992580097,"[182.16,536.123,274.673,630.915]",228,583,True,25,867.0,True,5799,4686,864.0,True,0.6612697524855667,True,True,True,0.4111955406508758,True,True,True,True,INCLUDED,,BOTH_VALID_INCLUDED
403,1600938541549618,4,4035140,0.89053756,0.9284471196992082,"[660.325,444.043,720.0,500.959]",690,472,True,25,968.0,True,2835,2782,957.0,True,0.8346920264653025,True,True,True,0.21266620195418606,True,True,True,True,INCLUDED,,BOTH_VALID_INCLUDED
403,1600938541549618,5,4035143,0.88980556,0.7931113911849099,"[569.285,347.001,643.927,419.506]",606,383,True,25,909.0,True,4583,4458,939.0,True,0.8468346752786563,True,True,True,0.21930007981267385,True,True,True,True,INCLUDED,,BOTH_VALID_INCLUDED
403,1600938541549618,6,4035124,0.87416553,0.9182180233976037,"[56.29,425.335,135.319,508.981]",95,467,True,25,802.0,True,4003,3373,826.0,True,0.6055554622640107,True,True,True,0.24055156113313256,True,True,True,True,INCLUDED,,BOTH_VALID_INCLUDED
403,1600938541549618,7,4035134,0.85614288,0.9352572500707356,"[583.147,204.943,630.405,254.041]",606,229,True,25,982.0,True,1702,1698,980.0,True,0.7335342831107662,True,True,True,0.1727196018201385,True,True,True,True,INCLUDED,,BOTH_VALID_INCLUDED
403,1600938541549618,8,4035126,0.82981038,0.9011021324309965,"[44.281,304.299,118.323,388.765]",81,346,True,25,856.0,True,3014,1808,862.0,True,0.4819291308815925,True,True,True,0.19813074053147828,True,True,True,True,INCLUDED,,BOTH_VALID_INCLUDED
403,1600938541549618,9,4035151,0.30896428,0.6112059558422811,"[699.165,647.221,719.769,694.26]",709,670,True,25,909.0,True,506,501,912.0,True,0.5220846146125515,True,True,True,0.221819780662001,True,True,True,True,INCLUDED,,BOTH_VALID_INCLUDED
403,1600938541616279,0,4035125,0.92032212,0.9337238563666533,"[14.343,612.299,118.248,706.376]",66,659,True,25,823.0,True,7857,7074,828.0,True,0.8037793539495003,True,True,True,0.2535880155894275,True,True,True,True,INCLUDED,,BOTH_VALID_INCLUDED
403,1600938541616279,1,4035146,0.91502821,0.970013788562235,"[645.817,493.034,720.0,589.341]",682,541,True,25,902.0,True,5965,5800,909.0,True,0.8349264143399515,True,True,True,0.22847276791933982,True,True,True,True,INCLUDED,,BOTH_VALID_INCLUDED
403,1600938541616279,2,4035128,0.90392941,0.9618833021444216,"[169.261,535.111,261.202,630.212]",215,582,True,18,849.0,True,5711,3859,845.0,True,0.6531574028398962,True,True,True,0.3910679179649606,True,True,True,True,INCLUDED,,BOTH_VALID_INCLUDED
403,1600938541616279,3,4035137,0.89138323,0.8511945935613683,"[539.628,274.5,600.873,343.574]",570,309,True,25,956.0,True,3380,2932,954.0,True,0.79897180743589,True,True,True,0.20321106121158775,True,True,True,True,INCLUDED,,BOTH_VALID_INCLUDED
403,1600938541616279,4,4035140,0.88719249,0.8928406529257528,"[650.465,442.322,719.999,498.551]",685,470,True,25,942.0,True,3357,3331,944.0,True,0.858605701592109,True,True,True,0.21423364483848734,True,True,True,True,INCLUDED,,BOTH_VALID_INCLUDED
403,1600938541616279,5,4035143,0.87922204,0.8389410648140929,"[556.044,344.254,631.257,417.427]",593,380,True,25,947.0,True,4577,4404,944.0,True,0.8316433897213374,True,True,True,0.22274899169588985,True,True,True,True,INCLUDED,,BOTH_VALID_INCLUDED
403,1600938541616279,6,4035124,0.87869382,0.9249682744517741,"[41.496,423.39,121.373,507.846]",81,465,True,23,801.0,True,4094,3532,829.0,True,0.6068698816150963,True,True,True,0.2332930497492366,True,True,True,True,INCLUDED,,BOTH_VALID_INCLUDED
403,1600938541616279,7,4035134,0.86470789,0.9496467446941385,"[571.36,202.258,618.296,251.22]",594,226,True,25,969.0,True,1712,1711,972.0,True,0.7449695738064572,True,True,True,0.1738163931380478,True,True,True,True,INCLUDED,,BOTH_VALID_INCLUDED
403,1600938541616279,8,4035126,0.83264792,0.9416951185862588,"[29.999,302.963,108.529,383.654]",69,343,True,25,849.0,True,2914,1789,863.0,True,0.4598634067123359,True,True,True,0.1940258226179248,True,True,True,True,INCLUDED,,BOTH_VALID_INCLUDED
403,1600938541683041,0,4035146,0.91887748,0.9723277053614833,"[632.165,493.125,720.0,588.465]",676,540,True,25,909.0,True,6620,6383,919.0,True,0.7905243217047557,True,True,True,0.23186521752261618,True,True,True,True,INCLUDED,,BOTH_VALID_INCLUDED
403,1600938541683041,1,4035125,0.91745353,0.9488869695837329,"[0.323,612.63,104.421,706.559]",52,659,True,25,809.0,True,7847,6811,826.0,True,0.8025305399120846,True,True,True,0.24494710349815846,True,True,True,True,INCLUDED,,BOTH_VALID_INCLUDED
403,1600938541683041,2,4035128,0.88988113,0.9435441721792008,"[155.229,536.112,246.426,630.78]",200,583,True,25,850.0,True,5571,4207,854.0,True,0.6452817823784501,True,True,True,0.3718566830768716,True,True,True,True,INCLUDED,,BOTH_VALID_INCLUDED
403,1600938541683041,3,4035140,0.88772464,0.9183494128894465,"[637.401,442.408,715.455,503.617]",676,473,True,25,956.0,True,3535,3466,945.0,True,0.7399101241240018,True,True,True,0.21844222331048854,True,True,True,True,INCLUDED,,BOTH_VALID_INCLUDED
403,1600938541683041,4,4035124,0.88514394,0.9712370727032176,"[26.371,421.688,107.369,509.352]",66,465,True,25,813.0,True,4099,3346,842.0,True,0.5772744548173293,True,True,True,0.22669145582795494,True,True,True,True,INCLUDED,,BOTH_VALID_INCLUDED
403,1600938541683041,5,4035137,0.8821069,0.9139873763629961,"[525.908,275.384,589.781,344.661]",557,310,True,25,936.0,True,3335,2809,938.0,True,0.7536842695612108,True,True,True,0.20629464939081554,True,True,True,True,INCLUDED,,BOTH_VALID_INCLUDED
403,1600938541683041,6,4035134,0.8805266,0.9319197257181807,"[556.465,202.933,605.404,252.355]",580,227,True,25,971.0,True,1702,1701,978.0,True,0.7036944867667896,True,True,True,0.17611414659535435,True,True,True,True,INCLUDED,,BOTH_VALID_INCLUDED
403,1600938541683041,7,4035143,0.87889564,0.8249794530522658,"[545.958,345.4,618.986,416.11]",582,380,True,25,887.0,True,4550,4344,939.0,True,0.8811323626810204,True,True,True,0.22644086883051395,True,True,True,True,INCLUDED,,BOTH_VALID_INCLUDED
403,1600938541683041,8,4035126,0.80603868,0.9227299695891503,"[17.179,304.401,92.072,388.771]",54,346,True,25,849.0,True,2831,1874,864.0,True,0.4480336081103458,True,True,True,0.19102493558589193,True,True,True,True,INCLUDED,,BOTH_VALID_INCLUDED
403,1600938541683041,10,4035148,0.38106716,0.7200591624145032,"[570.49,121.815,592.965,142.287]",581,132,True,25,992.0,True,271,260,987.0,True,0.5889918936458851,True,True,True,0.1528505209268764,True,True,True,True,INCLUDED,,BOTH_VALID_INCLUDED
403,1600938541749804,0,4035125,0.92270982,0.9690058276098901,"[0.0,610.456,90.166,704.341]",45,657,True,25,827.0,True,7059,5868,840.0,True,0.8338811710542361,True,True,True,0.2407334189988176,True,True,True,True,INCLUDED,,BOTH_VALID_INCLUDED
403,1600938541749804,1,4035146,0.90620625,0.955934232261928,"[619.179,493.744,713.797,591.071]",666,542,True,25,904.0,True,6795,6234,916.0,True,0.7378742593341704,True,True,True,0.23716311532031953,True,True,True,True,INCLUDED,,BOTH_VALID_INCLUDED
403,1600938541749804,2,4035143,0.88952708,0.831819477813831,"[531.377,346.294,605.785,416.907]",568,381,True,25,956.0,True,4547,4490,948.0,True,0.8654075104502894,True,True,True,0.2314392606063166,True,True,True,True,INCLUDED,,BOTH_VALID_INCLUDED
403,1600938541749804,3,4035140,0.88762063,0.9404953576248557,"[625.494,442.146,703.728,502.072]",664,472,True,25,966.0,True,3526,3369,953.0,True,0.7520928887257439,True,True,True,0.22330651727324344,True,True,True,True,INCLUDED,,BOTH_VALID_INCLUDED
403,1600938541749804,4,4035128,0.88126504,0.9713074874961533,"[142.097,536.629,234.543,630.106]",188,583,True,25,868.0,True,5493,4258,842.0,True,0.6356480345304177,True,True,True,0.3561512349906035,True,True,True,True,INCLUDED,,BOTH_VALID_INCLUDED
403,1600938541749804,5,4035137,0.87658226,0.8765509087932591,"[513.501,275.941,575.775,344.936]",544,310,True,25,930.0,True,3348,2955,948.0,True,0.7792217531119522,True,True,True,0.2093104874640975,True,True,True,True,INCLUDED,,BOTH_VALID_INCLUDED
403,1600938541749804,6,4035134,0.87141186,0.8859824223106358,"[544.094,203.295,591.95,252.602]",568,227,True,25,982.0,True,1687,1677,975.0,True,0.7149408420229624,True,True,True,0.17806781919767758,True,True,True,True,INCLUDED,,BOTH_VALID_INCLUDED
403,1600938541749804,7,4035124,0.85390431,0.9527577181637512,"[10.082,421.438,94.594,506.969]",52,464,True,18,802.0,True,4066,2989,838.0,True,0.5625037798151185,True,True,True,0.2200971061206096,True,True,True,True,INCLUDED,,BOTH_VALID_INCLUDED
403,1600938541749804,8,4035126,0.76644099,0.8768471413166447,"[4.425,302.303,79.36,384.945]",41,343,True,25,849.0,True,2713,1614,862.0,True,0.4380909313583417,True,True,True,0.1869938008326278,True,True,True,True,INCLUDED,,BOTH_VALID_INCLUDED
403,1600938541749804,9,4035148,0.45603135,0.6479852607452917,"[557.372,120.86,580.54,143.328]",568,132,True,25,997.0,True,258,231,994.0,True,0.4956404541462035,True,True,True,0.15403347364341302,True,True,True,True,INCLUDED,,BOTH_VALID_INCLUDED
403,1600938541816571,0,4035125,0.92160034,0.9273384268196209,"[0.0,612.798,76.619,704.589]",38,658,True,25,833.0,True,5874,5838,835.0,True,0.8352132231940296,True,True,True,0.2368359566234755,True,True,True,True,INCLUDED,,BOTH_VALID_INCLUDED
403,1600938541816571,1,4035146,0.91152829,0.9342825679755251,"[606.004,492.544,702.88,590.158]",654,541,True,25,890.0,True,6764,6467,909.0,True,0.7152786972027678,True,True,True,0.2435886699396438,True,True,True,True,INCLUDED,,BOTH_VALID_INCLUDED
403,1600938541816571,2,4035143,0.90731186,0.8310577662337658,"[522.192,343.917,594.512,414.704]",558,379,True,25,953.0,True,4544,4519,948.0,True,0.8876186080364992,True,True,True,0.23387947651576602,True,True,True,True,INCLUDED,,BOTH_VALID_INCLUDED
403,1600938541816571,3,4035137,0.88122702,0.8767602143294564,"[502.222,274.14,563.267,344.502]",532,309,True,25,951.0,True,3337,2892,948.0,True,0.7769050296275177,True,True,True,0.21138039351396434,True,True,True,True,INCLUDED,,BOTH_VALID_INCLUDED
403,1600938541816571,4,4035128,0.88113815,0.9582600818713698,"[128.772,537.226,219.686,630.855]",174,584,True,16,872.0,True,5370,4154,850.0,True,0.6308602077586944,True,True,True,0.340117181439157,True,True,True,True,INCLUDED,,BOTH_VALID_INCLUDED
403,1600938541816571,5,4035140,0.8679266,0.9344296479149046,"[612.52,440.784,691.764,500.313]",652,470,True,25,936.0,True,3486,3405,946.0,True,0.7389795264590193,True,True,True,0.22845194184843326,True,True,True,True,INCLUDED,,BOTH_VALID_INCLUDED
403,1600938541816571,6,4035124,0.86646479,0.9679469952982965,"[0.335,424.136,81.11,507.887]",40,466,True,25,857.0,True,4885,4012,832.0,True,0.7221004241320036,True,True,True,0.21569989091905303,True,True,True,True,INCLUDED,,BOTH_VALID_INCLUDED
403,1600938541816571,7,4035134,0.85606813,0.9417768236079249,"[534.312,202.47,580.933,250.73]",557,226,True,25,966.0,True,1686,1652,976.0,True,0.7493568265024634,True,True,True,0.17914481722133943,True,True,True,True,INCLUDED,,BOTH_VALID_INCLUDED
403,1600938541816571,10,4035148,0.54402602,0.7964942389899524,"[545.452,119.1,570.242,142.493]",557,130,True,25,1014.0,True,331,309,1017.0,True,0.5707757931123648,True,True,True,0.15472954744592524,True,True,True,True,INCLUDED,,BOTH_VALID_INCLUDED
403,1600938541816571,11,4035126,0.49622133,0.897529758965145,"[0.151,303.686,71.763,377.432]",35,340,True,4,765.0,True,2158,1161,871.0,True,0.4086271026286272,True,True,True,0.1847701881826405,True,True,True,True,INCLUDED,,BOTH_VALID_INCLUDED
403,1600938541883340,0,4035137,0.90639198,0.8933802778110294,"[488.134,274.999,549.945,344.782]",519,309,True,25,935.0,True,3311,2886,945.0,True,0.7676155695021297,True,True,True,0.21439764191321475,True,True,True,True,INCLUDED,,BOTH_VALID_INCLUDED
403,1600938541883340,1,4035125,0.89926332,0.9314534347826086,"[0.0,614.617,62.946,703.107]",31,658,True,25,811.0,True,4523,4385,829.0,True,0.8120153802714704,True,True,True,0.23306327733882354,True,True,True,True,INCLUDED,,BOTH_VALID_INCLUDED
403,1600938541883340,2,4035146,0.89360046,0.94836108716409,"[592.858,493.551,688.501,592.003]",640,542,True,25,891.0,True,6709,6425,910.0,True,0.7124921090463472,True,True,True,0.2518632241591709,True,True,True,True,INCLUDED,,BOTH_VALID_INCLUDED
403,1600938541883340,3,4035143,0.88957614,0.8238581913541952,"[506.149,346.379,579.978,417.07]",543,381,True,25,929.0,True,4478,4296,941.0,True,0.8580112415448751,True,True,True,0.24005395083973413,True,True,True,True,INCLUDED,,BOTH_VALID_INCLUDED
403,1600938541883340,4,4035128,0.87171966,0.9590146769955914,"[115.471,537.47,205.0,631.794]",160,584,True,18,866.0,True,5196,3748,864.0,True,0.6152947353508142,True,True,True,0.3254195504038678,True,True,True,True,INCLUDED,,BOTH_VALID_INCLUDED
403,1600938541883340,5,4035140,0.86901778,0.9513387131080037,"[600.312,442.325,677.451,500.883]",638,471,True,25,926.0,True,3462,3359,945.0,True,0.7664199900759371,True,True,True,0.23486350197056421,True,True,True,True,INCLUDED,,BOTH_VALID_INCLUDED
403,1600938541883340,6,4035134,0.86767435,0.9219471081036241,"[520.436,203.262,567.428,252.515]",543,227,True,25,976.0,True,1677,1659,975.0,True,0.724563487180811,True,True,True,0.1813912005218881,True,True,True,True,INCLUDED,,BOTH_VALID_INCLUDED
403,1600938541883340,7,4035124,0.84847742,0.9398363278103298,"[0.0,434.486,67.89,508.72]",33,471,True,25,832.0,True,3848,3460,832.0,True,0.7635305036170607,True,True,True,0.2141449996469889,True,True,True,True,INCLUDED,,BOTH_VALID_INCLUDED
403,1600938541883340,8,4035126,0.72501862,0.7183719185126468,"[0.0,303.824,51.774,336.656]",25,320,True,25,837.0,True,1343,868,830.0,True,0.7900725156439772,True,True,True,0.17778744653329953,True,True,True,True,INCLUDED,,BOTH_VALID_INCLUDED
403,1600938541883340,10,4035148,0.60441488,0.581416579675188,"[532.474,120.592,556.978,144.597]",544,132,True,25,1005.0,True,240,238,1003.0,True,0.4080116348597811,True,True,True,0.1562536087784232,True,True,True,True,INCLUDED,,BOTH_VALID_INCLUDED
403,1600938541950112,0,4035137,0.89357692,0.874913171352524,"[475.581,274.604,537.555,343.638]",506,309,True,25,940.0,True,3314,2869,952.0,True,0.7746043616130699,True,True,True,0.21650259398140484,True,True,True,True,INCLUDED,,BOTH_VALID_INCLUDED
403,1600938541950112,1,4035146,0.8834039,0.9528520765590363,"[580.364,493.665,674.944,590.36]",627,542,True,25,892.0,True,6697,6467,916.0,True,0.732279660499973,True,True,True,0.25972225474507704,True,True,True,True,INCLUDED,,BOTH_VALID_INCLUDED
403,1600938541950112,2,4035140,0.87799615,0.9554074138533248,"[589.634,442.416,665.138,499.86]",627,471,True,25,948.0,True,3409,3328,950.0,True,0.7859815791334862,True,True,True,0.24024426852939892,True,True,True,True,INCLUDED,,BOTH_VALID_INCLUDED
403,1600938541950112,3,4035128,0.87768698,0.9586625889614723,"[102.245,536.489,190.816,630.379]",146,583,True,25,842.0,True,5080,3647,851.0,True,0.6108756655067994,True,True,True,0.311684839279687,True,True,True,True,INCLUDED,,BOTH_VALID_INCLUDED
403,1600938541950112,4,4035143,0.87177086,0.8032415354299636,"[494.323,346.06,566.102,416.081]",530,381,True,25,987.0,True,4441,4338,963.0,True,0.8835986847665609,True,True,True,0.24398233018167148,True,True,True,True,INCLUDED,,BOTH_VALID_INCLUDED
403,1600938541950112,5,4035134,0.8667658,0.8882444541207559,"[507.852,202.53,554.971,251.94]",531,227,True,25,976.0,True,1673,1643,975.0,True,0.7185963751928518,True,True,True,0.1828348566038011,True,True,True,True,INCLUDED,,BOTH_VALID_INCLUDED
403,1600938541950112,6,4035125,0.85913402,0.8671459553152264,"[0.119,618.812,48.28,701.139]",24,659,True,25,825.0,True,3253,3234,833.0,True,0.8204389637135374,True,True,True,0.22915066449189556,True,True,True,True,INCLUDED,,BOTH_VALID_INCLUDED
403,1600938541950112,7,4035124,0.83910793,0.9479309351351355,"[0.0,436.616,54.009,508.05]",27,472,True,25,844.0,True,2839,2705,861.0,True,0.7358584593966827,True,True,True,0.21149489186733608,True,True,True,True,INCLUDED,,BOTH_VALID_INCLUDED
403,1600938541950112,8,4035151,0.73780441,0.5401217822338837,"[668.982,639.715,718.089,727.75]",693,683,True,25,901.0,True,2657,2402,915.0,True,0.6146003205366194,True,True,True,0.2291526431119262,True,True,True,True,INCLUDED,,BOTH_VALID_INCLUDED
403,1600938541950112,10,4035126,0.53519261,0.8285679234005716,"[0.268,302.764,38.205,334.89]",19,318,True,25,859.0,True,848,763,857.0,True,0.6957868437705875,True,True,True,0.17597432048665967,True,True,True,True,INCLUDED,,BOTH_VALID_INCLUDED
403,1600938541950112,11,4035148,0.32206866,0.5555722398561797,"[521.445,120.155,544.721,142.807]",533,131,True,25,1008.0,True,226,204,1007.0,True,0.4286408304531462,True,True,True,0.1569445164571926,True,True,True,True,INCLUDED,,BOTH_VALID_INCLUDED
403,1600938542016887,0,4035128,0.89027435,0.9679845460959622,"[89.016,536.794,180.231,631.557]",134,584,True,25,829.0,True,4949,3682,838.0,True,0.5725486436977724,True,True,True,0.3010349898158197,True,True,True,True,INCLUDED,,BOTH_VALID_INCLUDED
403,1600938542016887,1,4035146,0.88740277,0.9560846684983051,"[567.558,492.717,661.419,588.955]",614,540,True,25,899.0,True,6590,6246,918.0,True,0.7295476262106757,True,True,True,0.2680058718984354,True,True,True,True,INCLUDED,,BOTH_VALID_INCLUDED
403,1600938542016887,2,4035143,0.88685638,0.8221370564435563,"[483.827,345.583,555.604,414.376]",519,379,True,16,941.0,True,4405,4299,952.0,True,0.8921057963327398,True,True,True,0.24681899150580075,True,True,True,True,INCLUDED,,BOTH_VALID_INCLUDED
403,1600938542016887,3,4035137,0.88488799,0.9210017939246661,"[462.772,273.586,526.753,343.88]",494,308,True,25,949.0,True,3303,2667,943.0,True,0.7344112027076852,True,True,True,0.21851744989670505,True,True,True,True,INCLUDED,,BOTH_VALID_INCLUDED
403,1600938542016887,4,4035134,0.87998807,0.9253739905007186,"[495.151,202.616,541.808,251.533]",518,227,True,25,966.0,True,1655,1618,969.0,True,0.7251391828971068,True,True,True,0.18440211184386288,True,True,True,True,INCLUDED,,BOTH_VALID_INCLUDED
403,1600938542016887,5,4035140,0.85990208,0.9375095532540203,"[575.629,441.521,652.003,499.397]",613,470,True,25,960.0,True,3360,3224,948.0,True,0.7601428810167732,True,True,True,0.24677208099830814,True,True,True,True,INCLUDED,,BOTH_VALID_INCLUDED
403,1600938542016887,6,4035125,0.81108582,0.8217167614188249,"[0.0,619.965,34.533,694.023]",17,656,True,25,834.0,True,2055,2021,831.0,True,0.8035363689557852,True,True,True,0.22565490765134003,True,True,True,True,INCLUDED,,BOTH_VALID_INCLUDED
403,1600938542016887,7,4035124,0.81035697,0.7978946356913009,"[0.0,445.442,44.691,501.54]",22,473,True,25,846.0,True,1871,1749,860.0,True,0.7462877912170021,True,True,True,0.209873205995498,True,True,True,True,INCLUDED,,BOTH_VALID_INCLUDED
403,1600938542016887,10,4035126,0.37753195,0.6368002732407522,"[0.806,305.43,33.774,336.011]",17,320,True,25,842.0,True,482,475,842.0,True,0.47808239777501293,True,True,True,0.1759354212012764,True,True,True,True,INCLUDED,,BOTH_VALID_INCLUDED
403,1600938542016887,12,4035148,0.34032267,0.8545317323168564,"[509.434,119.15,531.387,139.604]",520,129,True,25,989.0,True,304,263,985.0,True,0.6770199316137735,True,True,True,0.1574241697447033,True,True,True,True,INCLUDED,,BOTH_VALID_INCLUDED
403,1600938542083666,0,4035146,0.89808136,0.965638199253116,"[553.608,492.92,646.403,588.601]",600,540,True,25,903.0,True,6540,6187,914.0,True,0.7365927951586977,True,True,True,0.2779989943990784,True,True,True,True,INCLUDED,,BOTH_VALID_INCLUDED
403,1600938542083666,1,4035128,0.88891506,0.9442630099457164,"[75.516,537.578,166.672,631.49]",121,584,True,25,835.0,True,4847,3745,862.0,True,0.5661958350781088,True,True,True,0.2896366477097167,True,True,True,True,INCLUDED,,BOTH_VALID_INCLUDED
403,1600938542083666,2,4035143,0.88718748,0.9040829976383272,"[466.943,344.236,542.332,415.326]",504,379,True,25,934.0,True,4398,4158,945.0,True,0.8206136338656055,True,True,True,0.25143663460931565,True,True,True,True,INCLUDED,,BOTH_VALID_INCLUDED
403,1600938542083666,3,4035137,0.88274693,0.9134910814561676,"[449.73,274.649,512.409,344.244]",481,309,True,20,957.0,True,3284,2826,946.0,True,0.752840631440678,True,True,True,0.221225423320162,True,True,True,True,INCLUDED,,BOTH_VALID_INCLUDED
403,1600938542083666,4,4035134,0.85817254,0.8591199336484685,"[481.519,202.48,529.984,252.051]",505,227,True,25,971.0,True,1662,1546,971.0,True,0.6917913419204239,True,True,True,0.18597257868469574,True,True,True,True,INCLUDED,,BOTH_VALID_INCLUDED
403,1600938542083666,5,4035140,0.84878927,0.8943412203943811,"[566.112,441.915,639.383,500.116]",602,471,True,25,964.0,True,3343,3210,948.0,True,0.7839237299981409,True,True,True,0.2526696136602873,True,True,True,True,INCLUDED,,BOTH_VALID_INCLUDED
403,1600938542083666,6,4035124,0.76836437,0.5526420105813411,"[0.0,451.344,28.884,499.895]",14,475,True,25,883.0,True,1127,1122,883.0,True,0.8036526854574328,True,True,True,0.20718372128110654,True,True,True,True,INCLUDED,,BOTH_VALID_INCLUDED
403,1600938542083666,7,4035151,0.74972105,0.5111069639824846,"[642.262,640.347,693.648,724.61]",667,682,True,25,909.0,True,2321,2208,925.0,True,0.5360353248322949,True,True,True,0.24338546364261746,True,True,True,True,INCLUDED,,BOTH_VALID_INCLUDED
403,1600938542083666,8,4035125,0.65819311,0.6922233037924306,"[0.0,625.186,20.32,678.558]",10,651,True,25,816.0,True,979,979,824.0,True,0.9027042992255818,True,True,True,0.22220178793109727,True,True,True,True,INCLUDED,,BOTH_VALID_INCLUDED
403,1600938542083666,10,4035148,0.52612376,0.8871538791101291,"[496.741,119.85,519.711,141.051]",508,130,True,25,994.0,True,341,260,989.0,True,0.7002240737570447,True,True,True,0.15856129501732696,True,True,True,True,INCLUDED,,BOTH_VALID_INCLUDED
403,1600938542083666,11,4035153,0.52477455,0.8419085285189273,"[679.974,1097.904,719.301,1159.984]",699,1128,True,25,706.0,True,1289,1193,727.0,True,0.5279713918639886,True,True,True,0.1438162476290817,True,True,True,True,INCLUDED,,BOTH_VALID_INCLUDED
403,1600938542150446,0,4035143,0.8991363,0.8175520381390764,"[456.986,345.898,529.154,414.809]",493,380,True,25,958.0,True,4397,4182,956.0,True,0.8841444876619041,True,True,True,0.25525828539672357,True,True,True,True,INCLUDED,,BOTH_VALID_INCLUDED
403,1600938542150446,1,4035146,0.8970474,0.9844808299211465,"[540.002,493.235,632.037,588.179]",586,540,True,25,911.0,True,6573,6108,915.0,True,0.7522169078530645,True,True,True,0.28829392969062245,True,True,True,True,INCLUDED,,BOTH_VALID_INCLUDED
403,1600938542150446,2,4035137,0.89188147,0.9217887287507176,"[436.74,274.027,500.146,343.733]",468,308,True,22,922.5,True,3271,2694,945.0,True,0.7400823139324298,True,True,True,0.22300247628259356,True,True,True,True,INCLUDED,,BOTH_VALID_INCLUDED
403,1600938542150446,3,4035140,0.88633233,0.91918920452999,"[553.731,441.493,625.563,499.568]",589,470,True,25,948.0,True,3291,3015,952.0,True,0.7888977279313952,True,True,True,0.25946537698152605,True,True,True,True,INCLUDED,,BOTH_VALID_INCLUDED
403,1600938542150446,4,4035128,0.88584787,0.9602256164440266,"[60.465,536.951,151.829,630.504]",106,583,True,25,855.0,True,4703,3531,854.0,True,0.5502273258288416,True,True,True,0.27776599700944277,True,True,True,True,INCLUDED,,BOTH_VALID_INCLUDED
403,1600938542150446,5,4035134,0.85002148,0.8780459498929878,"[471.189,202.341,518.438,251.428]",494,226,True,25,969.0,True,1658,1642,968.0,True,0.714867271376284,True,True,True,0.18707106734234502,True,True,True,True,INCLUDED,,BOTH_VALID_INCLUDED
403,1600938542150446,6,4035151,0.74814045,0.5247438246226668,"[631.499,639.318,678.809,726.167]",655,682,True,25,902.0,True,2225,2103,923.0,True,0.5415171869316774,True,True,True,0.2511093991928598,True,True,True,True,INCLUDED,,BOTH_VALID_INCLUDED
403,1600938542150446,9,4035148,0.4482711,0.8616470976484386,"[484.182,118.752,507.054,140.977]",495,129,True,25,994.0,True,373,292,988.0,True,0.7337750147443542,True,True,True,0.15927254698122081,True,True,True,True,INCLUDED,,BOTH_VALID_INCLUDED
403,1600938542150446,10,4035153,0.43876687,0.6971070601618182,"[665.278,1084.44,719.856,1166.865]",692,1125,True,25,744.0,True,1716,1459,748.0,True,0.38145271531813774,True,True,True,0.1452205417605212,True,True,True,True,INCLUDED,,BOTH_VALID_INCLUDED
403,1600938542217230,0,4035137,0.91052544,0.9109382728906179,"[424.056,274.213,486.787,343.822]",455,309,True,25,949.0,True,3264,2683,956.0,True,0.7474851078243114,True,True,True,0.22499066571872411,True,True,True,True,INCLUDED,,BOTH_VALID_INCLUDED
403,1600938542217230,1,4035146,0.89320004,0.9689101240887134,"[527.42,492.175,618.723,587.987]",573,540,True,25,908.0,True,6546,5929,914.0,True,0.7482919057542566,True,True,True,0.2982079148957446,True,True,True,True,INCLUDED,,BOTH_VALID_INCLUDED
403,1600938542217230,2,4035128,0.88702577,0.9464197157906974,"[46.541,537.613,135.987,630.905]",91,584,True,25,866.0,True,4587,3276,873.0,True,0.5496970581284326,True,True,True,0.26705407201604636,True,True,True,True,INCLUDED,,BOTH_VALID_INCLUDED
403,1600938542217230,3,4035143,0.8850016,0.8207884480431852,"[445.853,345.636,516.349,414.656]",481,380,True,25,955.0,True,4360,4186,948.0,True,0.8960805666201864,True,True,True,0.2586069533828097,True,True,True,True,INCLUDED,,BOTH_VALID_INCLUDED
403,1600938542217230,4,4035140,0.8799091,0.8383343260022126,"[542.076,441.352,616.085,501.234]",579,471,True,25,934.0,True,3290,3073,938.0,True,0.742360857777961,True,True,True,0.26559651002018014,True,True,True,True,INCLUDED,,BOTH_VALID_INCLUDED
403,1600938542217230,5,4035134,0.87275755,0.9278554028092233,"[456.942,202.631,503.555,251.243]",480,226,True,25,974.0,True,1644,1606,974.0,True,0.725523140976301,True,True,True,0.18860447400648322,True,True,True,True,INCLUDED,,BOTH_VALID_INCLUDED
403,1600938542217230,6,4035153,0.76786703,0.5036252439468122,"[650.071,1069.344,719.598,1168.043]",684,1118,True,20,716.0,True,1778,1204,704.0,True,0.2590988668221737,True,True,True,0.14738343400160653,True,True,True,True,INCLUDED,,BOTH_VALID_INCLUDED
403,1600938542217230,7,4035151,0.74393141,0.5711801668484963,"[614.359,639.301,666.18,728.054]",640,683,True,25,908.0,True,2104,1891,929.0,True,0.45746398015862466,True,True,True,0.26065257252853136,True,True,True,True,INCLUDED,,BOTH_VALID_INCLUDED
403,1600938542217230,8,4035148,0.46736759,0.7939945056065993,"[472.287,118.886,496.267,140.326]",484,129,True,25,1003.0,True,313,262,1003.0,True,0.6087940198921983,True,True,True,0.1599216014749127,True,True,True,True,INCLUDED,,BOTH_VALID_INCLUDED
403,1600938542217230,11,4035124,0.31398234,0.7745401633177941,"[11.469,449.24,30.345,472.381]",20,460,True,25,901.0,True,170,170,905.0,True,0.38918566050653597,True,True,True,0.20681369486747136,True,True,True,True,INCLUDED,,BOTH_VALID_INCLUDED
403,1600938542284016,0,4035137,0.90122193,0.9001929285916916,"[410.032,275.293,472.345,344.065]",441,309,True,25,969.0,True,3249,2626,965.0,True,0.758157431638498,True,True,True,0.22719412630507257,True,True,True,True,INCLUDED,,BOTH_VALID_INCLUDED
403,1600938542284016,1,4035146,0.88667136,0.9238848334997607,"[516.14,493.331,606.69,590.189]",561,541,True,25,914.0,True,6524,5988,923.0,True,0.7438579357219403,True,True,True,0.3085503774474915,True,True,True,True,INCLUDED,,BOTH_VALID_INCLUDED
403,1600938542284016,2,4035140,0.87956607,0.8234729311149419,"[528.273,441.641,604.238,501.301]",566,471,True,25,924.0,True,3244,2877,937.0,True,0.7157874084036487,True,True,True,0.2729615691961055,True,True,True,True,INCLUDED,,BOTH_VALID_INCLUDED
403,1600938542284016,3,4035128,0.87810826,0.9302953592581263,"[34.718,537.316,121.081,630.378]",77,583,True,20,846.0,True,4498,3207,847.0,True,0.5596536613103794,True,True,True,0.25797468935224516,True,True,True,True,INCLUDED,,BOTH_VALID_INCLUDED
403,1600938542284016,4,4035143,0.87631446,0.7952632380229421,"[431.818,346.541,500.867,414.816]",466,380,True,24,941.0,True,4333,3864,940.0,True,0.9191144350448512,True,True,True,0.26296476172836497,True,True,True,True,INCLUDED,,BOTH_VALID_INCLUDED
403,1600938542284016,5,4035134,0.86499435,0.8825479572646671,"[443.366,203.386,489.853,252.066]",466,227,True,25,979.0,True,1642,1522,979.0,True,0.7255896228770466,True,True,True,0.19017372822282003,True,True,True,True,INCLUDED,,BOTH_VALID_INCLUDED
403,1600938542284016,6,4035151,0.73493755,0.6095966457742985,"[600.136,638.934,650.042,725.386]",625,682,True,25,905.0,True,1956,1749,930.0,True,0.4533577491111499,True,True,True,0.27142887056667464,True,True,True,True,INCLUDED,,BOTH_VALID_INCLUDED
403,1600938542284016,8,4035148,0.38676095,0.9233830349235074,"[459.007,119.246,482.972,140.94]",470,130,True,25,989.0,True,362,284,987.0,True,0.6962921538780277,True,True,True,0.16081137800702477,True,True,True,True,INCLUDED,,BOTH_VALID_INCLUDED
403,1600938542350805,0,4035146,0.89660859,0.9660474299256878,"[502.001,492.375,592.433,588.104]",547,540,True,25,913.0,True,6577,6076,918.0,True,0.7597350866846433,True,True,True,0.32037152575559635,True,True,True,True,INCLUDED,,BOTH_VALID_INCLUDED
403,1600938542350805,1,4035137,0.89465678,0.914278436190661,"[398.634,274.547,460.617,343.553]",429,309,True,25,956.0,True,3247,2702,957.0,True,0.7591416900248161,True,True,True,0.2282090912812106,True,True,True,True,INCLUDED,,BOTH_VALID_INCLUDED
403,1600938542350805,2,4035134,0.87726998,0.8816554077267774,"[431.629,202.91,478.715,250.855]",455,226,True,25,981.0,True,1643,1577,982.0,True,0.727783897103105,True,True,True,0.19086212698813873,True,True,True,True,INCLUDED,,BOTH_VALID_INCLUDED
403,1600938542350805,3,4035128,0.87403101,0.8793973423931711,"[19.942,539.428,105.784,631.155]",62,585,True,25,814.0,True,4396,2995,834.0,True,0.5582910508951643,True,True,True,0.24867490093823985,True,True,True,True,INCLUDED,,BOTH_VALID_INCLUDED
403,1600938542350805,4,4035143,0.86989808,0.8134863449730094,"[419.132,343.471,489.313,412.184]",454,377,True,25,956.0,True,4343,4059,948.0,True,0.9005988064044879,True,True,True,0.2641380969241975,True,True,True,True,INCLUDED,,BOTH_VALID_INCLUDED
403,1600938542350805,5,4035140,0.85776252,0.9193605974993976,"[516.443,440.588,589.55,500.332]",552,470,True,25,954.0,True,3249,2904,945.0,True,0.7438689864806908,True,True,True,0.28019992613032474,True,True,True,True,INCLUDED,,BOTH_VALID_INCLUDED
403,1600938542350805,7,4035124,0.37620497,0.8067050781956808,"[0.0,449.078,14.072,470.946]",7,460,True,21,1478.0,True,161,151,1438.0,True,0.523191867105261,True,True,True,0.201529167204751,True,True,True,True,INCLUDED,,BOTH_VALID_INCLUDED
403,1600938542417597,0,4035146,0.89279091,0.9348802810763647,"[486.488,492.639,579.579,588.699]",533,540,True,25,899.0,True,6495,6030,914.0,True,0.7263214623912667,True,True,True,0.33387028886810927,True,True,True,True,INCLUDED,,BOTH_VALID_INCLUDED
403,1600938542417597,1,4035137,0.88319451,0.9348858309238867,"[384.94,274.313,447.48,343.504]",416,308,True,25,941.0,True,3249,2620,941.0,True,0.7508310548919336,True,True,True,0.22944776588022092,True,True,True,True,INCLUDED,,BOTH_VALID_INCLUDED
403,1600938542417597,2,4035143,0.87792367,0.8543987878787878,"[402.836,343.971,476.364,413.761]",439,378,True,25,942.0,True,4294,3956,942.0,True,0.8367892430263421,True,True,True,0.2680989817853788,True,True,True,True,INCLUDED,,BOTH_VALID_INCLUDED
403,1600938542417597,3,4035140,0.8766163,0.9557160571581668,"[503.606,441.047,577.463,499.751]",540,470,True,25,950.0,True,3193,2776,952.0,True,0.736443716586191,True,True,True,0.28760105933776786,True,True,True,True,INCLUDED,,BOTH_VALID_INCLUDED
403,1600938542417597,4,4035134,0.86659837,0.8922334932735482,"[418.388,202.847,464.386,251.459]",441,227,True,25,959.0,True,1637,1612,965.0,True,0.7320929780299793,True,True,True,0.1920149833929462,True,True,True,True,INCLUDED,,BOTH_VALID_INCLUDED
403,1600938542417597,5,4035128,0.85252976,0.8935186478718276,"[7.469,539.753,91.856,630.702]",49,585,False,0,,True,4209,2716,844.0,True,0.5484101065078059,False,True,True,0.24088611888066136,True,False,False,True,INVALID_BBOX_CENTER_DEPTH,INVALID_BBOX_CENTER_DEPTH,A_BBOX_INVALID_MASK_VALID
403,1600938542417597,6,4035151,0.64946115,0.5137100018153765,"[580.152,641.311,622.09,729.105]",601,685,True,25,897.0,True,1781,1533,953.0,True,0.48371701884961216,True,True,True,0.28958442376590154,True,True,True,True,INCLUDED,,BOTH_VALID_INCLUDED
403,1600938542417597,7,4035148,0.58327335,0.6961024272536845,"[433.26,118.684,458.562,141.338]",445,130,True,25,1011.0,True,290,267,1010.0,True,0.5059391075277406,True,True,True,0.162028725102763,True,True,True,True,INCLUDED,,BOTH_VALID_INCLUDED
403,1600938542484392,0,4035146,0.90328449,0.9465131708914317,"[474.154,491.789,565.223,588.775]",519,540,True,25,883.0,True,6505,6266,912.0,True,0.7364914086900434,True,True,True,0.3469017885250287,True,True,True,True,INCLUDED,,BOTH_VALID_INCLUDED
403,1600938542484392,1,4035137,0.89641315,0.9394998915114254,"[371.719,274.482,434.863,343.82]",403,309,True,22,920.0,True,3272,2361,949.0,True,0.7473256604073925,True,True,True,0.23059047634463387,True,True,True,True,INCLUDED,,BOTH_VALID_INCLUDED
403,1600938542484392,2,4035143,0.8957026,0.8386649318378525,"[392.796,345.029,464.473,414.342]",428,379,True,25,948.0,True,4256,4052,946.0,True,0.8566572664117633,True,True,True,0.2708481470127101,True,True,True,True,INCLUDED,,BOTH_VALID_INCLUDED
403,1600938542484392,3,4035140,0.88658935,0.8943975726587244,"[491.908,441.435,559.638,498.967]",525,470,True,25,920.0,True,3170,2869,934.0,True,0.8135209000807557,True,True,True,0.2964699500616141,True,True,True,True,INCLUDED,,BOTH_VALID_INCLUDED
403,1600938542484392,4,4035134,0.86109304,0.8811798225535087,"[407.133,202.155,452.859,251.722]",429,226,True,25,980.0,True,1627,1568,984.0,True,0.7178466971729186,True,True,True,0.19269672942442057,True,True,True,True,INCLUDED,,BOTH_VALID_INCLUDED
403,1600938542484392,5,4035128,0.84179884,0.960457607820051,"[0.0,538.837,76.724,630.021]",38,584,True,23,833.0,True,3742,2981,820.0,True,0.5348769796440243,True,True,True,0.2345197400638919,True,True,True,True,INCLUDED,,BOTH_VALID_INCLUDED
403,1600938542484392,6,4035151,0.65689838,0.8072274922092578,"[556.809,637.905,610.926,727.603]",583,682,True,25,894.0,True,1595,1353,941.0,True,0.32858233721661295,True,True,True,0.3049584751567763,True,True,True,True,INCLUDED,,BOTH_VALID_INCLUDED
403,1600938542484392,7,4035148,0.30110681,0.7254412928561608,"[423.289,118.766,447.658,139.92]",435,129,True,25,1002.0,True,287,248,1002.0,True,0.5567390560513745,True,True,True,0.16228385487343092,True,True,True,True,INCLUDED,,BOTH_VALID_INCLUDED
403,1600938542551189,0,4035146,0.91017967,0.945636771223397,"[461.584,491.591,551.891,589.486]",506,540,True,25,907.0,True,6448,6225,917.0,True,0.7293619498622563,True,True,True,0.3606599052516659,True,True,True,True,INCLUDED,,BOTH_VALID_INCLUDED
403,1600938542551189,1,4035137,0.90208095,0.9565500006483074,"[359.18,273.217,422.785,343.317]",390,308,True,25,931.0,True,3271,2594,942.0,True,0.7336201800946704,True,True,True,0.23085268699104733,True,True,True,True,INCLUDED,,BOTH_VALID_INCLUDED
403,1600938542551189,2,4035143,0.89718676,0.8637257833948246,"[378.035,343.033,451.208,412.451]",414,377,True,25,957.0,True,4254,3876,956.0,True,0.8374801604464098,True,True,True,0.2718235326425971,True,True,True,True,INCLUDED,,BOTH_VALID_INCLUDED
403,1600938542551189,3,4035134,0.8876676,0.9030042108548266,"[392.847,201.636,439.185,249.719]",416,225,True,25,946.0,True,1641,1596,963.0,True,0.7365118511664172,True,True,True,0.19301590964846602,True,True,True,True,INCLUDED,,BOTH_VALID_INCLUDED
403,1600938542551189,4,4035140,0.87972349,0.9217997708122524,"[480.336,440.594,551.27,499.531]",515,470,True,25,940.0,True,3166,2732,941.0,True,0.7573008324679874,True,True,True,0.30252604084184387,True,True,True,True,INCLUDED,,BOTH_VALID_INCLUDED
403,1600938542551189,5,4035128,0.82137424,0.789157116941634,"[0.0,563.316,61.117,630.341]",30,596,True,25,849.0,True,2719,2577,848.0,True,0.6637588989907199,True,True,True,0.2313432361456242,True,True,True,True,INCLUDED,,BOTH_VALID_INCLUDED
403,1600938542551189,6,4035151,0.43471137,0.7011853799830301,"[552.061,638.558,595.805,728.634]",573,683,True,25,915.0,True,1391,1200,945.0,True,0.3530201904119142,True,True,True,0.3141395262513882,True,True,True,True,INCLUDED,,BOTH_VALID_INCLUDED
403,1600938542551189,7,4035148,0.30032998,0.6588667284849063,"[410.127,117.729,433.657,138.628]",421,128,True,25,995.0,True,240,215,994.0,True,0.48804942850733807,True,True,True,0.16245632321452988,True,True,True,True,INCLUDED,,BOTH_VALID_INCLUDED
403,1600938542617959,0,4035137,0.90852898,0.9286623826373146,"[345.889,273.784,408.565,343.566]",377,308,True,25,975.0,True,3268,2674,971.0,True,0.7472008607373459,True,True,True,0.2316034215770263,True,True,True,True,INCLUDED,,BOTH_VALID_INCLUDED
403,1600938542617959,1,4035146,0.90708238,0.9469554553077463,"[447.446,491.839,538.638,589.668]",493,540,True,25,912.0,True,6427,5928,918.0,True,0.7204169876021407,True,True,True,0.3759652176373831,True,True,True,True,INCLUDED,,BOTH_VALID_INCLUDED
403,1600938542617959,2,4035143,0.88528347,0.8505492917748918,"[365.394,343.836,436.354,413.057]",400,378,True,25,951.0,True,4226,3776,951.0,True,0.860355653518744,True,True,True,0.2741769162630732,True,True,True,True,INCLUDED,,BOTH_VALID_INCLUDED
403,1600938542617959,3,4035140,0.88121295,0.8898836812134019,"[467.327,441.776,536.732,500.071]",502,470,True,25,945.0,True,3125,2754,943.0,True,0.7723745523000423,True,True,True,0.3117061729733829,True,True,True,True,INCLUDED,,BOTH_VALID_INCLUDED
403,1600938542617959,4,4035134,0.87017995,0.8833029752072294,"[379.198,202.261,426.23,250.584]",402,226,True,25,962.0,True,1640,1588,962.0,True,0.7215999799106558,True,True,True,0.19388209489051664,True,True,True,True,INCLUDED,,BOTH_VALID_INCLUDED
403,1600938542617959,5,4035128,0.73340762,0.9013058131481059,"[0.051,580.31,47.341,629.606]",23,604,True,22,852.0,True,1578,1442,825.0,True,0.6769023220168985,True,True,True,0.22824551278950336,True,True,True,True,INCLUDED,,BOTH_VALID_INCLUDED
403,1600938542617959,7,4035151,0.43057883,0.5831769092463024,"[544.699,638.787,584.697,728.027]",564,683,True,14,850.0,True,1235,986,931.0,True,0.3459944400178319,True,True,True,0.32336328387601476,True,True,True,True,INCLUDED,,BOTH_VALID_INCLUDED
403,1600938542617959,8,4035148,0.39459184,0.696887649224022,"[397.741,118.27,420.197,140.124]",408,129,True,25,1009.0,True,221,201,1007.0,True,0.4503279838552891,True,True,True,0.1630935905652929,True,True,True,True,INCLUDED,,BOTH_VALID_INCLUDED
403,1600938542684620,0,4035137,0.90080309,0.968643876222117,"[333.227,273.709,396.915,343.092]",365,308,True,24,933.0,True,3279,2559,951.0,True,0.7420458348591171,True,True,True,0.23167547108717396,True,True,True,True,INCLUDED,,BOTH_VALID_INCLUDED
403,1600938542684620,1,4035146,0.89609432,0.9586256581550815,"[434.334,491.558,524.449,589.351]",479,540,True,25,914.0,True,6364,6036,913.0,True,0.7221465066878479,True,True,True,0.3914712931797845,True,True,True,True,INCLUDED,,BOTH_VALID_INCLUDED
403,1600938542684620,2,4035134,0.89082682,0.9342624118092508,"[366.447,201.306,412.304,249.995]",389,225,True,25,975.0,True,1638,1613,977.0,True,0.7336305416965837,True,True,True,0.19402801570293013,True,True,True,True,INCLUDED,,BOTH_VALID_INCLUDED
403,1600938542684620,3,4035143,0.8812511,0.8495720720190525,"[353.623,342.287,423.774,411.816]",388,377,True,25,946.0,True,4205,3623,948.0,True,0.8621168842494105,True,True,True,0.2743409280725366,True,True,True,True,INCLUDED,,BOTH_VALID_INCLUDED
403,1600938542684620,4,4035140,0.87778974,0.907875521577113,"[454.558,440.527,524.955,500.402]",489,470,True,25,926.0,True,3130,2787,930.0,True,0.74258241278371,True,True,True,0.3189869274102411,True,True,True,True,INCLUDED,,BOTH_VALID_INCLUDED
403,1600938542684620,5,4035148,0.44994417,0.6781625712310787,"[385.396,118.043,409.335,140.585]",397,129,True,25,1001.0,True,264,253,1006.0,True,0.489221434441054,True,True,True,0.16338503969914225,True,True,True,True,INCLUDED,,BOTH_VALID_INCLUDED
403,1600938542684620,6,4035128,0.43178356,0.8843469557109543,"[0.0,592.325,31.753,628.169]",15,610,True,25,869.0,True,843,775,843.0,True,0.7406727085808428,True,True,True,0.22451359251509567,True,True,True,True,INCLUDED,,BOTH_VALID_INCLUDED
403,1600938542751279,0,4035146,0.90376019,0.9315451016360758,"[421.581,490.917,511.414,589.682]",466,540,True,25,911.0,True,6430,6004,914.0,True,0.724722928435568,True,True,True,0.40669716826911884,True,True,True,True,INCLUDED,,BOTH_VALID_INCLUDED
403,1600938542751279,1,4035137,0.89537644,0.9575638444043021,"[320.63,272.132,384.009,342.575]",352,307,True,25,972.0,True,3279,2762,970.0,True,0.7344431605396948,True,True,True,0.23108822708769453,True,True,True,True,INCLUDED,,BOTH_VALID_INCLUDED
403,1600938542751279,2,4035134,0.89040244,0.9146847804221496,"[354.32,200.668,400.302,249.14]",377,224,True,25,970.0,True,1643,1594,972.0,True,0.7371549171895868,True,True,True,0.19400267549562736,True,True,True,True,INCLUDED,,BOTH_VALID_INCLUDED
403,1600938542751279,3,4035143,0.88452512,0.8433622308364581,"[341.017,342.341,411.19,412.095]",376,377,True,25,933.0,True,4209,3677,941.0,True,0.8598837961495754,True,True,True,0.27527358675201863,True,True,True,True,INCLUDED,,BOTH_VALID_INCLUDED
403,1600938542751279,4,4035140,0.87897688,0.9451423697273693,"[443.105,440.364,516.141,500.474]",479,470,True,25,947.0,True,3082,2612,949.0,True,0.7020190971243561,True,True,True,0.32517489891892637,True,True,True,True,INCLUDED,,BOTH_VALID_INCLUDED
403,1600938542817939,0,4035146,0.90389162,0.9413210087713874,"[407.56,491.114,497.588,589.441]",452,540,True,25,910.0,True,6435,5905,913.0,True,0.7269393195551268,True,True,True,0.4236066132448318,True,True,True,True,INCLUDED,,BOTH_VALID_INCLUDED
403,1600938542817939,1,4035143,0.89601052,0.8499063269392046,"[327.081,342.926,398.456,412.527]",362,377,True,15,962.0,True,4216,3639,948.0,True,0.8486702953394267,True,True,True,0.27602341022694216,True,True,True,True,INCLUDED,,BOTH_VALID_INCLUDED
403,1600938542817939,2,4035137,0.88577479,0.9631913011917665,"[307.203,273.07,371.288,342.433]",339,307,True,25,974.0,True,3277,2542,968.0,True,0.7372116409011588,True,True,True,0.23100231079789763,True,True,True,True,INCLUDED,,BOTH_VALID_INCLUDED
403,1600938542817939,3,4035140,0.8851158,0.9233842049487493,"[431.035,440.459,501.137,498.876]",466,469,True,25,959.0,True,3075,2712,947.0,True,0.750888514658209,True,True,True,0.3325934389079467,True,True,True,True,INCLUDED,,BOTH_VALID_INCLUDED
403,1600938542817939,4,4035134,0.8612656,0.8573859162009676,"[341.72,200.977,389.092,249.478]",365,225,True,25,950.0,True,1645,1544,955.0,True,0.7159677965293101,True,True,True,0.19424727810254125,True,True,True,True,INCLUDED,,BOTH_VALID_INCLUDED
403,1600938542884599,0,4035146,0.91532427,0.9657723217337512,"[395.122,491.161,483.826,589.181]",439,540,True,25,891.0,True,6440,6209,914.0,True,0.7406754754234857,True,True,True,0.4393659047289537,True,True,True,True,INCLUDED,,BOTH_VALID_INCLUDED
403,1600938542884599,1,4035143,0.8990984,0.8633556839318183,"[312.876,342.708,385.908,413.184]",349,377,True,25,917.0,True,4222,3745,941.0,True,0.8202831452972357,True,True,True,0.27603826199559095,True,True,True,True,INCLUDED,,BOTH_VALID_INCLUDED
403,1600938542884599,2,4035140,0.89543313,0.8684140173552046,"[418.327,440.583,486.167,499.554]",452,470,True,24,958.0,True,3037,2925,951.0,True,0.7591375261841216,True,True,True,0.3408837086247549,True,True,True,True,INCLUDED,,BOTH_VALID_INCLUDED
403,1600938542884599,3,4035137,0.8917563,0.9551793999099325,"[293.512,272.075,357.404,342.899]",325,307,True,25,952.0,True,3294,2616,956.0,True,0.727941804030832,True,True,True,0.23025435070149106,True,True,True,True,INCLUDED,,BOTH_VALID_INCLUDED
403,1600938542884599,4,4035134,0.87989771,0.8799481587098269,"[328.007,201.397,374.149,249.512]",351,225,True,25,989.0,True,1645,1603,979.0,True,0.7409501619669759,True,True,True,0.19431001963322228,True,True,True,True,INCLUDED,,BOTH_VALID_INCLUDED
403,1600938542951259,0,4035146,0.90988714,0.9414558006081845,"[379.959,489.823,471.421,587.933]",425,538,True,25,906.0,True,6367,6088,909.0,True,0.709546529648711,True,True,True,0.453339191860699,True,True,True,True,INCLUDED,,BOTH_VALID_INCLUDED
403,1600938542951259,1,4035143,0.89317411,0.8408813911483248,"[301.413,341.67,372.134,411.251]",336,376,True,25,936.0,True,4226,3861,948.0,True,0.8587968319666058,True,True,True,0.2743024950317775,True,True,True,True,INCLUDED,,BOTH_VALID_INCLUDED
403,1600938542951259,2,4035137,0.88958758,0.9540630169558759,"[280.569,271.505,343.992,342.237]",312,306,True,25,949.0,True,3283,2561,961.0,True,0.7318265538628901,True,True,True,0.2290796105300188,True,True,True,True,INCLUDED,,BOTH_VALID_INCLUDED
403,1600938542951259,3,4035134,0.87441593,0.8845035602681525,"[314.411,200.733,360.393,249.369]",337,225,True,25,966.0,True,1656,1644,967.0,True,0.7404822039429009,True,True,True,0.19396238367752872,True,True,True,True,INCLUDED,,BOTH_VALID_INCLUDED
403,1600938542951259,4,4035140,0.8451131,0.9159357366036321,"[406.209,437.293,478.725,499.144]",442,468,True,25,934.0,True,3037,2871,943.0,True,0.6771177927373676,True,True,True,0.3441736368949155,True,True,True,True,INCLUDED,,BOTH_VALID_INCLUDED
403,1600938543017919,0,4035137,0.9042514,0.958987899612906,"[268.316,271.903,331.133,342.464]",299,307,True,25,969.0,True,3303,2542,965.0,True,0.7451893766785219,True,True,True,0.2281903484653454,True,True,True,True,INCLUDED,,BOTH_VALID_INCLUDED
403,1600938543017919,1,4035146,0.89966059,0.9528115964662507,"[368.531,490.182,457.135,587.987]",412,539,True,25,905.0,True,6340,5765,915.0,True,0.7316019797851178,True,True,True,0.4674884755129228,True,True,True,True,INCLUDED,,BOTH_VALID_INCLUDED
403,1600938543017919,2,4035134,0.89237779,0.8815383038801462,"[301.554,200.848,348.375,249.225]",324,225,True,25,961.0,True,1639,1626,961.0,True,0.7236012951089266,True,True,True,0.19363337238237535,True,True,True,True,INCLUDED,,BOTH_VALID_INCLUDED
403,1600938543017919,3,4035143,0.891725,0.8648794668489399,"[287.493,340.487,359.381,410.892]",323,375,True,25,922.0,True,4216,3961,935.0,True,0.8329917461266246,True,True,True,0.27260772684720613,True,True,True,True,INCLUDED,,BOTH_VALID_INCLUDED
403,1600938543017919,4,4035140,0.86630148,0.9051035446719009,"[393.392,438.704,465.71,500.134]",429,469,True,25,941.0,True,3024,2824,944.0,True,0.680698611249228,True,True,True,0.3518461356572783,True,True,True,True,INCLUDED,,BOTH_VALID_INCLUDED
403,1600938543017919,5,4035148,0.35492682,0.8416829902594679,"[324.134,118.444,343.742,138.13]",333,128,True,25,983.0,True,251,231,986.0,True,0.6502538653265905,True,True,True,0.16329829887522465,True,True,True,True,INCLUDED,,BOTH_VALID_INCLUDED
403,1600938543084579,0,4035137,0.90643871,0.9823767132696494,"[254.159,271.719,317.745,342.519]",285,307,True,25,951.0,True,3308,2373,952.0,True,0.7348026899287248,True,True,True,0.22674842355886382,True,True,True,True,INCLUDED,,BOTH_VALID_INCLUDED
403,1600938543084579,1,4035146,0.90480828,0.9315142349495841,"[356.692,491.074,443.977,588.687]",400,539,True,25,906.0,True,6406,6044,918.0,True,0.7518646350047165,True,True,True,0.4809107120934265,True,True,True,True,INCLUDED,,BOTH_VALID_INCLUDED
403,1600938543084579,2,4035143,0.89687383,0.8612024861225106,"[273.55,341.262,346.753,412.624]",310,376,True,15,928.0,True,4226,3621,936.0,True,0.8089722045163679,True,True,True,0.2719324287563028,True,True,True,True,INCLUDED,,BOTH_VALID_INCLUDED
403,1600938543084579,3,4035134,0.89560425,0.8916816708994415,"[287.232,200.879,334.627,248.717]",310,224,True,25,956.0,True,1647,1569,969.0,True,0.7264204420693127,True,True,True,0.1930160484282417,True,True,True,True,INCLUDED,,BOTH_VALID_INCLUDED
403,1600938543084579,4,4035140,0.87016153,0.8355900591985701,"[379.935,440.538,448.955,501.313]",414,470,True,25,946.0,True,2984,2598,948.0,True,0.7113754876551684,True,True,True,0.36019882496582817,True,True,True,True,INCLUDED,,BOTH_VALID_INCLUDED
403,1600938543084579,5,4035148,0.39117059,0.8442353438347054,"[309.589,118.429,329.603,137.827]",319,128,True,9,991.0,True,261,195,992.0,True,0.6722791725965036,True,True,True,0.16300871193594008,True,True,True,True,INCLUDED,,BOTH_VALID_INCLUDED
403,1600938543151239,0,4035146,0.90327632,0.9489232377991393,"[342.117,489.336,429.291,587.898]",385,538,True,25,920.0,True,6399,5948,915.0,True,0.7447587742670848,True,True,True,0.4887808416382617,True,True,True,True,INCLUDED,,BOTH_VALID_INCLUDED
403,1600938543151239,1,4035137,0.90220457,0.9687257477420664,"[241.315,271.342,304.195,341.221]",272,306,True,25,951.0,True,3319,2594,959.0,True,0.7553496598464077,True,True,True,0.22475224268348826,True,True,True,True,INCLUDED,,BOTH_VALID_INCLUDED
403,1600938543151239,2,4035143,0.89465648,0.8559357799736769,"[260.184,341.749,333.067,411.498]",296,376,True,25,944.0,True,4236,3742,953.0,True,0.8332814717580711,True,True,True,0.2696188816647735,True,True,True,True,INCLUDED,,BOTH_VALID_INCLUDED
403,1600938543151239,3,4035134,0.88022071,0.8817036989859653,"[275.281,200.617,321.321,247.765]",298,224,True,25,966.0,True,1652,1652,972.0,True,0.7610469558969417,True,True,True,0.19217405025244738,True,True,True,True,INCLUDED,,BOTH_VALID_INCLUDED
403,1600938543151239,4,4035140,0.87489754,0.8754657673929387,"[368.013,439.742,434.434,498.658]",401,469,True,25,947.0,True,2960,2613,951.0,True,0.7564026605261512,True,True,True,0.3627073773407592,True,True,True,True,INCLUDED,,BOTH_VALID_INCLUDED
403,1600938543217898,0,4035146,0.90141201,0.9665282211246107,"[327.95,488.886,416.218,587.909]",372,538,True,25,905.0,True,6365,5759,910.0,True,0.7282140302388906,True,True,True,0.4942699865422412,True,True,True,True,INCLUDED,,BOTH_VALID_INCLUDED
403,1600938543217898,1,4035143,0.89964747,0.9074427485548153,"[244.928,340.925,320.266,411.89]",282,376,True,25,948.0,True,4230,3689,949.0,True,0.7911923391438218,True,True,True,0.2668644332863337,True,True,True,True,INCLUDED,,BOTH_VALID_INCLUDED
403,1600938543217898,2,4035137,0.89752358,0.9646425027550548,"[227.872,271.866,291.295,341.747]",259,306,True,25,947.0,True,3326,2456,949.0,True,0.7504406532349606,True,True,True,0.22321615995147726,True,True,True,True,INCLUDED,,BOTH_VALID_INCLUDED
403,1600938543217898,3,4035134,0.88543099,0.8530645723864317,"[262.735,200.543,309.07,248.265]",285,224,True,25,965.0,True,1684,1664,966.0,True,0.7615778132158695,True,True,True,0.19151591213448077,True,True,True,True,INCLUDED,,BOTH_VALID_INCLUDED
403,1600938543217898,4,4035140,0.8818748,0.8357004737084902,"[355.956,439.343,420.026,498.75]",387,469,True,25,933.0,True,2931,2860,935.0,True,0.7700580637704711,True,True,True,0.365992166964515,True,True,True,True,INCLUDED,,BOTH_VALID_INCLUDED
403,1600938543284559,0,4035146,0.91451299,0.9536856759600878,"[314.145,490.539,404.902,587.829]",359,539,True,25,923.0,True,6402,5635,919.0,True,0.725048961275458,True,True,True,0.49796549706139054,True,True,True,True,INCLUDED,,BOTH_VALID_INCLUDED
403,1600938543284559,1,4035143,0.8906613,0.8897979199430869,"[232.947,341.319,307.142,411.755]",270,376,True,25,936.0,True,4228,3954,947.0,True,0.8090319159684805,True,True,True,0.2642728904962912,True,True,True,True,INCLUDED,,BOTH_VALID_INCLUDED
403,1600938543284559,2,4035134,0.88504577,0.9066304211401602,"[248.066,200.027,295.059,248.59]",271,224,True,25,979.0,True,1670,1669,976.0,True,0.7317753777408171,True,True,True,0.1904780623678662,True,True,True,True,INCLUDED,,BOTH_VALID_INCLUDED
403,1600938543284559,3,4035137,0.87121093,0.9474766381759598,"[214.586,272.032,278.032,342.255]",246,307,True,25,955.0,True,3322,2475,956.0,True,0.7456173448539507,True,True,True,0.2213676202012784,True,True,True,True,INCLUDED,,BOTH_VALID_INCLUDED
403,1600938543284559,4,4035140,0.83997411,0.8930533078953187,"[343.177,439.705,412.012,499.88]",377,469,True,25,951.0,True,2891,2502,950.0,True,0.6979473714245173,True,True,True,0.36884789860239425,True,True,True,True,INCLUDED,,BOTH_VALID_INCLUDED
403,1600938543351219,0,4035137,0.90403676,0.9735205018528773,"[200.823,270.316,265.507,340.543]",233,305,True,25,964.0,True,3342,2542,964.0,True,0.735707969890624,True,True,True,0.21843353344104816,True,True,True,True,INCLUDED,,BOTH_VALID_INCLUDED
403,1600938543351219,1,4035146,0.90315741,0.9403932033557597,"[299.32,489.029,390.621,588.448]",344,538,True,25,910.0,True,6322,5580,918.0,True,0.6964814704328858,True,True,True,0.49414247659620575,True,True,True,True,INCLUDED,,BOTH_VALID_INCLUDED
403,1600938543351219,2,4035143,0.89614654,0.9256761287118417,"[218.403,339.011,293.638,411.245]",256,375,True,25,975.0,True,4219,3692,958.0,True,0.7763327996031539,True,True,True,0.2600439576228288,True,True,True,True,INCLUDED,,BOTH_VALID_INCLUDED
403,1600938543351219,3,4035134,0.88468349,0.9232148232723137,"[235.113,199.108,281.965,248.66]",258,223,True,25,966.0,True,1668,1659,970.0,True,0.7184668318908362,True,True,True,0.18928389327655998,True,True,True,True,INCLUDED,,BOTH_VALID_INCLUDED
403,1600938543351219,4,4035140,0.83906698,0.8928415581025021,"[330.629,438.332,399.68,499.915]",365,469,True,25,948.0,True,2877,2412,956.0,True,0.676564253291967,True,True,True,0.3690660292037251,True,True,True,True,INCLUDED,,BOTH_VALID_INCLUDED
403,1600938543417878,0,4035146,0.90421015,0.9681503736460014,"[286.911,487.885,376.019,587.063]",331,537,True,25,924.0,True,6429,5720,925.0,True,0.727463794225405,True,True,True,0.4844424496902949,True,True,True,True,INCLUDED,,BOTH_VALID_INCLUDED
403,1600938543417878,1,4035137,0.89412117,0.9800944456390093,"[187.609,271.685,251.091,341.191]",219,306,True,25,939.0,True,3343,2557,947.0,True,0.7576410195461931,True,True,True,0.21644890260927596,True,True,True,True,INCLUDED,,BOTH_VALID_INCLUDED
403,1600938543417878,2,4035143,0.88346297,0.8934786429689611,"[205.875,340.123,280.206,411.625]",243,375,True,25,963.0,True,4228,3513,950.0,True,0.7955121431558825,True,True,True,0.25715970679472133,True,True,True,True,INCLUDED,,BOTH_VALID_INCLUDED
403,1600938543417878,3,4035134,0.87828803,0.8924225794298705,"[223.436,199.394,267.185,248.704]",245,224,True,25,976.0,True,1664,1590,974.0,True,0.771347700045816,True,True,True,0.18815632665330143,True,True,True,True,INCLUDED,,BOTH_VALID_INCLUDED
403,1600938543417878,4,4035140,0.85501146,0.8962950398372934,"[318.363,439.021,386.853,500.715]",352,469,True,8,944.0,True,2833,2199,947.0,True,0.6704655676455671,True,True,True,0.36996955580914126,True,True,True,True,INCLUDED,,BOTH_VALID_INCLUDED
403,1600938543484538,0,4035146,0.90421295,0.9462051333836473,"[275.711,488.3,361.516,586.808]",318,537,True,25,904.0,True,6435,5717,913.0,True,0.7613151178108704,True,True,True,0.4750821028177323,True,True,True,True,INCLUDED,,BOTH_VALID_INCLUDED
403,1600938543484538,1,4035137,0.90312266,0.969783106472065,"[174.379,271.598,237.671,340.883]",206,306,True,25,966.0,True,3328,2596,964.0,True,0.7589187398294802,True,True,True,0.21387420889858005,True,True,True,True,INCLUDED,,BOTH_VALID_INCLUDED
403,1600938543484538,2,4035134,0.89913446,0.8628774330075116,"[209.926,199.566,254.548,248.333]",232,223,True,25,971.0,True,1667,1603,978.0,True,0.7660560169000392,True,True,True,0.18683706995010707,True,True,True,True,INCLUDED,,BOTH_VALID_INCLUDED
403,1600938543484538,3,4035143,0.89210427,0.9423452215939168,"[191.108,338.879,268.071,409.679]",229,374,True,25,945.0,True,4211,3519,947.0,True,0.7728051288274045,True,True,True,0.25252681622711715,True,True,True,True,INCLUDED,,BOTH_VALID_INCLUDED
403,1600938543484538,4,4035140,0.88106441,0.9042871077387751,"[305.727,439.228,373.746,501.562]",339,470,True,25,919.0,True,2784,2264,935.0,True,0.6566198257715614,True,True,True,0.36926094871916965,True,True,True,True,INCLUDED,,BOTH_VALID_INCLUDED
403,1600938543551199,0,4035137,0.90806043,0.9580655553936374,"[160.684,270.16,223.61,340.014]",192,305,True,25,957.0,True,3377,2526,956.0,True,0.7682625347883814,True,True,True,0.21069415904705968,True,True,True,True,INCLUDED,,BOTH_VALID_INCLUDED
403,1600938543551199,1,4035146,0.90483904,0.9552486717848889,"[259.016,488.104,349.214,586.861]",304,537,True,25,922.0,True,6465,5722,926.0,True,0.7257778882522865,True,True,True,0.46133906131379,True,True,True,True,INCLUDED,,BOTH_VALID_INCLUDED
403,1600938543551199,2,4035143,0.90295964,0.9166943683034646,"[177.255,339.247,254.991,410.867]",216,375,True,6,913.0,True,4257,2937,938.0,True,0.7646226236563439,True,True,True,0.24907306586127315,True,True,True,True,INCLUDED,,BOTH_VALID_INCLUDED
403,1600938543551199,3,4035140,0.87004602,0.8527580316137967,"[293.645,439.555,359.152,500.213]",326,469,True,25,933.0,True,2753,2231,934.0,True,0.6928359493933756,True,True,True,0.36576076655854306,True,True,True,True,INCLUDED,,BOTH_VALID_INCLUDED
403,1600938543551199,4,4035134,0.86336321,0.8790505025864129,"[197.379,199.286,242.615,248.173]",219,223,True,25,977.0,True,1682,1682,977.0,True,0.7605861431699172,True,True,True,0.18546568557337376,True,True,True,True,INCLUDED,,BOTH_VALID_INCLUDED
403,1600938543551199,5,4035156,0.74312615,0.870238828500257,"[681.851,781.174,719.374,870.411]",700,825,True,25,848.0,True,2815,2788,847.0,True,0.8406900052543302,True,True,True,0.2049225090278374,True,True,True,True,INCLUDED,,BOTH_VALID_INCLUDED
403,1600938543551199,6,4035159,0.74249178,0.7639031260654328,"[693.065,679.987,719.597,745.647]",706,712,True,25,893.0,True,1688,1558,886.0,True,0.9689504645428665,True,True,True,0.22031128961561727,True,True,True,True,INCLUDED,,BOTH_VALID_INCLUDED
403,1600938543617858,0,4035146,0.90055853,0.978110722116409,"[247.042,488.65,335.13,586.527]",291,537,True,25,918.0,True,6469,5688,916.0,True,0.7503083023657543,True,True,True,0.4475488912601036,True,True,True,True,INCLUDED,,BOTH_VALID_INCLUDED
403,1600938543617858,1,4035137,0.89927548,0.9828526844888336,"[147.1,270.482,211.194,340.409]",179,305,True,25,980.0,True,3366,2600,966.0,True,0.7510205817484951,True,True,True,0.2081995411950682,True,True,True,True,INCLUDED,,BOTH_VALID_INCLUDED
403,1600938543617858,2,4035143,0.8923189,0.9448373704354136,"[162.66,338.098,240.804,410.385]",201,374,True,25,963.0,True,4258,3637,948.0,True,0.7537890386812048,True,True,True,0.24431006567427208,True,True,True,True,INCLUDED,,BOTH_VALID_INCLUDED
403,1600938543617858,3,4035156,0.86649704,0.9085470808685079,"[668.374,778.769,719.708,871.447]",694,825,True,25,829.0,True,4005,3956,841.0,True,0.8418229492720241,True,True,True,0.2075115083473062,True,True,True,True,INCLUDED,,BOTH_VALID_INCLUDED
403,1600938543617858,4,4035134,0.86387438,0.8306561672414202,"[184.451,199.485,228.963,248.127]",206,223,True,25,973.0,True,1690,1679,977.0,True,0.7805454076646966,True,True,True,0.1839835042687923,True,True,True,True,INCLUDED,,BOTH_VALID_INCLUDED
403,1600938543617858,5,4035140,0.85156548,0.9070021299965042,"[279.156,438.375,347.149,501.262]",313,469,True,25,948.0,True,2738,2327,953.0,True,0.6403366547183224,True,True,True,0.3616481609760512,True,True,True,True,INCLUDED,,BOTH_VALID_INCLUDED
403,1600938543617858,6,4035159,0.83447039,0.8710927438842642,"[675.219,678.151,719.668,748.151]",697,713,True,25,840.0,True,2695,2627,855.0,True,0.8661612184751072,True,True,True,0.22457713198397405,True,True,True,True,INCLUDED,,BOTH_VALID_INCLUDED
403,1600938543684518,0,4035146,0.90474796,0.9650967698899849,"[232.63,487.875,321.791,586.806]",277,537,True,25,902.0,True,6496,5696,922.0,True,0.736442233586663,True,True,True,0.4312523302744016,True,True,True,True,INCLUDED,,BOTH_VALID_INCLUDED
403,1600938543684518,1,4035156,0.903,0.8997902956976769,"[652.328,780.085,720.0,875.047]",686,827,True,25,837.0,True,5337,5226,829.0,True,0.8304975165444627,True,True,True,0.2099738137738744,True,True,True,True,INCLUDED,,BOTH_VALID_INCLUDED
403,1600938543684518,2,4035143,0.88562703,0.9242970800000003,"[149.511,338.791,226.133,409.36]",187,374,True,25,920.0,True,4271,3413,935.0,True,0.7898818311591657,True,True,True,0.23992425720156535,True,True,True,True,INCLUDED,,BOTH_VALID_INCLUDED
403,1600938543684518,3,4035137,0.87653369,0.9812750115963771,"[134.15,269.954,197.138,339.827]",165,304,True,25,934.0,True,3351,2583,951.0,True,0.7613900883020828,True,True,True,0.20517362091815236,True,True,True,True,INCLUDED,,BOTH_VALID_INCLUDED
403,1600938543684518,4,4035134,0.86408943,0.8080603802577556,"[170.431,199.013,213.783,247.703]",192,223,True,25,980.0,True,1707,1707,982.0,True,0.8086947218073107,True,True,True,0.1820837769390373,True,True,True,True,INCLUDED,,BOTH_VALID_INCLUDED
403,1600938543684518,5,4035159,0.86303228,0.8385732286076915,"[663.005,678.953,719.85,756.65]",691,717,True,25,871.0,True,3695,3620,860.0,True,0.8366001181159363,True,True,True,0.22704729609142216,True,True,True,True,INCLUDED,,BOTH_VALID_INCLUDED
403,1600938543684518,6,4035140,0.8247509,0.9126388369591841,"[266.463,437.728,331.455,499.488]",298,468,True,25,914.0,True,2677,2098,929.0,True,0.666931426235322,True,True,True,0.35468865170195546,True,True,True,True,INCLUDED,,BOTH_VALID_INCLUDED
403,1600938543751179,0,4035146,0.90615827,0.9531319898188317,"[217.692,487.395,309.624,587.026]",263,537,True,25,914.0,True,6495,5670,920.0,True,0.7091170989545603,True,True,True,0.41514270944099263,True,True,True,True,INCLUDED,,BOTH_VALID_INCLUDED
403,1600938543751179,1,4035156,0.90435147,0.9282548374519363,"[639.26,778.615,720.0,875.08]",679,826,True,25,835.0,True,6511,6498,840.0,True,0.835967091887728,True,True,True,0.21265879095449186,True,True,True,True,INCLUDED,,BOTH_VALID_INCLUDED
403,1600938543751179,2,4035137,0.90284353,0.9468003793912506,"[120.311,269.895,183.021,339.732]",151,304,True,25,970.0,True,3349,2623,960.0,True,0.7647029608392141,True,True,True,0.20216085555602809,True,True,True,True,INCLUDED,,BOTH_VALID_INCLUDED
403,1600938543751179,3,4035159,0.89522934,0.849777741115689,"[651.518,676.583,719.98,754.557]",685,715,True,25,838.0,True,4440,4292,856.0,True,0.8317323129465476,True,True,True,0.23020267660038257,True,True,True,True,INCLUDED,,BOTH_VALID_INCLUDED
403,1600938543751179,4,4035143,0.88819259,0.8962225667510548,"[137.55,339.172,213.778,408.833]",175,374,True,25,935.0,True,4278,3449,945.0,True,0.8056317071697375,True,True,True,0.23605672334746508,True,True,True,True,INCLUDED,,BOTH_VALID_INCLUDED
403,1600938543751179,5,4035134,0.88530505,0.7845770922178845,"[157.451,199.084,200.528,247.785]",178,223,True,25,971.0,True,1710,1710,973.0,True,0.8151035437686202,True,True,True,0.1804424330981759,True,True,True,True,INCLUDED,,BOTH_VALID_INCLUDED
403,1600938543751179,6,4035140,0.83958989,0.8268866946004155,"[254.413,438.145,326.571,501.277]",290,469,True,25,925.0,True,2639,1977,923.0,True,0.5793024363452339,True,True,True,0.35220130440614883,True,True,True,True,INCLUDED,,BOTH_VALID_INCLUDED
403,1600938543751179,7,4035153,0.76687229,0.9092694396952314,"[341.601,1058.849,389.202,1134.628]",365,1096,True,14,717.0,True,2572,2045,707.0,True,0.7130270696271952,True,True,True,0.17960723678206883,True,True,True,True,INCLUDED,,BOTH_VALID_INCLUDED
403,1600938543817839,0,4035146,0.91010374,0.9578596297938222,"[205.219,489.644,294.228,586.403]",249,538,True,25,916.0,True,6545,5839,921.0,True,0.7599488423153616,True,True,True,0.3996798675785699,True,True,True,True,INCLUDED,,BOTH_VALID_INCLUDED
403,1600938543817839,1,4035137,0.8990491,0.9228941263757326,"[107.14,271.263,170.128,340.311]",138,305,True,25,964.0,True,3328,2560,956.0,True,0.7651990024718651,True,True,True,0.1996503779110872,True,True,True,True,INCLUDED,,BOTH_VALID_INCLUDED
403,1600938543817839,2,4035159,0.89698702,0.9012964956010219,"[637.087,674.67,719.773,754.966]",678,714,True,25,801.0,True,5086,4816,842.0,True,0.7660382608102523,True,True,True,0.23413637646862692,True,True,True,True,INCLUDED,,BOTH_VALID_INCLUDED
403,1600938543817839,3,4035156,0.89228284,0.902011788220081,"[627.897,779.917,719.728,875.326]",673,827,True,25,834.0,True,7521,7500,838.0,True,0.8584142749770057,True,True,True,0.214766064603975,True,True,True,True,INCLUDED,,BOTH_VALID_INCLUDED
403,1600938543817839,4,4035143,0.88218915,0.9246489228040538,"[122.012,338.589,200.795,408.07]",161,373,True,25,953.0,True,4280,3455,955.0,True,0.7818891637060623,True,True,True,0.2312159024209519,True,True,True,True,INCLUDED,,BOTH_VALID_INCLUDED
403,1600938543817839,5,4035134,0.88125879,0.8002560239157112,"[144.11,199.443,188.281,247.633]",166,223,True,25,978.0,True,1715,1715,978.0,True,0.8056936978342989,True,True,True,0.17877951069658377,True,True,True,True,INCLUDED,,BOTH_VALID_INCLUDED
403,1600938543817839,6,4035140,0.87099171,0.7652388089802243,"[242.339,438.33,312.757,506.125]",277,472,True,25,943.0,True,2628,2019,948.0,True,0.5504831242454381,True,True,True,0.34850692652725107,True,True,True,True,INCLUDED,,BOTH_VALID_INCLUDED
403,1600938543817839,7,4035153,0.78144628,0.8868247510286134,"[320.44,1058.816,375.984,1142.694]",348,1100,True,23,694.0,True,2804,2472,727.0,True,0.6018562717288795,True,True,True,0.17828306590223897,True,True,True,True,INCLUDED,,BOTH_VALID_INCLUDED
403,1600938543884499,0,4035146,0.91372144,0.9690461924986633,"[190.687,487.302,282.523,586.426]",236,536,True,25,910.0,True,6602,5801,922.0,True,0.7252433271115055,True,True,True,0.3834048637059323,True,True,True,True,INCLUDED,,BOTH_VALID_INCLUDED
403,1600938543884499,1,4035137,0.90385872,0.9439007694827728,"[94.123,270.549,156.452,339.234]",125,304,True,25,983.0,True,3326,2232,961.0,True,0.7769090547819493,True,True,True,0.1964133446891047,True,True,True,True,INCLUDED,,BOTH_VALID_INCLUDED
403,1600938543884499,2,4035156,0.8988542,0.9142431970388525,"[608.184,777.932,711.65,875.915]",659,826,True,25,821.0,True,7736,7607,837.0,True,0.7630764825843316,True,True,True,0.22055646013358168,True,True,True,True,INCLUDED,,BOTH_VALID_INCLUDED
403,1600938543884499,3,4035143,0.88199723,0.9168817990078681,"[109.569,337.504,186.468,407.207]",148,372,True,25,966.0,True,4320,3602,962.0,True,0.8059564664886979,True,True,True,0.226540023617733,True,True,True,True,INCLUDED,,BOTH_VALID_INCLUDED
403,1600938543884499,4,4035134,0.86784428,0.7731451630188678,"[131.684,198.864,173.777,247.538]",152,223,True,25,973.0,True,1716,1685,977.0,True,0.8375492737778637,True,True,True,0.17683741320200672,True,True,True,True,INCLUDED,,BOTH_VALID_INCLUDED
403,1600938543884499,5,4035159,0.8541742,0.9000591638464949,"[622.871,673.988,712.141,754.907]",667,714,True,25,835.0,True,5189,5014,853.0,True,0.718335994727356,True,True,True,0.24015970451801089,True,True,True,True,INCLUDED,,BOTH_VALID_INCLUDED
403,1600938543884499,6,4035140,0.83330762,0.8937511047703894,"[228.358,437.58,293.349,501.253]",260,469,True,25,935.0,True,2563,1955,938.0,True,0.6193556080567144,True,True,True,0.3363563669510586,True,True,True,True,INCLUDED,,BOTH_VALID_INCLUDED
403,1600938543884499,7,4035153,0.79643691,0.8843465586638118,"[304.412,1058.415,360.58,1141.641]",332,1100,True,25,707.0,True,2988,2771,713.0,True,0.6391938842011295,True,True,True,0.17830096303540235,True,True,True,True,INCLUDED,,BOTH_VALID_INCLUDED
403,1600938543884499,8,4035162,0.74794477,0.8332800792118398,"[694.027,849.388,719.433,938.897]",706,894,True,25,837.0,True,1677,1573,827.0,True,0.7374457272375669,True,True,True,0.18871647009247608,True,True,True,True,INCLUDED,,BOTH_VALID_INCLUDED
403,1600938543951159,0,4035156,0.91163397,0.9498002879547351,"[595.778,777.081,696.869,873.104]",646,825,True,25,818.0,True,7654,7545,831.0,True,0.788498179487042,True,True,True,0.22678800142961722,True,True,True,True,INCLUDED,,BOTH_VALID_INCLUDED
403,1600938543951159,1,4035146,0.90637678,0.9676094781646776,"[178.747,487.317,269.185,586.461]",223,536,True,25,908.0,True,6603,5852,921.0,True,0.7364171789386652,True,True,True,0.36941808038431206,True,True,True,True,INCLUDED,,BOTH_VALID_INCLUDED
403,1600938543951159,2,4035137,0.90301806,0.9792228086478056,"[81.338,270.658,143.675,340.014]",112,305,True,25,959.0,True,3327,2728,957.0,True,0.7695252331292998,True,True,True,0.19370957518741055,True,True,True,True,INCLUDED,,BOTH_VALID_INCLUDED
403,1600938543951159,3,4035143,0.89093149,0.9248526029106031,"[97.415,338.203,174.963,407.041]",136,372,True,25,950.0,True,4322,3679,951.0,True,0.8096287413050911,True,True,True,0.22287270370509146,True,True,True,True,INCLUDED,,BOTH_VALID_INCLUDED
403,1600938543951159,4,4035159,0.87258834,0.9367713721707227,"[608.752,671.857,695.277,752.087]",652,711,True,25,865.0,True,5118,4950,862.0,True,0.7372620531919869,True,True,True,0.2495301868411646,True,True,True,True,INCLUDED,,BOTH_VALID_INCLUDED
403,1600938543951159,5,4035134,0.85872084,0.8181324022636626,"[118.711,199.627,165.857,248.012]",142,223,True,25,983.0,True,1708,1699,980.0,True,0.7487421274729879,True,True,True,0.1755347941259127,True,True,True,True,INCLUDED,,BOTH_VALID_INCLUDED
403,1600938543951159,6,4035162,0.81372547,0.7444954894947072,"[670.332,846.841,720.0,943.919]",695,895,True,25,819.0,True,3102,3015,807.0,True,0.6433455489679019,True,True,True,0.19180126895342525,True,True,True,True,INCLUDED,,BOTH_VALID_INCLUDED
403,1600938543951159,7,4035153,0.81142175,0.8956676164380116,"[287.954,1058.254,347.088,1145.86]",317,1102,True,25,721.0,True,3212,2916,732.0,True,0.6200181862066582,True,True,True,0.17730322445458147,True,True,True,True,INCLUDED,,BOTH_VALID_INCLUDED
403,1600938543951159,8,4035140,0.80641294,0.8974383936309439,"[215.519,437.64,281.525,501.483]",248,469,True,25,957.0,True,2535,1921,949.0,True,0.6015632017755334,True,True,True,0.3293177290523637,True,True,True,True,INCLUDED,,BOTH_VALID_INCLUDED
403,1600938544017819,0,4035146,0.90850371,0.9680062713262458,"[165.087,486.807,254.657,585.02]",209,535,True,25,917.0,True,6660,5786,920.0,True,0.7570815765208934,True,True,True,0.35375541355205226,True,True,True,True,INCLUDED,,BOTH_VALID_INCLUDED
403,1600938544017819,1,4035156,0.90805918,0.9117788728264249,"[580.101,777.225,680.828,874.729]",630,825,True,25,847.0,True,7550,7199,844.0,True,0.7687384783513258,True,True,True,0.2335164154156092,True,True,True,True,INCLUDED,,BOTH_VALID_INCLUDED
403,1600938544017819,2,4035137,0.88385916,0.9679463204827966,"[66.989,269.801,130.798,339.065]",98,304,True,25,958.0,True,3342,2687,956.0,True,0.756165638862437,True,True,True,0.19040929363888098,True,True,True,True,INCLUDED,,BOTH_VALID_INCLUDED
403,1600938544017819,3,4035143,0.88021028,0.9360466,"[82.321,336.019,161.721,406.753]",122,371,True,25,960.0,True,4342,3479,950.0,True,0.7731096578596266,True,True,True,0.21792677257995935,True,True,True,True,INCLUDED,,BOTH_VALID_INCLUDED
403,1600938544017819,4,4035159,0.86182868,0.9711731931076762,"[592.399,671.736,679.943,751.963]",636,711,True,25,811.0,True,5066,4205,848.0,True,0.7213038440690377,True,True,True,0.25949473102647286,True,True,True,True,INCLUDED,,BOTH_VALID_INCLUDED
403,1600938544017819,5,4035134,0.85465485,0.8193800226390976,"[104.731,199.232,150.282,247.209]",127,223,True,25,982.0,True,1700,1690,981.0,True,0.7778895147936891,True,True,True,0.17323805414811388,True,True,True,True,INCLUDED,,BOTH_VALID_INCLUDED
403,1600938544017819,6,4035162,0.85136807,0.9094993234040393,"[663.185,845.926,720.0,955.119]",691,900,True,25,791.0,True,4843,4843,806.0,True,0.780650531884988,True,True,True,0.1916833651438811,True,True,True,True,INCLUDED,,BOTH_VALID_INCLUDED
403,1600938544017819,7,4035153,0.80435956,0.9427559624545432,"[267.727,1058.208,329.297,1139.446]",298,1098,True,19,695.0,True,3430,3137,737.0,True,0.6857498850729185,True,True,True,0.17764238759475734,True,True,True,True,INCLUDED,,BOTH_VALID_INCLUDED
403,1600938544017819,8,4035140,0.73454076,0.8537476836885256,"[202.172,438.284,268.805,502.943]",235,470,True,25,909.0,True,2447,2064,918.0,True,0.5679572123048943,True,True,True,0.32234582040314075,True,True,True,True,INCLUDED,,BOTH_VALID_INCLUDED
404,1600938544951051,0,4044701,0.92502648,0.9597227918776449,"[444.937,837.057,547.909,953.64]",496,895,True,25,793.0,True,9635,9247,796.0,True,0.8025966529214242,True,True,True,0.2567350364784799,True,True,True,True,INCLUDED,,BOTH_VALID_INCLUDED
404,1600938544951051,1,4044698,0.90697145,0.9441435516202216,"[371.933,772.677,466.222,866.462]",419,819,True,25,824.0,True,7021,5847,834.0,True,0.7939708546982547,True,True,True,0.3459752985220781,True,True,True,True,INCLUDED,,BOTH_VALID_INCLUDED
404,1600938544951051,2,4044700,0.89822,0.875946641961653,"[389.313,671.662,469.51,745.948]",429,708,True,25,831.0,True,4518,3861,847.0,True,0.7583699745627911,True,True,True,0.5057279625309502,True,True,True,True,INCLUDED,,BOTH_VALID_INCLUDED
404,1600938544951051,3,4044695,0.89073145,0.9350154547630931,"[20.895,1053.853,117.076,1147.895]",68,1100,True,25,804.0,True,6556,6335,810.0,True,0.7248160473643157,True,True,True,0.15502348356570395,True,True,True,True,INCLUDED,,BOTH_VALID_INCLUDED
404,1600938544951051,4,4044693,0.86730117,0.9839819802956253,"[0.349,486.403,65.398,581.954]",32,534,True,25,909.0,True,4876,4876,923.0,True,0.7844907657077937,True,True,True,0.2253182350329807,True,True,True,True,INCLUDED,,BOTH_VALID_INCLUDED
404,1600938544951051,5,4044706,0.83675927,0.9057789923433857,"[629.595,731.717,701.293,833.925]",665,782,True,25,846.0,True,4478,4408,869.0,True,0.611071681324993,True,True,True,0.2287360014625496,True,True,True,True,INCLUDED,,BOTH_VALID_INCLUDED
404,1600938544951051,6,4044704,0.81006938,0.7820007596070998,"[693.078,511.831,719.738,579.367]",706,545,True,24,901.5,True,1328,1276,883.0,True,0.7375688982657873,True,True,True,0.21784572148128756,True,True,True,True,INCLUDED,,BOTH_VALID_INCLUDED
404,1600938544951051,7,4044690,0.58558011,0.9223414375498066,"[93.906,625.716,149.364,712.372]",121,669,True,25,802.0,True,1888,1250,825.0,True,0.39286120844746975,True,True,True,0.2940070146826357,True,True,True,True,INCLUDED,,BOTH_VALID_INCLUDED
404,1600938545017709,0,4044698,0.92005974,0.9584685030539649,"[355.792,770.786,451.016,867.011]",403,818,True,25,853.0,True,7017,6003,849.0,True,0.7658031284187342,True,True,True,0.3520029692150732,True,True,True,True,INCLUDED,,BOTH_VALID_INCLUDED
404,1600938545017709,1,4044701,0.91295505,0.9659493449741393,"[428.905,836.693,531.135,952.138]",480,894,True,25,782.0,True,9631,9073,796.0,True,0.8160521136590703,True,True,True,0.2622578055763518,True,True,True,True,INCLUDED,,BOTH_VALID_INCLUDED
404,1600938545017709,2,4044695,0.89778304,0.9114322342797286,"[1.746,1053.622,101.308,1149.251]",51,1101,True,25,780.0,True,6714,6438,801.0,True,0.7051769537175224,True,True,True,0.15266036832331242,True,True,True,True,INCLUDED,,BOTH_VALID_INCLUDED
404,1600938545017709,3,4044700,0.89418644,0.9308222771971436,"[375.379,668.462,453.681,745.842]",414,707,True,25,831.0,True,4496,4235,850.0,True,0.742035566887017,True,True,True,0.5361820283346546,True,True,True,True,INCLUDED,,BOTH_VALID_INCLUDED
404,1600938545017709,4,4044693,0.86502576,0.9193710863943042,"[0.48,494.43,51.539,578.787]",26,536,True,25,893.0,True,3537,3536,914.0,True,0.821186173672931,True,True,True,0.2224062774119465,True,True,True,True,INCLUDED,,BOTH_VALID_INCLUDED
404,1600938545017709,5,4044704,0.85082734,0.9065769019569995,"[679.532,512.639,719.785,577.418]",699,545,True,25,918.0,True,2143,1894,901.0,True,0.8218445476957588,True,True,True,0.22090362581303796,True,True,True,True,INCLUDED,,BOTH_VALID_INCLUDED
404,1600938545017709,6,4044706,0.8234219,0.8816550076339909,"[614.721,730.494,683.457,834.09]",649,782,True,25,841.0,True,4403,4379,880.0,True,0.6183316019262048,True,True,True,0.23684880552212093,True,True,True,True,INCLUDED,,BOTH_VALID_INCLUDED
404,1600938545017709,7,4044691,0.71914059,0.7065604924600136,"[7.639,426.166,88.121,507.315]",47,466,True,25,914.0,True,1896,1569,937.0,True,0.29030625974933516,True,True,True,0.21882592636693488,True,True,True,True,INCLUDED,,BOTH_VALID_INCLUDED
404,1600938545017709,8,4044690,0.62523186,0.8995086544303912,"[81.722,626.003,139.135,713.513]",110,669,True,25,809.0,True,2072,1502,828.0,True,0.4124030101813208,True,True,True,0.2846251014052098,True,True,True,True,INCLUDED,,BOTH_VALID_INCLUDED
404,1600938545017709,9,4044709,0.44559881,0.6878681166666668,"[637.654,442.264,674.985,480.959]",656,461,True,25,821.0,True,1043,966,847.0,True,0.7220376328437181,True,True,True,0.22427942290568942,True,True,True,True,INCLUDED,,BOTH_VALID_INCLUDED
404,1600938545084367,0,4044701,0.9207502,0.9633828870596777,"[413.716,836.22,514.974,951.571]",464,893,True,25,777.0,True,9619,9261,794.0,True,0.8235296040859602,True,True,True,0.26702197749867224,True,True,True,True,INCLUDED,,BOTH_VALID_INCLUDED
404,1600938545084367,2,4044695,0.90764517,0.9288181703951183,"[0.0,1053.785,84.715,1148.654]",42,1101,True,25,791.0,True,6666,6374,798.0,True,0.8294317797484455,True,True,True,0.15151101434176223,True,True,True,True,INCLUDED,,BOTH_VALID_INCLUDED
404,1600938545084367,3,4044700,0.88603145,0.9380766211530823,"[360.566,667.06,439.42,746.064]",399,706,True,25,839.0,True,4452,4175,849.0,True,0.7146318149407116,True,True,True,0.5628960717990003,True,True,True,True,INCLUDED,,BOTH_VALID_INCLUDED
404,1600938545084367,4,4044704,0.84714663,0.8523006607125749,"[660.883,511.865,709.824,577.597]",685,544,True,18,923.5,True,2234,1680,903.0,True,0.6944380089942308,True,True,True,0.22778271706071349,True,True,True,True,INCLUDED,,BOTH_VALID_INCLUDED
404,1600938545084367,5,4044693,0.83830649,0.9303635706800161,"[0.0,495.807,36.336,573.353]",18,534,True,25,914.0,True,2296,2296,918.0,True,0.8148456773708777,True,True,True,0.21847491408086642,True,True,True,True,INCLUDED,,BOTH_VALID_INCLUDED
404,1600938545084367,6,4044706,0.78913802,0.9252103495149564,"[598.365,729.933,669.395,832.973]",633,781,True,25,831.0,True,4293,3947,872.0,True,0.5865610541604768,True,True,True,0.24494683606380493,True,True,True,True,INCLUDED,,BOTH_VALID_INCLUDED
404,1600938545084367,7,4044690,0.78615606,0.9327521394826721,"[69.408,626.351,125.242,717.664]",97,672,True,25,819.0,True,2323,1549,822.0,True,0.45563581710689804,True,True,True,0.27425970752050166,True,True,True,True,INCLUDED,,BOTH_VALID_INCLUDED
404,1600938545084367,8,4044691,0.70384914,0.6724119660905765,"[0.0,416.763,75.599,505.287]",37,461,True,25,886.0,True,1773,1630,932.0,True,0.26493031463968714,True,True,True,0.2134144396005045,True,True,True,True,INCLUDED,,BOTH_VALID_INCLUDED
404,1600938545084367,9,4044709,0.68569279,0.5983176847826096,"[623.911,442.966,658.994,482.191]",641,462,True,25,831.0,True,1133,1092,867.0,True,0.8233229740336965,True,True,True,0.2311033035462509,True,True,True,True,INCLUDED,,BOTH_VALID_INCLUDED
404,1600938545151025,0,4044701,0.92311734,0.9646681201567346,"[396.164,835.933,497.622,949.458]",446,892,True,25,791.0,True,9623,8969,793.0,True,0.8354734980066385,True,True,True,0.27231787564305565,True,True,True,True,INCLUDED,,BOTH_VALID_INCLUDED
404,1600938545151025,1,4044698,0.91033274,0.9786444657531796,"[326.834,770.223,419.834,865.183]",373,817,True,25,821.0,True,7114,6235,832.0,True,0.8055457419536011,True,True,True,0.3594503250829126,True,True,True,True,INCLUDED,,BOTH_VALID_INCLUDED
404,1600938545151025,2,4044695,0.88779962,0.9826587234002008,"[0.318,1051.331,70.385,1144.629]",35,1097,True,25,802.0,True,5391,5208,805.0,True,0.8246762259412439,True,True,True,0.1512000619478442,True,True,True,True,INCLUDED,,BOTH_VALID_INCLUDED
404,1600938545151025,3,4044700,0.88438934,0.9037344098737807,"[345.894,668.033,425.16,744.976]",385,706,True,25,842.0,True,4428,4264,854.5,True,0.7260249638489494,True,True,True,0.5839915370666948,True,True,True,True,INCLUDED,,BOTH_VALID_INCLUDED
404,1600938545151025,4,4044704,0.85624951,0.7666968818969263,"[645.725,512.7,693.739,577.605]",669,545,True,23,898.0,True,1863,1109,901.0,True,0.5978150063676926,True,True,True,0.23588858855518122,True,True,True,True,INCLUDED,,BOTH_VALID_INCLUDED
404,1600938545151025,5,4044706,0.80042946,0.9593124611216544,"[584.685,729.941,651.977,832.703]",618,781,True,25,838.0,True,3872,3731,878.0,True,0.5599372554672879,True,True,True,0.2535109963894529,True,True,True,True,INCLUDED,,BOTH_VALID_INCLUDED
404,1600938545151025,6,4044690,0.75882542,0.8587410783172092,"[50.233,626.244,111.935,717.254]",81,671,True,25,804.0,True,2735,2004,813.0,True,0.48704487174854855,True,True,True,0.2626621696189762,True,True,True,True,INCLUDED,,BOTH_VALID_INCLUDED
404,1600938545151025,7,4044691,0.72730643,0.5993886322301526,"[0.45,426.545,61.534,508.395]",30,467,True,25,873.0,True,1283,1272,940.0,True,0.2566140932460012,True,True,True,0.2120887051097678,True,True,True,True,INCLUDED,,BOTH_VALID_INCLUDED
404,1600938545151025,8,4044693,0.67002654,0.7719028019156376,"[0.0,504.552,23.717,561.15]",11,532,True,25,931.0,True,918,918,926.0,True,0.6838830545494498,True,True,True,0.2153977775923386,True,True,True,True,INCLUDED,,BOTH_VALID_INCLUDED
404,1600938545151025,9,4044709,0.66221267,0.7526834690706304,"[605.729,441.717,644.001,483.941]",624,462,True,25,838.0,True,1146,1134,862.0,True,0.7091597639472754,True,True,True,0.2388583487839589,True,True,True,True,INCLUDED,,BOTH_VALID_INCLUDED
404,1600938545217683,0,4044701,0.92322695,0.9679771596634464,"[383.153,834.594,482.366,948.158]",432,891,True,25,787.0,True,9608,9029,791.0,True,0.8527539334861232,True,True,True,0.2764766714626521,True,True,True,True,INCLUDED,,BOTH_VALID_INCLUDED
404,1600938545217683,1,4044698,0.90752208,0.9542982382426869,"[311.129,770.601,405.768,864.792]",358,817,True,25,831.0,True,7123,6370,838.0,True,0.7990673651873282,True,True,True,0.3600965839895667,True,True,True,True,INCLUDED,,BOTH_VALID_INCLUDED
404,1600938545217683,2,4044695,0.88474768,0.9550155716451806,"[0.492,1049.426,54.966,1139.258]",27,1094,True,25,792.0,True,4093,4076,804.0,True,0.8364142231298203,True,True,True,0.15085751875556977,True,True,True,True,INCLUDED,,BOTH_VALID_INCLUDED
404,1600938545217683,3,4044700,0.88208759,0.9181131975419858,"[330.666,667.635,408.661,745.086]",369,706,True,25,823.0,True,4403,3310,849.0,True,0.728878086638639,True,True,True,0.5985858487250306,True,True,True,True,INCLUDED,,BOTH_VALID_INCLUDED
404,1600938545217683,4,4044690,0.86996979,0.8999625418299829,"[40.287,626.313,99.089,719.441]",69,672,True,20,791.0,True,2984,2002,933.0,True,0.5449120913775443,True,True,True,0.25499296489820533,True,True,True,True,INCLUDED,,BOTH_VALID_INCLUDED
404,1600938545217683,5,4044704,0.86893111,0.7692698365667553,"[634.714,512.916,679.15,576.923]",656,544,True,25,886.0,True,1834,1618,893.0,True,0.6448176268212804,True,True,True,0.24284609344273536,True,True,True,True,INCLUDED,,BOTH_VALID_INCLUDED
404,1600938545217683,6,4044706,0.80257374,0.9289911015942256,"[570.661,729.688,637.51,832.086]",604,780,True,25,839.0,True,3733,3279,899.0,True,0.5453453327970706,True,True,True,0.2618982020133455,True,True,True,True,INCLUDED,,BOTH_VALID_INCLUDED
404,1600938545217683,7,4044691,0.59574223,0.5537451997608543,"[0.781,435.176,51.641,507.931]",26,471,True,25,874.0,True,860,860,949.0,True,0.23241237587253621,True,True,True,0.2110220623537416,True,True,True,True,INCLUDED,,BOTH_VALID_INCLUDED
404,1600938545217683,8,4044709,0.59107244,0.767499282995129,"[590.889,440.918,630.687,484.679]",610,462,True,25,823.0,True,1135,1065,847.0,True,0.6516994825606022,True,True,True,0.24565503956517773,True,True,True,True,INCLUDED,,BOTH_VALID_INCLUDED
404,1600938545284341,0,4044701,0.92191988,0.959157454870022,"[364.443,835.041,465.658,948.576]",415,891,True,25,782.0,True,9561,8746,780.0,True,0.8320102458132761,True,True,True,0.279520237035399,True,True,True,True,INCLUDED,,BOTH_VALID_INCLUDED
404,1600938545284341,1,4044698,0.92106938,0.9626116410916457,"[296.368,769.738,390.652,864.938]",343,817,True,25,854.0,True,7066,6304,846.0,True,0.7872246518564158,True,True,True,0.35957897682425727,True,True,True,True,INCLUDED,,BOTH_VALID_INCLUDED
404,1600938545284341,2,4044700,0.87221563,0.9120334986421761,"[316.082,670.086,392.716,744.661]",354,707,True,25,827.0,True,4390,3958,843.0,True,0.7681565950386311,True,True,True,0.5966376555108159,True,True,True,True,INCLUDED,,BOTH_VALID_INCLUDED
404,1600938545284341,3,4044695,0.85215569,0.9708642072778025,"[0.0,1050.86,40.039,1136.377]",20,1093,True,25,831.0,True,2744,2738,821.0,True,0.8013983202094828,True,True,True,0.14995131139152648,True,True,True,True,INCLUDED,,BOTH_VALID_INCLUDED
404,1600938545284341,4,4044704,0.84053421,0.8204562620711265,"[617.663,513.646,663.51,577.255]",640,545,True,25,888.0,True,1803,1576,890.0,True,0.618253004829705,True,True,True,0.2524688380702312,True,True,True,True,INCLUDED,,BOTH_VALID_INCLUDED
404,1600938545284341,5,4044690,0.80302507,0.9175057235002,"[25.531,626.726,84.81,720.591]",55,673,True,25,823.0,True,3263,2478,957.0,True,0.5864250594463243,True,True,True,0.2458922994147708,True,True,True,True,INCLUDED,,BOTH_VALID_INCLUDED
404,1600938545284341,6,4044706,0.80058759,0.8806554565608498,"[551.007,730.044,622.335,832.986]",586,781,True,25,838.0,True,3569,3338,901.0,True,0.48606449576910654,True,True,True,0.27231672632662834,True,True,True,True,INCLUDED,,BOTH_VALID_INCLUDED
404,1600938545284341,8,4044691,0.31324217,0.7274326466246448,"[6.216,475.33,37.054,508.432]",21,491,True,25,950.0,True,553,553,949.0,True,0.541732253005192,True,True,True,0.21305404750830972,True,True,True,True,INCLUDED,,BOTH_VALID_INCLUDED
404,1600938545350999,0,4044701,0.92273229,0.9566466813085965,"[349.273,833.697,449.76,947.051]",399,890,True,25,785.0,True,9589,9182,799.0,True,0.8418342439772477,True,True,True,0.2829068313026424,True,True,True,True,INCLUDED,,BOTH_VALID_INCLUDED
404,1600938545350999,1,4044698,0.91932541,0.975445892705289,"[280.31,769.726,374.297,864.76]",327,817,True,25,828.0,True,7110,6364,843.0,True,0.796017845559322,True,True,True,0.3568451760360954,True,True,True,True,INCLUDED,,BOTH_VALID_INCLUDED
404,1600938545350999,2,4044700,0.88804245,0.9270149343550147,"[300.028,668.006,376.868,743.79]",338,705,True,25,861.0,True,4406,3683,852.0,True,0.756623127854046,True,True,True,0.5905530926164427,True,True,True,True,INCLUDED,,BOTH_VALID_INCLUDED
404,1600938545350999,3,4044690,0.87875938,0.8364991352491535,"[6.722,625.876,73.649,720.727]",40,673,True,16,776.0,True,3498,2818,909.0,True,0.5510316354497155,True,True,True,0.23722337025972653,True,True,True,True,INCLUDED,,BOTH_VALID_INCLUDED
404,1600938545350999,4,4044704,0.82005328,0.839426045512451,"[605.519,512.76,647.999,577.148]",626,544,True,25,909.0,True,1733,1621,893.0,True,0.6335911745962881,True,True,True,0.26097011420571053,True,True,True,True,INCLUDED,,BOTH_VALID_INCLUDED
404,1600938545350999,5,4044706,0.62624985,0.8806726207984011,"[538.361,729.562,604.846,830.206]",571,779,True,25,843.0,True,3371,3042,874.0,True,0.5037872712501288,True,True,True,0.28275716845429233,True,True,True,True,INCLUDED,,BOTH_VALID_INCLUDED
404,1600938545350999,6,4044695,0.48778298,0.8655395037876574,"[0.0,1050.399,26.41,1119.556]",13,1084,True,25,825.0,True,1383,1383,816.0,True,0.7572122537178763,True,True,True,0.15056708464256208,True,True,True,True,INCLUDED,,BOTH_VALID_INCLUDED
404,1600938545350999,7,4044709,0.34911904,0.8009649462478258,"[558.07,440.973,600.384,487.334]",579,464,True,25,833.0,True,1108,1065,857.0,True,0.5648106584363143,True,True,True,0.2624408795721391,True,True,True,True,INCLUDED,,BOTH_VALID_INCLUDED
404,1600938545350999,8,4044691,0.34756455,0.866549689806138,"[0.689,473.323,23.048,506.465]",11,489,True,25,949.0,True,502,502,948.0,True,0.6774427950907551,True,True,True,0.20871863470555233,True,True,True,True,INCLUDED,,BOTH_VALID_INCLUDED
404,1600938545417657,0,4044701,0.91773659,0.9422728741819693,"[331.319,833.644,434.067,947.631]",382,890,True,25,786.0,True,9615,8636,787.0,True,0.8209573356117879,True,True,True,0.28436337445795673,True,True,True,True,INCLUDED,,BOTH_VALID_INCLUDED
404,1600938545417657,1,4044698,0.91718382,0.954705468583793,"[266.181,769.719,359.532,863.587]",312,816,True,25,836.0,True,7111,6288,842.0,True,0.8115104923956401,True,True,True,0.3535625023375263,True,True,True,True,INCLUDED,,BOTH_VALID_INCLUDED
404,1600938545417657,2,4044690,0.89219344,0.9635380346792204,"[0.935,626.146,59.457,719.605]",30,672,True,25,801.0,True,3749,2340,921.5,True,0.6854490057334355,True,True,True,0.23178274731462248,True,True,True,True,INCLUDED,,BOTH_VALID_INCLUDED
404,1600938545417657,3,4044700,0.87164158,0.9536493770613055,"[285.92,666.211,362.985,743.439]",324,704,True,25,837.0,True,4398,3997,851.0,True,0.7389639539196868,True,True,True,0.5749381196919197,True,True,True,True,INCLUDED,,BOTH_VALID_INCLUDED
404,1600938545417657,4,4044704,0.85521865,0.7612824904747311,"[590.878,514.393,634.041,576.727]",612,545,True,2,933.0,True,1633,1177,873.0,True,0.6069453183174752,True,True,True,0.2706027594442084,True,True,True,True,INCLUDED,,BOTH_VALID_INCLUDED
404,1600938545417657,5,4044706,0.78510273,0.8941014519193864,"[525.565,728.911,593.025,829.834]",559,779,True,25,854.0,True,3165,2971,891.0,True,0.4648761072566743,True,True,True,0.2913806138546713,True,True,True,True,INCLUDED,,BOTH_VALID_INCLUDED
404,1600938545417657,6,4044709,0.41983411,0.782110984701262,"[544.785,440.03,584.142,487.675]",564,463,True,25,838.0,True,1082,1023,842.0,True,0.5770161154388236,True,True,True,0.2703605943775544,True,True,True,True,INCLUDED,,BOTH_VALID_INCLUDED
404,1600938545484315,0,4044701,0.9284175,0.9380424328531946,"[318.578,833.237,418.843,946.676]",368,889,True,25,785.0,True,9634,8726,800.0,True,0.8470223975840506,True,True,True,0.28562596528628736,True,True,True,True,INCLUDED,,BOTH_VALID_INCLUDED
404,1600938545484315,1,4044698,0.91165727,0.9770931512824176,"[250.81,768.968,344.371,864.638]",297,816,True,25,849.0,True,7122,6680,839.0,True,0.7956669892871747,True,True,True,0.34783255088886206,True,True,True,True,INCLUDED,,BOTH_VALID_INCLUDED
404,1600938545484315,2,4044700,0.89746094,0.9561090597257876,"[270.994,665.536,348.096,743.884]",309,704,True,25,860.0,True,4402,3991,854.0,True,0.7287129373305797,True,True,True,0.5492833048634512,True,True,True,True,INCLUDED,,BOTH_VALID_INCLUDED
404,1600938545484315,3,4044690,0.87210345,0.9731592257356154,"[0.718,625.131,46.617,717.196]",23,671,True,25,821.0,True,3534,2564,935.0,True,0.8363128388242096,True,True,True,0.22842880030355345,True,True,True,True,INCLUDED,,BOTH_VALID_INCLUDED
404,1600938545484315,4,4044704,0.84158099,0.7804777451674536,"[576.835,515.71,617.203,576.807]",597,546,True,20,885.0,True,1546,1178,884.0,True,0.6268337482048321,True,True,True,0.2817828053586708,True,True,True,True,INCLUDED,,BOTH_VALID_INCLUDED
404,1600938545484315,5,4044706,0.7456193,0.9488420563962315,"[513.579,727.89,573.483,828.984]",543,778,True,25,835.0,True,2949,2680,901.0,True,0.48696031441669146,True,True,True,0.3031333077363313,True,True,True,True,INCLUDED,,BOTH_VALID_INCLUDED
404,1600938545550972,0,4044698,0.92088687,0.9704731986625286,"[235.204,768.183,329.853,863.892]",282,816,True,25,823.0,True,7101,6592,844.0,True,0.7838820219975591,True,True,True,0.3420785309946029,True,True,True,True,INCLUDED,,BOTH_VALID_INCLUDED
404,1600938545550972,1,4044701,0.91857916,0.9401181811240589,"[302.21,832.179,402.451,947.113]",352,889,True,25,796.0,True,9638,8776,801.0,True,0.83655213112604,True,True,True,0.2859072473794056,True,True,True,True,INCLUDED,,BOTH_VALID_INCLUDED
404,1600938545550972,2,4044700,0.8909393,0.9060650263270958,"[255.211,667.794,334.268,743.94]",294,705,True,25,854.0,True,4416,3928,854.0,True,0.733570131831732,True,True,True,0.5188817535444636,True,True,True,True,INCLUDED,,BOTH_VALID_INCLUDED
404,1600938545550972,3,4044690,0.85257983,0.9210253850431003,"[0.236,626.436,35.493,710.551]",17,668,True,19,959.0,True,2414,1976,965.0,True,0.8139888591529869,True,True,True,0.22557072534741743,True,True,True,True,INCLUDED,,BOTH_VALID_INCLUDED
404,1600938545550972,4,4044704,0.82583016,0.8077242409900188,"[561.623,516.24,600.151,576.495]",580,546,False,0,,True,1456,789,871.0,True,0.6271794485838303,False,True,True,0.29419317068748363,True,False,False,True,INVALID_BBOX_CENTER_DEPTH,INVALID_BBOX_CENTER_DEPTH,A_BBOX_INVALID_MASK_VALID
404,1600938545550972,5,4044706,0.63634735,0.8574563460260178,"[499.429,727.992,562.297,828.658]",530,778,True,25,841.0,True,2699,2402,884.0,True,0.4264719068098777,True,True,True,0.31266000825558843,True,True,True,True,INCLUDED,,BOTH_VALID_INCLUDED
404,1600938545617631,0,4044701,0.92456561,0.9348494367092762,"[287.529,832.388,387.452,946.417]",337,889,True,25,796.0,True,9627,8511,799.0,True,0.8449094969040095,True,True,True,0.28537491565471845,True,True,True,True,INCLUDED,,BOTH_VALID_INCLUDED
404,1600938545617631,1,4044698,0.92284405,0.9293382169626857,"[218.933,765.962,315.92,863.933]",267,814,True,25,824.0,True,7123,6544,842.0,True,0.7496384904162232,True,True,True,0.3356487564764838,True,True,True,True,INCLUDED,,BOTH_VALID_INCLUDED
404,1600938545617631,2,4044700,0.90083522,0.8941218243360853,"[239.736,668.852,318.519,742.803]",279,705,True,25,846.0,True,4432,3563,852.0,True,0.7607171130071939,True,True,True,0.48953219568598283,True,True,True,True,INCLUDED,,BOTH_VALID_INCLUDED
404,1600938545617631,3,4044690,0.78709239,0.9261025833402274,"[0.0,628.057,22.603,705.788]",11,666,True,25,946.0,True,1343,1295,967.0,True,0.7643911896549235,True,True,True,0.2223525311397245,True,True,True,True,INCLUDED,,BOTH_VALID_INCLUDED
404,1600938545617631,4,4044704,0.65903944,0.7202170589673894,"[543.164,519.639,583.554,579.248]",563,549,False,0,,True,1337,434,890.0,True,0.5553230725717414,False,True,True,0.3099714678325484,True,False,False,True,INVALID_BBOX_CENTER_DEPTH,INVALID_BBOX_CENTER_DEPTH,A_BBOX_INVALID_MASK_VALID
404,1600938545617631,5,4044709,0.41063058,0.758283026203668,"[496.901,440.097,532.625,486.626]",514,463,True,25,833.0,True,913,819,840.0,True,0.5492713895164884,True,True,True,0.29864455618197794,True,True,True,True,INCLUDED,,BOTH_VALID_INCLUDED
404,1600938545617631,6,4044706,0.4044939,0.9398875329550482,"[486.689,727.67,539.873,828.226]",513,777,True,25,840.0,True,2387,2068,867.0,True,0.44633755692597016,True,True,True,0.3265677030198538,True,True,True,True,INCLUDED,,BOTH_VALID_INCLUDED
404,1600938545684291,0,4044698,0.91777927,0.9568803216468168,"[206.343,768.857,301.752,863.692]",254,816,True,25,840.0,True,7148,6457,848.0,True,0.789999017822779,True,True,True,0.3271541426090145,True,True,True,True,INCLUDED,,BOTH_VALID_INCLUDED
404,1600938545684291,1,4044701,0.91417134,0.9462276762316814,"[270.695,832.666,371.429,946.622]",321,889,True,25,810.0,True,9642,8277,803.0,True,0.8399508058741019,True,True,True,0.2835572959222154,True,True,True,True,INCLUDED,,BOTH_VALID_INCLUDED
404,1600938545684291,2,4044700,0.90904814,0.9529525564839624,"[226.533,664.894,304.914,742.494]",265,703,True,25,849.0,True,4454,3422,857.0,True,0.7322808744018937,True,True,True,0.4677793009793993,True,True,True,True,INCLUDED,,BOTH_VALID_INCLUDED
404,1600938545684291,3,4044704,0.67110676,0.5909107763189179,"[520.442,521.669,567.788,580.133]",544,550,True,6,894.0,True,1184,415,895.0,True,0.4277400175826576,True,True,True,0.328363158567602,True,True,True,True,INCLUDED,,BOTH_VALID_INCLUDED
404,1600938545684291,4,4044706,0.41387317,0.8466753758595573,"[472.285,727.492,527.567,822.336]",499,774,True,25,829.0,True,2125,1732,905.0,True,0.4052894752440956,True,True,True,0.33970444543829237,True,True,True,True,INCLUDED,,BOTH_VALID_INCLUDED
404,1600938545750951,0,4044698,0.92212296,0.916581672353512,"[199.466,774.65,293.934,869.29]",246,821,True,23,826.0,True,7110,6507,842.0,True,0.7952618482517089,True,True,True,0.3181071927533191,True,True,True,True,INCLUDED,,BOTH_VALID_INCLUDED
404,1600938545750951,1,4044701,0.91485167,0.9423188779503178,"[262.164,838.614,361.866,951.376]",312,894,True,25,792.0,True,9614,8936,802.0,True,0.8551405040126123,True,True,True,0.2781868401991897,True,True,True,True,INCLUDED,,BOTH_VALID_INCLUDED
404,1600938545750951,2,4044700,0.9084475,0.8999353947678402,"[218.992,670.641,296.153,748.495]",257,709,True,25,854.0,True,4443,4093,855.0,True,0.7396010772636096,True,True,True,0.4467899591914935,True,True,True,True,INCLUDED,,BOTH_VALID_INCLUDED
404,1600938545750951,3,4044704,0.72246504,0.6362939578951793,"[516.785,528.994,554.958,581.531]",535,555,True,25,859.0,True,1091,552,859.0,True,0.5440053721682345,True,True,True,0.3387293215661384,True,True,True,True,INCLUDED,,BOTH_VALID_INCLUDED
404,1600938545750951,4,4044706,0.36856726,0.876013020822552,"[462.415,730.603,513.839,824.469]",488,777,True,13,720.0,True,1926,1550,890.0,True,0.3990084714893184,True,True,True,0.34725852800907075,True,True,True,True,INCLUDED,,BOTH_VALID_INCLUDED
404,1600938545817612,0,4044701,0.91759646,0.9530555802811392,"[251.142,835.006,354.997,948.843]",303,891,True,25,794.0,True,9742,8972,809.0,True,0.8240190900372328,True,True,True,0.27911360628268156,True,True,True,True,INCLUDED,,BOTH_VALID_INCLUDED
404,1600938545817612,1,4044698,0.91754055,0.9611818294180033,"[186.323,769.357,282.587,865.7]",234,817,True,25,840.0,True,7182,6768,846.0,True,0.7743928447622753,True,True,True,0.31502526905067524,True,True,True,True,INCLUDED,,BOTH_VALID_INCLUDED
404,1600938545817612,2,4044700,0.91025203,0.9311741299573347,"[207.883,666.212,286.721,745.574]",247,705,True,25,840.0,True,4482,3975,862.0,True,0.7163473356145557,True,True,True,0.433749540783598,True,True,True,True,INCLUDED,,BOTH_VALID_INCLUDED
404,1600938545817612,3,4044704,0.76495147,0.801909882230585,"[515.988,526.489,552.906,582.223]",534,554,True,25,876.0,True,988,586,876.0,True,0.4801739173598897,True,True,True,0.33974726742911415,True,True,True,True,INCLUDED,,BOTH_VALID_INCLUDED
404,1600938545884272,0,4044701,0.91745305,0.9674863099367242,"[230.429,830.139,334.98,944.142]",282,887,True,25,782.0,True,9772,8583,789.0,True,0.8198586578221955,True,True,True,0.27859345222301346,True,True,True,True,INCLUDED,,BOTH_VALID_INCLUDED
404,1600938545884272,1,4044698,0.91008681,0.9613724431039963,"[168.1,765.293,263.65,860.372]",215,812,True,25,844.0,True,7190,6367,838.0,True,0.7914319772278499,True,True,True,0.3076542593995681,True,True,True,True,INCLUDED,,BOTH_VALID_INCLUDED
404,1600938545884272,2,4044700,0.88787693,0.9481827787061332,"[190.135,662.425,266.889,740.804]",228,701,True,25,841.0,True,4523,3670,851.0,True,0.7518407340961887,True,True,True,0.40781659319612895,True,True,True,True,INCLUDED,,BOTH_VALID_INCLUDED
404,1600938545884272,3,4044704,0.56954008,0.7580265931233233,"[501.291,523.721,537.653,579.821]",519,551,True,10,795.0,True,1002,729,867.0,True,0.4911985745240884,True,True,True,0.35429372696016154,True,True,True,True,INCLUDED,,BOTH_VALID_INCLUDED
404,1600938545950931,0,4044701,0.91249633,0.9681879756121125,"[215.917,835.264,317.769,948.582]",266,891,True,25,770.0,True,9618,8604,794.0,True,0.8333286448127748,True,True,True,0.27130027256300093,True,True,True,True,INCLUDED,,BOTH_VALID_INCLUDED
404,1600938545950931,1,4044698,0.90972245,0.9611307324957054,"[153.619,770.978,247.986,865.821]",200,818,True,25,840.0,True,7074,6406,835.0,True,0.7903867005490878,True,True,True,0.29489568573055447,True,True,True,True,INCLUDED,,BOTH_VALID_INCLUDED
404,1600938545950931,2,4044700,0.9086073,0.9071407137368978,"[175.755,671.138,252.674,745.979]",214,708,True,25,840.0,True,4454,3764,852.0,True,0.773707846884132,True,True,True,0.3829928816656212,True,True,True,True,INCLUDED,,BOTH_VALID_INCLUDED
404,1600938545950931,3,4044704,0.5565213,0.65522126233982,"[479.27,535.25,519.778,587.963]",499,561,False,0,,True,922,434,839.0,True,0.43178980728445354,False,True,True,0.3845576737133665,True,False,False,True,INVALID_BBOX_CENTER_DEPTH,INVALID_BBOX_CENTER_DEPTH,A_BBOX_INVALID_MASK_VALID
404,1600938546017592,0,4044701,0.91499716,0.9398560281086676,"[199.04,830.624,302.899,943.509]",250,887,True,25,789.0,True,9721,9063,797.0,True,0.8291451583827457,True,True,True,0.2702303681898616,True,True,True,True,INCLUDED,,BOTH_VALID_INCLUDED
404,1600938546017592,1,4044698,0.90148699,0.955047438696018,"[136.171,765.549,232.688,861.851]",184,813,True,25,831.0,True,7112,6392,838.0,True,0.7651606490383281,True,True,True,0.28820513510046947,True,True,True,True,INCLUDED,,BOTH_VALID_INCLUDED
404,1600938546017592,2,4044700,0.88771075,0.9563630448212209,"[158.174,662.611,235.076,742.305]",196,702,True,25,847.0,True,4501,3784,859.0,True,0.7344221265857658,True,True,True,0.3637596310808684,True,True,True,True,INCLUDED,,BOTH_VALID_INCLUDED
404,1600938546084253,0,4044698,0.91848016,0.9509011154227716,"[122.761,766.849,221.303,865.259]",172,816,True,25,817.0,True,7177,6199,827.0,True,0.7400862609567752,True,True,True,0.2796887909361924,True,True,True,True,INCLUDED,,BOTH_VALID_INCLUDED
404,1600938546084253,1,4044701,0.91450411,0.9521236088379015,"[186.09,833.931,288.501,947.608]",237,890,True,25,789.0,True,9853,9239,801.0,True,0.8463485843827003,True,True,True,0.26372666090721186,True,True,True,True,INCLUDED,,BOTH_VALID_INCLUDED
404,1600938546084253,2,4044700,0.91142964,0.9240208188100243,"[145.481,665.546,224.329,743.861]",184,704,True,25,849.0,True,4582,4216,855.0,True,0.7420265602366737,True,True,True,0.34883604406716573,True,True,True,True,INCLUDED,,BOTH_VALID_INCLUDED
404,1600938546084253,4,4044710,0.35381424,0.5831505368210762,"[472.02,309.717,489.844,328.192]",480,318,True,25,876.0,True,179,179,875.0,True,0.5435799262917757,True,True,True,0.22569965121760407,True,True,True,True,INCLUDED,,BOTH_VALID_INCLUDED
404,1600938546150912,0,4044698,0.91079986,0.9258657683102866,"[104.215,766.047,202.7,862.379]",153,814,True,25,808.0,True,7162,5832,830.0,True,0.7549073441250569,True,True,True,0.27012164626996915,True,True,True,True,INCLUDED,,BOTH_VALID_INCLUDED
404,1600938546150912,1,4044701,0.90939087,0.9170433161853113,"[162.58,831.885,268.128,944.861]",215,888,True,25,801.0,True,9818,8581,808.0,True,0.8233544275049246,True,True,True,0.25811623330611183,True,True,True,True,INCLUDED,,BOTH_VALID_INCLUDED
404,1600938546150912,2,4044700,0.88163954,0.9155768543323278,"[127.99,668.728,205.867,742.066]",166,705,True,25,838.0,True,4568,3848,855.0,True,0.7998118234678181,True,True,True,0.3291136124518501,True,True,True,True,INCLUDED,,BOTH_VALID_INCLUDED
404,1600938546217573,0,4044698,0.91679788,0.955047047036044,"[89.865,769.217,188.156,864.736]",139,816,True,25,830.0,True,7096,5474,841.0,True,0.7558055664698444,True,True,True,0.2610146977895215,True,True,True,True,INCLUDED,,BOTH_VALID_INCLUDED
404,1600938546217573,1,4044701,0.90977365,0.9717508400412098,"[149.635,834.205,252.617,947.063]",201,890,True,25,761.0,True,9772,8669,789.0,True,0.8407943538848146,True,True,True,0.25205025757210214,True,True,True,True,INCLUDED,,BOTH_VALID_INCLUDED
404,1600938546217573,2,4044700,0.8978644,0.9501835702332478,"[113.125,664.641,193.776,743.784]",153,704,True,25,842.0,True,4561,3919,853.0,True,0.714558528398893,True,True,True,0.316154968337957,True,True,True,True,INCLUDED,,BOTH_VALID_INCLUDED
404,1600938546284234,0,4044701,0.91668117,0.9046499573441106,"[127.155,831.006,237.567,944.514]",182,887,True,25,785.0,True,9864,8554,804.0,True,0.7870644837565342,True,True,True,0.24699794968446503,True,True,True,True,INCLUDED,,BOTH_VALID_INCLUDED
404,1600938546284234,1,4044698,0.90640825,0.9298182619131157,"[72.83,766.463,174.797,863.265]",123,814,True,25,820.0,True,7158,5253,833.0,True,0.7251831789459171,True,True,True,0.2538887890963521,True,True,True,True,INCLUDED,,BOTH_VALID_INCLUDED
404,1600938546284234,2,4044700,0.89297384,0.947666489378601,"[98.216,661.391,178.237,742.21]",138,701,True,25,852.0,True,4612,3996,873.0,True,0.7131351643351534,True,True,True,0.30282535286438966,True,True,True,True,INCLUDED,,BOTH_VALID_INCLUDED
404,1600938546284234,3,4044704,0.75307888,0.5227746202174594,"[407.987,528.34,451.226,579.079]",429,553,True,23,941.0,True,1702,1392,929.0,True,0.7757861301237187,True,True,True,0.4742363914564933,True,True,True,True,INCLUDED,,BOTH_VALID_INCLUDED
404,1600938546350893,0,4044701,0.90849739,0.9718059240031152,"[115.392,833.673,220.144,946.269]",167,889,True,25,764.0,True,9931,8067,781.0,True,0.8419914780335802,True,True,True,0.24076721938374326,True,True,True,True,INCLUDED,,BOTH_VALID_INCLUDED
404,1600938546350893,1,4044698,0.90565795,0.9612865687655744,"[59.316,768.926,159.082,866.404]",109,817,True,25,830.0,True,7134,5378,837.0,True,0.7335740079353348,True,True,True,0.24548720445167982,True,True,True,True,INCLUDED,,BOTH_VALID_INCLUDED
404,1600938546350893,2,4044700,0.89661551,0.954200971460509,"[84.112,664.571,163.567,743.478]",123,704,True,25,850.0,True,4627,4187,862.0,True,0.7380108308265235,True,True,True,0.2901196736998733,True,True,True,True,INCLUDED,,BOTH_VALID_INCLUDED
404,1600938546350893,3,4044704,0.41269392,0.7956836344640439,"[397.182,514.785,444.663,576.538]",420,545,True,25,941.0,True,1996,1745,923.0,True,0.6807421142080611,True,True,True,0.47103142488076777,True,True,True,True,INCLUDED,,BOTH_VALID_INCLUDED
404,1600938546417554,0,4044701,0.91470784,0.949006922530173,"[100.577,832.904,207.533,945.503]",154,889,True,25,767.0,True,9900,8230,780.0,True,0.8220448416852085,True,True,True,0.23624525631304683,True,True,True,True,INCLUDED,,BOTH_VALID_INCLUDED
404,1600938546417554,1,4044698,0.91106218,0.9691312603065181,"[43.372,768.988,143.49,865.256]",93,817,True,25,825.0,True,7121,5434,842.0,True,0.7388339971323975,True,True,True,0.2380675766767474,True,True,True,True,INCLUDED,,BOTH_VALID_INCLUDED
404,1600938546417554,2,4044700,0.89573133,0.9540376659774816,"[67.646,664.537,148.326,743.529]",107,704,True,25,847.0,True,4641,4107,862.0,True,0.7282199441269368,True,True,True,0.27776103968627386,True,True,True,True,INCLUDED,,BOTH_VALID_INCLUDED
404,1600938546417554,3,4044704,0.76490086,0.9526118480869864,"[380.938,512.744,433.099,577.521]",407,545,True,25,922.0,True,2033,1692,918.0,True,0.6016870149061412,True,True,True,0.48571975325668615,True,True,True,True,INCLUDED,,BOTH_VALID_INCLUDED
404,1600938546484215,0,4044698,0.91164458,0.9639854427082636,"[29.046,769.323,129.474,865.779]",79,817,True,25,824.0,True,7168,5921,845.0,True,0.7399696967213385,True,True,True,0.23138849382641702,True,True,True,True,INCLUDED,,BOTH_VALID_INCLUDED
404,1600938546484215,1,4044701,0.90672106,0.9695647696465897,"[85.914,833.846,193.15,945.908]",139,889,True,25,785.0,True,9946,9295,791.0,True,0.8276552604228211,True,True,True,0.23082233784755163,True,True,True,True,INCLUDED,,BOTH_VALID_INCLUDED
404,1600938546484215,2,4044700,0.88493007,0.934506563110199,"[53.718,666.872,133.953,743.2]",93,705,True,25,841.0,True,4675,4146,853.0,True,0.7633678678670727,True,True,True,0.2673833029315639,True,True,True,True,INCLUDED,,BOTH_VALID_INCLUDED
404,1600938546484215,3,4044704,0.74458957,0.7535036421187552,"[366.127,513.711,414.799,576.394]",390,545,True,25,911.0,True,2126,2069,917.0,True,0.6968419610051073,True,True,True,0.5007142597378808,True,True,True,True,INCLUDED,,BOTH_VALID_INCLUDED
404,1600938546550876,0,4044701,0.91267663,0.949503484696494,"[67.75,833.235,178.248,945.598]",122,889,True,25,782.0,True,10059,8427,798.0,True,0.8101716923727486,True,True,True,0.2251942180150561,True,True,True,True,INCLUDED,,BOTH_VALID_INCLUDED
404,1600938546550876,1,4044698,0.91020614,0.9606385580663371,"[11.252,769.864,114.405,865.948]",62,817,True,25,831.0,True,7216,6059,842.0,True,0.7280539909891207,True,True,True,0.22403716820588437,True,True,True,True,INCLUDED,,BOTH_VALID_INCLUDED
404,1600938546550876,2,4044700,0.87021905,0.9425712029381025,"[37.116,665.498,119.317,743.03]",78,704,True,25,862.0,True,4707,4236,867.0,True,0.7385605569788595,True,True,True,0.25705705879400825,True,True,True,True,INCLUDED,,BOTH_VALID_INCLUDED
404,1600938546550876,3,4044704,0.8246485,0.7982701114952404,"[352.781,511.877,404.118,574.111]",378,542,True,25,923.0,True,2266,2231,922.0,True,0.7092538533090472,True,True,True,0.5031576574685658,True,True,True,True,INCLUDED,,BOTH_VALID_INCLUDED
404,1600938546617535,0,4044698,0.90867126,0.986810365541273,"[0.312,768.718,98.443,865.151]",49,816,True,25,829.0,True,7167,6003,833.0,True,0.7573654725038126,True,True,True,0.21858865416796044,True,True,True,True,INCLUDED,,BOTH_VALID_INCLUDED
404,1600938546617535,1,4044701,0.90113831,0.9571634586738867,"[54.648,834.779,162.903,946.433]",108,890,True,25,804.0,True,10053,8085,802.0,True,0.8317128893152541,True,True,True,0.21985365618383038,True,True,True,True,INCLUDED,,BOTH_VALID_INCLUDED
404,1600938546617535,2,4044700,0.86318022,0.9677473448155625,"[23.933,664.786,104.365,744.115]",64,704,True,25,839.0,True,4708,4588,857.0,True,0.737862784719526,True,True,True,0.24826843319274802,True,True,True,True,INCLUDED,,BOTH_VALID_INCLUDED
404,1600938546617535,3,4044704,0.82246894,0.891893098563785,"[341.43,512.35,391.461,575.653]",366,544,True,25,922.0,True,2349,2198,918.0,True,0.7416850772936873,True,True,True,0.5096459737434698,True,True,True,True,INCLUDED,,BOTH_VALID_INCLUDED
404,1600938546684195,0,4044698,0.9143244,0.9661429332947175,"[0.0,768.729,88.636,864.803]",44,816,True,25,820.0,True,6360,5998,834.0,True,0.7468632567584085,True,True,True,0.2165425950650591,True,True,True,True,INCLUDED,,BOTH_VALID_INCLUDED
404,1600938546684195,1,4044701,0.90603173,0.9710230145892988,"[40.756,833.568,147.317,945.572]",94,889,True,25,767.0,True,10159,8682,797.0,True,0.8511755499808352,True,True,True,0.2151826443952603,True,True,True,True,INCLUDED,,BOTH_VALID_INCLUDED
404,1600938546684195,2,4044700,0.88622546,0.8602599979850604,"[5.961,664.938,93.608,744.859]",49,704,True,25,838.0,True,4757,4564,858.0,True,0.6791022768753693,True,True,True,0.23984764723604057,True,True,True,True,INCLUDED,,BOTH_VALID_INCLUDED
404,1600938546684195,3,4044704,0.83189231,0.8943625922272499,"[328.827,510.856,379.499,576.967]",354,543,True,25,914.0,True,2410,2288,918.0,True,0.7194080119112662,True,True,True,0.5095135758552972,True,True,True,True,INCLUDED,,BOTH_VALID_INCLUDED
404,1600938546684195,4,4044712,0.48969749,0.8204931156579657,"[703.055,259.723,719.717,317.908]",711,288,True,25,891.0,True,676,675,891.0,True,0.6972821170541297,True,True,True,0.16756245969717581,True,True,True,True,INCLUDED,,BOTH_VALID_INCLUDED
404,1600938546750855,0,4044701,0.90392494,0.9908191992271242,"[24.646,835.321,134.23,946.885]",79,891,True,23,781.0,True,10171,7694,801.0,True,0.8319408095231958,True,True,True,0.20985452197248913,True,True,True,True,INCLUDED,,BOTH_VALID_INCLUDED
404,1600938546750855,1,4044700,0.89579743,0.9621794810194771,"[0.0,664.568,79.927,745.721]",39,705,True,21,844.0,True,4717,4551,862.0,True,0.7272232994662512,True,True,True,0.23441195724008737,True,True,True,True,INCLUDED,,BOTH_VALID_INCLUDED
404,1600938546750855,2,4044698,0.87230998,0.9382968645195808,"[0.0,772.25,74.348,865.005]",37,818,True,25,843.0,True,5043,4938,836.0,True,0.7312777305322449,True,True,True,0.21324216041750546,True,True,True,True,INCLUDED,,BOTH_VALID_INCLUDED
404,1600938546750855,3,4044704,0.82507348,0.6934371253053987,"[305.168,512.947,364.982,583.458]",335,548,True,25,927.0,True,2424,2359,911.0,True,0.5747419473741547,True,True,True,0.5125020567750572,True,True,True,True,INCLUDED,,BOTH_VALID_INCLUDED
404,1600938546750855,4,4044712,0.79036963,0.827346601777666,"[692.25,254.359,720.0,320.647]",706,287,True,25,864.0,True,1662,1662,877.0,True,0.9035103169788183,True,True,True,0.1683442448407069,True,True,True,True,INCLUDED,,BOTH_VALID_INCLUDED
404,1600938546750855,5,4044713,0.58303171,0.539626654962493,"[694.777,328.86,720.0,386.514]",707,357,True,25,829.0,True,1242,1193,844.0,True,0.8540738250769434,True,True,True,0.1826025172300847,True,True,True,True,INCLUDED,,BOTH_VALID_INCLUDED
404,1600938546817514,0,4044701,0.91689849,0.9633836524556952,"[9.156,834.076,117.995,946.898]",63,890,True,25,789.0,True,10227,8749,797.0,True,0.8328560001085353,True,True,True,0.2048816680508037,True,True,True,True,INCLUDED,,BOTH_VALID_INCLUDED
404,1600938546817514,1,4044700,0.90151519,0.9209752901728944,"[0.0,666.3,65.932,744.825]",32,705,True,25,844.0,True,3958,3474,863.0,True,0.7644896231156929,True,True,True,0.23065862831719108,True,True,True,True,INCLUDED,,BOTH_VALID_INCLUDED
404,1600938546817514,2,4044698,0.87975913,0.7853807857462499,"[0.0,775.195,61.609,860.866]",30,818,True,25,826.0,True,3583,3565,835.0,True,0.6788421687446584,True,True,True,0.2108583760929442,True,True,True,True,INCLUDED,,BOTH_VALID_INCLUDED
404,1600938546817514,3,4044712,0.86927176,0.9302860779641533,"[676.118,255.959,719.772,324.547]",697,290,True,25,875.0,True,2664,2599,883.0,True,0.8897377907728893,True,True,True,0.1705485561613395,True,True,True,True,INCLUDED,,BOTH_VALID_INCLUDED
404,1600938546817514,4,4044704,0.80388874,0.8573796683765422,"[299.962,510.707,356.724,583.94]",328,547,True,25,930.0,True,2420,2354,917.0,True,0.5821713797618496,True,True,True,0.5052185080907041,True,True,True,True,INCLUDED,,BOTH_VALID_INCLUDED
404,1600938546817514,5,4044713,0.74024844,0.8438368318929317,"[678.194,334.76,719.872,407.961]",699,371,True,25,842.0,True,2453,2408,844.0,True,0.804032611172001,True,True,True,0.18777129066848797,True,True,True,True,INCLUDED,,BOTH_VALID_INCLUDED
404,1600938546884173,0,4044701,0.91264147,0.9842485345384269,"[0.0,833.307,104.324,946.129]",52,889,True,25,804.0,True,10115,8759,806.0,True,0.8593851847021158,True,True,True,0.2014553811539178,True,True,True,True,INCLUDED,,BOTH_VALID_INCLUDED
404,1600938546884173,1,4044712,0.88826102,0.9427560435288658,"[664.489,255.432,719.757,323.883]",692,289,True,5,907.0,True,3224,2812,883.0,True,0.8521999160726892,True,True,True,0.17160078403990042,True,True,True,True,INCLUDED,,BOTH_VALID_INCLUDED
404,1600938546884173,2,4044698,0.8695392,0.8929124533366686,"[0.0,773.534,48.537,842.163]",24,807,True,25,818.0,True,2579,2565,827.0,True,0.7742313302639806,True,True,True,0.21037063532931102,True,True,True,True,INCLUDED,,BOTH_VALID_INCLUDED
404,1600938546884173,3,4044700,0.86720622,0.9468209961391081,"[0.0,665.593,53.5,741.454]",26,703,True,25,852.0,True,3092,2966,864.0,True,0.7618459092730717,True,True,True,0.22766060587762327,True,True,True,True,INCLUDED,,BOTH_VALID_INCLUDED
404,1600938546884173,4,4044704,0.86250758,0.8737834642267245,"[287.973,509.638,343.929,582.256]",315,545,True,25,894.0,True,2452,2364,914.0,True,0.6034336445395193,True,True,True,0.4905398821544825,True,True,True,True,INCLUDED,,BOTH_VALID_INCLUDED
404,1600938546884173,5,4044713,0.80046296,0.8846061699313394,"[664.852,337.328,720.0,408.893]",692,373,True,25,861.0,True,3077,2511,859.0,True,0.7796452794890486,True,True,True,0.1900034303065172,True,True,True,True,INCLUDED,,BOTH_VALID_INCLUDED
404,1600938546884173,8,4044716,0.3929798,0.6106777232878033,"[700.221,622.837,719.284,696.775]",709,659,True,25,910.0,True,613,592,900.0,True,0.43491213718411015,True,True,True,0.22206783853136136,True,True,True,True,INCLUDED,,BOTH_VALID_INCLUDED
404,1600938546950833,0,4044701,0.9100098,0.977947021103897,"[0.0,835.261,87.196,945.801]",43,890,True,25,782.0,True,8613,8245,797.0,True,0.8935902556203885,True,True,True,0.1985785753820806,True,True,True,True,INCLUDED,,BOTH_VALID_INCLUDED
404,1600938546950833,1,4044712,0.9074378,0.8861949718662839,"[653.199,252.636,711.58,322.369]",682,287,True,25,853.0,True,3442,3364,868.0,True,0.8454754213217035,True,True,True,0.17310267536652937,True,True,True,True,INCLUDED,,BOTH_VALID_INCLUDED
404,1600938546950833,2,4044713,0.85368115,0.8821637997555068,"[647.432,333.473,717.657,409.825]",682,371,True,25,846.0,True,3505,3396,854.0,True,0.6536960440590761,True,True,True,0.19246321513514064,True,True,True,True,INCLUDED,,BOTH_VALID_INCLUDED
404,1600938546950833,3,4044700,0.85114652,0.8671502157287753,"[0.0,668.151,39.976,740.731]",19,704,True,25,864.0,True,1979,1942,858.0,True,0.6820708572842792,True,True,True,0.22418270615433708,True,True,True,True,INCLUDED,,BOTH_VALID_INCLUDED
404,1600938546950833,4,4044704,0.83817905,0.8312469339813664,"[272.627,511.673,328.057,583.94]",300,547,True,25,929.0,True,2419,2415,916.0,True,0.6038804408494972,True,True,True,0.47661671662536836,True,True,True,True,INCLUDED,,BOTH_VALID_INCLUDED
404,1600938546950833,5,4044698,0.83619016,0.8611829152511999,"[0.0,776.706,34.348,837.714]",17,807,True,25,844.0,True,1559,1522,835.0,True,0.7439741965048132,True,True,True,0.2077145140705258,True,True,True,True,INCLUDED,,BOTH_VALID_INCLUDED
404,1600938546950833,6,4044716,0.76573926,0.6665610835633552,"[693.752,634.612,719.84,723.48]",706,679,True,21,903.0,True,1974,1539,901.0,True,0.8514535414442418,True,True,True,0.22272350570608335,True,True,True,True,INCLUDED,,BOTH_VALID_INCLUDED
404,1600938546950833,8,4044717,0.47565696,0.7845893282775669,"[698.24,510.722,719.498,592.92]",708,551,True,25,895.0,True,1627,1627,890.0,True,0.9311162360389693,True,True,True,0.21746675472031668,True,True,True,True,INCLUDED,,BOTH_VALID_INCLUDED
404,1600938547017492,1,4044712,0.88552535,0.9502603728337222,"[635.46,257.194,693.954,326.562]",664,291,True,25,863.0,True,3361,3223,868.0,True,0.828319753660654,True,True,True,0.17773370809146977,True,True,True,True,INCLUDED,,BOTH_VALID_INCLUDED
404,1600938547017492,2,4044713,0.86831158,0.849306127992284,"[632.88,337.256,697.736,409.068]",665,373,True,25,846.0,True,3558,3336,849.0,True,0.7639391401575806,True,True,True,0.19783105796060768,True,True,True,True,INCLUDED,,BOTH_VALID_INCLUDED
404,1600938547017492,3,4044717,0.84475821,0.9141486571562142,"[680.49,505.037,720.0,606.394]",700,555,True,25,873.0,True,3308,3308,883.0,True,0.8260469338941981,True,True,True,0.22196132452040315,True,True,True,True,INCLUDED,,BOTH_VALID_INCLUDED
404,1600938547017492,4,4044716,0.84014881,0.9209804748167313,"[676.25,637.334,719.802,743.116]",698,690,True,25,843.0,True,3668,3484,888.0,True,0.7961766738300913,True,True,True,0.22637908193607253,True,True,True,True,INCLUDED,,BOTH_VALID_INCLUDED
404,1600938547017492,5,4044704,0.83376932,0.8539664535345445,"[258.485,511.384,316.151,584.328]",287,547,True,25,925.0,True,2433,2432,918.0,True,0.5784058895190495,True,True,True,0.46006787037318236,True,True,True,True,INCLUDED,,BOTH_VALID_INCLUDED
404,1600938547017492,6,4044700,0.76193315,0.6498504734494583,"[0.0,672.06,30.595,736.516]",15,704,True,16,872.0,True,1054,1031,858.0,True,0.5344742699116968,True,True,True,0.2219035666783247,True,True,True,True,INCLUDED,,BOTH_VALID_INCLUDED
404,1600938547017492,7,4044698,0.62231183,0.7073779314115238,"[0.0,778.786,20.728,834.702]",10,806,True,25,832.0,True,651,651,833.0,True,0.5616781018691289,True,True,True,0.20518651959936185,True,True,True,True,INCLUDED,,BOTH_VALID_INCLUDED
404,1600938547084151,0,4044716,0.89879793,0.9081538826351322,"[665.068,635.076,720.0,745.693]",692,690,True,25,905.0,True,5061,4450,900.0,True,0.8328926890507149,True,True,True,0.2291846530379686,True,True,True,True,INCLUDED,,BOTH_VALID_INCLUDED
404,1600938547084151,1,4044712,0.89297897,0.9506495115167463,"[621.342,256.948,680.54,326.264]",650,291,True,25,862.0,True,3331,3115,876.0,True,0.8117720708728691,True,True,True,0.18053806259350533,True,True,True,True,INCLUDED,,BOTH_VALID_INCLUDED
404,1600938547084151,3,4044717,0.88241613,0.9383464676194615,"[670.854,503.749,719.958,609.505]",695,556,True,25,877.0,True,4625,4561,878.0,True,0.8906146810013182,True,True,True,0.22441004571344475,True,True,True,True,INCLUDED,,BOTH_VALID_INCLUDED
404,1600938547084151,4,4044713,0.87076694,0.9212240601633754,"[616.711,337.258,683.585,411.074]",650,374,True,25,862.0,True,3616,3284,863.0,True,0.7325219002412839,True,True,True,0.2026283355221704,True,True,True,True,INCLUDED,,BOTH_VALID_INCLUDED
404,1600938547084151,5,4044704,0.80724806,0.8453971594697063,"[246.935,509.987,306.016,581.563]",276,545,True,25,933.0,True,2413,2295,931.0,True,0.5706135233008115,True,True,True,0.44264353655890043,True,True,True,True,INCLUDED,,BOTH_VALID_INCLUDED
404,1600938547150811,0,4044716,0.92395663,0.9404022454075646,"[649.434,633.307,720.0,745.785]",684,689,True,25,879.0,True,6345,6210,893.0,True,0.7994080929994984,True,True,True,0.23338575346460586,True,True,True,True,INCLUDED,,BOTH_VALID_INCLUDED
404,1600938547150811,1,4044717,0.91932583,0.9517902242104024,"[658.155,502.323,720.0,608.104]",689,555,True,25,862.0,True,5906,5764,877.0,True,0.9027784435055453,True,True,True,0.22736336803537477,True,True,True,True,INCLUDED,,BOTH_VALID_INCLUDED
404,1600938547150811,2,4044712,0.89627129,0.9339426561418823,"[609.061,253.264,667.949,324.342]",638,288,True,25,858.0,True,3302,3018,871.0,True,0.7888874826421355,True,True,True,0.18240733461520695,True,True,True,True,INCLUDED,,BOTH_VALID_INCLUDED
404,1600938547150811,4,4044713,0.88058281,0.8794001796635591,"[602.153,335.316,672.066,408.61]",637,371,True,25,862.0,True,3733,3132,857.0,True,0.7285034750909617,True,True,True,0.2059604266552816,True,True,True,True,INCLUDED,,BOTH_VALID_INCLUDED
404,1600938547150811,5,4044704,0.81844419,0.9110428271446219,"[232.325,511.42,289.626,577.133]",260,544,True,25,887.0,True,2472,2455,915.0,True,0.656500363190634,True,True,True,0.42064984893114904,True,True,True,True,INCLUDED,,BOTH_VALID_INCLUDED
404,1600938547217470,0,4044717,0.92477041,0.9354463505176398,"[642.206,503.027,719.839,609.635]",681,556,True,25,855.0,True,7400,7274,866.0,True,0.8941194755772169,True,True,True,0.23161722864448772,True,True,True,True,INCLUDED,,BOTH_VALID_INCLUDED
404,1600938547217470,1,4044716,0.91771734,0.921487768484423,"[634.351,634.651,719.296,746.052]",676,690,True,25,882.0,True,7137,6356,896.0,True,0.7542039224396015,True,True,True,0.23764279354028098,True,True,True,True,INCLUDED,,BOTH_VALID_INCLUDED
404,1600938547217470,2,4044712,0.88945466,0.8818009245571422,"[593.769,255.971,651.608,326.329]",622,291,True,25,866.0,True,3224,3086,875.0,True,0.7922473072942977,True,True,True,0.18632594527935042,True,True,True,True,INCLUDED,,BOTH_VALID_INCLUDED
404,1600938547217470,3,4044713,0.87880874,0.8608800061690064,"[586.411,338.056,655.924,411.301]",621,374,True,25,862.0,True,3780,3658,863.0,True,0.742416789197107,True,True,True,0.21173183677622096,True,True,True,True,INCLUDED,,BOTH_VALID_INCLUDED
404,1600938547217470,4,4044704,0.79003149,0.9043099146997644,"[218.171,513.44,279.353,578.382]",248,545,True,25,928.0,True,2447,2441,924.0,True,0.6158637475065316,True,True,True,0.40701096628589356,True,True,True,True,INCLUDED,,BOTH_VALID_INCLUDED
405,1600938547284129,0,4054958,0.93489188,0.9780596269318811,"[628.681,504.011,720.0,609.193]",674,556,True,25,851.0,True,8318,8098,876.0,True,0.8659969141204645,True,True,True,0.2351748234683143,True,True,True,True,INCLUDED,,BOTH_VALID_INCLUDED
405,1600938547284129,1,4054959,0.90231073,0.9275949386516112,"[620.597,634.958,706.774,744.41]",663,689,True,25,865.0,True,7173,6801,893.0,True,0.7604764292019655,True,True,True,0.2452646151752653,True,True,True,True,INCLUDED,,BOTH_VALID_INCLUDED
405,1600938547284129,2,4054957,0.88901275,0.8991735132857109,"[571.146,337.547,640.379,411.09]",605,374,True,25,868.0,True,3842,3727,870.0,True,0.7545757913472348,True,True,True,0.2164878463004686,True,True,True,True,INCLUDED,,BOTH_VALID_INCLUDED
405,1600938547284129,3,4054955,0.8846851,0.8972579018854958,"[581.396,256.973,637.418,326.509]",609,291,True,25,863.0,True,3229,3031,873.0,True,0.8288954032143995,True,True,True,0.1892666123380662,True,True,True,True,INCLUDED,,BOTH_VALID_INCLUDED
405,1600938547284129,4,4054949,0.82580578,0.959794934363007,"[205.732,512.581,262.308,577.264]",234,544,True,25,920.0,True,2356,2333,923.0,True,0.6438028469228595,True,True,True,0.3878506380845866,True,True,True,True,INCLUDED,,BOTH_VALID_INCLUDED
405,1600938547284129,5,4054962,0.65225631,0.7097659482342972,"[183.238,734.817,244.977,808.938]",214,771,True,23,789.0,True,1600,1400,880.0,True,0.349638398144974,True,True,True,0.3370829305603721,True,True,True,True,INCLUDED,,BOTH_VALID_INCLUDED
405,1600938547350789,0,4054958,0.92455471,0.9539193167875301,"[615.744,503.699,709.717,609.05]",662,556,True,25,844.0,True,8367,8027,866.0,True,0.8451387507392507,True,True,True,0.24150597415706312,True,True,True,True,INCLUDED,,BOTH_VALID_INCLUDED
405,1600938547350789,1,4054959,0.90622121,0.9104270323249382,"[606.488,633.87,691.265,743.02]",648,688,True,25,889.0,True,7089,6168,900.0,True,0.7660959953944767,True,True,True,0.2545108992072487,True,True,True,True,INCLUDED,,BOTH_VALID_INCLUDED
405,1600938547350789,2,4054955,0.88391322,0.861101998157751,"[566.632,256.304,625.12,325.036]",595,290,True,25,872.0,True,3179,3076,880.0,True,0.7907965675566268,True,True,True,0.19175163783567264,True,True,True,True,INCLUDED,,BOTH_VALID_INCLUDED
405,1600938547350789,3,4054957,0.87699801,0.8960383728276713,"[557.651,336.237,626.387,411.748]",592,373,True,25,861.0,True,3920,3834,864.0,True,0.7552514886345938,True,True,True,0.22076173023250423,True,True,True,True,INCLUDED,,BOTH_VALID_INCLUDED
405,1600938547350789,4,4054949,0.84336889,0.8742481994228875,"[191.588,511.915,248.864,576.311]",220,544,True,25,920.0,True,2472,2395,923.0,True,0.6702192451126732,True,True,True,0.3710541110921548,True,True,True,True,INCLUDED,,BOTH_VALID_INCLUDED
405,1600938547350789,5,4054962,0.74612093,0.5043691563108375,"[186.644,737.42,232.927,818.09]",209,777,True,17,873.0,True,1842,1576,879.0,True,0.49335106193856226,True,True,True,0.3291469231226124,True,True,True,True,INCLUDED,,BOTH_VALID_INCLUDED
405,1600938547417448,0,4054958,0.92553574,0.9536028934175228,"[600.295,505.004,696.294,610.457]",648,557,True,25,881.0,True,8319,8127,868.0,True,0.8217609046558537,True,True,True,0.2501230285868903,True,True,True,True,INCLUDED,,BOTH_VALID_INCLUDED
405,1600938547417448,1,4054959,0.90674859,0.9327033658820574,"[594.306,634.658,676.462,742.195]",635,688,True,25,897.0,True,6981,6570,902.0,True,0.7901698146489534,True,True,True,0.2634286012102316,True,True,True,True,INCLUDED,,BOTH_VALID_INCLUDED
405,1600938547417448,2,4054957,0.90283155,0.9095936077018089,"[540.839,338.964,610.436,413.039]",575,376,True,25,862.0,True,4005,3879,865.0,True,0.7768556714326474,True,True,True,0.22682243590433104,True,True,True,True,INCLUDED,,BOTH_VALID_INCLUDED
405,1600938547417448,3,4054955,0.89154232,0.9018346554428122,"[551.525,257.548,609.468,327.793]",580,292,True,25,862.0,True,3141,2952,868.0,True,0.7717054058173742,True,True,True,0.19553861676689888,True,True,True,True,INCLUDED,,BOTH_VALID_INCLUDED
405,1600938547417448,4,4054949,0.85927266,0.9261886024269832,"[177.405,514.632,237.529,578.056]",207,546,True,19,932.0,True,2462,2442,921.0,True,0.6456342395242223,True,True,True,0.35843455765882803,True,True,True,True,INCLUDED,,BOTH_VALID_INCLUDED
405,1600938547417448,5,4054962,0.59575164,0.7580133659034015,"[144.837,734.885,216.269,817.731]",180,776,True,25,753.0,True,1801,1395,886.0,True,0.304333218092488,True,True,True,0.30736450154652906,True,True,True,True,INCLUDED,,BOTH_VALID_INCLUDED
405,1600938547417448,7,4054947,0.44537076,0.8362321123047829,"[144.947,449.764,173.571,490.863]",159,470,True,25,743.0,True,651,428,743.0,True,0.5533748412179724,True,True,True,0.2755954924897188,True,True,True,True,INCLUDED,,BOTH_VALID_INCLUDED
405,1600938547484107,0,4054958,0.92528278,0.9410131338879381,"[585.779,505.468,681.622,611.504]",633,558,True,25,849.0,True,8171,7588,868.0,True,0.804010045275332,True,True,True,0.2593488924419022,True,True,True,True,INCLUDED,,BOTH_VALID_INCLUDED
405,1600938547484107,1,4054959,0.90661192,0.9098115305754798,"[577.355,635.061,661.399,742.977]",619,689,True,25,902.0,True,6905,6761,900.0,True,0.7613268199798463,True,True,True,0.27474916333193855,True,True,True,True,INCLUDED,,BOTH_VALID_INCLUDED
405,1600938547484107,2,4054955,0.90264094,0.9387640275350916,"[537.073,257.472,594.526,327.732]",565,292,True,25,888.0,True,3112,3005,888.0,True,0.7709367201713099,True,True,True,0.19849909308935565,True,True,True,True,INCLUDED,,BOTH_VALID_INCLUDED
405,1600938547484107,3,4054957,0.88912463,0.9407345893543059,"[526.368,339.538,595.718,413.698]",561,376,True,25,871.0,True,4055,3719,867.0,True,0.7884509340470043,True,True,True,0.23183391474026244,True,True,True,True,INCLUDED,,BOTH_VALID_INCLUDED
405,1600938547484107,4,4054949,0.84992975,0.9779960299753649,"[165.517,512.97,224.633,577.517]",195,545,True,25,923.0,True,2454,2454,924.0,True,0.6431221327622269,True,True,True,0.3445805429397861,True,True,True,True,INCLUDED,,BOTH_VALID_INCLUDED
405,1600938547484107,5,4054962,0.71373796,0.7076240758587855,"[140.663,735.811,202.227,815.357]",171,775,True,24,821.5,True,2137,1875,883.0,True,0.4363744824943739,True,True,True,0.30098608450964914,True,True,True,True,INCLUDED,,BOTH_VALID_INCLUDED
405,1600938547484107,6,4054947,0.58336955,0.7795138986181245,"[131.251,447.938,164.339,493.368]",147,470,True,25,745.0,True,734,449,744.0,True,0.48829559451465493,True,True,True,0.269182849260883,True,True,True,True,INCLUDED,,BOTH_VALID_INCLUDED
405,1600938547550767,0,4054958,0.92216402,0.9563107858023636,"[572.545,504.795,666.696,611.928]",619,558,True,25,873.0,True,8160,8040,877.0,True,0.8089877682093393,True,True,True,0.26870616613073245,True,True,True,True,INCLUDED,,BOTH_VALID_INCLUDED
405,1600938547550767,1,4054959,0.90422904,0.9261917305321712,"[568.041,635.04,647.636,745.135]",607,690,True,25,897.0,True,6881,6571,900.0,True,0.785232334839364,True,True,True,0.28340724992299815,True,True,True,True,INCLUDED,,BOTH_VALID_INCLUDED
405,1600938547550767,2,4054955,0.89756882,0.9043479435150639,"[523.64,257.152,580.741,329.142]",552,293,True,25,890.0,True,3113,2873,886.0,True,0.7572917630284756,True,True,True,0.20139353135208132,True,True,True,True,INCLUDED,,BOTH_VALID_INCLUDED
405,1600938547550767,3,4054957,0.88854212,0.8934519063832354,"[511.905,341.153,581.576,413.301]",546,377,True,25,873.0,True,4142,3937,863.0,True,0.8240124127479176,True,True,True,0.23675989423175806,True,True,True,True,INCLUDED,,BOTH_VALID_INCLUDED
405,1600938547550767,4,4054949,0.85030895,0.9203826346786428,"[150.858,513.017,210.729,577.261]",180,545,True,25,923.0,True,2484,2484,926.0,True,0.6458066400572083,True,True,True,0.3302893464165031,True,True,True,True,INCLUDED,,BOTH_VALID_INCLUDED
405,1600938547550767,6,4054947,0.71184325,0.519917367754791,"[114.503,441.371,167.194,494.348]",140,467,True,11,759.0,True,833,665,756.0,True,0.2984153777675714,True,True,True,0.26407872539642097,True,True,True,True,INCLUDED,,BOTH_VALID_INCLUDED
405,1600938547617427,0,4054958,0.92762977,0.9670734912586184,"[559.152,506.111,649.987,610.737]",604,558,True,25,874.0,True,8022,7913,877.0,True,0.8440920601987147,True,True,True,0.27947356048040445,True,True,True,True,INCLUDED,,BOTH_VALID_INCLUDED
405,1600938547617427,1,4054959,0.91094643,0.9558836663469623,"[553.414,635.568,633.757,744.507]",593,690,True,25,856.0,True,6780,6145,890.0,True,0.7746370505880219,True,True,True,0.2950855466431465,True,True,True,True,INCLUDED,,BOTH_VALID_INCLUDED
405,1600938547617427,2,4054955,0.9034968,0.9244911962151341,"[509.995,257.877,566.023,328.693]",538,293,True,25,885.0,True,3060,2846,890.0,True,0.7712317748555843,True,True,True,0.20418932167255952,True,True,True,True,INCLUDED,,BOTH_VALID_INCLUDED
405,1600938547617427,3,4054957,0.88686419,0.9346805250312671,"[497.285,340.575,567.066,416.068]",532,378,True,25,856.0,True,4192,3835,858.0,True,0.795751381173495,True,True,True,0.24198943270764545,True,True,True,True,INCLUDED,,BOTH_VALID_INCLUDED
405,1600938547617427,4,4054949,0.8542006,0.9589044248463034,"[138.314,512.693,199.268,577.083]",168,544,True,25,920.0,True,2474,2474,922.0,True,0.6303460845110245,True,True,True,0.318919894782315,True,True,True,True,INCLUDED,,BOTH_VALID_INCLUDED
405,1600938547617427,5,4054962,0.72328442,0.5490046380792452,"[124.637,738.217,175.786,816.885]",150,777,True,25,882.0,True,2370,2062,888.0,True,0.5889970092004305,True,True,True,0.28501274695063933,True,True,True,True,INCLUDED,,BOTH_VALID_INCLUDED
405,1600938547617427,6,4054947,0.72044337,0.8145350912016993,"[99.147,445.22,136.994,493.372]",118,469,True,25,751.0,True,883,548,751.0,True,0.4845235751349097,True,True,True,0.25246738857820594,True,True,True,True,INCLUDED,,BOTH_VALID_INCLUDED
405,1600938547684085,0,4054958,0.92712259,0.9474418979433272,"[544.6,506.298,635.446,611.188]",590,558,True,25,862.0,True,8060,7932,881.0,True,0.8458534919582746,True,True,True,0.2907370258736926,True,True,True,True,INCLUDED,,BOTH_VALID_INCLUDED
405,1600938547684085,1,4054955,0.91213703,0.9316155820242473,"[495.255,258.331,551.613,329.76]",523,294,True,25,889.0,True,3034,2867,888.0,True,0.7536772977310958,True,True,True,0.2072039673676669,True,True,True,True,INCLUDED,,BOTH_VALID_INCLUDED
405,1600938547684085,2,4054959,0.90112513,0.9310439915143193,"[538.999,635.932,622.344,744.472]",580,690,True,25,897.0,True,6735,6511,901.0,True,0.7445060510765641,True,True,True,0.3064571836369394,True,True,True,True,INCLUDED,,BOTH_VALID_INCLUDED
405,1600938547684085,3,4054957,0.88289613,0.9051627503616708,"[482.421,340.807,552.169,415.996]",517,378,True,25,873.0,True,4227,4130,870.0,True,0.806020671687814,True,True,True,0.24676332339607693,True,True,True,True,INCLUDED,,BOTH_VALID_INCLUDED
405,1600938547684085,4,4054949,0.85644656,0.9019315408249888,"[123.636,514.022,181.138,577.099]",152,545,True,25,940.0,True,2435,2422,925.0,True,0.6713438047200169,True,True,True,0.30480067073051975,True,True,True,True,INCLUDED,,BOTH_VALID_INCLUDED
405,1600938547684085,5,4054947,0.73549658,0.6364166956397389,"[84.125,443.921,134.215,494.808]",109,469,False,0,,True,938,609,757.0,True,0.36799757645741077,False,True,True,0.2479125565220876,True,False,False,True,INVALID_BBOX_CENTER_DEPTH,INVALID_BBOX_CENTER_DEPTH,A_BBOX_INVALID_MASK_VALID
405,1600938547684085,7,4054962,0.52026069,0.8289607992566232,"[82.697,734.687,164.472,817.423]",123,776,True,4,757.0,True,2179,2021,888.0,True,0.3220639810915483,True,True,True,0.2682622227899272,True,True,True,True,INCLUDED,,BOTH_VALID_INCLUDED
405,1600938547750744,0,4054958,0.92955506,0.8506874203911071,"[531.344,506.024,621.459,610.647]",576,558,True,25,854.0,True,8054,7957,870.0,True,0.854254684904811,True,True,True,0.3018431817864644,True,True,True,True,INCLUDED,,BOTH_VALID_INCLUDED
405,1600938547750744,1,4054959,0.91240728,0.9210533049251286,"[525.991,636.32,607.672,744.621]",566,690,True,25,893.0,True,6663,6501,901.0,True,0.7532103870810682,True,True,True,0.3195906099530356,True,True,True,True,INCLUDED,,BOTH_VALID_INCLUDED
405,1600938547750744,2,4054955,0.90535045,0.9425129635440131,"[482.633,258.932,537.906,328.902]",510,293,True,25,885.0,True,3032,2823,886.0,True,0.7839787407719512,True,True,True,0.2095123751930883,True,True,True,True,INCLUDED,,BOTH_VALID_INCLUDED
405,1600938547750744,3,4054957,0.88914496,0.9189499110367694,"[466.733,339.9,538.391,414.704]",502,377,True,25,862.0,True,4312,4102,862.0,True,0.8044318325651585,True,True,True,0.25069680448259324,True,True,True,True,INCLUDED,,BOTH_VALID_INCLUDED
405,1600938547750744,4,4054949,0.8530907,0.9246624790928772,"[112.017,513.332,174.214,577.268]",143,545,True,25,902.0,True,2373,2371,918.0,True,0.5967368239664327,True,True,True,0.297037410290519,True,True,True,True,INCLUDED,,BOTH_VALID_INCLUDED
405,1600938547750744,5,4054947,0.75548625,0.7909003807129102,"[65.972,442.274,106.038,493.079]",86,467,True,15,753.0,True,986,637,759.0,True,0.4843892234834469,True,True,True,0.23602727098587495,True,True,True,True,INCLUDED,,BOTH_VALID_INCLUDED
405,1600938547750744,6,4054962,0.74023473,0.7953159042736906,"[69.792,734.948,146.826,814.973]",108,774,True,21,830.0,True,2344,2054,889.0,True,0.38023271036729567,True,True,True,0.25934159129836076,True,True,True,True,INCLUDED,,BOTH_VALID_INCLUDED
405,1600938547817404,0,4054958,0.93109924,0.9547780083752301,"[517.196,506.132,608.64,611.267]",562,558,True,25,863.0,True,8013,7802,868.0,True,0.8334750594586628,True,True,True,0.3138742632678065,True,True,True,True,INCLUDED,,BOTH_VALID_INCLUDED
405,1600938547817404,1,4054959,0.91057724,0.9491303206600569,"[512.801,636.17,593.66,745.65]",553,690,True,25,877.0,True,6625,6250,882.0,True,0.7483809565922197,True,True,True,0.33352838225835313,True,True,True,True,INCLUDED,,BOTH_VALID_INCLUDED
405,1600938547817404,2,4054955,0.90445036,0.9285326298388151,"[469.021,259.17,524.464,329.331]",496,294,True,25,863.0,True,3045,2848,876.0,True,0.7827891634101687,True,True,True,0.21195060030580667,True,True,True,True,INCLUDED,,BOTH_VALID_INCLUDED
405,1600938547817404,3,4054957,0.90153283,0.918335115844335,"[451.453,340.475,524.597,415.04]",488,377,True,25,868.0,True,4340,4049,855.0,True,0.7957488149998344,True,True,True,0.2552163126523451,True,True,True,True,INCLUDED,,BOTH_VALID_INCLUDED
405,1600938547817404,4,4054949,0.85708588,0.9014631573812488,"[97.062,513.487,157.492,576.453]",127,544,True,25,924.0,True,2453,2446,922.0,True,0.6446720608416524,True,True,True,0.284594126713287,True,True,True,True,INCLUDED,,BOTH_VALID_INCLUDED
405,1600938547817404,5,4054962,0.77768081,0.5446631879126612,"[85.147,739.713,134.432,817.303]",109,778,True,25,876.0,True,2416,2200,872.0,True,0.6317953383728862,True,True,True,0.2590746791544473,True,True,True,True,INCLUDED,,BOTH_VALID_INCLUDED
405,1600938547817404,6,4054947,0.69759423,0.7416918273931528,"[50.482,443.328,97.404,493.981]",73,468,True,7,753.0,True,1037,763,766.0,True,0.43631191093826566,True,True,True,0.23070792730296813,True,True,True,True,INCLUDED,,BOTH_VALID_INCLUDED
405,1600938547817404,7,4054967,0.62626904,0.8247607532341601,"[694.611,925.011,719.764,999.488]",707,962,True,25,920.0,True,1169,1156,933.0,True,0.6240258001070228,True,True,True,0.17430962732996694,True,True,True,True,INCLUDED,,BOTH_VALID_INCLUDED
405,1600938547884062,0,4054958,0.93274122,0.9677454165803705,"[504.348,506.927,593.546,611.958]",548,559,True,25,852.0,True,7988,7733,873.0,True,0.8526394820050426,True,True,True,0.3274359796454041,True,True,True,True,INCLUDED,,BOTH_VALID_INCLUDED
405,1600938547884062,1,4054959,0.91088533,0.9464766302709835,"[500.056,635.696,579.961,747.083]",540,691,True,25,874.0,True,6588,6315,894.0,True,0.7401932621349997,True,True,True,0.34818908869472864,True,True,True,True,INCLUDED,,BOTH_VALID_INCLUDED
405,1600938547884062,2,4054957,0.90045935,0.9036501134257969,"[437.955,340.6,510.131,415.981]",474,378,True,25,873.0,True,4430,3830,868.0,True,0.8142336038812147,True,True,True,0.2594182007750292,True,True,True,True,INCLUDED,,BOTH_VALID_INCLUDED
405,1600938547884062,3,4054955,0.89702547,0.9290289111400881,"[454.449,259.557,510.626,329.795]",482,294,True,25,862.0,True,3055,2772,868.0,True,0.7742487891926155,True,True,True,0.214398733722708,True,True,True,True,INCLUDED,,BOTH_VALID_INCLUDED
405,1600938547884062,4,4054949,0.83586007,0.90366669355536,"[84.816,513.758,145.32,576.351]",115,545,True,25,906.0,True,2479,2438,918.0,True,0.6545859391002736,True,True,True,0.27571712592374104,True,True,True,True,INCLUDED,,BOTH_VALID_INCLUDED
405,1600938547884062,5,4054947,0.74001676,0.7904124699869297,"[37.127,443.817,82.758,493.561]",59,468,True,5,757.0,True,1049,735,859.0,True,0.46214131639656136,True,True,True,0.22445835165336778,True,True,True,True,INCLUDED,,BOTH_VALID_INCLUDED
405,1600938547884062,7,4054967,0.66543669,0.8151617187414003,"[672.983,928.582,716.34,1000.594]",694,964,True,25,946.0,True,1644,1644,941.0,True,0.5265476949957627,True,True,True,0.1766116043837423,True,True,True,True,INCLUDED,,BOTH_VALID_INCLUDED
405,1600938547950722,0,4054958,0.92810559,0.9551181096274908,"[489.751,507.351,580.665,612.098]",535,559,True,25,857.0,True,7950,7731,880.0,True,0.8348236985783886,True,True,True,0.3416203642249176,True,True,True,True,INCLUDED,,BOTH_VALID_INCLUDED
405,1600938547950722,1,4054959,0.91195291,0.9571324390734794,"[484.629,635.726,564.867,746.062]",524,690,True,25,906.0,True,6543,6070,911.0,True,0.7390598164775344,True,True,True,0.36706677788455827,True,True,True,True,INCLUDED,,BOTH_VALID_INCLUDED
405,1600938547950722,2,4054957,0.90532517,0.9160945532774795,"[422.247,341.817,496.06,416.449]",459,379,True,25,868.0,True,4451,4163,869.0,True,0.8079782262796397,True,True,True,0.263799849274956,True,True,True,True,INCLUDED,,BOTH_VALID_INCLUDED
405,1600938547950722,3,4054955,0.9035095,0.9620965156417882,"[439.943,260.201,496.209,329.909]",468,295,True,25,875.0,True,3075,2787,872.0,True,0.7840007095137582,True,True,True,0.21669431957009702,True,True,True,True,INCLUDED,,BOTH_VALID_INCLUDED
405,1600938547950722,4,4054949,0.83279908,0.9212508288739151,"[69.916,513.728,131.587,576.557]",100,545,True,25,926.0,True,2429,2370,924.0,True,0.6268828326840431,True,True,True,0.2659167983102417,True,True,True,True,INCLUDED,,BOTH_VALID_INCLUDED
405,1600938547950722,5,4054947,0.74617708,0.7690049032283852,"[23.675,444.91,69.776,496.36]",46,470,True,3,903.0,True,1100,679,889.0,True,0.46376392190308324,True,True,True,0.219237877536411,True,True,True,True,INCLUDED,,BOTH_VALID_INCLUDED
405,1600938547950722,7,4054967,0.63075334,0.8854589703009155,"[659.583,929.974,704.236,1001.45]",681,965,True,25,924.0,True,1791,1765,931.0,True,0.5611574118578959,True,True,True,0.17922899165050643,True,True,True,True,INCLUDED,,BOTH_VALID_INCLUDED
405,1600938547950722,8,4054962,0.56222796,0.7765971441111569,"[26.722,733.084,106.24,819.927]",66,776,True,25,874.0,True,2085,1875,886.0,True,0.3019296705808534,True,True,True,0.23601134714588903,True,True,True,True,INCLUDED,,BOTH_VALID_INCLUDED
405,1600938548017382,0,4054958,0.92039144,0.9410076240828034,"[476.233,507.115,566.792,612.163]",521,559,True,25,866.0,True,7941,7618,881.0,True,0.8347487733406193,True,True,True,0.3566333175119897,True,True,True,True,INCLUDED,,BOTH_VALID_INCLUDED
405,1600938548017382,1,4054959,0.91953468,0.9526008604841681,"[473.77,636.117,549.167,745.259]",511,690,True,25,883.0,True,6508,5985,897.0,True,0.7908635693707589,True,True,True,0.3850230645924885,True,True,True,True,INCLUDED,,BOTH_VALID_INCLUDED
405,1600938548017382,2,4054957,0.90686613,0.9258607594936715,"[408.065,340.959,481.595,416.559]",444,378,True,25,873.0,True,4487,4162,877.0,True,0.8071787277553626,True,True,True,0.2669023439145837,True,True,True,True,INCLUDED,,BOTH_VALID_INCLUDED
405,1600938548017382,3,4054955,0.89775038,0.9825824529525359,"[424.613,259.674,482.826,330.232]",453,294,True,25,873.0,True,3088,2838,880.0,True,0.7518151074818024,True,True,True,0.21855616781679957,True,True,True,True,INCLUDED,,BOTH_VALID_INCLUDED
405,1600938548017382,4,4054949,0.8417207,0.9151832892852817,"[55.811,514.992,118.861,576.674]",87,545,True,25,928.0,True,2375,2301,927.0,True,0.6106889700392389,True,True,True,0.25742227188974726,True,True,True,True,INCLUDED,,BOTH_VALID_INCLUDED
405,1600938548017382,5,4054962,0.79062313,0.7244276461280308,"[21.093,738.937,94.34,821.466]",57,780,True,25,877.0,True,2202,2132,886.0,True,0.3642678898631099,True,True,True,0.23083263452185254,True,True,True,True,INCLUDED,,BOTH_VALID_INCLUDED
405,1600938548017382,6,4054947,0.75912392,0.6640460949973194,"[9.72,444.87,62.079,496.468]",35,470,True,25,882.0,True,1117,801,878.0,True,0.4134556789921993,True,True,True,0.21474461625388325,True,True,True,True,INCLUDED,,BOTH_VALID_INCLUDED
405,1600938548017382,7,4054967,0.70598298,0.828290624661545,"[645.269,931.078,691.538,1004.285]",668,967,True,25,953.0,True,1897,1843,955.0,True,0.5600471707685969,True,True,True,0.1818226322215954,True,True,True,True,INCLUDED,,BOTH_VALID_INCLUDED
405,1600938548084040,0,4054958,0.92114788,0.9509423482770468,"[462.869,508.218,553.252,612.317]",508,560,True,25,876.0,True,7952,7448,879.0,True,0.8451680313652731,True,True,True,0.3729059157430644,True,True,True,True,INCLUDED,,BOTH_VALID_INCLUDED
405,1600938548084040,1,4054959,0.91214311,0.966116857026261,"[459.458,636.667,537.035,744.128]",498,690,True,25,871.0,True,6490,6232,888.0,True,0.7785039819261744,True,True,True,0.40461881239933584,True,True,True,True,INCLUDED,,BOTH_VALID_INCLUDED
405,1600938548084040,2,4054955,0.90560275,0.9689780361249098,"[412.048,260.232,468.343,331.125]",440,295,True,25,861.0,True,3079,2738,873.0,True,0.7715010305633843,True,True,True,0.22048903756769905,True,True,True,True,INCLUDED,,BOTH_VALID_INCLUDED
405,1600938548084040,3,4054957,0.90236199,0.9136956982808543,"[393.229,341.74,468.666,417.657]",430,379,True,25,881.0,True,4524,4459,880.0,True,0.7899491743645487,True,True,True,0.27041863854544057,True,True,True,True,INCLUDED,,BOTH_VALID_INCLUDED
405,1600938548084040,4,4054949,0.84889114,0.8913818412698412,"[43.451,515.775,103.173,576.895]",73,546,True,25,943.0,True,2352,2299,932.0,True,0.6443467297255644,True,True,True,0.2490033862708199,True,True,True,True,INCLUDED,,BOTH_VALID_INCLUDED
405,1600938548084040,5,4054947,0.82532871,0.7563902801938918,"[0.0,445.036,41.0,496.113]",20,470,True,25,879.0,True,1086,898,875.0,True,0.5185857602844486,True,True,True,0.20858209817371137,True,True,True,True,INCLUDED,,BOTH_VALID_INCLUDED
405,1600938548084040,6,4054962,0.82045835,0.6766541951593914,"[20.576,743.339,82.673,823.473]",51,783,True,25,883.0,True,2035,1886,890.0,True,0.4089563656254621,True,True,True,0.2272266122223826,True,True,True,True,INCLUDED,,BOTH_VALID_INCLUDED
405,1600938548084040,7,4054967,0.81043541,0.8726901525348085,"[632.176,931.937,677.97,1001.328]",655,966,True,25,941.0,True,2042,1947,945.0,True,0.6426048688363316,True,True,True,0.18512408737099467,True,True,True,True,INCLUDED,,BOTH_VALID_INCLUDED
405,1600938548150699,0,4054958,0.92557508,0.8972208434375527,"[447.746,508.768,539.596,613.113]",493,560,True,25,884.0,True,7817,7370,886.0,True,0.815622706729562,True,True,True,0.3916948051033796,True,True,True,True,INCLUDED,,BOTH_VALID_INCLUDED
405,1600938548150699,1,4054959,0.91540474,0.9520115127059444,"[446.547,638.131,522.589,746.59]",484,692,True,22,899.5,True,6470,6248,911.0,True,0.7844859212554235,True,True,True,0.4253054009271892,True,True,True,True,INCLUDED,,BOTH_VALID_INCLUDED
405,1600938548150699,2,4054955,0.91291553,0.9370172252513492,"[397.432,261.837,453.077,331.902]",425,296,True,25,868.0,True,3070,2711,885.0,True,0.7874284508556513,True,True,True,0.22257822602307306,True,True,True,True,INCLUDED,,BOTH_VALID_INCLUDED
405,1600938548150699,3,4054957,0.88841742,0.9603703482611173,"[377.41,342.997,454.016,418.322]",415,380,True,25,881.0,True,4540,4489,884.0,True,0.7867811137422164,True,True,True,0.27377960954495995,True,True,True,True,INCLUDED,,BOTH_VALID_INCLUDED
405,1600938548150699,4,4054949,0.85649878,0.8878648151662833,"[31.985,514.401,94.525,576.393]",63,545,True,25,919.0,True,2335,2185,926.0,True,0.6022729528466337,True,True,True,0.24303699873172,True,True,True,True,INCLUDED,,BOTH_VALID_INCLUDED
405,1600938548150699,5,4054962,0.79420012,0.6939225083679806,"[15.194,741.694,67.991,816.112]",41,778,True,25,885.0,True,2294,2135,889.0,True,0.5838565725370402,True,True,True,0.2235203795711641,True,True,True,True,INCLUDED,,BOTH_VALID_INCLUDED
405,1600938548150699,6,4054947,0.78084207,0.5124377286876548,"[0.0,448.612,35.65,499.848]",17,474,True,25,863.0,True,817,712,878.0,True,0.4472880601899722,True,True,True,0.20824007208497294,True,True,True,True,INCLUDED,,BOTH_VALID_INCLUDED
405,1600938548150699,7,4054967,0.69456172,0.8507686591243323,"[617.305,932.961,664.277,1002.277]",640,967,True,25,947.0,True,2151,2134,948.0,True,0.6606445629447554,True,True,True,0.18815268409891056,True,True,True,True,INCLUDED,,BOTH_VALID_INCLUDED
405,1600938548217359,0,4054959,0.92372763,0.9497974219546237,"[434.247,638.167,509.593,746.087]",471,692,True,25,880.0,True,6455,6062,897.0,True,0.793842066125699,True,True,True,0.44749976899614863,True,True,True,True,INCLUDED,,BOTH_VALID_INCLUDED
405,1600938548217359,1,4054958,0.92234319,0.9244751471858548,"[436.19,508.148,524.273,612.483]",480,560,True,25,874.0,True,7938,7263,880.0,True,0.8637518218908101,True,True,True,0.4094330215527924,True,True,True,True,INCLUDED,,BOTH_VALID_INCLUDED
405,1600938548217359,2,4054955,0.91008061,0.954936949788938,"[383.383,261.441,439.398,330.959]",411,296,True,25,869.0,True,3067,2547,873.0,True,0.7876117136500499,True,True,True,0.2234039529342505,True,True,True,True,INCLUDED,,BOTH_VALID_INCLUDED
405,1600938548217359,3,4054957,0.89383477,0.9317884488802342,"[362.948,342.366,439.355,417.512]",401,379,True,25,879.0,True,4564,4480,875.0,True,0.7948892422699866,True,True,True,0.27525708568962104,True,True,True,True,INCLUDED,,BOTH_VALID_INCLUDED
405,1600938548217359,4,4054949,0.86587441,0.8863390292819776,"[16.624,514.746,83.911,575.787]",50,545,True,25,918.0,True,2264,2150,924.0,True,0.5512182869173456,True,True,True,0.2359068872644075,True,True,True,True,INCLUDED,,BOTH_VALID_INCLUDED
405,1600938548217359,5,4054962,0.78053194,0.8227976328839219,"[4.871,740.699,53.082,819.831]",28,780,True,25,884.0,True,1729,1729,886.0,True,0.45320710648496365,True,True,True,0.21762088895019827,True,True,True,True,INCLUDED,,BOTH_VALID_INCLUDED
405,1600938548217359,6,4054967,0.77225202,0.8725624499521875,"[605.251,933.006,654.18,1000.848]",629,966,True,25,961.0,True,2260,2231,962.0,True,0.6808374818463201,True,True,True,0.1909034146176115,True,True,True,True,INCLUDED,,BOTH_VALID_INCLUDED
405,1600938548284017,0,4054958,0.92078102,0.9026188746180427,"[421.582,508.805,515.892,614.346]",468,561,True,25,873.0,True,7820,7196,874.0,True,0.7856476275891516,True,True,True,0.4272268973048624,True,True,True,True,INCLUDED,,BOTH_VALID_INCLUDED
405,1600938548284017,1,4054955,0.91166806,0.9505788305418716,"[370.446,262.191,425.828,331.877]",398,297,True,25,876.0,True,3062,2476,886.0,True,0.7933978412798304,True,True,True,0.2246787814733136,True,True,True,True,INCLUDED,,BOTH_VALID_INCLUDED
405,1600938548284017,2,4054959,0.90994656,0.971484668421206,"[419.475,638.011,496.472,744.219]",457,691,True,20,898.0,True,6441,5712,905.0,True,0.7876300263816461,True,True,True,0.4750461085124495,True,True,True,True,INCLUDED,,BOTH_VALID_INCLUDED
405,1600938548284017,3,4054957,0.87840039,0.9517374227481922,"[348.53,342.304,424.575,418.448]",386,380,True,25,869.0,True,4578,4341,874.0,True,0.7906229861823969,True,True,True,0.27702498661193525,True,True,True,True,INCLUDED,,BOTH_VALID_INCLUDED
405,1600938548284017,4,4054962,0.81669438,0.7863197778658724,"[0.194,739.836,41.442,816.792]",20,778,True,25,893.0,True,1522,1522,890.0,True,0.47947864659930195,True,True,True,0.2144545268325102,True,True,True,True,INCLUDED,,BOTH_VALID_INCLUDED
405,1600938548284017,5,4054967,0.80368465,0.8325803797616296,"[588.961,933.456,640.191,1001.414]",614,967,True,25,952.0,True,2342,2306,956.0,True,0.6727008024389937,True,True,True,0.19426676209655291,True,True,True,True,INCLUDED,,BOTH_VALID_INCLUDED
405,1600938548284017,6,4054949,0.79695809,0.8491644100723235,"[1.703,511.277,64.494,576.242]",33,543,True,25,948.0,True,2150,2035,935.0,True,0.527061892999442,True,True,True,0.22687370731558382,True,True,True,True,INCLUDED,,BOTH_VALID_INCLUDED
405,1600938548284017,7,4054952,0.32274857,0.6923781304953425,"[373.814,236.715,385.916,250.07]",379,243,True,25,939.0,True,180,180,939.0,True,1.0,True,True,True,0.2011648731567691,True,True,True,True,INCLUDED,,BOTH_VALID_INCLUDED
405,1600938548350676,0,4054958,0.91572833,0.9278439075959994,"[407.636,509.125,499.356,614.052]",453,561,True,25,860.0,True,7689,7141,877.0,True,0.7989480826557336,True,True,True,0.45040168545029363,True,True,True,True,INCLUDED,,BOTH_VALID_INCLUDED
405,1600938548350676,1,4054959,0.91435248,0.9480676198959183,"[403.431,637.834,482.128,744.821]",442,691,True,25,893.0,True,6404,5938,897.0,True,0.7606101849547905,True,True,True,0.5065830061760401,True,True,True,True,INCLUDED,,BOTH_VALID_INCLUDED
405,1600938548350676,2,4054955,0.90685833,0.9855563011010394,"[356.465,262.129,412.072,332.218]",384,297,True,25,871.0,True,3074,2453,882.0,True,0.7887230516909612,True,True,True,0.22538542985950133,True,True,True,True,INCLUDED,,BOTH_VALID_INCLUDED
405,1600938548350676,3,4054957,0.88188398,0.9645356003029546,"[333.642,342.132,411.04,418.028]",372,380,True,25,864.0,True,4613,4385,875.0,True,0.7852986097061152,True,True,True,0.277613669255955,True,True,True,True,INCLUDED,,BOTH_VALID_INCLUDED
405,1600938548350676,4,4054949,0.83652729,0.9504342904744086,"[0.0,514.479,53.416,573.965]",26,544,True,25,919.0,True,1692,1602,926.0,True,0.5324933993100125,True,True,True,0.2238233622912074,True,True,True,True,INCLUDED,,BOTH_VALID_INCLUDED
405,1600938548350676,5,4054967,0.80223376,0.8360850680923672,"[575.265,932.555,627.433,1002.167]",601,967,True,25,996.0,True,2396,2163,966.0,True,0.6597790405060088,True,True,True,0.1973508049237624,True,True,True,True,INCLUDED,,BOTH_VALID_INCLUDED
405,1600938548350676,6,4054962,0.62328285,0.7301175331374241,"[0.0,743.62,27.239,797.925]",13,770,True,25,894.0,True,721,721,894.0,True,0.4874210568445212,True,True,True,0.2126553877627137,True,True,True,True,INCLUDED,,BOTH_VALID_INCLUDED
405,1600938548350676,7,4054952,0.38848412,0.7476289330135324,"[358.99,235.712,372.227,250.671]",365,243,True,25,938.0,True,183,183,938.0,True,0.9241850920935063,True,True,True,0.20126874448629917,True,True,True,True,INCLUDED,,BOTH_VALID_INCLUDED
405,1600938548417336,0,4054958,0.92365956,0.9460509222437954,"[393.522,509.289,482.91,613.519]",438,561,True,25,879.0,True,7766,7425,877.0,True,0.8335380471006822,True,True,True,0.4741962458209789,True,True,True,True,INCLUDED,,BOTH_VALID_INCLUDED
405,1600938548417336,1,4054959,0.92097515,0.9492319016034308,"[393.618,637.197,468.191,744.598]",430,690,True,25,878.0,True,6368,5955,888.0,True,0.7950841849649578,True,True,True,0.5339564942485638,True,True,True,True,INCLUDED,,BOTH_VALID_INCLUDED
405,1600938548417336,2,4054955,0.89672238,0.9707623050873205,"[342.944,261.346,398.022,332.138]",370,296,True,25,889.0,True,3054,2513,890.0,True,0.7832613357324985,True,True,True,0.2255208217730412,True,True,True,True,INCLUDED,,BOTH_VALID_INCLUDED
405,1600938548417336,3,4054957,0.89278418,0.9719898348619416,"[319.142,341.58,398.386,418.589]",358,380,True,25,875.0,True,4628,4538,877.0,True,0.7583775654207996,True,True,True,0.2778407250518257,True,True,True,True,INCLUDED,,BOTH_VALID_INCLUDED
405,1600938548417336,4,4054967,0.76265997,0.7910404630510964,"[563.756,933.238,613.88,1004.037]",588,968,True,25,938.0,True,2455,2455,943.0,True,0.6917969637646127,True,True,True,0.19982012145749473,True,True,True,True,INCLUDED,,BOTH_VALID_INCLUDED
405,1600938548417336,5,4054949,0.61411738,0.8003455138386879,"[0.0,515.896,38.164,561.294]",19,538,True,25,891.0,True,898,896,917.0,True,0.5183053944869913,True,True,True,0.2194523864175099,True,True,True,True,INCLUDED,,BOTH_VALID_INCLUDED
405,1600938548417336,6,4054952,0.33114529,0.7789012030959779,"[345.65,235.355,359.358,251.066]",352,243,True,25,933.0,True,186,184,932.0,True,0.8636445163392882,True,True,True,0.20126381620518236,True,True,True,True,INCLUDED,,BOTH_VALID_INCLUDED
405,1600938548483994,0,4054958,0.9285543,0.9670960381611383,"[380.59,509.269,468.249,613.73]",424,561,True,25,874.0,True,7724,7218,880.0,True,0.8435125997284932,True,True,True,0.4961572489213091,True,True,True,True,INCLUDED,,BOTH_VALID_INCLUDED
405,1600938548483994,1,4054955,0.91389185,0.9673682996163248,"[328.694,262.882,385.31,332.784]",357,297,True,25,871.0,True,3073,2436,873.0,True,0.7764862612093842,True,True,True,0.22615217731561824,True,True,True,True,INCLUDED,,BOTH_VALID_INCLUDED
405,1600938548483994,2,4054959,0.9107973,0.9215442092645298,"[380.251,638.236,454.524,746.399]",417,692,True,25,877.0,True,6344,5826,899.0,True,0.7896842639402246,True,True,True,0.5628857474414866,True,True,True,True,INCLUDED,,BOTH_VALID_INCLUDED
405,1600938548483994,3,4054957,0.90663779,0.9765387410559343,"[304.872,341.705,384.476,418.448]",344,380,True,25,857.0,True,4642,4483,873.0,True,0.759856307158599,True,True,True,0.27748876915680915,True,True,True,True,INCLUDED,,BOTH_VALID_INCLUDED
405,1600938548483994,4,4054967,0.79842752,0.829205822728957,"[548.391,933.241,600.903,1002.356]",574,967,True,25,950.0,True,2480,2451,947.0,True,0.6833147714182031,True,True,True,0.20332521803923956,True,True,True,True,INCLUDED,,BOTH_VALID_INCLUDED
405,1600938548550654,0,4054958,0.9220562,0.9478986646968749,"[366.613,509.927,454.864,614.014]",410,561,True,25,896.0,True,7713,7332,890.0,True,0.8396672310387685,True,True,True,0.5179328312619063,True,True,True,True,INCLUDED,,BOTH_VALID_INCLUDED
405,1600938548550654,1,4054955,0.92093688,0.9531954649067017,"[314.722,263.112,370.942,333.198]",342,298,True,25,857.0,True,3067,2393,877.0,True,0.7783799855263454,True,True,True,0.22610324387932532,True,True,True,True,INCLUDED,,BOTH_VALID_INCLUDED
405,1600938548550654,2,4054957,0.91720474,0.9512965483912216,"[291.015,343.408,368.762,419.205]",329,381,True,25,865.0,True,4660,4590,869.0,True,0.7907701365323306,True,True,True,0.277438633185194,True,True,True,True,INCLUDED,,BOTH_VALID_INCLUDED
405,1600938548550654,3,4054959,0.90296799,0.9433381004036444,"[366.174,638.697,442.057,745.48]",404,692,True,25,908.0,True,6356,5911,906.0,True,0.7843994462885799,True,True,True,0.5943193111178731,True,True,True,True,INCLUDED,,BOTH_VALID_INCLUDED
405,1600938548550654,4,4054967,0.7726168,0.7309742460694675,"[537.383,932.975,588.919,1002.113]",563,967,True,25,925.0,True,2530,2458,942.0,True,0.7100566537420868,True,True,True,0.20600341199076852,True,True,True,True,INCLUDED,,BOTH_VALID_INCLUDED
405,1600938548550654,5,4054965,0.60639328,0.7122456505223151,"[518.378,829.445,593.328,879.478]",555,854,True,25,969.0,True,2134,2125,962.0,True,0.5690707108625201,True,True,True,0.2561249817559817,True,True,True,True,INCLUDED,,BOTH_VALID_INCLUDED
405,1600938548617313,0,4054958,0.92745715,0.9643905736554708,"[352.618,509.235,441.481,613.616]",397,561,True,25,877.0,True,7806,7268,880.0,True,0.8415620112693105,True,True,True,0.5351277387733918,True,True,True,True,INCLUDED,,BOTH_VALID_INCLUDED
405,1600938548617313,1,4054959,0.91518241,0.9327387571225071,"[353.552,638.824,427.598,744.939]",390,691,True,25,901.0,True,6347,5984,909.0,True,0.8077744591996767,True,True,True,0.6241394676154235,True,True,True,True,INCLUDED,,BOTH_VALID_INCLUDED
405,1600938548617313,2,4054955,0.90972966,0.9393392248330873,"[301.454,261.906,357.997,332.495]",329,297,True,25,868.0,True,3095,2568,870.0,True,0.775433888225798,True,True,True,0.22515739566082033,True,True,True,True,INCLUDED,,BOTH_VALID_INCLUDED
405,1600938548617313,3,4054957,0.89355028,0.9558734229146378,"[278.205,342.684,355.517,418.87]",316,380,True,25,872.0,True,4669,4562,879.0,True,0.79268710482519,True,True,True,0.2756430693588855,True,True,True,True,INCLUDED,,BOTH_VALID_INCLUDED
405,1600938548617313,4,4054967,0.8041988,0.8229061744610087,"[512.511,927.858,575.002,1001.732]",543,964,True,25,951.0,True,2577,2574,948.0,True,0.5582199185519923,True,True,True,0.2113391000743728,True,True,True,True,INCLUDED,,BOTH_VALID_INCLUDED
405,1600938548617313,5,4054965,0.38728404,0.5441627035390949,"[511.135,830.523,581.013,877.831]",546,854,True,25,972.0,True,2084,2016,961.0,True,0.6304093706875413,True,True,True,0.26060874816485285,True,True,True,True,INCLUDED,,BOTH_VALID_INCLUDED
405,1600938548683973,0,4054958,0.93621123,0.952420152006405,"[344.835,508.648,430.953,612.602]",387,560,True,25,865.0,True,7668,6943,868.0,True,0.8565386486906617,True,True,True,0.5430838784073826,True,True,True,True,INCLUDED,,BOTH_VALID_INCLUDED
405,1600938548683973,1,4054959,0.90598005,0.9700328232787516,"[340.886,637.913,418.835,743.048]",379,690,True,25,874.0,True,6334,5364,897.0,True,0.7728944557472331,True,True,True,0.6483114718835329,True,True,True,True,INCLUDED,,BOTH_VALID_INCLUDED
405,1600938548683973,2,4054955,0.90506566,0.948565966851955,"[290.017,261.219,346.211,331.055]",318,296,True,25,872.0,True,3092,2597,873.0,True,0.7878983333418371,True,True,True,0.22401199025968663,True,True,True,True,INCLUDED,,BOTH_VALID_INCLUDED
405,1600938548683973,3,4054957,0.88787675,0.9491582771827339,"[266.758,341.092,343.1,417.704]",304,379,True,25,858.0,True,4679,4440,871.0,True,0.800005019360408,True,True,True,0.2729575658313741,True,True,True,True,INCLUDED,,BOTH_VALID_INCLUDED
405,1600938548683973,4,4054967,0.73846138,0.8548648873515737,"[503.129,925.019,563.438,1002.523]",533,963,True,21,949.0,True,2638,2622,946.5,True,0.564376012393865,True,True,True,0.21402924942569163,True,True,True,True,INCLUDED,,BOTH_VALID_INCLUDED
405,1600938548683973,5,4054965,0.65551889,0.6346056228956226,"[499.069,829.818,572.674,883.592]",535,856,True,25,967.0,True,2076,2037,960.0,True,0.5245026530549337,True,True,True,0.26378883668219644,True,True,True,True,INCLUDED,,BOTH_VALID_INCLUDED
405,1600938548750633,0,4054958,0.93466896,0.9459971849530299,"[328.119,511.153,417.558,616.615]",372,563,True,25,885.0,True,7764,7094,877.0,True,0.8231189283644453,True,True,True,0.5643622947389982,True,True,True,True,INCLUDED,,BOTH_VALID_INCLUDED
405,1600938548750633,1,4054959,0.90660232,0.9716423502664435,"[327.894,640.033,403.953,745.575]",365,692,True,25,896.0,True,6314,5506,894.0,True,0.7865541860097489,True,True,True,0.653017693844447,True,True,True,True,INCLUDED,,BOTH_VALID_INCLUDED
405,1600938548750633,2,4054957,0.88431841,0.9482248954151509,"[252.922,344.158,330.221,422.162]",291,383,True,25,904.0,True,4650,4032,873.0,True,0.7711914458524043,True,True,True,0.2733739831025316,True,True,True,True,INCLUDED,,BOTH_VALID_INCLUDED
405,1600938548750633,3,4054955,0.87363005,0.9358638538726045,"[276.998,265.12,333.761,335.398]",305,300,True,25,874.0,True,3083,2594,875.0,True,0.772838574220932,True,True,True,0.22517264178268964,True,True,True,True,INCLUDED,,BOTH_VALID_INCLUDED
405,1600938548750633,4,4054967,0.77023697,0.8243615501317384,"[487.77,921.23,547.602,1001.593]",517,961,True,25,951.0,True,2728,2711,945.0,True,0.567354762675445,True,True,True,0.21833646547720403,True,True,True,True,INCLUDED,,BOTH_VALID_INCLUDED
405,1600938548817294,0,4054958,0.9288466,0.9263669513332364,"[315.071,512.049,402.53,617.582]",358,564,True,25,865.0,True,7736,6957,875.0,True,0.8381537060583648,True,True,True,0.5707955824342058,True,True,True,True,INCLUDED,,BOTH_VALID_INCLUDED
405,1600938548817294,1,4054957,0.91052878,0.9690532404512968,"[236.996,345.744,314.795,423.511]",275,384,True,25,881.0,True,4635,4164,869.0,True,0.7660910314357143,True,True,True,0.27110149392881583,True,True,True,True,INCLUDED,,BOTH_VALID_INCLUDED
405,1600938548817294,2,4054959,0.89556044,0.9442358623378717,"[314.883,640.726,388.965,747.316]",351,694,True,25,890.0,True,6261,5742,895.0,True,0.7928929257257341,True,True,True,0.6467412800405802,True,True,True,True,INCLUDED,,BOTH_VALID_INCLUDED
405,1600938548817294,3,4054955,0.87895888,0.9510148233171645,"[261.144,267.886,317.9,336.339]",289,302,True,25,859.0,True,3068,2350,868.0,True,0.7896799094467157,True,True,True,0.2246385621554321,True,True,True,True,INCLUDED,,BOTH_VALID_INCLUDED
405,1600938548817294,4,4054967,0.75074452,0.885637247921531,"[470.548,920.864,537.351,1001.653]",503,961,True,25,938.0,True,2817,2745,951.0,True,0.5219617135479946,True,True,True,0.2212219184624563,True,True,True,True,INCLUDED,,BOTH_VALID_INCLUDED
405,1600938548817294,5,4054965,0.33377874,0.6325499905149058,"[478.953,824.36,551.106,882.589]",515,853,True,25,966.0,True,2073,2071,955.0,True,0.4934073075560171,True,True,True,0.27485472978688813,True,True,True,True,INCLUDED,,BOTH_VALID_INCLUDED
405,1600938548883955,0,4054958,0.92094249,0.9641988043772577,"[301.019,508.188,388.742,613.563]",344,560,True,25,891.0,True,7805,7028,881.0,True,0.8443487101214434,True,True,True,0.5538444736386375,True,True,True,True,INCLUDED,,BOTH_VALID_INCLUDED
405,1600938548883955,1,4054957,0.91022468,0.8827536989476897,"[223.877,341.344,301.615,415.802]",262,378,True,25,865.0,True,4709,4444,887.0,True,0.8135494592368012,True,True,True,0.2639003951726213,True,True,True,True,INCLUDED,,BOTH_VALID_INCLUDED
405,1600938548883955,2,4054959,0.89812028,0.917788378145219,"[303.719,638.048,376.512,743.276]",340,690,True,25,903.0,True,6297,5903,905.0,True,0.8220774944936594,True,True,True,0.6475654314533913,True,True,True,True,INCLUDED,,BOTH_VALID_INCLUDED
405,1600938548883955,3,4054955,0.8919856,0.9801704978788558,"[247.124,261.755,304.336,330.917]",275,296,True,25,886.0,True,3112,2382,886.0,True,0.7864749868211357,True,True,True,0.22033947890662775,True,True,True,True,INCLUDED,,BOTH_VALID_INCLUDED
405,1600938548883955,4,4054967,0.52606177,0.8388529332185883,"[460.289,926.227,527.603,998.63]",493,962,True,25,975.0,True,2903,2823,963.0,True,0.5956416746421817,True,True,True,0.22264564750576682,True,True,True,True,INCLUDED,,BOTH_VALID_INCLUDED
405,1600938548950614,0,4054958,0.92325753,0.963300057259179,"[286.352,509.063,374.298,614.548]",330,561,True,25,879.0,True,7830,7088,879.0,True,0.8440243251863557,True,True,True,0.5445554458555047,True,True,True,True,INCLUDED,,BOTH_VALID_INCLUDED
405,1600938548950614,1,4054959,0.91112781,0.9290507774216528,"[287.088,638.871,362.297,742.932]",324,690,True,25,868.0,True,6321,5811,891.0,True,0.8076588961461831,True,True,True,0.617481306791417,True,True,True,True,INCLUDED,,BOTH_VALID_INCLUDED
405,1600938548950614,2,4054957,0.9095943,0.9144772939521797,"[209.366,343.908,286.58,419.694]",247,381,True,25,884.0,True,4722,4454,879.0,True,0.8069394462816794,True,True,True,0.2621542970634017,True,True,True,True,INCLUDED,,BOTH_VALID_INCLUDED
405,1600938548950614,3,4054955,0.90139014,0.9625436984501228,"[231.675,262.742,289.614,332.799]",260,297,True,25,852.0,True,3140,2350,873.0,True,0.7735833556906939,True,True,True,0.2191251870154647,True,True,True,True,INCLUDED,,BOTH_VALID_INCLUDED
405,1600938548950614,4,4054967,0.80585009,0.9322063706994965,"[441.399,914.461,516.866,1000.121]",479,957,True,25,938.0,True,2933,2927,941.0,True,0.45370849084363235,True,True,True,0.2278324375472827,True,True,True,True,INCLUDED,,BOTH_VALID_INCLUDED
405,1600938548950614,5,4054965,0.59326416,0.6893434473527652,"[457.571,816.87,528.684,882.05]",493,849,True,25,954.0,True,2117,2046,955.0,True,0.45672785742679717,True,True,True,0.28720259709980306,True,True,True,True,INCLUDED,,BOTH_VALID_INCLUDED
405,1600938549017275,0,4054955,0.91746056,0.9582622123279894,"[217.874,265.342,275.727,335.64]",246,300,True,25,892.0,True,3132,2384,887.0,True,0.7701102424663726,True,True,True,0.21839623851784484,True,True,True,True,INCLUDED,,BOTH_VALID_INCLUDED
405,1600938549017275,1,4054958,0.91619551,0.9025458531885504,"[271.715,510.603,360.934,616.509]",316,563,True,25,871.0,True,7280,6714,882.0,True,0.7704659722341284,True,True,True,0.531798647083465,True,True,True,True,INCLUDED,,BOTH_VALID_INCLUDED
405,1600938549017275,2,4054957,0.91367966,0.9628794200075356,"[194.802,344.372,272.523,422.315]",233,383,True,25,856.0,True,4662,4014,880.0,True,0.7695853144651952,True,True,True,0.25902310782954224,True,True,True,True,INCLUDED,,BOTH_VALID_INCLUDED
405,1600938549017275,3,4054959,0.90257037,0.9615421407837446,"[272.92,640.114,348.649,745.094]",310,692,True,25,890.0,True,6290,5549,893.0,True,0.7911919411246731,True,True,True,0.5812699121006037,True,True,True,True,INCLUDED,,BOTH_VALID_INCLUDED
405,1600938549017275,4,4054967,0.74988312,0.9274609379992563,"[427.118,918.112,503.37,999.585]",465,958,True,25,933.0,True,2992,2969,937.0,True,0.48161127073494947,True,True,True,0.22947950236297507,True,True,True,True,INCLUDED,,BOTH_VALID_INCLUDED
405,1600938549017275,5,4054965,0.63761032,0.632717564150727,"[454.281,815.962,516.232,883.383]",485,849,True,25,936.0,True,2088,2070,956.0,True,0.4999044278740454,True,True,True,0.2904974731429763,True,True,True,True,INCLUDED,,BOTH_VALID_INCLUDED
405,1600938549083935,0,4054958,0.93821126,0.9620578185004249,"[259.6,508.885,345.863,613.898]",302,561,True,25,850.0,True,7811,6969,876.0,True,0.8622615383329876,True,True,True,0.5069521540257761,True,True,True,True,INCLUDED,,BOTH_VALID_INCLUDED
405,1600938549083935,1,4054955,0.9043014,0.9827077646870359,"[203.936,261.801,261.853,332.176]",232,296,True,25,897.0,True,3164,2231,892.0,True,0.7762685813234723,True,True,True,0.21468248792306038,True,True,True,True,INCLUDED,,BOTH_VALID_INCLUDED
405,1600938549083935,2,4054957,0.90136063,0.964543985039028,"[179.938,342.661,258.281,419.368]",219,381,True,25,867.0,True,4699,4157,873.0,True,0.7819342729609683,True,True,True,0.25327476473062466,True,True,True,True,INCLUDED,,BOTH_VALID_INCLUDED
405,1600938549083935,3,4054959,0.8971926,0.9019935659415469,"[257.704,639.08,336.205,741.634]",296,690,True,25,897.0,True,6345,5568,905.0,True,0.7881408412587322,True,True,True,0.5534400100362687,True,True,True,True,INCLUDED,,BOTH_VALID_INCLUDED
405,1600938549083935,4,4054967,0.82568979,0.9702897820322112,"[414.024,914.271,491.33,998.671]",452,956,True,25,935.0,True,3061,3051,945.0,True,0.4691456356796149,True,True,True,0.23268697540643732,True,True,True,True,INCLUDED,,BOTH_VALID_INCLUDED
405,1600938549083935,5,4054965,0.7171067,0.6072879625419398,"[443.056,818.237,505.668,882.258]",474,850,True,25,915.0,True,2093,2067,960.0,True,0.5221426852195991,True,True,True,0.29469142850305696,True,True,True,True,INCLUDED,,BOTH_VALID_INCLUDED
405,1600938549150595,0,4054958,0.92915559,0.9716397074384159,"[245.221,509.898,332.015,615.66]",288,562,True,25,873.0,True,7769,7157,876.0,True,0.8463417454011896,True,True,True,0.487426175683831,True,True,True,True,INCLUDED,,BOTH_VALID_INCLUDED
405,1600938549150595,1,4054955,0.90581483,0.9662493964164266,"[189.51,264.161,247.017,333.602]",218,298,True,25,893.0,True,3176,2120,890.0,True,0.7953235004218536,True,True,True,0.21304117269191075,True,True,True,True,INCLUDED,,BOTH_VALID_INCLUDED
405,1600938549150595,2,4054957,0.9023459,0.9645395566771632,"[165.463,344.78,243.799,420.714]",204,382,True,25,871.0,True,4697,4276,876.0,True,0.789628637339168,True,True,True,0.24966882403141996,True,True,True,True,INCLUDED,,BOTH_VALID_INCLUDED
405,1600938549150595,3,4054959,0.89506173,0.9435630634872201,"[243.061,639.686,322.384,742.604]",282,691,True,25,896.0,True,6336,5713,901.0,True,0.776112538417102,True,True,True,0.5190237010140154,True,True,True,True,INCLUDED,,BOTH_VALID_INCLUDED
405,1600938549150595,4,4054967,0.82171226,0.9441067949146539,"[398.8,915.049,478.542,997.018]",438,956,True,23,917.0,True,3081,3033,935.0,True,0.4713624011826017,True,True,True,0.23491923384117916,True,True,True,True,INCLUDED,,BOTH_VALID_INCLUDED
405,1600938549150595,5,4054965,0.68502378,0.6288388701467846,"[433.192,821.165,493.433,882.42]",463,851,True,25,930.0,True,1985,1980,950.0,True,0.5379312746618541,True,True,True,0.2979320025691374,True,True,True,True,INCLUDED,,BOTH_VALID_INCLUDED
405,1600938549217256,0,4054958,0.93659806,0.9392565016471887,"[231.071,511.211,317.71,616.08]",274,563,True,25,890.0,True,7698,7048,881.0,True,0.8472612596377042,True,True,True,0.46573870564326797,True,True,True,True,INCLUDED,,BOTH_VALID_INCLUDED
405,1600938549217256,1,4054955,0.90529358,0.968918309909982,"[174.381,264.611,232.334,334.939]",203,299,True,25,880.0,True,3184,1834,876.0,True,0.781211934626544,True,True,True,0.21072463438246253,True,True,True,True,INCLUDED,,BOTH_VALID_INCLUDED
405,1600938549217256,2,4054959,0.89698577,0.9351930317649869,"[230.749,639.48,307.847,741.056]",269,690,True,25,905.0,True,6320,5687,912.0,True,0.807017327436348,True,True,True,0.49091761431166936,True,True,True,True,INCLUDED,,BOTH_VALID_INCLUDED
405,1600938549217256,3,4054957,0.89262086,0.9752392699776148,"[150.717,344.688,229.225,421.324]",189,383,True,25,872.0,True,4691,3842,874.0,True,0.7796841226139807,True,True,True,0.24500859161170266,True,True,True,True,INCLUDED,,BOTH_VALID_INCLUDED
405,1600938549217256,4,4054967,0.8108086,0.7477199958182049,"[393.334,927.577,466.583,998.852]",429,963,True,25,929.0,True,3085,2994,935.0,True,0.5909030645597656,True,True,True,0.23218073034515463,True,True,True,True,INCLUDED,,BOTH_VALID_INCLUDED
405,1600938549217256,5,4054965,0.74324739,0.5333222589552242,"[428.935,828.067,479.411,884.7]",454,856,True,25,944.0,True,1940,1937,955.0,True,0.6786521515462377,True,True,True,0.2976296080744001,True,True,True,True,INCLUDED,,BOTH_VALID_INCLUDED
405,1600938549283917,0,4054958,0.92973518,0.9200778908089465,"[218.955,509.15,305.325,614.146]",262,561,True,25,871.0,True,7655,6676,873.0,True,0.8441303616398268,True,True,True,0.44373065336062206,True,True,True,True,INCLUDED,,BOTH_VALID_INCLUDED
405,1600938549283917,1,4054955,0.90463412,0.960994282155592,"[160.197,262.16,219.516,333.102]",189,297,True,25,879.0,True,3224,2174,883.0,True,0.766121736014802,True,True,True,0.20733305365519075,True,True,True,True,INCLUDED,,BOTH_VALID_INCLUDED
405,1600938549283917,2,4054959,0.89510268,0.9246651225220923,"[219.243,638.043,293.929,741.719]",256,689,True,25,897.0,True,6379,6001,904.0,True,0.8238253827953005,True,True,True,0.4655160347810756,True,True,True,True,INCLUDED,,BOTH_VALID_INCLUDED
405,1600938549283917,3,4054957,0.88432503,0.9684155761363633,"[136.835,343.422,215.882,418.889]",176,381,True,25,890.0,True,4748,4141,886.0,True,0.795917826780893,True,True,True,0.2395946955521634,True,True,True,True,INCLUDED,,BOTH_VALID_INCLUDED
405,1600938549283917,4,4054967,0.83607173,0.924623819080761,"[374.362,918.958,453.197,998.117]",413,958,True,17,934.0,True,3115,2894,943.0,True,0.4991587400532497,True,True,True,0.23638121167126336,True,True,True,True,INCLUDED,,BOTH_VALID_INCLUDED
405,1600938549283917,5,4054965,0.66280031,0.5915249773570357,"[411.762,828.068,468.186,884.018]",439,856,True,25,934.0,True,1869,1860,955.0,True,0.5920322156753404,True,True,True,0.30269075998161893,True,True,True,True,INCLUDED,,BOTH_VALID_INCLUDED
405,1600938549350576,0,4054958,0.91328692,0.9518547678613258,"[203.879,511.349,291.748,617.019]",247,564,True,25,873.0,True,7710,7164,873.0,True,0.8303610831201104,True,True,True,0.42480406040907964,True,True,True,True,INCLUDED,,BOTH_VALID_INCLUDED
405,1600938549350576,1,4054959,0.89568216,0.8880203315662762,"[203.918,639.269,280.876,735.106]",242,687,True,25,884.0,True,6163,5758,895.0,True,0.8356129937322118,True,True,True,0.4410790804091578,True,True,True,True,INCLUDED,,BOTH_VALID_INCLUDED
405,1600938549350576,2,4054955,0.89394802,0.9597167569686724,"[146.467,264.3,206.016,335.859]",176,300,True,25,876.0,True,3123,2006,876.0,True,0.7328806385246435,True,True,True,0.2055876354139672,True,True,True,True,INCLUDED,,BOTH_VALID_INCLUDED
405,1600938549350576,3,4054957,0.88134325,0.9484539515741748,"[122.53,344.401,201.577,420.737]",162,382,True,25,891.0,True,4698,3769,880.0,True,0.7785709961172156,True,True,True,0.23544031054156986,True,True,True,True,INCLUDED,,BOTH_VALID_INCLUDED
405,1600938549350576,4,4054967,0.82032597,0.8051086655178882,"[366.511,924.802,440.896,997.193]",403,960,True,25,916.0,True,2885,2756,943.0,True,0.5357668939045346,True,True,True,0.23587190168746291,True,True,True,True,INCLUDED,,BOTH_VALID_INCLUDED
405,1600938549350576,5,4054965,0.75067627,0.664935348907992,"[402.523,832.222,455.161,885.209]",428,858,True,25,935.0,True,1587,1587,948.0,True,0.5689946927122226,True,True,True,0.30368008975521854,True,True,True,True,INCLUDED,,BOTH_VALID_INCLUDED
405,1600938549417237,0,4054958,0.90948606,0.8761309069689914,"[189.595,510.747,276.681,615.846]",233,563,True,25,890.0,True,7752,7268,886.0,True,0.8469676779611301,True,True,True,0.40282339692671465,True,True,True,True,INCLUDED,,BOTH_VALID_INCLUDED
405,1600938549417237,1,4054959,0.90839398,0.9489634941391949,"[191.444,639.674,266.951,742.605]",229,691,True,25,923.0,True,6189,5998,917.0,True,0.7963189947186864,True,True,True,0.41589710075685665,True,True,True,True,INCLUDED,,BOTH_VALID_INCLUDED
405,1600938549417237,2,4054955,0.89540201,0.9502114843646414,"[132.886,263.388,191.457,333.746]",162,298,True,25,900.0,True,3139,2383,898.0,True,0.7617197059507236,True,True,True,0.20218179629100025,True,True,True,True,INCLUDED,,BOTH_VALID_INCLUDED
405,1600938549417237,3,4054967,0.87971044,0.8928663358830377,"[351.62,920.284,428.011,995.795]",389,958,True,25,951.0,True,2862,2684,951.0,True,0.496154817414307,True,True,True,0.23841652631034876,True,True,True,True,INCLUDED,,BOTH_VALID_INCLUDED
405,1600938549417237,4,4054957,0.87438732,0.9507984273233397,"[108.073,343.206,190.114,419.763]",149,381,True,25,894.0,True,4700,3839,886.0,True,0.7483107874688611,True,True,True,0.23060908833565147,True,True,True,True,INCLUDED,,BOTH_VALID_INCLUDED
405,1600938549417237,5,4054970,0.68023241,0.5628376004804791,"[700.101,840.223,720.0,913.538]",710,876,True,25,816.0,True,725,648,799.0,True,0.4969513968201899,True,True,True,0.19132626528426716,True,True,True,True,INCLUDED,,BOTH_VALID_INCLUDED
405,1600938549417237,6,4054965,0.64961898,0.6672155240672075,"[388.335,836.766,443.679,884.47]",416,860,True,25,934.0,True,1573,1573,954.0,True,0.5958039547819622,True,True,True,0.30523531052252273,True,True,True,True,INCLUDED,,BOTH_VALID_INCLUDED
405,1600938549483898,0,4054958,0.91426456,0.9211465251317109,"[172.146,510.286,265.48,615.038]",218,562,True,25,893.0,True,7764,7415,888.0,True,0.7941148627833828,True,True,True,0.3831694150166738,True,True,True,True,INCLUDED,,BOTH_VALID_INCLUDED
405,1600938549483898,1,4054959,0.8991949,0.9557801239332094,"[179.913,639.653,254.215,743.654]",217,691,True,25,894.0,True,6204,5543,901.0,True,0.8028488138231393,True,True,True,0.39685241797523857,True,True,True,True,INCLUDED,,BOTH_VALID_INCLUDED
405,1600938549483898,2,4054955,0.8987627,0.9613173214848335,"[118.716,262.445,179.565,333.941]",149,298,True,25,885.0,True,3169,1990,890.0,True,0.7284287004692415,True,True,True,0.1993565025289938,True,True,True,True,INCLUDED,,BOTH_VALID_INCLUDED
405,1600938549483898,3,4054957,0.89205426,0.9311723752271925,"[94.802,342.594,176.522,418.774]",135,380,True,25,875.0,True,4753,3789,878.0,True,0.7634814471277613,True,True,True,0.22579061089020966,True,True,True,True,INCLUDED,,BOTH_VALID_INCLUDED
405,1600938549483898,4,4054967,0.86086255,0.9001249940709086,"[339.919,921.784,418.253,993.987]",379,957,True,25,916.0,True,2830,2799,937.0,True,0.5003580475553876,True,True,True,0.23897263698625615,True,True,True,True,INCLUDED,,BOTH_VALID_INCLUDED
405,1600938549483898,5,4054970,0.79957163,0.8615647623482909,"[693.243,833.092,720.0,934.007]",706,883,True,25,763.0,True,2267,2104,768.0,True,0.8395728325275111,True,True,True,0.1909743509733962,True,True,True,True,INCLUDED,,BOTH_VALID_INCLUDED
405,1600938549483898,6,4054965,0.72204536,0.6554959038994621,"[377.72,835.851,431.994,883.674]",404,859,True,25,937.0,True,1556,1548,951.0,True,0.5994886234130834,True,True,True,0.30836235931975964,True,True,True,True,INCLUDED,,BOTH_VALID_INCLUDED
405,1600938549483898,7,4054952,0.32994387,0.704326570867005,"[131.529,235.764,146.618,252.484]",139,244,False,0,,True,195,39,948.0,True,0.772925934511056,False,True,True,0.1807174110694298,True,False,False,True,INVALID_BBOX_CENTER_DEPTH,INVALID_BBOX_CENTER_DEPTH,A_BBOX_INVALID_MASK_VALID
405,1600938549550557,0,4054958,0.92365509,0.962707224056603,"[164.631,511.23,250.893,615.333]",207,563,True,25,901.0,True,7765,7199,890.0,True,0.8646865265921581,True,True,True,0.36971828834235076,True,True,True,True,INCLUDED,,BOTH_VALID_INCLUDED
405,1600938549550557,1,4054955,0.91458827,0.9545711915549787,"[103.858,264.119,165.375,335.221]",134,299,True,25,879.0,True,3194,2202,880.0,True,0.730227100669461,True,True,True,0.19677529973487354,True,True,True,True,INCLUDED,,BOTH_VALID_INCLUDED
405,1600938549550557,2,4054957,0.89877552,0.9363516119359048,"[80.884,343.318,161.962,420.125]",121,381,True,25,872.0,True,4775,3709,881.0,True,0.7667778279980053,True,True,True,0.2214319636660646,True,True,True,True,INCLUDED,,BOTH_VALID_INCLUDED
405,1600938549550557,3,4054959,0.89670223,0.8812231161699807,"[166.971,639.389,242.338,736.199]",204,687,True,25,897.0,True,6216,5418,903.0,True,0.8519410743443219,True,True,True,0.38090666182332494,True,True,True,True,INCLUDED,,BOTH_VALID_INCLUDED
405,1600938549550557,4,4054970,0.87077874,0.8931174871969221,"[678.205,832.729,719.903,949.895]",699,891,True,24,747.0,True,4247,3750,761.0,True,0.8692914987400661,True,True,True,0.1915572569411116,True,True,True,True,INCLUDED,,BOTH_VALID_INCLUDED
405,1600938549550557,5,4054967,0.82516569,0.8001047831052859,"[333.045,923.406,405.423,994.95]",369,959,True,25,917.0,True,2828,2628,944.0,True,0.5461344960340541,True,True,True,0.23848615979162166,True,True,True,True,INCLUDED,,BOTH_VALID_INCLUDED
405,1600938549550557,6,4054965,0.66193438,0.6463192600909695,"[365.727,838.403,420.246,883.969]",392,861,True,25,934.0,True,1542,1534,949.0,True,0.620719782360476,True,True,True,0.30899275017245675,True,True,True,True,INCLUDED,,BOTH_VALID_INCLUDED
405,1600938549550557,8,4054952,0.30427501,0.6772262717491182,"[118.342,237.198,133.154,252.65]",125,244,True,11,951.0,True,140,58,951.0,True,0.6116875382610557,True,True,True,0.1787940329843093,True,True,True,True,INCLUDED,,BOTH_VALID_INCLUDED
405,1600938549617218,0,4054958,0.92263091,0.9773530830826487,"[149.046,510.47,237.579,615.393]",193,562,True,23,870.0,True,7810,7277,880.0,True,0.8407660244482492,True,True,True,0.3525574614924311,True,True,True,True,INCLUDED,,BOTH_VALID_INCLUDED
405,1600938549617218,1,4054955,0.91419625,0.9256578577516608,"[89.607,262.71,150.467,332.966]",120,297,True,25,868.0,True,3211,1981,864.0,True,0.7509740631754084,True,True,True,0.19308003500899426,True,True,True,True,INCLUDED,,BOTH_VALID_INCLUDED
405,1600938549617218,2,4054959,0.90746242,0.9518174088779068,"[150.839,638.165,228.214,741.094]",189,689,True,25,890.0,True,6251,5748,901.0,True,0.7848941341704067,True,True,True,0.36029434932406595,True,True,True,True,INCLUDED,,BOTH_VALID_INCLUDED
405,1600938549617218,3,4054970,0.8976537,0.9290240290968012,"[662.244,833.185,720.0,965.476]",691,899,True,25,735.0,True,6290,5645,751.0,True,0.823233885627676,True,True,True,0.19209056065798102,True,True,True,True,INCLUDED,,BOTH_VALID_INCLUDED
405,1600938549617218,4,4054957,0.89722562,0.952797740113816,"[66.35,343.117,147.165,419.763]",106,381,True,25,874.0,True,4815,3723,878.0,True,0.7773468076309579,True,True,True,0.21648838270054235,True,True,True,True,INCLUDED,,BOTH_VALID_INCLUDED
405,1600938549617218,5,4054967,0.84690195,0.849847045545906,"[319.862,922.025,390.796,994.425]",355,958,True,25,972.0,True,2798,2574,957.0,True,0.5448220717819245,True,True,True,0.23908614810725837,True,True,True,True,INCLUDED,,BOTH_VALID_INCLUDED
405,1600938549617218,6,4054965,0.74333781,0.6970846372545972,"[350.058,838.896,408.533,885.062]",379,861,True,25,942.0,True,1545,1545,950.0,True,0.5723161562609795,True,True,True,0.3097739395748183,True,True,True,True,INCLUDED,,BOTH_VALID_INCLUDED
405,1600938549617218,7,4054952,0.371746,0.8321753679267386,"[105.834,234.743,120.639,253.364]",113,244,True,16,933.5,True,166,117,936.0,True,0.6021388880137925,True,True,True,0.17650794515189386,True,True,True,True,INCLUDED,,BOTH_VALID_INCLUDED
405,1600938549683879,0,4054958,0.93022591,0.9636721117891891,"[135.64,509.889,225.06,615.037]",180,562,True,25,885.0,True,7864,7047,877.0,True,0.836388057069437,True,True,True,0.3382167725877817,True,True,True,True,INCLUDED,,BOTH_VALID_INCLUDED
405,1600938549683879,1,4054970,0.91729891,0.970209962652126,"[646.651,832.367,720.0,963.794]",683,898,False,0,,True,8225,5749,762.0,True,0.8532123138066257,False,True,True,0.19466741465877144,True,False,False,True,INVALID_BBOX_CENTER_DEPTH,INVALID_BBOX_CENTER_DEPTH,A_BBOX_INVALID_MASK_VALID
405,1600938549683879,2,4054955,0.90573442,0.9795669679375961,"[76.849,263.047,137.011,334.22]",106,298,True,25,863.0,True,3232,2267,873.0,True,0.7548033425212378,True,True,True,0.19049731750077964,True,True,True,True,INCLUDED,,BOTH_VALID_INCLUDED
405,1600938549683879,3,4054959,0.89236194,0.9374288212176008,"[138.367,638.38,214.608,740.372]",176,689,True,25,868.0,True,6290,5811,895.0,True,0.8089020821781574,True,True,True,0.34478120184032085,True,True,True,True,INCLUDED,,BOTH_VALID_INCLUDED
405,1600938549683879,4,4054957,0.88986635,0.9311804574928114,"[51.521,344.066,132.637,419.559]",92,381,True,25,871.0,True,4815,3724,874.0,True,0.7862905947520801,True,True,True,0.21182915426314602,True,True,True,True,INCLUDED,,BOTH_VALID_INCLUDED
405,1600938549683879,5,4054967,0.86022705,0.8622058140046047,"[306.13,923.183,379.997,993.745]",343,958,True,25,968.0,True,2791,2637,960.0,True,0.5354741294591884,True,True,True,0.23871245809139277,True,True,True,True,INCLUDED,,BOTH_VALID_INCLUDED
405,1600938549683879,6,4054965,0.72460848,0.663836945796024,"[339.341,838.35,394.58,884.436]",366,861,True,25,940.0,True,1529,1527,956.0,True,0.6006101427566878,True,True,True,0.31103967791975,True,True,True,True,INCLUDED,,BOTH_VALID_INCLUDED
405,1600938549683879,8,4054952,0.39842814,0.5179404798914209,"[92.064,236.364,107.962,253.852]",100,245,True,1,4459.0,True,122,49,4308.0,True,0.43881068435245385,True,True,True,0.1745832322688062,True,True,True,True,INCLUDED,,BOTH_VALID_INCLUDED
405,1600938549750538,0,4054958,0.91780245,0.9771889164873226,"[121.756,510.33,210.29,615.136]",166,562,True,25,873.0,True,7902,7768,879.0,True,0.8516100793854883,True,True,True,0.3238346343017078,True,True,True,True,INCLUDED,,BOTH_VALID_INCLUDED
405,1600938549750538,1,4054970,0.91754806,0.9712810526143884,"[629.628,833.205,720.0,964.349]",674,898,True,25,760.0,True,10193,9115,754.0,True,0.8600420875994294,True,True,True,0.19703616990095058,True,True,True,True,INCLUDED,,BOTH_VALID_INCLUDED
405,1600938549750538,2,4054955,0.9033227,0.9461435481008201,"[61.285,263.423,123.33,333.998]",92,298,True,25,869.0,True,3271,1976,873.0,True,0.7470038986192846,True,True,True,0.18735414188587302,True,True,True,True,INCLUDED,,BOTH_VALID_INCLUDED
405,1600938549750538,3,4054959,0.89894336,0.9406585003013869,"[124.328,639.212,201.721,740.032]",163,689,True,25,895.0,True,6320,5815,905.0,True,0.8099695709555037,True,True,True,0.32989175077328353,True,True,True,True,INCLUDED,,BOTH_VALID_INCLUDED
405,1600938549750538,4,4054967,0.88608217,0.8733390116970092,"[292.452,920.494,367.178,994.131]",329,957,True,25,929.0,True,2788,2700,943.0,True,0.5066697159993504,True,True,True,0.23880883782921286,True,True,True,True,INCLUDED,,BOTH_VALID_INCLUDED
405,1600938549750538,5,4054957,0.88496786,0.9233289680682526,"[36.92,344.488,119.248,419.276]",78,381,True,25,874.0,True,4832,3602,881.0,True,0.784779122642615,True,True,True,0.20736893714336144,True,True,True,True,INCLUDED,,BOTH_VALID_INCLUDED
405,1600938549750538,6,4054965,0.68936259,0.6490758022623068,"[326.281,840.446,385.152,884.019]",355,862,True,25,948.0,True,1552,1552,954.0,True,0.6050243334335138,True,True,True,0.31029518005218965,True,True,True,True,INCLUDED,,BOTH_VALID_INCLUDED
405,1600938549817198,0,4054970,0.92576832,0.9646315701190599,"[614.629,831.759,715.58,963.359]",665,897,True,25,750.0,True,10935,10100,758.0,True,0.8230993766002638,True,True,True,0.20028797526273018,True,True,True,True,INCLUDED,,BOTH_VALID_INCLUDED
405,1600938549817198,1,4054958,0.91938674,0.9574199605383876,"[107.093,510.364,196.606,613.773]",151,562,True,25,879.0,True,7967,7304,883.0,True,0.8606971525268948,True,True,True,0.3103074897042696,True,True,True,True,INCLUDED,,BOTH_VALID_INCLUDED
405,1600938549817198,2,4054959,0.90484023,0.9407063193839406,"[111.419,638.83,188.851,742.134]",150,690,True,25,883.0,True,6351,5859,898.0,True,0.7939707401677326,True,True,True,0.31660475774855357,True,True,True,True,INCLUDED,,BOTH_VALID_INCLUDED
405,1600938549817198,3,4054955,0.90179259,0.9550901656514609,"[48.179,262.563,109.984,333.522]",79,298,True,25,883.0,True,3288,2429,887.0,True,0.749722788117946,True,True,True,0.18431495057700892,True,True,True,True,INCLUDED,,BOTH_VALID_INCLUDED
405,1600938549817198,4,4054957,0.87995386,0.9354156850057591,"[22.655,343.09,105.696,418.112]",64,380,True,25,864.0,True,4890,3780,871.0,True,0.7849240769634187,True,True,True,0.2026563049689042,True,True,True,True,INCLUDED,,BOTH_VALID_INCLUDED
405,1600938549817198,5,4054967,0.85491979,0.7910063273357635,"[285.382,922.005,356.438,992.602]",320,957,True,25,919.0,True,2765,2658,949.0,True,0.5511986352364854,True,True,True,0.2382641409857307,True,True,True,True,INCLUDED,,BOTH_VALID_INCLUDED
405,1600938549817198,6,4054965,0.67434168,0.6636297237260271,"[315.561,840.091,372.489,884.036]",344,862,True,25,941.0,True,1581,1556,948.0,True,0.6319700177114704,True,True,True,0.30994549671919047,True,True,True,True,INCLUDED,,BOTH_VALID_INCLUDED
405,1600938549817198,7,4054952,0.39734304,0.6046938007349723,"[65.824,235.79,80.776,253.044]",73,244,False,0,,True,132,11,952.0,True,0.5116639852372842,False,True,True,0.1699085971291709,True,False,False,True,INVALID_BBOX_CENTER_DEPTH,INVALID_BBOX_CENTER_DEPTH,A_BBOX_INVALID_MASK_VALID
405,1600938549817198,8,4054975,0.35584965,0.7835124659630404,"[703.577,454.586,719.073,492.885]",711,473,True,19,776.0,True,282,169,785.0,True,0.4751623987130697,True,True,True,0.20463235143908737,True,True,True,True,INCLUDED,,BOTH_VALID_INCLUDED
405,1600938549883859,0,4054970,0.9166339,0.968891692688744,"[599.461,831.931,699.868,964.373]",649,898,True,25,744.0,True,10904,10302,750.0,True,0.8199665220633292,True,True,True,0.2049158804050094,True,True,True,True,INCLUDED,,BOTH_VALID_INCLUDED
405,1600938549883859,1,4054958,0.90898532,0.9555556608464354,"[91.884,510.881,183.774,614.09]",137,562,True,25,891.0,True,7993,7300,890.0,True,0.8427989605063337,True,True,True,0.2982359194672344,True,True,True,True,INCLUDED,,BOTH_VALID_INCLUDED
405,1600938549883859,2,4054955,0.89537889,0.9545135840626092,"[33.529,264.096,95.345,334.058]",64,299,True,25,883.0,True,3342,2344,886.0,True,0.772757680390953,True,True,True,0.18142069574377342,True,True,True,True,INCLUDED,,BOTH_VALID_INCLUDED
405,1600938549883859,3,4054959,0.89373678,0.9568247957270904,"[97.709,639.266,175.604,743.713]",136,691,True,25,901.0,True,6431,6022,905.0,True,0.7904473677243191,True,True,True,0.3037650009931018,True,True,True,True,INCLUDED,,BOTH_VALID_INCLUDED
405,1600938549883859,4,4054957,0.87900203,0.9245263529411762,"[8.832,343.224,90.862,417.948]",49,380,True,25,891.0,True,4970,3827,878.0,True,0.8108183435861558,True,True,True,0.19827909865729226,True,True,True,True,INCLUDED,,BOTH_VALID_INCLUDED
405,1600938549883859,5,4054967,0.86102045,0.8288969685175442,"[275.852,918.333,341.767,993.645]",308,955,True,25,924.0,True,2785,2762,949.0,True,0.5610179567485087,True,True,True,0.23803368972282912,True,True,True,True,INCLUDED,,BOTH_VALID_INCLUDED
405,1600938549883859,6,4054975,0.70590442,0.8072878960589387,"[693.048,452.774,719.695,499.731]",706,476,True,16,745.0,True,754,505,780.0,True,0.6025910557062742,True,True,True,0.20698482249397135,True,True,True,True,INCLUDED,,BOTH_VALID_INCLUDED
405,1600938549883859,7,4054965,0.70537496,0.6137750770444912,"[308.083,836.791,361.226,884.006]",334,860,True,25,941.0,True,1665,1624,950.0,True,0.6635721897564838,True,True,True,0.3107027199330924,True,True,True,True,INCLUDED,,BOTH_VALID_INCLUDED
406,1600938551350383,0,4062832,0.92335051,0.9034417538334661,"[373.408,434.186,451.368,523.256]",412,478,True,25,782.0,True,5124,4595,808.0,True,0.7379141499963452,True,True,True,0.3709553439058166,True,True,True,True,INCLUDED,,BOTH_VALID_INCLUDED
406,1600938551350383,1,4062840,0.9097324,0.9462203570343416,"[264.47,829.298,358.149,963.522]",311,896,True,25,758.0,True,10624,9913,754.0,True,0.8449200943606252,True,True,True,0.27701440669612876,True,True,True,True,INCLUDED,,BOTH_VALID_INCLUDED
406,1600938551350383,2,4062846,0.88045824,0.9371584385226052,"[658.808,454.9,719.716,527.973]",689,491,True,25,888.0,True,3336,3257,908.0,True,0.7495399152792157,True,True,True,0.21681321831780187,True,True,True,True,INCLUDED,,BOTH_VALID_INCLUDED
406,1600938551350383,3,4062834,0.85931039,0.8084028223999999,"[16.012,917.687,78.538,990.413]",47,954,True,25,959.0,True,3298,3286,956.0,True,0.725270984792533,True,True,True,0.18409498725184703,True,True,True,True,INCLUDED,,BOTH_VALID_INCLUDED
406,1600938551350383,4,4062837,0.74353367,0.6591525228638621,"[43.778,807.145,106.06,888.15]",74,847,False,0,,True,2704,1801,965.0,True,0.5359599164299743,False,True,True,0.2209028106000336,True,False,False,True,INVALID_BBOX_CENTER_DEPTH,INVALID_BBOX_CENTER_DEPTH,A_BBOX_INVALID_MASK_VALID
406,1600938551350383,6,4062845,0.73794842,0.6677867966372865,"[698.921,382.946,720.0,430.161]",709,406,True,25,947.0,True,692,692,941.0,True,0.6953061913695571,True,True,True,0.19221095276066605,True,True,True,True,INCLUDED,,BOTH_VALID_INCLUDED
406,1600938551350383,7,4062842,0.69759262,0.7441448171233469,"[675.032,361.523,707.861,391.323]",691,376,True,25,980.0,True,594,594,974.0,True,0.6071731062792144,True,True,True,0.19103171867145793,True,True,True,True,INCLUDED,,BOTH_VALID_INCLUDED
406,1600938551350383,8,4062829,0.68105268,0.9092052391663344,"[0.014,455.414,22.064,493.458]",11,474,True,25,942.0,True,694,694,941.0,True,0.8273031989931211,True,True,True,0.20565763209192112,True,True,True,True,INCLUDED,,BOTH_VALID_INCLUDED
406,1600938551350383,9,4062831,0.46519551,0.5115335038442764,"[313.789,156.896,337.827,181.619]",325,169,True,25,817.0,True,206,118,818.0,True,0.3466312558944768,True,True,True,0.17483048679182414,True,True,True,True,INCLUDED,,BOTH_VALID_INCLUDED
406,1600938551417043,0,4062832,0.92267227,0.9301820905183901,"[354.052,430.881,432.585,522.517]",393,476,True,11,801.0,True,5138,4586,805.0,True,0.7139631357916134,True,True,True,0.3750018509277335,True,True,True,True,INCLUDED,,BOTH_VALID_INCLUDED
406,1600938551417043,1,4062840,0.92240131,0.97575324517537,"[243.374,828.653,340.162,963.067]",291,895,True,18,755.5,True,10705,9759,761.0,True,0.8228499563707967,True,True,True,0.27412152234947657,True,True,True,True,INCLUDED,,BOTH_VALID_INCLUDED
406,1600938551417043,2,4062846,0.87021589,0.9060793842484229,"[645.206,455.128,718.074,526.045]",681,490,True,25,877.0,True,3777,3616,909.0,True,0.7309030594900785,True,True,True,0.2199493699742423,True,True,True,True,INCLUDED,,BOTH_VALID_INCLUDED
406,1600938551417043,3,4062834,0.85562015,0.9654046468058968,"[0.954,916.589,65.649,989.47]",33,953,True,25,927.0,True,3247,3247,946.0,True,0.6886479333029186,True,True,True,0.1810088237774596,True,True,True,True,INCLUDED,,BOTH_VALID_INCLUDED
406,1600938551417043,4,4062845,0.82640964,0.7518744605468571,"[684.62,382.344,719.929,440.862]",702,411,True,25,949.0,True,1247,1243,944.0,True,0.6035198530362662,True,True,True,0.1955104934339608,True,True,True,True,INCLUDED,,BOTH_VALID_INCLUDED
406,1600938551417043,5,4062837,0.74955297,0.6530495728448666,"[29.48,805.989,91.279,888.707]",60,847,True,3,685.0,True,2364,1586,959.0,True,0.46245129434700527,True,True,True,0.2153454326576081,True,True,True,True,INCLUDED,,BOTH_VALID_INCLUDED
406,1600938551417043,8,4062842,0.4133386,0.6833967165991192,"[664.996,362.24,694.606,390.705]",679,376,True,25,978.0,True,465,465,974.0,True,0.5517004743378306,True,True,True,0.19440486347671262,True,True,True,True,INCLUDED,,BOTH_VALID_INCLUDED
406,1600938551483703,0,4062840,0.92713726,0.9214771549260403,"[233.652,827.955,326.689,960.622]",280,894,True,25,754.0,True,10775,10203,757.0,True,0.8729686995337379,True,True,True,0.2728329441494015,True,True,True,True,INCLUDED,,BOTH_VALID_INCLUDED
406,1600938551483703,1,4062832,0.9210813,0.9303126815059485,"[341.774,429.725,419.773,521.707]",380,475,True,25,794.0,True,5169,4836,804.0,True,0.7204679218286836,True,True,True,0.3765171060318762,True,True,True,True,INCLUDED,,BOTH_VALID_INCLUDED
406,1600938551483703,2,4062846,0.89304417,0.8678717648557631,"[631.25,452.021,704.084,523.958]",667,487,True,25,893.0,True,3845,3732,904.0,True,0.7338543280698872,True,True,True,0.225646652606397,True,True,True,True,INCLUDED,,BOTH_VALID_INCLUDED
406,1600938551483703,3,4062845,0.86783135,0.8888274502284792,"[670.382,380.408,719.361,435.43]",694,407,True,25,929.0,True,2004,1972,932.0,True,0.7436206316665561,True,True,True,0.19707089424271163,True,True,True,True,INCLUDED,,BOTH_VALID_INCLUDED
406,1600938551483703,4,4062834,0.85303307,0.9065206103286387,"[0.855,917.378,55.214,984.868]",28,951,True,25,970.0,True,2830,2830,965.0,True,0.7713927425915215,True,True,True,0.18018959425127787,True,True,True,True,INCLUDED,,BOTH_VALID_INCLUDED
406,1600938551483703,5,4062837,0.6831553,0.6086306402899423,"[22.157,806.839,84.257,871.74]",53,839,True,21,698.0,True,2113,1236,952.0,True,0.5242718123808591,True,True,True,0.21466639285079545,True,True,True,True,INCLUDED,,BOTH_VALID_INCLUDED
406,1600938551483703,7,4062842,0.60328746,0.8206102896686563,"[652.577,360.01,678.983,388.215]",665,374,True,25,975.0,True,660,660,980.0,True,0.8861662638839618,True,True,True,0.19793631805463188,True,True,True,True,INCLUDED,,BOTH_VALID_INCLUDED
406,1600938551550363,0,4062840,0.9465642,0.926339744375842,"[222.127,827.601,316.077,961.709]",269,894,True,25,758.0,True,10859,9916,750.0,True,0.8618632504065699,True,True,True,0.2699845270771085,True,True,True,True,INCLUDED,,BOTH_VALID_INCLUDED
406,1600938551550363,1,4062832,0.9124217,0.9248976569967878,"[329.013,428.878,408.9,521.443]",368,475,True,25,776.0,True,5224,5022,788.0,True,0.7064480820827437,True,True,True,0.3772408413672082,True,True,True,True,INCLUDED,,BOTH_VALID_INCLUDED
406,1600938551550363,2,4062846,0.90073037,0.8907674919828396,"[622.722,451.816,696.2,523.748]",659,487,True,25,895.0,True,3735,3575,897.0,True,0.7066610328331813,True,True,True,0.22939600204137303,True,True,True,True,INCLUDED,,BOTH_VALID_INCLUDED
406,1600938551550363,3,4062845,0.86492711,0.8433148272021365,"[664.533,378.909,718.062,436.173]",691,407,True,25,943.0,True,2103,2063,929.0,True,0.6860700509114478,True,True,True,0.19813113920445014,True,True,True,True,INCLUDED,,BOTH_VALID_INCLUDED
406,1600938551550363,4,4062834,0.84023094,0.959673665377175,"[0.768,915.898,46.878,980.459]",23,948,True,25,978.0,True,2289,2289,966.0,True,0.7689186978524111,True,True,True,0.1798373324644237,True,True,True,True,INCLUDED,,BOTH_VALID_INCLUDED
406,1600938551550363,5,4062842,0.77328694,0.7825689714626286,"[642.34,359.873,673.028,387.46]",657,373,True,25,966.0,True,587,584,973.0,True,0.6933699900132048,True,True,True,0.20022576494423416,True,True,True,True,INCLUDED,,BOTH_VALID_INCLUDED
406,1600938551550363,6,4062837,0.50205576,0.9413791855710311,"[0.993,805.685,73.246,891.57]",37,848,True,19,682.0,True,1823,1019,953.0,True,0.2937740730620032,True,True,True,0.20643325795912024,True,True,True,True,INCLUDED,,BOTH_VALID_INCLUDED
406,1600938551550363,7,4062831,0.42170393,0.7653056864329839,"[273.664,151.254,296.223,172.106]",284,161,True,25,828.0,True,238,168,830.0,True,0.5059520926973615,True,True,True,0.17118216491019736,True,True,True,True,INCLUDED,,BOTH_VALID_INCLUDED
406,1600938551617024,0,4062840,0.93570787,0.9312173533533145,"[205.97,829.919,300.823,962.861]",253,896,True,25,745.0,True,10846,10129,755.0,True,0.8601146021929926,True,True,True,0.2647820422829881,True,True,True,True,INCLUDED,,BOTH_VALID_INCLUDED
406,1600938551617024,1,4062832,0.92033696,0.9703675428596508,"[313.403,430.599,395.535,523.316]",354,476,True,25,811.0,True,5258,5241,806.0,True,0.6904763572015487,True,True,True,0.38003120134058876,True,True,True,True,INCLUDED,,BOTH_VALID_INCLUDED
406,1600938551617024,2,4062846,0.89203882,0.9114653293236127,"[612.577,454.277,685.149,525.285]",648,489,True,25,892.0,True,3731,3461,921.0,True,0.7240171883690925,True,True,True,0.23496900141856705,True,True,True,True,INCLUDED,,BOTH_VALID_INCLUDED
406,1600938551617024,3,4062845,0.88495713,0.880639062154624,"[654.946,380.7,706.349,439.02]",680,409,True,25,931.0,True,2052,1926,928.0,True,0.6844967255838215,True,True,True,0.20214729453764838,True,True,True,True,INCLUDED,,BOTH_VALID_INCLUDED
406,1600938551617024,4,4062834,0.75717151,0.8250600000000002,"[0.223,917.713,32.413,972.717]",16,945,True,25,967.0,True,1600,1585,967.0,True,0.9036593209781866,True,True,True,0.17868470631179767,True,True,True,True,INCLUDED,,BOTH_VALID_INCLUDED
406,1600938551617024,5,4062842,0.6356948,0.8500651017635606,"[635.937,360.307,663.951,388.652]",649,374,True,25,973.0,True,531,531,976.0,True,0.6687178800540011,True,True,True,0.20277715130212723,True,True,True,True,INCLUDED,,BOTH_VALID_INCLUDED
406,1600938551617024,6,4062837,0.33374089,0.8681546163888371,"[1.119,806.596,59.249,889.865]",30,848,True,25,706.0,True,1481,583,955.0,True,0.3059647442630458,True,True,True,0.20406105967521665,True,True,True,True,INCLUDED,,BOTH_VALID_INCLUDED
406,1600938551683679,0,4062840,0.92551798,0.9175868494254139,"[190.178,831.419,284.553,962.478]",237,896,True,25,747.0,True,10847,10167,751.0,True,0.8769721983057124,True,True,True,0.25993372038912954,True,True,True,True,INCLUDED,,BOTH_VALID_INCLUDED
406,1600938551683679,1,4062832,0.92001927,0.9481997742233603,"[298.001,432.786,378.697,524.009]",338,478,True,25,779.0,True,5267,5210,796.0,True,0.7154955878463983,True,True,True,0.38016104335400863,True,True,True,True,INCLUDED,,BOTH_VALID_INCLUDED
406,1600938551683679,2,4062846,0.87743044,0.9154532316348025,"[593.469,454.913,664.396,526.826]",628,490,True,25,914.0,True,3565,3332,919.0,True,0.6989410316589335,True,True,True,0.24539060149312097,True,True,True,True,INCLUDED,,BOTH_VALID_INCLUDED
406,1600938551683679,3,4062845,0.87599719,0.7643057109600506,"[636.587,383.079,689.098,442.28]",662,412,True,25,946.0,True,1942,1901,935.0,True,0.6246976812644859,True,True,True,0.20891379593375198,True,True,True,True,INCLUDED,,BOTH_VALID_INCLUDED
406,1600938551683679,4,4062842,0.69500321,0.8699660544721727,"[617.951,365.643,645.686,390.956]",631,378,True,25,973.0,True,572,572,973.0,True,0.8147497566985569,True,True,True,0.20950185698356943,True,True,True,True,INCLUDED,,BOTH_VALID_INCLUDED
406,1600938551683679,5,4062834,0.64273036,0.941686747304255,"[0.0,917.464,22.444,967.428]",11,942,True,25,956.0,True,769,769,960.0,True,0.6857548377622843,True,True,True,0.17804718555415036,True,True,True,True,INCLUDED,,BOTH_VALID_INCLUDED
406,1600938551750335,0,4062840,0.9311263,0.9176034037715103,"[171.882,828.114,268.464,959.991]",220,894,True,25,747.0,True,11023,10343,749.0,True,0.8654351971485337,True,True,True,0.25641676025089305,True,True,True,True,INCLUDED,,BOTH_VALID_INCLUDED
406,1600938551750335,1,4062832,0.90272295,0.9220527095740375,"[281.259,429.489,362.002,521.312]",321,475,True,25,794.0,True,5269,5206,801.0,True,0.7106763109246538,True,True,True,0.37172998409028474,True,True,True,True,INCLUDED,,BOTH_VALID_INCLUDED
406,1600938551750335,2,4062846,0.88668919,0.8880977022098602,"[583.372,452.481,653.386,524.857]",618,488,True,17,914.0,True,3469,3097,916.0,True,0.6845809855540618,True,True,True,0.2503541896776114,True,True,True,True,INCLUDED,,BOTH_VALID_INCLUDED
406,1600938551750335,3,4062845,0.88634282,0.9132775355408719,"[625.601,380.694,675.902,438.072]",650,409,True,11,939.0,True,2105,1968,933.0,True,0.7293400709498828,True,True,True,0.21226586364566546,True,True,True,True,INCLUDED,,BOTH_VALID_INCLUDED
406,1600938551750335,4,4062842,0.64116216,0.8872513585035704,"[607.004,359.713,635.952,387.845]",621,373,True,25,988.0,True,539,539,988.0,True,0.6618652692420766,True,True,True,0.21134740572739955,True,True,True,True,INCLUDED,,BOTH_VALID_INCLUDED
406,1600938551816991,0,4062840,0.92332143,0.9225577769310936,"[154.773,830.402,251.671,962.331]",203,896,True,25,762.0,True,11020,10342,755.0,True,0.8620381987270901,True,True,True,0.2496849092942981,True,True,True,True,INCLUDED,,BOTH_VALID_INCLUDED
406,1600938551816991,1,4062832,0.91509706,0.8750685281369512,"[267.156,432.602,349.157,522.721]",308,477,True,25,803.0,True,5280,5153,803.0,True,0.7144937101514467,True,True,True,0.36980090837664026,True,True,True,True,INCLUDED,,BOTH_VALID_INCLUDED
406,1600938551816991,2,4062846,0.89326453,0.9027062136653834,"[568.573,451.679,640.31,524.134]",604,487,True,25,880.0,True,3383,3315,890.0,True,0.6508642627514902,True,True,True,0.2578010914178649,True,True,True,True,INCLUDED,,BOTH_VALID_INCLUDED
406,1600938551816991,3,4062845,0.88596678,0.9097076030818001,"[611.339,379.325,662.144,437.636]",636,408,True,25,935.0,True,2069,1988,931.0,True,0.6983988982472149,True,True,True,0.21700703859885517,True,True,True,True,INCLUDED,,BOTH_VALID_INCLUDED
406,1600938551816991,4,4062842,0.75751525,0.7336587491388314,"[592.284,357.854,622.736,386.948]",607,372,True,25,979.0,True,517,514,980.0,True,0.5835408820073475,True,True,True,0.2152787843666227,True,True,True,True,INCLUDED,,BOTH_VALID_INCLUDED
406,1600938551816991,6,4062850,0.32276702,0.5707570069413256,"[700.923,555.69,719.146,623.761]",710,589,True,25,783.0,True,469,452,791.0,True,0.37808620940039783,True,True,True,0.22044569217274343,True,True,True,True,INCLUDED,,BOTH_VALID_INCLUDED
406,1600938551883646,0,4062840,0.90344757,0.9288390228549387,"[136.219,829.981,233.477,961.83]",184,895,True,25,755.0,True,11070,10121,755.0,True,0.8632676093525146,True,True,True,0.2438392856486584,True,True,True,True,INCLUDED,,BOTH_VALID_INCLUDED
406,1600938551883646,1,4062832,0.89997709,0.9544506461132314,"[249.319,431.33,332.465,523.076]",290,477,True,25,787.0,True,5360,5219,802.0,True,0.702645533687753,True,True,True,0.36119589365740223,True,True,True,True,INCLUDED,,BOTH_VALID_INCLUDED
406,1600938551883646,2,4062846,0.8955875,0.9212209342906502,"[554.924,454.965,624.374,527.63]",589,491,True,25,886.0,True,3368,3180,893.0,True,0.6673821010716302,True,True,True,0.267673630088335,True,True,True,True,INCLUDED,,BOTH_VALID_INCLUDED
406,1600938551883646,3,4062845,0.88672888,0.893527543318992,"[597.894,382.581,646.965,440.333]",622,411,True,25,928.0,True,2076,2041,939.0,True,0.7325468614249905,True,True,True,0.2232163293280274,True,True,True,True,INCLUDED,,BOTH_VALID_INCLUDED
406,1600938551883646,4,4062850,0.73700696,0.7440591307913806,"[694.736,547.117,719.779,622.271]",707,584,True,25,786.0,True,1314,1314,786.0,True,0.6981631320557041,True,True,True,0.2214181897023473,True,True,True,True,INCLUDED,,BOTH_VALID_INCLUDED
406,1600938551883646,5,4062842,0.48998633,0.8401705317493998,"[581.841,362.81,609.761,391.628]",595,377,True,25,976.0,True,526,474,978.0,True,0.6537421593197993,True,True,True,0.22071814227147996,True,True,True,True,INCLUDED,,BOTH_VALID_INCLUDED
406,1600938551950302,0,4062840,0.90769178,0.9263092901176347,"[120.97,829.765,219.523,961.25]",170,895,True,25,752.0,True,11169,9614,757.0,True,0.8619225266227015,True,True,True,0.2390847970549206,True,True,True,True,INCLUDED,,BOTH_VALID_INCLUDED
406,1600938551950302,1,4062832,0.90458888,0.9461286009648552,"[233.188,432.405,318.246,521.873]",275,477,True,25,782.0,True,5378,5281,791.0,True,0.7067045737288203,True,True,True,0.35288609337208393,True,True,True,True,INCLUDED,,BOTH_VALID_INCLUDED
406,1600938551950302,2,4062846,0.89163291,0.8448473463764555,"[542.69,452.952,612.065,525.213]",577,489,True,25,885.0,True,3537,3418,898.0,True,0.7055504875905926,True,True,True,0.2742505641460586,True,True,True,True,INCLUDED,,BOTH_VALID_INCLUDED
406,1600938551950302,3,4062845,0.88845313,0.9225461192718706,"[583.087,381.349,633.334,439.625]",608,410,True,25,922.0,True,2142,2029,920.0,True,0.7315088666189727,True,True,True,0.2282791495500138,True,True,True,True,INCLUDED,,BOTH_VALID_INCLUDED
406,1600938551950302,4,4062852,0.80965555,0.8637133491015121,"[688.287,457.774,720.0,548.826]",704,503,True,25,747.0,True,1894,1892,751.0,True,0.6559234495582453,True,True,True,0.2126305115923094,True,True,True,True,INCLUDED,,BOTH_VALID_INCLUDED
406,1600938551950302,5,4062851,0.77807683,0.9206802776113866,"[692.313,604.955,719.683,710.107]",705,657,True,25,710.0,True,2195,2075,745.0,True,0.7626797047115443,True,True,True,0.22399334005227006,True,True,True,True,INCLUDED,,BOTH_VALID_INCLUDED
406,1600938551950302,7,4062842,0.68174994,0.8617720011574095,"[569.444,362.566,597.745,388.875]",583,375,True,25,968.0,True,640,602,973.0,True,0.8595553577348569,True,True,True,0.2241265614097504,True,True,True,True,INCLUDED,,BOTH_VALID_INCLUDED
406,1600938552016958,0,4062840,0.9129765,0.9574668726211074,"[102.813,831.033,202.096,964.812]",152,897,True,25,738.0,True,11241,10177,748.0,True,0.8463346288147606,True,True,True,0.23198754499037968,True,True,True,True,INCLUDED,,BOTH_VALID_INCLUDED
406,1600938552016958,1,4062832,0.90764326,0.9263750880656746,"[218.0,429.893,301.546,522.503]",259,476,True,25,818.0,True,5382,5032,811.0,True,0.6956009197472651,True,True,True,0.3424274402454386,True,True,True,True,INCLUDED,,BOTH_VALID_INCLUDED
406,1600938552016958,2,4062846,0.90333265,0.8344353368262579,"[530.758,450.649,600.537,524.083]",565,487,True,25,904.0,True,3526,3337,905.0,True,0.6881139804081104,True,True,True,0.28081872849029604,True,True,True,True,INCLUDED,,BOTH_VALID_INCLUDED
406,1600938552016958,3,4062845,0.89064586,0.8653792356024127,"[572.027,379.072,623.059,438.46]",597,408,True,25,918.0,True,2130,2091,926.0,True,0.7028106184571907,True,True,True,0.23174680252621896,True,True,True,True,INCLUDED,,BOTH_VALID_INCLUDED
406,1600938552016958,4,4062851,0.86174923,0.9307113539627807,"[677.475,601.684,719.707,711.005]",698,656,True,25,745.0,True,3994,3987,750.0,True,0.8650930357785728,True,True,True,0.2277980803002405,True,True,True,True,INCLUDED,,BOTH_VALID_INCLUDED
406,1600938552016958,5,4062852,0.85949868,0.8743501181865226,"[675.446,452.66,719.371,550.957]",697,501,True,25,745.0,True,3642,3641,743.0,True,0.8435054788396431,True,True,True,0.21523368888647396,True,True,True,True,INCLUDED,,BOTH_VALID_INCLUDED
406,1600938552016958,6,4062850,0.8560586,0.9212959894283863,"[665.493,546.497,719.827,618.111]",692,582,True,25,765.0,True,2627,2595,772.0,True,0.6751347503427101,True,True,True,0.2285054734714013,True,True,True,True,INCLUDED,,BOTH_VALID_INCLUDED
406,1600938552016958,7,4062826,0.84872091,0.9518431358873475,"[309.66,589.222,383.389,666.518]",346,627,True,25,719.0,True,3423,2784,915.0,True,0.6006362444456814,True,True,True,0.8465192639124121,True,True,True,True,INCLUDED,,BOTH_VALID_INCLUDED
406,1600938552016958,8,4062842,0.71805644,0.7943735351335018,"[557.764,358.477,585.934,386.466]",571,372,True,25,983.0,True,637,637,990.0,True,0.8079141289506796,True,True,True,0.2266289443901079,True,True,True,True,INCLUDED,,BOTH_VALID_INCLUDED
406,1600938552083612,0,4062832,0.91004628,0.9193396554578167,"[202.708,431.526,287.897,523.27]",245,477,True,25,792.0,True,5402,5224,799.0,True,0.6911835417735449,True,True,True,0.33446523012422386,True,True,True,True,INCLUDED,,BOTH_VALID_INCLUDED
406,1600938552083612,1,4062851,0.9019475,0.9381327844177607,"[661.28,603.564,719.994,715.57]",690,659,True,22,731.5,True,5869,5479,749.0,True,0.8924443680577876,True,True,True,0.2319026216935525,True,True,True,True,INCLUDED,,BOTH_VALID_INCLUDED
406,1600938552083612,2,4062840,0.90128034,0.9377134914451355,"[86.856,833.052,187.249,965.163]",137,899,True,25,748.0,True,11308,10586,751.0,True,0.8525961901157327,True,True,True,0.22633548910564108,True,True,True,True,INCLUDED,,BOTH_VALID_INCLUDED
406,1600938552083612,3,4062852,0.8982662,0.9431755071353775,"[657.504,446.86,720.0,570.051]",688,508,True,25,755.0,True,5616,5616,757.0,True,0.7294506185685135,True,True,True,0.22021921966424968,True,True,True,True,INCLUDED,,BOTH_VALID_INCLUDED
406,1600938552083612,4,4062845,0.87857312,0.9270801411741965,"[557.173,381.757,606.229,441.499]",581,411,True,25,937.0,True,2115,2052,934.0,True,0.7216697159822454,True,True,True,0.23907165969028824,True,True,True,True,INCLUDED,,BOTH_VALID_INCLUDED
406,1600938552083612,5,4062846,0.87555158,0.8190588197222595,"[515.263,452.849,583.913,525.686]",549,489,True,25,917.0,True,3386,3224,913.0,True,0.6771647806597576,True,True,True,0.29222138008830384,True,True,True,True,INCLUDED,,BOTH_VALID_INCLUDED
406,1600938552083612,6,4062850,0.84626049,0.9336045753954483,"[647.254,546.355,717.904,625.582]",682,585,True,25,789.0,True,2937,2898,780.0,True,0.5247090671790274,True,True,True,0.23415211835389263,True,True,True,True,INCLUDED,,BOTH_VALID_INCLUDED
406,1600938552083612,7,4062842,0.32679805,0.8032685077098836,"[544.499,363.371,571.695,390.19]",558,376,True,25,964.0,True,638,638,966.0,True,0.8747280754220257,True,True,True,0.23286451759293167,True,True,True,True,INCLUDED,,BOTH_VALID_INCLUDED
406,1600938552150268,0,4062851,0.9097724,0.9461310491099031,"[645.044,602.692,720.0,713.491]",682,658,True,25,731.0,True,7374,6762,747.0,True,0.887893527252863,True,True,True,0.23639040601766687,True,True,True,True,INCLUDED,,BOTH_VALID_INCLUDED
406,1600938552150268,1,4062840,0.89837247,0.9770808856023881,"[70.312,831.899,173.063,964.78]",121,898,True,25,753.0,True,11379,10664,756.0,True,0.833403178425308,True,True,True,0.22149797314286163,True,True,True,True,INCLUDED,,BOTH_VALID_INCLUDED
406,1600938552150268,2,4062852,0.89834738,0.8910472393967515,"[637.816,444.708,720.0,577.195]",678,510,True,25,771.0,True,7631,7582,750.0,True,0.7008432780701513,True,True,True,0.22521060769068593,True,True,True,True,INCLUDED,,BOTH_VALID_INCLUDED
406,1600938552150268,3,4062832,0.8969028,0.9137067206503308,"[187.828,431.583,272.406,522.244]",230,476,True,25,783.0,True,5508,5207,802.0,True,0.7183167858346086,True,True,True,0.32416284168655113,True,True,True,True,INCLUDED,,BOTH_VALID_INCLUDED
406,1600938552150268,4,4062845,0.87807852,0.9488948571326258,"[543.956,381.228,592.293,439.78]",568,410,True,25,943.0,True,2112,2098,941.0,True,0.7462296260550354,True,True,True,0.2440136114879473,True,True,True,True,INCLUDED,,BOTH_VALID_INCLUDED
406,1600938552150268,5,4062846,0.85316551,0.8391736847947631,"[503.784,451.576,571.777,525.471]",537,488,True,25,905.0,True,3411,3338,900.0,True,0.6788947689095095,True,True,True,0.2997946712704755,True,True,True,True,INCLUDED,,BOTH_VALID_INCLUDED
406,1600938552150268,6,4062850,0.83832711,0.8334706082452789,"[633.786,546.133,701.343,619.853]",667,582,True,25,769.0,True,3012,3009,771.0,True,0.6047825966796189,True,True,True,0.2422462987840912,True,True,True,True,INCLUDED,,BOTH_VALID_INCLUDED
406,1600938552150268,7,4062826,0.76019812,0.9229161829579761,"[277.468,588.364,356.38,673.789]",316,631,True,13,715.0,True,3956,3242,912.0,True,0.5868515349876261,True,True,True,0.6944899030940082,True,True,True,True,INCLUDED,,BOTH_VALID_INCLUDED
406,1600938552150268,8,4062860,0.67394489,0.8115985090987624,"[702.324,300.065,719.91,349.732]",711,324,True,25,813.0,True,594,594,818.0,True,0.6800666028379501,True,True,True,0.1748938238829662,True,True,True,True,INCLUDED,,BOTH_VALID_INCLUDED
406,1600938552216924,0,4062851,0.91007805,0.9358362760699649,"[631.167,601.164,720.0,712.628]",675,656,True,25,751.0,True,8768,8509,749.0,True,0.8855061627031656,True,True,True,0.24036411905742833,True,True,True,True,INCLUDED,,BOTH_VALID_INCLUDED
406,1600938552216924,1,4062840,0.90398526,0.9717309044903454,"[53.883,831.77,156.534,964.977]",105,898,True,25,741.0,True,11464,10207,747.0,True,0.8383897216031838,True,True,True,0.21604277885011855,True,True,True,True,INCLUDED,,BOTH_VALID_INCLUDED
406,1600938552216924,2,4062832,0.90261298,0.876934662816501,"[175.141,431.373,257.781,522.36]",216,476,True,25,796.0,True,5489,5318,800.0,True,0.7300012040697575,True,True,True,0.3151667128579851,True,True,True,True,INCLUDED,,BOTH_VALID_INCLUDED
406,1600938552216924,3,4062852,0.89852625,0.9636924558786868,"[627.822,444.461,720.0,571.325]",673,507,True,25,743.0,True,9455,9306,748.0,True,0.8085294656329343,True,True,True,0.22697532058558367,True,True,True,True,INCLUDED,,BOTH_VALID_INCLUDED
406,1600938552216924,4,4062846,0.89155459,0.8625355925508417,"[490.281,451.919,558.993,525.473]",524,488,True,25,900.0,True,3416,3318,905.0,True,0.6758946002425816,True,True,True,0.3090207478366469,True,True,True,True,INCLUDED,,BOTH_VALID_INCLUDED
406,1600938552216924,5,4062845,0.86857104,0.9620588589929847,"[532.167,380.246,582.069,438.952]",557,409,True,25,942.0,True,2124,2051,927.0,True,0.7250268168781876,True,True,True,0.24800584481607196,True,True,True,True,INCLUDED,,BOTH_VALID_INCLUDED
406,1600938552216924,6,4062850,0.83988637,0.7928908926829263,"[620.187,544.49,690.158,614.18]",655,579,True,25,771.0,True,2911,2896,773.0,True,0.5969715854998695,True,True,True,0.24916400719428466,True,True,True,True,INCLUDED,,BOTH_VALID_INCLUDED
406,1600938552216924,7,4062860,0.79731524,0.8857210792371962,"[689.187,298.395,719.343,346.873]",704,322,True,25,815.0,True,1176,1160,817.0,True,0.8044311746499386,True,True,True,0.17598499865308187,True,True,True,True,INCLUDED,,BOTH_VALID_INCLUDED
406,1600938552216924,8,4062826,0.74825788,0.8994795459609759,"[262.683,588.065,343.381,678.243]",303,633,True,2,888.5,True,4256,3453,915.0,True,0.5848415894525483,True,True,True,0.6354133253476657,True,True,True,True,INCLUDED,,BOTH_VALID_INCLUDED
406,1600938552216924,9,4062842,0.33251017,0.7979670216733719,"[519.804,361.428,545.859,388.139]",532,374,True,25,947.0,True,605,561,956.0,True,0.8693089477373662,True,True,True,0.24006119570813098,True,True,True,True,INCLUDED,,BOTH_VALID_INCLUDED
406,1600938552216924,10,4062858,0.31219876,0.8717057385085639,"[703.884,218.013,719.67,280.793]",711,249,True,25,795.0,True,572,572,797.0,True,0.5771684977236373,True,True,True,0.15983252103181125,True,True,True,True,INCLUDED,,BOTH_VALID_INCLUDED
406,1600938552283579,0,4062852,0.92183733,0.9846125096137687,"[610.355,444.487,719.496,574.488]",664,509,True,25,757.0,True,10750,9321,764.0,True,0.7576590978873763,True,True,True,0.2316519027187413,True,True,True,True,INCLUDED,,BOTH_VALID_INCLUDED
406,1600938552283579,1,4062851,0.92129928,0.9467409079012044,"[612.841,600.996,720.0,712.756]",666,656,True,8,754.5,True,10015,9338,753.0,True,0.8362495717550497,True,True,True,0.24576976896682168,True,True,True,True,INCLUDED,,BOTH_VALID_INCLUDED
406,1600938552283579,2,4062832,0.90234154,0.9208697306134527,"[155.814,431.19,242.743,522.561]",199,476,True,25,804.0,True,5521,5208,804.0,True,0.6950958337092731,True,True,True,0.3039513616035689,True,True,True,True,INCLUDED,,BOTH_VALID_INCLUDED
406,1600938552283579,3,4062840,0.8953473,0.9498381481481479,"[37.014,833.133,139.139,964.971]",88,899,True,25,743.0,True,11529,9809,749.0,True,0.8562862366804794,True,True,True,0.2102754564711072,True,True,True,True,INCLUDED,,BOTH_VALID_INCLUDED
406,1600938552283579,4,4062826,0.85720366,0.9185685766293187,"[245.697,588.638,328.782,678.476]",287,633,True,25,905.0,True,4542,4238,908.0,True,0.6085053917496424,True,True,True,0.5778836662082553,True,True,True,True,INCLUDED,,BOTH_VALID_INCLUDED
406,1600938552283579,5,4062845,0.85647804,0.9393158345356598,"[518.108,381.011,566.922,440.253]",542,410,True,25,929.0,True,2120,2078,935.0,True,0.7330975233397047,True,True,True,0.2543729693534937,True,True,True,True,INCLUDED,,BOTH_VALID_INCLUDED
406,1600938552283579,6,4062850,0.81734222,0.7610697430206346,"[604.513,546.112,669.401,613.753]",636,579,True,25,771.0,True,2895,2883,774.0,True,0.6595901479339448,True,True,True,0.2608269357804146,True,True,True,True,INCLUDED,,BOTH_VALID_INCLUDED
406,1600938552283579,7,4062858,0.77980959,0.9225054469529932,"[690.677,211.546,719.809,285.275]",705,248,True,25,796.0,True,1330,1328,797.0,True,0.619217178491692,True,True,True,0.1607590628628656,True,True,True,True,INCLUDED,,BOTH_VALID_INCLUDED
406,1600938552283579,8,4062860,0.77390832,0.8456621041505006,"[673.774,297.775,713.286,347.756]",693,322,True,25,808.0,True,1255,1217,816.0,True,0.6354915374017476,True,True,True,0.17847446749093834,True,True,True,True,INCLUDED,,BOTH_VALID_INCLUDED
406,1600938552283579,9,4062842,0.32758069,0.8258340975151469,"[506.991,362.044,532.07,389.343]",519,375,True,25,959.0,True,581,526,961.0,True,0.8486315591899863,True,True,True,0.24466640320306293,True,True,True,True,INCLUDED,,BOTH_VALID_INCLUDED
406,1600938552350234,0,4062852,0.92863524,0.9120893374201875,"[594.249,445.342,702.448,574.588]",648,509,True,25,733.0,True,10687,9719,749.0,True,0.7642148127351129,True,True,True,0.24020384428201752,True,True,True,True,INCLUDED,,BOTH_VALID_INCLUDED
406,1600938552350234,1,4062832,0.90187752,0.8671588752987955,"[146.187,430.686,228.026,521.785]",187,476,True,25,799.0,True,5521,5455,804.0,True,0.740531988584936,True,True,True,0.29573491720465706,True,True,True,True,INCLUDED,,BOTH_VALID_INCLUDED
406,1600938552350234,2,4062840,0.89882147,0.9523444946077282,"[20.399,831.865,123.085,965.104]",71,898,True,25,749.0,True,11654,10093,754.0,True,0.8517897553667962,True,True,True,0.20526372593258604,True,True,True,True,INCLUDED,,BOTH_VALID_INCLUDED
406,1600938552350234,3,4062851,0.89808875,0.9551738985123759,"[597.001,601.939,711.05,711.831]",654,656,True,24,750.0,True,10255,8773,744.0,True,0.8182350999571012,True,True,True,0.2534790453246152,True,True,True,True,INCLUDED,,BOTH_VALID_INCLUDED
406,1600938552350234,4,4062845,0.87656951,0.940269226792518,"[505.013,381.224,552.229,440.717]",528,410,True,25,908.0,True,2119,2027,929.0,True,0.7543552119669643,True,True,True,0.2601406923059249,True,True,True,True,INCLUDED,,BOTH_VALID_INCLUDED
406,1600938552350234,5,4062826,0.87470728,0.9629997256546099,"[232.665,588.574,317.751,677.275]",275,632,True,5,856.0,True,4810,3904,911.0,True,0.6373213287774043,True,True,True,0.5402873450906476,True,True,True,True,INCLUDED,,BOTH_VALID_INCLUDED
406,1600938552350234,6,4062858,0.85135686,0.8924363843908824,"[674.643,207.79,720.0,284.572]",697,246,True,25,803.0,True,2153,1933,798.0,True,0.6182160667932978,True,True,True,0.16167217411731916,True,True,True,True,INCLUDED,,BOTH_VALID_INCLUDED
406,1600938552350234,7,4062850,0.82510579,0.81258965079365,"[590.254,548.365,653.934,612.678]",622,580,True,25,778.0,True,2800,2776,769.0,True,0.6836852463146051,True,True,True,0.2711804285146467,True,True,True,True,INCLUDED,,BOTH_VALID_INCLUDED
406,1600938552350234,8,4062860,0.78725493,0.8624499156371022,"[658.794,298.983,693.086,349.059]",675,324,True,25,820.0,True,1235,1228,821.0,True,0.7191914434932334,True,True,True,0.18287078241372903,True,True,True,True,INCLUDED,,BOTH_VALID_INCLUDED
406,1600938552350234,9,4062846,0.68821841,0.869242966188269,"[465.109,453.332,532.691,524.996]",498,489,True,25,869.0,True,3313,3168,906.0,True,0.6840523682181223,True,True,True,0.32781719186238634,True,True,True,True,INCLUDED,,BOTH_VALID_INCLUDED
406,1600938552350234,10,4062842,0.48665711,0.8076341671091111,"[495.672,362.918,521.194,389.557]",508,376,True,25,956.0,True,574,477,969.0,True,0.844265942371603,True,True,True,0.2483485475005313,True,True,True,True,INCLUDED,,BOTH_VALID_INCLUDED
406,1600938552350234,11,4062855,0.31048426,0.7533754492813908,"[192.501,331.097,213.824,352.099]",203,341,True,25,863.0,True,236,236,865.0,True,0.526990810169009,True,True,True,0.22877645000617416,True,True,True,True,INCLUDED,,BOTH_VALID_INCLUDED
406,1600938552416890,0,4062852,0.92148745,0.9427666313424947,"[579.819,443.911,687.195,573.301]",633,508,True,25,735.0,True,10547,9191,747.0,True,0.7591384899967721,True,True,True,0.24787377029859914,True,True,True,True,INCLUDED,,BOTH_VALID_INCLUDED
406,1600938552416890,1,4062851,0.90618402,0.9333082846124758,"[582.677,600.411,694.233,711.055]",638,655,True,25,726.0,True,10172,8980,744.0,True,0.8241106942425288,True,True,True,0.26392249810951796,True,True,True,True,INCLUDED,,BOTH_VALID_INCLUDED
406,1600938552416890,2,4062840,0.9017815,0.9162081180272799,"[6.343,831.847,108.7,962.88]",57,897,True,25,749.0,True,11768,10430,750.0,True,0.877413731521215,True,True,True,0.2011459792187375,True,True,True,True,INCLUDED,,BOTH_VALID_INCLUDED
406,1600938552416890,3,4062832,0.89583969,0.9161151827721178,"[127.238,430.073,212.14,522.415]",169,476,True,25,813.0,True,5626,5519,807.0,True,0.717600165902832,True,True,True,0.2848464526732391,True,True,True,True,INCLUDED,,BOTH_VALID_INCLUDED
406,1600938552416890,4,4062826,0.85967827,0.9407201787470559,"[217.407,588.516,303.749,677.977]",260,633,True,25,880.0,True,5094,4558,903.0,True,0.6594822149416069,True,True,True,0.5008737476758949,True,True,True,True,INCLUDED,,BOTH_VALID_INCLUDED
406,1600938552416890,5,4062858,0.85424739,0.9232055296824585,"[660.622,205.632,712.892,280.69]",686,243,True,25,785.0,True,2451,1895,794.0,True,0.6247321024613858,True,True,True,0.16285217497781573,True,True,True,True,INCLUDED,,BOTH_VALID_INCLUDED
406,1600938552416890,6,4062850,0.80530316,0.8559033490947959,"[575.805,540.394,640.144,611.34]",607,575,True,25,771.0,True,2704,2695,771.0,True,0.592385563510011,True,True,True,0.2807935410773668,True,True,True,True,INCLUDED,,BOTH_VALID_INCLUDED
406,1600938552416890,7,4062860,0.71067911,0.8948660989342117,"[647.012,295.219,681.356,345.59]",664,320,True,25,809.0,True,1219,1215,813.0,True,0.7046480546444143,True,True,True,0.1847700291151663,True,True,True,True,INCLUDED,,BOTH_VALID_INCLUDED
406,1600938552483544,0,4062852,0.92995274,0.9196789406793378,"[566.458,443.486,668.272,574.888]",617,509,True,25,741.0,True,10360,9289,748.0,True,0.774373138837326,True,True,True,0.2572665615438878,True,True,True,True,INCLUDED,,BOTH_VALID_INCLUDED
406,1600938552483544,1,4062840,0.91805339,0.9261905973226652,"[0.513,832.699,93.882,961.635]",47,897,True,25,738.0,True,10948,9669,751.0,True,0.9094061531767984,True,True,True,0.19804145952631916,True,True,True,True,INCLUDED,,BOTH_VALID_INCLUDED
406,1600938552483544,2,4062851,0.90879089,0.940762770832491,"[564.505,600.644,678.806,710.044]",621,655,True,24,734.0,True,10093,8622,753.0,True,0.8071475284787605,True,True,True,0.2761629797712544,True,True,True,True,INCLUDED,,BOTH_VALID_INCLUDED
406,1600938552483544,3,4062832,0.8974328,0.9241135850795464,"[108.746,433.07,195.814,522.101]",152,477,True,20,782.5,True,5698,5592,799.0,True,0.7350597201346573,True,True,True,0.2749685440246681,True,True,True,True,INCLUDED,,BOTH_VALID_INCLUDED
406,1600938552483544,4,4062858,0.85274243,0.9306236762113691,"[645.365,205.543,697.529,282.371]",671,243,True,25,779.0,True,2403,1887,789.0,True,0.5996023922006527,True,True,True,0.1656082676517876,True,True,True,True,INCLUDED,,BOTH_VALID_INCLUDED
406,1600938552483544,5,4062826,0.83451897,0.9725255971157438,"[204.669,589.446,291.642,678.806]",248,634,True,25,905.0,True,5265,4806,903.0,True,0.6774398883461719,True,True,True,0.47170113231720695,True,True,True,True,INCLUDED,,BOTH_VALID_INCLUDED
406,1600938552483544,6,4062850,0.82773882,0.7753636718661918,"[560.414,543.985,626.817,612.35]",593,578,True,25,770.0,True,2604,2602,769.0,True,0.5736136283698875,True,True,True,0.29268880745807496,True,True,True,True,INCLUDED,,BOTH_VALID_INCLUDED
406,1600938552483544,7,4062860,0.77550554,0.9310842598100288,"[631.429,296.718,665.127,346.993]",648,321,True,25,817.0,True,1186,1182,818.0,True,0.7000490713149617,True,True,True,0.18891977903556845,True,True,True,True,INCLUDED,,BOTH_VALID_INCLUDED
406,1600938552483544,8,4062855,0.58926612,0.7527581056992826,"[161.905,329.507,186.385,355.555]",174,342,True,25,873.0,True,290,284,872.0,True,0.45479135552664984,True,True,True,0.2218494340387281,True,True,True,True,INCLUDED,,BOTH_VALID_INCLUDED
406,1600938552483544,9,4062831,0.3697955,0.8464680923831356,"[74.348,156.507,109.264,188.144]",91,172,True,25,761.0,True,943,484,757.0,True,0.8536737226731755,True,True,True,0.15646580137714058,True,True,True,True,INCLUDED,,BOTH_VALID_INCLUDED
406,1600938552550200,0,4062852,0.91730213,0.9301878331178035,"[550.41,445.799,653.113,577.017]",601,511,True,25,743.0,True,10190,9373,755.0,True,0.7561320386093676,True,True,True,0.26749910635768304,True,True,True,True,INCLUDED,,BOTH_VALID_INCLUDED
406,1600938552550200,1,4062851,0.91352803,0.9240296135018832,"[548.182,601.056,660.665,710.259]",604,655,True,25,741.0,True,10022,8975,750.0,True,0.8158924949711954,True,True,True,0.28991852876738844,True,True,True,True,INCLUDED,,BOTH_VALID_INCLUDED
406,1600938552550200,2,4062832,0.8968206,0.9652411359533448,"[91.432,429.735,182.068,523.047]",136,476,True,25,786.0,True,5815,5771,799.0,True,0.6875614049680685,True,True,True,0.2654052157867966,True,True,True,True,INCLUDED,,BOTH_VALID_INCLUDED
406,1600938552550200,3,4062840,0.88905495,0.8931744258795139,"[0.1,831.877,78.183,955.107]",39,893,True,25,739.0,True,9095,8807,752.0,True,0.9452131697275304,True,True,True,0.19649793444391453,True,True,True,True,INCLUDED,,BOTH_VALID_INCLUDED
406,1600938552550200,4,4062826,0.88156396,0.9409930744047693,"[191.24,588.7,277.469,678.747]",234,633,True,17,904.0,True,5419,4718,910.0,True,0.6979053907946273,True,True,True,0.44286553908398396,True,True,True,True,INCLUDED,,BOTH_VALID_INCLUDED
406,1600938552550200,5,4062858,0.83737528,0.8842979330715421,"[628.186,207.064,681.852,283.216]",655,245,True,25,788.0,True,2394,1979,794.0,True,0.5857922287575564,True,True,True,0.16866244285115944,True,True,True,True,INCLUDED,,BOTH_VALID_INCLUDED
406,1600938552550200,6,4062850,0.80799162,0.8907540458270514,"[546.37,546.204,608.769,611.768]",577,578,True,25,769.0,True,2544,2544,774.0,True,0.6218333861991105,True,True,True,0.30678345566151444,True,True,True,True,INCLUDED,,BOTH_VALID_INCLUDED
406,1600938552550200,7,4062860,0.75421149,0.9225210556146399,"[616.517,296.429,650.4,348.64]",633,322,True,25,811.0,True,1129,1104,817.0,True,0.6381901175177257,True,True,True,0.19267694487610004,True,True,True,True,INCLUDED,,BOTH_VALID_INCLUDED
406,1600938552550200,8,4062831,0.67931688,0.8584156095579847,"[61.488,154.548,96.538,187.4]",79,170,False,0,,True,815,289,780.0,True,0.7077954594443623,False,True,True,0.1546184804522177,True,False,False,True,INVALID_BBOX_CENTER_DEPTH,INVALID_BBOX_CENTER_DEPTH,A_BBOX_INVALID_MASK_VALID
406,1600938552550200,9,4062855,0.4767426,0.8296059127005811,"[148.131,329.638,173.342,353.989]",160,341,True,25,870.0,True,325,324,873.0,True,0.5293909197348057,True,True,True,0.21803693868022955,True,True,True,True,INCLUDED,,BOTH_VALID_INCLUDED
406,1600938552616855,0,4062852,0.94203472,0.9574426259379378,"[537.394,443.699,638.249,573.397]",587,508,True,25,734.0,True,10198,9383,757.0,True,0.7796223750028434,True,True,True,0.2754629585974054,True,True,True,True,INCLUDED,,BOTH_VALID_INCLUDED
406,1600938552616855,1,4062851,0.913845,0.9655690446539915,"[534.967,600.265,646.921,712.195]",590,656,True,25,742.0,True,9953,9293,752.0,True,0.7942694987069039,True,True,True,0.30164675573234095,True,True,True,True,INCLUDED,,BOTH_VALID_INCLUDED
406,1600938552616855,2,4062840,0.89774269,0.8983197697446903,"[0.231,832.392,62.929,952.487]",31,892,True,25,750.0,True,7084,6789,752.0,True,0.9408056968350784,True,True,True,0.19446601153495444,True,True,True,True,INCLUDED,,BOTH_VALID_INCLUDED
406,1600938552616855,3,4062832,0.89571619,0.968796269734886,"[75.294,429.336,167.185,521.494]",121,475,True,25,808.0,True,5899,5777,808.0,True,0.6965822074607211,True,True,True,0.25641615272936186,True,True,True,True,INCLUDED,,BOTH_VALID_INCLUDED
406,1600938552616855,4,4062826,0.89524424,0.9450727441264104,"[178.398,589.473,264.188,679.052]",221,634,True,25,905.0,True,5582,4986,898.0,True,0.7263516950587264,True,True,True,0.4187155592265752,True,True,True,True,INCLUDED,,BOTH_VALID_INCLUDED
406,1600938552616855,5,4062858,0.84006202,0.9240816925160197,"[615.244,205.529,666.793,281.03]",641,243,True,25,791.0,True,2422,1944,795.0,True,0.6223019905460466,True,True,True,0.1705997860824747,True,True,True,True,INCLUDED,,BOTH_VALID_INCLUDED
406,1600938552616855,6,4062850,0.82955283,0.8875687625841931,"[532.741,548.832,593.161,609.493]",562,579,True,25,770.0,True,2471,2471,767.0,True,0.674190236818447,True,True,True,0.32064299504614446,True,True,True,True,INCLUDED,,BOTH_VALID_INCLUDED
406,1600938552616855,7,4062860,0.77400935,0.8970937439685323,"[602.933,296.694,636.7,346.515]",619,321,True,25,814.0,True,1104,1104,820.0,True,0.6562422010496092,True,True,True,0.19571367730495312,True,True,True,True,INCLUDED,,BOTH_VALID_INCLUDED
406,1600938552616855,8,4062831,0.61572325,0.9296621658091496,"[46.994,154.699,83.628,188.254]",65,171,True,10,779.0,True,915,387,778.0,True,0.7443539714054351,True,True,True,0.15302353633138938,True,True,True,True,INCLUDED,,BOTH_VALID_INCLUDED
406,1600938552616855,9,4062855,0.35985214,0.8189138595116582,"[133.018,328.378,159.336,353.805]",146,341,True,25,860.0,True,339,339,865.0,True,0.506584260938677,True,True,True,0.21389732133545122,True,True,True,True,INCLUDED,,BOTH_VALID_INCLUDED
406,1600938552683516,0,4062852,0.92158544,0.9397571532410482,"[518.18,445.494,622.282,575.677]",570,510,True,25,744.0,True,10185,9418,751.0,True,0.7515323586517311,True,True,True,0.2882917885872035,True,True,True,True,INCLUDED,,BOTH_VALID_INCLUDED
406,1600938552683516,1,4062851,0.91762996,0.9261822462266275,"[519.099,601.195,629.517,712.162]",574,656,True,25,769.0,True,9890,9246,759.0,True,0.8071654612280565,True,True,True,0.31750464553408886,True,True,True,True,INCLUDED,,BOTH_VALID_INCLUDED
406,1600938552683516,2,4062832,0.89629352,0.9229152459216624,"[60.013,430.992,150.317,522.762]",105,476,True,25,785.0,True,5809,5591,801.0,True,0.7009606798248517,True,True,True,0.24840259157457675,True,True,True,True,INCLUDED,,BOTH_VALID_INCLUDED
406,1600938552683516,3,4062826,0.89621758,0.9708733440504419,"[164.612,589.861,252.936,679.119]",208,634,True,24,901.0,True,5728,5400,917.0,True,0.726569442738559,True,True,True,0.3978890448689796,True,True,True,True,INCLUDED,,BOTH_VALID_INCLUDED
406,1600938552683516,4,4062840,0.85755455,0.9036199309090915,"[0.709,832.949,48.055,948.416]",24,890,True,25,754.0,True,5014,4805,753.0,True,0.9171558774104659,True,True,True,0.19271360943293436,True,True,True,True,INCLUDED,,BOTH_VALID_INCLUDED
406,1600938552683516,5,4062858,0.83716857,0.8971999511026026,"[600.577,205.325,651.822,281.537]",626,243,True,25,777.0,True,2366,1970,789.0,True,0.6058148071657414,True,True,True,0.17312160103321858,True,True,True,True,INCLUDED,,BOTH_VALID_INCLUDED
406,1600938552683516,6,4062850,0.80472487,0.7832263994319971,"[518.11,548.737,576.479,609.229]",547,578,True,25,780.0,True,2401,2353,775.0,True,0.6800047771284359,True,True,True,0.3367196052338656,True,True,True,True,INCLUDED,,BOTH_VALID_INCLUDED
406,1600938552683516,7,4062860,0.76465243,0.9206196063376841,"[588.393,296.945,622.081,347.318]",605,322,True,25,808.0,True,1076,1076,818.0,True,0.6340729504370919,True,True,True,0.1994120355759673,True,True,True,True,INCLUDED,,BOTH_VALID_INCLUDED
406,1600938552683516,8,4062831,0.73417777,0.8665761619320802,"[33.361,154.852,70.291,190.974]",51,172,True,1,792.0,True,937,551,792.0,True,0.7024064565141516,True,True,True,0.15160922796997575,True,True,True,True,INCLUDED,,BOTH_VALID_INCLUDED
406,1600938552683516,9,4062855,0.43907937,0.848233912774876,"[120.528,331.177,145.069,355.523]",132,343,True,25,867.0,True,369,363,869.0,True,0.6175988704575259,True,True,True,0.21112193250093653,True,True,True,True,INCLUDED,,BOTH_VALID_INCLUDED
406,1600938552750176,0,4062852,0.92353928,0.9550440203498499,"[502.77,446.088,605.648,575.032]",554,510,True,25,743.0,True,10080,9555,748.0,True,0.7598657696876615,True,True,True,0.29994716377157843,True,True,True,True,INCLUDED,,BOTH_VALID_INCLUDED
406,1600938552750176,1,4062851,0.91756696,0.9575622082256171,"[502.005,602.279,612.216,713.187]",557,657,True,25,744.0,True,9761,9030,754.0,True,0.7985580574027431,True,True,True,0.33567571757029996,True,True,True,True,INCLUDED,,BOTH_VALID_INCLUDED
406,1600938552750176,2,4062826,0.90735531,0.949255746437356,"[150.968,588.852,240.18,679.234]",195,634,True,23,886.0,True,5831,5729,905.0,True,0.723165698651192,True,True,True,0.3780234225249435,True,True,True,True,INCLUDED,,BOTH_VALID_INCLUDED
406,1600938552750176,3,4062832,0.89383221,0.9395490457093788,"[42.209,429.174,135.907,521.849]",89,475,True,25,796.0,True,5923,5517,804.0,True,0.6821012054506388,True,True,True,0.2398289881464234,True,True,True,True,INCLUDED,,BOTH_VALID_INCLUDED
406,1600938552750176,4,4062858,0.85280746,0.9147044733237315,"[586.502,205.31,635.61,282.103]",611,243,True,25,792.0,True,2358,2017,794.0,True,0.6252733509205306,True,True,True,0.17570852567687845,True,True,True,True,INCLUDED,,BOTH_VALID_INCLUDED
406,1600938552750176,5,4062840,0.84490389,0.8845415105042028,"[0.348,832.959,32.09,939.075]",16,886,True,25,758.0,True,3105,3041,758.0,True,0.9218206785992445,True,True,True,0.19129941626029384,True,True,True,True,INCLUDED,,BOTH_VALID_INCLUDED
406,1600938552750176,6,4062850,0.83768338,0.8651846257934436,"[503.429,552.942,561.11,608.054]",532,580,True,25,775.0,True,2301,2290,776.0,True,0.7238318115198887,True,True,True,0.35428823988654484,True,True,True,True,INCLUDED,,BOTH_VALID_INCLUDED
406,1600938552750176,7,4062831,0.80273807,0.8548590079152532,"[19.653,154.068,58.579,190.851]",39,172,True,22,790.0,True,1060,649,799.0,True,0.7403190754821636,True,True,True,0.1499108354536001,True,True,True,True,INCLUDED,,BOTH_VALID_INCLUDED
406,1600938552750176,8,4062860,0.77416033,0.917082410734815,"[573.796,296.662,604.745,347.61]",589,322,True,25,814.0,True,1068,1067,820.0,True,0.6773256018298633,True,True,True,0.20328445527129402,True,True,True,True,INCLUDED,,BOTH_VALID_INCLUDED
406,1600938552750176,9,4062846,0.63098925,0.9506947729009214,"[389.247,456.35,457.588,524.659]",423,490,True,25,877.0,True,3029,2792,892.5,True,0.6488435868214946,True,True,True,0.38111131708069895,True,True,True,True,INCLUDED,,BOTH_VALID_INCLUDED
406,1600938552750176,10,4062845,0.60674125,0.9500650358856253,"[428.62,380.987,474.716,440.898]",451,410,True,25,924.0,True,2066,2025,925.0,True,0.7481014691055876,True,True,True,0.28841783732403203,True,True,True,True,INCLUDED,,BOTH_VALID_INCLUDED
406,1600938552750176,11,4062842,0.43697277,0.9008293077357254,"[422.568,361.252,448.467,389.009]",435,375,True,25,959.0,True,532,529,972.0,True,0.7400415622086524,True,True,True,0.26636502587359107,True,True,True,True,INCLUDED,,BOTH_VALID_INCLUDED
406,1600938552816836,0,4062851,0.9180153,0.9335186343083001,"[487.576,601.101,596.468,709.548]",542,655,True,25,734.0,True,9749,9389,753.0,True,0.8255560290233847,True,True,True,0.3537744835880368,True,True,True,True,INCLUDED,,BOTH_VALID_INCLUDED
406,1600938552816836,1,4062852,0.91167086,0.9687323490594655,"[488.601,445.504,590.266,571.13]",539,508,True,25,753.0,True,10060,9466,753.0,True,0.7876748590523376,True,True,True,0.3100115505599835,True,True,True,True,INCLUDED,,BOTH_VALID_INCLUDED
406,1600938552816836,2,4062826,0.90432978,0.9716140919857552,"[138.365,588.521,226.999,677.566]",182,633,True,25,908.0,True,5952,5829,909.0,True,0.754141838011136,True,True,True,0.3604195789759879,True,True,True,True,INCLUDED,,BOTH_VALID_INCLUDED
406,1600938552816836,3,4062832,0.89478904,0.9551631082890386,"[28.395,428.048,122.198,521.767]",75,474,True,25,799.0,True,6174,5482,813.0,True,0.7022993250440402,True,True,True,0.23304194416961765,True,True,True,True,INCLUDED,,BOTH_VALID_INCLUDED
406,1600938552816836,4,4062858,0.83139563,0.889405809851963,"[572.119,204.943,621.841,282.527]",596,243,True,25,781.0,True,2333,2072,791.0,True,0.6047752125866014,True,True,True,0.1780246000939989,True,True,True,True,INCLUDED,,BOTH_VALID_INCLUDED
406,1600938552816836,5,4062831,0.8236649,0.8179484870547991,"[6.817,153.213,44.822,190.4]",25,171,True,25,783.0,True,981,461,771.0,True,0.6941241053639774,True,True,True,0.14809917092858746,True,True,True,True,INCLUDED,,BOTH_VALID_INCLUDED
406,1600938552816836,6,4062850,0.81017929,0.8394381501975611,"[490.523,550.459,546.511,607.535]",518,578,True,25,774.0,True,2248,2173,771.0,True,0.7034736321284434,True,True,True,0.37057631560326965,True,True,True,True,INCLUDED,,BOTH_VALID_INCLUDED
406,1600938552816836,7,4062846,0.8094731,0.9458688540573399,"[378.007,453.106,445.267,524.24]",411,488,True,25,883.0,True,3047,2903,905.0,True,0.6368517706958077,True,True,True,0.38477156135328505,True,True,True,True,INCLUDED,,BOTH_VALID_INCLUDED
406,1600938552816836,8,4062860,0.7863065,0.8546481312481917,"[558.467,295.678,590.549,347.796]",574,321,True,25,813.0,True,1032,1032,819.0,True,0.6172065428515416,True,True,True,0.20669554667193824,True,True,True,True,INCLUDED,,BOTH_VALID_INCLUDED
406,1600938552816836,9,4062845,0.77823615,0.9693656868445886,"[415.57,380.379,462.655,440.097]",439,410,True,25,933.0,True,2084,2033,935.0,True,0.7411564379840933,True,True,True,0.2915445523666181,True,True,True,True,INCLUDED,,BOTH_VALID_INCLUDED
406,1600938552816836,10,4062861,0.51870733,0.8140135944700456,"[589.897,175.317,619.215,205.442]",604,190,True,25,786.0,True,452,443,801.0,True,0.5117726099185951,True,True,True,0.16344506415890503,True,True,True,True,INCLUDED,,BOTH_VALID_INCLUDED
406,1600938552816836,11,4062840,0.40608129,0.7250816466165418,"[0.0,834.963,15.626,921.364]",7,878,True,25,755.0,True,1471,1439,752.0,True,1.0,True,True,True,0.190419646445912,True,True,True,True,INCLUDED,,BOTH_VALID_INCLUDED
406,1600938552816836,12,4062842,0.40224305,0.822204801325628,"[412.266,361.617,438.447,386.132]",425,373,True,25,938.0,True,532,516,958.0,True,0.8288835181287859,True,True,True,0.2673558688116648,True,True,True,True,INCLUDED,,BOTH_VALID_INCLUDED
406,1600938552883497,0,4062852,0.92581511,0.9356447347578156,"[471.191,445.705,573.568,567.112]",522,506,True,25,737.0,True,9944,9485,748.0,True,0.8000460564566536,True,True,True,0.32229914684963007,True,True,True,True,INCLUDED,,BOTH_VALID_INCLUDED
406,1600938552883497,1,4062826,0.92381418,0.956354004193091,"[124.445,589.981,212.969,678.4]",168,634,True,25,861.0,True,5997,5754,897.0,True,0.7661740182294041,True,True,True,0.34319304543825346,True,True,True,True,INCLUDED,,BOTH_VALID_INCLUDED
406,1600938552883497,2,4062851,0.91072124,0.9348513989041334,"[471.157,600.451,581.849,709.542]",526,654,True,25,734.0,True,9679,9098,750.0,True,0.8015402443710717,True,True,True,0.37428373677981464,True,True,True,True,INCLUDED,,BOTH_VALID_INCLUDED
406,1600938552883497,3,4062832,0.90642685,0.9603860994401469,"[13.844,429.175,107.856,522.698]",60,475,True,25,794.0,True,6122,5573,799.0,True,0.6962923181079368,True,True,True,0.22666202078255238,True,True,True,True,INCLUDED,,BOTH_VALID_INCLUDED
406,1600938552883497,4,4062858,0.8465637,0.9108461531260783,"[558.772,204.741,605.941,282.9]",582,243,True,25,787.0,True,2339,2117,794.0,True,0.6344458463853178,True,True,True,0.18040338036168968,True,True,True,True,INCLUDED,,BOTH_VALID_INCLUDED
406,1600938552883497,5,4062850,0.83058512,0.8827863667317258,"[474.587,551.725,531.32,607.584]",502,579,True,25,770.0,True,2143,2141,769.0,True,0.6762281803495459,True,True,True,0.3918978080344373,True,True,True,True,INCLUDED,,BOTH_VALID_INCLUDED
406,1600938552883497,6,4062831,0.80540508,0.8027194483601866,"[0.0,154.197,31.072,193.488]",15,173,True,25,808.0,True,871,558,810.0,True,0.7134373872670637,True,True,True,0.14714125154520788,True,True,True,True,INCLUDED,,BOTH_VALID_INCLUDED
406,1600938552883497,7,4062860,0.7380386,0.8643005345531218,"[545.35,296.178,576.592,349.069]",560,322,True,25,811.0,True,995,995,817.0,True,0.6021469272125805,True,True,True,0.21023611283205812,True,True,True,True,INCLUDED,,BOTH_VALID_INCLUDED
406,1600938552883497,8,4062855,0.52944076,0.7304272080000006,"[81.825,332.433,103.37,353.622]",92,343,True,25,866.0,True,394,393,868.0,True,0.8630565689442381,True,True,True,0.2001518056624513,True,True,True,True,INCLUDED,,BOTH_VALID_INCLUDED
406,1600938552883497,9,4062861,0.43446553,0.6120718596491226,"[573.571,175.539,599.355,205.307]",586,190,True,25,793.0,True,533,517,804.0,True,0.6944280572741125,True,True,True,0.16572934190001712,True,True,True,True,INCLUDED,,BOTH_VALID_INCLUDED
406,1600938552883497,10,4062845,0.36525974,0.9456693973838971,"[402.891,381.31,448.683,441.218]",425,411,True,25,950.0,True,1998,1761,948.0,True,0.7283180121469275,True,True,True,0.2958504727617849,True,True,True,True,INCLUDED,,BOTH_VALID_INCLUDED
406,1600938552950157,0,4062851,0.91738099,0.9195364550357056,"[456.013,601.043,565.8,707.521]",510,654,True,25,753.0,True,9642,9058,754.0,True,0.8248145704056062,True,True,True,0.3974865691986318,True,True,True,True,INCLUDED,,BOTH_VALID_INCLUDED
406,1600938552950157,1,4062826,0.91293299,0.9618255599967468,"[111.78,589.819,199.458,678.507]",155,634,True,25,904.0,True,6050,5818,899.0,True,0.7780363337834124,True,True,True,0.3284456961021994,True,True,True,True,INCLUDED,,BOTH_VALID_INCLUDED
406,1600938552950157,2,4062852,0.90698737,0.9548093997508698,"[453.675,445.619,559.201,571.789]",506,508,True,25,743.0,True,9864,9353,751.0,True,0.7408622805653841,True,True,True,0.3370643546251749,True,True,True,True,INCLUDED,,BOTH_VALID_INCLUDED
406,1600938552950157,3,4062832,0.89392334,0.961736013929647,"[0.0,427.508,92.904,523.111]",46,475,True,25,802.0,True,6032,5625,804.0,True,0.6791338840566907,True,True,True,0.22018260926723693,True,True,True,True,INCLUDED,,BOTH_VALID_INCLUDED
406,1600938552950157,4,4062858,0.82543558,0.9365339748908009,"[544.88,205.971,590.786,281.184]",567,243,True,7,772.0,True,2269,2010,797.0,True,0.6571615297983379,True,True,True,0.18261519857719674,True,True,True,True,INCLUDED,,BOTH_VALID_INCLUDED
406,1600938552950157,5,4062845,0.81766737,0.9650771074889611,"[390.811,382.082,436.518,441.381]",413,411,True,25,951.0,True,1874,1816,941.5,True,0.6914161186584851,True,True,True,0.29896102454169554,True,True,True,True,INCLUDED,,BOTH_VALID_INCLUDED
406,1600938552950157,6,4062850,0.81269532,0.8396360730197383,"[460.67,549.507,516.337,606.925]",488,578,True,25,764.0,True,2092,2017,765.0,True,0.6545092704333274,True,True,True,0.41222705967193185,True,True,True,True,INCLUDED,,BOTH_VALID_INCLUDED
406,1600938552950157,7,4062860,0.73672354,0.9035833034983888,"[531.087,297.541,559.425,347.756]",545,322,True,25,809.0,True,980,980,816.0,True,0.6886894224128376,True,True,True,0.21391899041714305,True,True,True,True,INCLUDED,,BOTH_VALID_INCLUDED
406,1600938552950157,8,4062831,0.6937871,0.7940732203606969,"[0.0,155.705,19.269,194.526]",9,175,True,25,833.0,True,409,350,832.0,True,0.5467608537500421,True,True,True,0.1465999457295651,True,True,True,True,INCLUDED,,BOTH_VALID_INCLUDED
406,1600938552950157,9,4062861,0.55930579,0.6570904925680666,"[558.332,173.878,586.884,206.062]",572,189,True,25,802.0,True,606,605,811.0,True,0.6594715577360678,True,True,True,0.16730130120253564,True,True,True,True,INCLUDED,,BOTH_VALID_INCLUDED
406,1600938552950157,10,4062855,0.54849094,0.8797834668204652,"[65.873,328.559,90.943,353.424]",78,340,True,25,864.0,True,403,402,869.0,True,0.6464906506302777,True,True,True,0.19579770239067673,True,True,True,True,INCLUDED,,BOTH_VALID_INCLUDED
406,1600938552950157,11,4062842,0.41719589,0.8732816627218926,"[386.829,362.105,410.953,386.576]",398,374,True,25,954.0,True,511,491,956.0,True,0.8656052131075663,True,True,True,0.27137696251113314,True,True,True,True,INCLUDED,,BOTH_VALID_INCLUDED
406,1600938552950157,12,4062846,0.39064595,0.8751309729881438,"[351.348,451.638,418.685,521.611]",385,486,True,25,887.0,True,2951,2687,909.0,True,0.6263036628266526,True,True,True,0.3915391796408173,True,True,True,True,INCLUDED,,BOTH_VALID_INCLUDED
406,1600938553016818,0,4062852,0.91413277,0.936560948013623,"[437.648,445.692,540.947,570.402]",489,508,True,25,722.0,True,9837,9331,749.0,True,0.7635988661877241,True,True,True,0.3511956806212491,True,True,True,True,INCLUDED,,BOTH_VALID_INCLUDED
406,1600938553016818,1,4062832,0.91142589,0.9540768454719759,"[0.0,427.49,77.642,522.142]",38,474,True,25,773.0,True,5760,5656,796.0,True,0.7837832434028964,True,True,True,0.2168411212808052,True,True,True,True,INCLUDED,,BOTH_VALID_INCLUDED
406,1600938553016818,2,4062851,0.90638345,0.9242889194389271,"[440.781,601.484,549.122,708.656]",494,655,True,24,713.0,True,9628,9030,750.0,True,0.829204988851495,True,True,True,0.4241056123651176,True,True,True,True,INCLUDED,,BOTH_VALID_INCLUDED
406,1600938553016818,3,4062826,0.89211148,0.9515727894606288,"[97.265,589.578,186.843,678.025]",142,633,True,12,862.0,True,6097,5749,896.0,True,0.7695409345875053,True,True,True,0.31443166524541305,True,True,True,True,INCLUDED,,BOTH_VALID_INCLUDED
406,1600938553016818,4,4062858,0.85011584,0.9680224145078425,"[528.811,205.152,575.879,280.073]",552,242,True,25,794.0,True,2293,2057,797.0,True,0.6502415909251672,True,True,True,0.18467561570186883,True,True,True,True,INCLUDED,,BOTH_VALID_INCLUDED
406,1600938553016818,5,4062850,0.81099313,0.8789876715035968,"[445.675,552.195,500.155,606.506]",472,579,True,25,783.0,True,2017,1998,779.0,True,0.6816807027325724,True,True,True,0.4382651391135382,True,True,True,True,INCLUDED,,BOTH_VALID_INCLUDED
406,1600938553016818,6,4062846,0.80142725,0.9007307378678523,"[339.19,453.515,405.299,523.093]",372,488,True,25,874.0,True,2943,2716,897.0,True,0.6398198848803283,True,True,True,0.39652741980587075,True,True,True,True,INCLUDED,,BOTH_VALID_INCLUDED
406,1600938553016818,7,4062860,0.68010604,0.8293847053607059,"[517.4,297.195,546.744,349.204]",532,323,True,25,804.0,True,967,967,815.0,True,0.6336196782315975,True,True,True,0.21714801963927569,True,True,True,True,INCLUDED,,BOTH_VALID_INCLUDED
406,1600938553016818,8,4062845,0.62563539,0.9211876191956901,"[377.927,381.286,422.704,441.087]",400,411,True,25,958.0,True,1915,1811,947.0,True,0.7151634962512218,True,True,True,0.3008984612839245,True,True,True,True,INCLUDED,,BOTH_VALID_INCLUDED
406,1600938553016818,9,4062861,0.58363003,0.7851169168831149,"[542.417,167.023,573.901,205.426]",558,186,True,25,805.0,True,700,700,816.0,True,0.5789525671539256,True,True,True,0.16802325091436193,True,True,True,True,INCLUDED,,BOTH_VALID_INCLUDED
406,1600938553016818,10,4062855,0.55070579,0.7597186715276235,"[50.483,326.982,76.183,351.328]",63,339,True,25,862.0,True,412,410,865.0,True,0.6584707304965617,True,True,True,0.19138202324419626,True,True,True,True,INCLUDED,,BOTH_VALID_INCLUDED
406,1600938553016818,11,4062842,0.531856,0.8499370286247047,"[375.861,362.329,400.113,385.307]",387,373,True,25,939.0,True,500,456,945.0,True,0.8972432910499172,True,True,True,0.2719983674633125,True,True,True,True,INCLUDED,,BOTH_VALID_INCLUDED
406,1600938553083478,0,4062852,0.91310591,0.9425113819160217,"[422.507,445.94,527.194,568.928]",474,507,True,25,743.0,True,9810,9272,750.0,True,0.76192726320239,True,True,True,0.3631111314910411,True,True,True,True,INCLUDED,,BOTH_VALID_INCLUDED
406,1600938553083478,1,4062851,0.9102717,0.9449510590003162,"[425.483,600.852,533.338,711.63]",479,656,True,25,737.0,True,9622,9294,748.0,True,0.8053256825150436,True,True,True,0.4534943646621573,True,True,True,True,INCLUDED,,BOTH_VALID_INCLUDED
406,1600938553083478,2,4062832,0.90594983,0.9544410291017292,"[0.0,427.754,65.515,522.94]",32,475,True,25,790.0,True,4938,4883,798.0,True,0.7918396844261322,True,True,True,0.214440044087169,True,True,True,True,INCLUDED,,BOTH_VALID_INCLUDED
406,1600938553083478,3,4062826,0.89851224,0.9769904090198989,"[85.796,589.122,175.418,678.327]",130,633,True,25,906.0,True,6149,5825,905.0,True,0.7691316164201759,True,True,True,0.30350964287897464,True,True,True,True,INCLUDED,,BOTH_VALID_INCLUDED
406,1600938553083478,4,4062858,0.85482526,0.9404541464678863,"[515.539,205.18,562.18,280.75]",538,242,True,25,802.0,True,2307,2150,799.0,True,0.6545311484862305,True,True,True,0.18675447206599743,True,True,True,True,INCLUDED,,BOTH_VALID_INCLUDED
406,1600938553083478,5,4062846,0.84784722,0.917055204922171,"[326.775,452.769,392.693,523.675]",359,488,True,25,886.0,True,2933,2729,907.0,True,0.627516362543711,True,True,True,0.3971749216468315,True,True,True,True,INCLUDED,,BOTH_VALID_INCLUDED
406,1600938553083478,6,4062845,0.80254614,0.955609731103441,"[365.244,381.085,411.858,441.125]",388,411,True,25,943.0,True,2042,1977,934.0,True,0.7296232797076659,True,True,True,0.3024174328356523,True,True,True,True,INCLUDED,,BOTH_VALID_INCLUDED
406,1600938553083478,7,4062850,0.74518889,0.8898437394103438,"[433.054,552.728,486.763,606.092]",459,579,True,25,783.0,True,1985,1918,765.0,True,0.6925722228514332,True,True,True,0.4611579599878091,True,True,True,True,INCLUDED,,BOTH_VALID_INCLUDED
406,1600938553083478,8,4062861,0.68972558,0.8602338837028956,"[526.395,163.176,561.697,204.858]",544,184,True,25,800.0,True,772,772,810.0,True,0.5246497140165665,True,True,True,0.1689974370831632,True,True,True,True,INCLUDED,,BOTH_VALID_INCLUDED
406,1600938553083478,9,4062860,0.66022849,0.8500406102316894,"[502.742,296.73,530.956,350.04]",516,323,True,25,809.0,True,922,922,813.0,True,0.6129959095354731,True,True,True,0.22058670490155483,True,True,True,True,INCLUDED,,BOTH_VALID_INCLUDED
406,1600938553083478,10,4062842,0.53026736,0.6951585256240257,"[364.619,364.379,388.203,383.822]",376,374,True,25,932.0,True,495,468,941.0,True,1.0,True,True,True,0.27292170290907103,True,True,True,True,INCLUDED,,BOTH_VALID_INCLUDED
406,1600938553083478,11,4062855,0.40393028,0.7250007138461532,"[39.459,330.875,62.411,351.407]",50,341,True,25,857.0,True,421,421,859.0,True,0.8933678206415525,True,True,True,0.18870496724933686,True,True,True,True,INCLUDED,,BOTH_VALID_INCLUDED
406,1600938553150138,0,4062852,0.92067319,0.9280474779079191,"[408.426,447.094,512.369,567.278]",460,507,True,25,729.0,True,9731,8910,743.0,True,0.7789607426641398,True,True,True,0.3752473483494941,True,True,True,True,INCLUDED,,BOTH_VALID_INCLUDED
406,1600938553150138,1,4062851,0.90656441,0.9536738043345416,"[407.672,601.022,517.246,713.791]",462,657,True,25,749.0,True,9573,8920,746.0,True,0.7747307853291822,True,True,True,0.49037142039419235,True,True,True,True,INCLUDED,,BOTH_VALID_INCLUDED
406,1600938553150138,2,4062826,0.90229881,0.9696497479967106,"[72.914,588.713,161.524,678.095]",117,633,True,25,914.0,True,6181,6032,912.0,True,0.7804155942707173,True,True,True,0.2916552317507606,True,True,True,True,INCLUDED,,BOTH_VALID_INCLUDED
406,1600938553150138,3,4062846,0.87751931,0.8967960797843716,"[312.898,453.235,380.006,523.249]",346,488,True,25,907.0,True,2900,2672,909.0,True,0.6172183252532818,True,True,True,0.39625689399472,True,True,True,True,INCLUDED,,BOTH_VALID_INCLUDED
406,1600938553150138,4,4062832,0.85607851,0.9325950104677799,"[0.025,429.786,49.837,523.366]",24,476,True,25,802.0,True,3699,3698,804.0,True,0.7935372370920389,True,True,True,0.21150664302757524,True,True,True,True,INCLUDED,,BOTH_VALID_INCLUDED
406,1600938553150138,5,4062858,0.85217112,0.8862939927672184,"[499.569,205.456,546.545,281.298]",523,243,True,25,810.0,True,2347,2217,810.0,True,0.6587600875676796,True,True,True,0.18909575938086226,True,True,True,True,INCLUDED,,BOTH_VALID_INCLUDED
406,1600938553150138,6,4062845,0.84102744,0.9401900832059767,"[352.21,381.922,397.659,441.857]",374,411,True,25,929.0,True,1923,1858,934.0,True,0.7059508127431271,True,True,True,0.3043224177018431,True,True,True,True,INCLUDED,,BOTH_VALID_INCLUDED
406,1600938553150138,7,4062850,0.79266632,0.8527105141264116,"[417.297,553.243,471.122,605.996]",444,579,True,25,764.0,True,1885,1875,765.0,True,0.663865582398667,True,True,True,0.491111587984995,True,True,True,True,INCLUDED,,BOTH_VALID_INCLUDED
406,1600938553150138,8,4062861,0.67686588,0.7881967770079489,"[511.62,163.239,546.023,204.982]",528,184,True,25,806.0,True,856,856,815.0,True,0.5960652331535026,True,True,True,0.17060655643713776,True,True,True,True,INCLUDED,,BOTH_VALID_INCLUDED
406,1600938553150138,9,4062860,0.61160517,0.8036167920250795,"[487.27,298.807,516.853,349.94]",502,324,True,25,805.0,True,886,886,811.0,True,0.5857202439775507,True,True,True,0.22415311922629594,True,True,True,True,INCLUDED,,BOTH_VALID_INCLUDED
406,1600938553150138,10,4062842,0.3999868,0.8130206100880943,"[350.589,361.096,374.648,384.554]",362,372,True,25,945.0,True,480,451,946.0,True,0.8504967987459965,True,True,True,0.27234017984745573,True,True,True,True,INCLUDED,,BOTH_VALID_INCLUDED
406,1600938553216799,0,4062851,0.92069453,0.9736134163125888,"[393.508,601.186,501.783,713.499]",447,657,True,25,739.0,True,9475,8977,751.0,True,0.7791498625130447,True,True,True,0.528136986339221,True,True,True,True,INCLUDED,,BOTH_VALID_INCLUDED
406,1600938553216799,1,4062826,0.91609311,0.971699795982558,"[58.463,588.428,148.863,677.397]",103,632,True,25,891.0,True,6231,6217,904.0,True,0.774730424647264,True,True,True,0.28055609127460607,True,True,True,True,INCLUDED,,BOTH_VALID_INCLUDED
406,1600938553216799,2,4062852,0.9155525,0.9488820526699654,"[393.433,447.05,496.9,569.695]",445,508,True,25,736.0,True,9673,8839,744.0,True,0.7622711500981268,True,True,True,0.38944247787174996,True,True,True,True,INCLUDED,,BOTH_VALID_INCLUDED
406,1600938553216799,3,4062858,0.85975623,0.8731197969551234,"[483.311,205.186,531.298,282.189]",507,243,True,25,774.0,True,2375,2267,791.0,True,0.6427356194514495,True,True,True,0.1912767083749748,True,True,True,True,INCLUDED,,BOTH_VALID_INCLUDED
406,1600938553216799,4,4062832,0.81745094,0.859955254510508,"[0.0,438.491,31.962,521.207]",15,479,True,25,806.0,True,2279,2279,804.0,True,0.8620269695656502,True,True,True,0.20856366001085844,True,True,True,True,INCLUDED,,BOTH_VALID_INCLUDED
406,1600938553216799,5,4062845,0.78431439,0.8877448950239407,"[339.3,381.566,382.735,441.204]",361,411,True,25,963.0,True,1891,1812,953.0,True,0.7300097024890813,True,True,True,0.30430537548349973,True,True,True,True,INCLUDED,,BOTH_VALID_INCLUDED
406,1600938553216799,6,4062861,0.75310618,0.8134517307117987,"[495.325,161.313,532.772,204.954]",514,183,True,25,813.0,True,997,997,819.0,True,0.6100752886325993,True,True,True,0.1717803025824421,True,True,True,True,INCLUDED,,BOTH_VALID_INCLUDED
406,1600938553216799,7,4062860,0.68847859,0.8384199745858196,"[473.137,298.421,499.674,348.246]",486,323,True,25,810.0,True,848,848,815.0,True,0.6413523943819579,True,True,True,0.22677620368347826,True,True,True,True,INCLUDED,,BOTH_VALID_INCLUDED
406,1600938553216799,8,4062850,0.64231962,0.8505817704936907,"[404.464,555.798,455.767,605.781]",430,580,True,25,783.0,True,1801,1750,771.0,True,0.7023419871221614,True,True,True,0.5214530520690881,True,True,True,True,INCLUDED,,BOTH_VALID_INCLUDED
406,1600938553216799,9,4062855,0.31390756,0.6094701139601142,"[12.693,331.979,34.153,351.916]",23,341,True,25,861.0,True,435,435,859.0,True,1.0,True,True,True,0.18195816438318846,True,True,True,True,INCLUDED,,BOTH_VALID_INCLUDED
406,1600938553216799,10,4062846,0.3101683,0.9117827416052847,"[300.032,453.908,367.15,521.543]",333,487,True,25,897.0,True,2875,2686,904.0,True,0.6333260442462106,True,True,True,0.3928538418190615,True,True,True,True,INCLUDED,,BOTH_VALID_INCLUDED
406,1600938553283460,0,4062852,0.92646253,0.9486286397875426,"[379.201,447.638,479.837,568.606]",429,508,True,25,729.0,True,9598,8970,741.0,True,0.7884186315132314,True,True,True,0.4014782378911229,True,True,True,True,INCLUDED,,BOTH_VALID_INCLUDED
406,1600938553283460,1,4062826,0.91531247,0.9681133187632709,"[44.33,590.061,134.828,678.97]",89,634,True,25,927.0,True,6291,6252,914.0,True,0.7818707712997517,True,True,True,0.26992257294827726,True,True,True,True,INCLUDED,,BOTH_VALID_INCLUDED
406,1600938553283460,2,4062851,0.91255796,0.9358450135869566,"[378.32,601.702,486.585,713.037]",432,657,True,25,744.0,True,9378,8751,757.0,True,0.7780194150646695,True,True,True,0.5730479564584832,True,True,True,True,INCLUDED,,BOTH_VALID_INCLUDED
406,1600938553283460,3,4062858,0.85403842,0.8287499357359398,"[467.689,205.012,515.63,280.402]",491,242,True,25,796.0,True,2491,2357,801.0,True,0.6892121032650899,True,True,True,0.19284905556397147,True,True,True,True,INCLUDED,,BOTH_VALID_INCLUDED
406,1600938553283460,4,4062861,0.76556444,0.8629771065074494,"[479.384,157.31,518.008,204.7]",498,181,True,25,796.0,True,1084,1084,804.0,True,0.5922230751788512,True,True,True,0.17256480813310301,True,True,True,True,INCLUDED,,BOTH_VALID_INCLUDED
406,1600938553283460,5,4062845,0.74783254,0.9405188522871797,"[326.531,381.73,370.364,441.732]",348,411,True,3,888.0,True,1898,1456,938.0,True,0.7216544367037593,True,True,True,0.30435735259356445,True,True,True,True,INCLUDED,,BOTH_VALID_INCLUDED
406,1600938553283460,6,4062850,0.65992737,0.7832091759865668,"[389.776,553.68,440.081,605.969]",414,579,True,25,726.0,True,1721,1650,747.0,True,0.6542735757593824,True,True,True,0.5510390579291339,True,True,True,True,INCLUDED,,BOTH_VALID_INCLUDED
406,1600938553283460,7,4062860,0.65488011,0.7252447132037511,"[458.874,299.158,483.942,347.74]",471,323,True,25,802.0,True,819,819,806.0,True,0.6724946382224202,True,True,True,0.22957711330594235,True,True,True,True,INCLUDED,,BOTH_VALID_INCLUDED
406,1600938553283460,8,4062832,0.60966098,0.5589182424984694,"[0.0,469.799,18.255,519.797]",9,494,True,25,819.0,True,1060,1060,817.0,True,1.0,True,True,True,0.20845043851296052,True,True,True,True,INCLUDED,,BOTH_VALID_INCLUDED
406,1600938553283460,9,4062855,0.519517,0.7985711466666674,"[2.154,329.82,23.818,351.937]",12,340,True,25,858.0,True,423,423,857.0,True,0.8828267874975891,True,True,True,0.17916647239266226,True,True,True,True,INCLUDED,,BOTH_VALID_INCLUDED
406,1600938553350120,0,4062852,0.92672825,0.9383908413667369,"[363.34,447.217,463.672,566.85]",413,507,True,25,749.0,True,9564,8885,747.0,True,0.796799594543577,True,True,True,0.41096751937784975,True,True,True,True,INCLUDED,,BOTH_VALID_INCLUDED
406,1600938553350120,1,4062851,0.91879463,0.9434178216391284,"[360.972,601.152,469.988,710.679]",415,655,True,25,729.0,True,9312,8761,743.0,True,0.7798867324268101,True,True,True,0.6340442223446491,True,True,True,True,INCLUDED,,BOTH_VALID_INCLUDED
406,1600938553350120,2,4062826,0.9003275,0.9745562268806134,"[30.937,588.979,122.283,678.472]",76,633,True,25,935.0,True,6352,6280,919.0,True,0.7770194465133958,True,True,True,0.260783765371439,True,True,True,True,INCLUDED,,BOTH_VALID_INCLUDED
406,1600938553350120,3,4062858,0.87468714,0.8988691859409285,"[453.916,204.405,500.256,280.423]",477,242,True,25,792.0,True,2486,2410,798.0,True,0.705713873981622,True,True,True,0.1943755328083266,True,True,True,True,INCLUDED,,BOTH_VALID_INCLUDED
406,1600938553350120,4,4062861,0.80329514,0.8567316964035657,"[464.111,157.243,503.512,205.021]",483,181,True,25,799.0,True,1113,1107,807.0,True,0.5912347526015468,True,True,True,0.17382901629775319,True,True,True,True,INCLUDED,,BOTH_VALID_INCLUDED
406,1600938553350120,5,4062850,0.77750909,0.8290779302544267,"[374.898,553.771,423.362,605.657]",399,579,True,25,776.0,True,1625,1599,777.0,True,0.6462252422321028,True,True,True,0.5818289423338019,True,True,True,True,INCLUDED,,BOTH_VALID_INCLUDED
406,1600938553350120,7,4062860,0.6568644,0.8180655395284037,"[443.497,297.887,473.033,348.352]",458,323,True,25,798.0,True,795,795,806.0,True,0.5333658084902501,True,True,True,0.23160646412894817,True,True,True,True,INCLUDED,,BOTH_VALID_INCLUDED
406,1600938553350120,8,4062846,0.56367612,0.9422711877607909,"[274.909,455.501,341.401,523.171]",308,489,True,25,900.0,True,2733,2516,907.0,True,0.6073989810152006,True,True,True,0.3856020889638127,True,True,True,True,INCLUDED,,BOTH_VALID_INCLUDED
406,1600938553350120,9,4062845,0.5315513,0.9419015984989754,"[313.651,380.724,357.722,441.841]",335,411,True,25,948.0,True,1938,1880,943.0,True,0.71951332199094,True,True,True,0.3030246316980413,True,True,True,True,INCLUDED,,BOTH_VALID_INCLUDED
406,1600938553416781,0,4062852,0.93602008,0.9052441273008012,"[349.318,447.643,449.983,565.824]",399,506,True,25,732.0,True,9490,9058,744.0,True,0.7977008486258943,True,True,True,0.4183400231707591,True,True,True,True,INCLUDED,,BOTH_VALID_INCLUDED
406,1600938553416781,1,4062851,0.91274154,0.9450500179887769,"[345.375,601.757,451.87,712.214]",398,656,True,22,742.0,True,9179,8906,751.0,True,0.7803203055712886,True,True,True,0.7032721099895664,True,True,True,True,INCLUDED,,BOTH_VALID_INCLUDED
406,1600938553416781,2,4062826,0.9054051,0.9838703266285048,"[17.142,588.787,109.923,679.036]",63,633,True,25,900.0,True,6407,6187,917.0,True,0.7651617935884435,True,True,True,0.2521877205146014,True,True,True,True,INCLUDED,,BOTH_VALID_INCLUDED
406,1600938553416781,3,4062858,0.87453145,0.8962300458100655,"[437.494,204.527,484.807,279.699]",461,242,True,25,763.0,True,2511,2305,794.0,True,0.7060088111316707,True,True,True,0.19586991859021974,True,True,True,True,INCLUDED,,BOTH_VALID_INCLUDED
406,1600938553416781,4,4062850,0.79022032,0.8505980602798012,"[360.166,554.205,406.48,606.333]",383,580,True,25,760.0,True,1560,1532,759.0,True,0.6461617475267518,True,True,True,0.609299251718415,True,True,True,True,INCLUDED,,BOTH_VALID_INCLUDED
406,1600938553416781,5,4062861,0.78922856,0.8272419710706903,"[448.943,156.803,486.775,204.985]",467,180,True,25,800.0,True,1207,1205,806.0,True,0.6621603104441018,True,True,True,0.17494578843286732,True,True,True,True,INCLUDED,,BOTH_VALID_INCLUDED
406,1600938553416781,6,4062845,0.68169492,0.989768166315269,"[299.962,381.214,344.822,440.886]",322,411,True,18,956.0,True,1925,1426,942.0,True,0.719119177107106,True,True,True,0.30118827114466873,True,True,True,True,INCLUDED,,BOTH_VALID_INCLUDED
406,1600938553416781,7,4062860,0.61378992,0.8090831814830769,"[427.467,295.422,454.793,347.437]",441,321,True,25,809.0,True,735,735,812.0,True,0.5171096855565753,True,True,True,0.23324220992105474,True,True,True,True,INCLUDED,,BOTH_VALID_INCLUDED
406,1600938553483441,0,4062851,0.92451143,0.9215214393024294,"[329.836,601.452,435.343,710.256]",382,655,False,0,,True,9077,8331,747.0,True,0.7907081209687932,False,True,True,0.783712987870262,True,False,False,True,INVALID_BBOX_CENTER_DEPTH,INVALID_BBOX_CENTER_DEPTH,A_BBOX_INVALID_MASK_VALID
406,1600938553483441,1,4062852,0.92323446,0.92969449016129,"[333.274,447.387,431.767,564.433]",382,505,True,25,716.0,True,9500,8875,739.0,True,0.8240653681029678,True,True,True,0.42378624971278683,True,True,True,True,INCLUDED,,BOTH_VALID_INCLUDED
406,1600938553483441,2,4062826,0.90967429,0.9443523066951267,"[2.096,587.598,96.029,679.068]",49,633,True,25,901.0,True,6518,6450,905.0,True,0.7586081150018616,True,True,True,0.24330369392109577,True,True,True,True,INCLUDED,,BOTH_VALID_INCLUDED
406,1600938553483441,3,4062858,0.86529279,0.8615647081247315,"[423.423,203.762,470.677,280.016]",447,241,True,25,796.0,True,2570,2460,797.0,True,0.7132338002854482,True,True,True,0.19703775111528918,True,True,True,True,INCLUDED,,BOTH_VALID_INCLUDED
406,1600938553483441,4,4062850,0.81360865,0.8638854549855371,"[345.685,554.43,390.719,605.17]",368,579,True,25,748.0,True,1462,1408,750.0,True,0.6398179002983057,True,True,True,0.6220600856094709,True,True,True,True,INCLUDED,,BOTH_VALID_INCLUDED
406,1600938553483441,5,4062861,0.80104125,0.8014822801266351,"[434.223,154.715,471.303,203.774]",452,179,True,25,798.0,True,1268,1268,808.0,True,0.6970450326053262,True,True,True,0.17543839841124512,True,True,True,True,INCLUDED,,BOTH_VALID_INCLUDED
406,1600938553483441,6,4062845,0.80034846,0.9494981106740946,"[285.41,380.869,331.435,441.28]",308,411,True,3,920.0,True,1881,1342,932.0,True,0.6765174038552924,True,True,True,0.29880729467395306,True,True,True,True,INCLUDED,,BOTH_VALID_INCLUDED
406,1600938553483441,7,4062860,0.62693,0.7176759107246196,"[413.177,296.541,442.52,343.728]",427,320,True,25,798.0,True,695,684,804.0,True,0.5019470703805436,True,True,True,0.23420180218958908,True,True,True,True,INCLUDED,,BOTH_VALID_INCLUDED
406,1600938553550101,0,4062852,0.92475969,0.9208297646673762,"[318.497,447.646,417.119,561.753]",367,504,True,25,758.0,True,9206,8511,749.0,True,0.8180594720908102,True,True,True,0.42458228324165476,True,True,True,True,INCLUDED,,BOTH_VALID_INCLUDED
406,1600938553550101,1,4062851,0.90940183,0.9425379935370592,"[315.5,601.695,419.634,709.68]",367,655,True,25,736.0,True,8771,8435,740.0,True,0.779997350605739,True,True,True,0.8516643372706908,True,True,True,True,INCLUDED,,BOTH_VALID_INCLUDED
406,1600938553550101,2,4062826,0.89633811,0.955418618558752,"[0.972,587.31,84.022,679.297]",42,633,True,25,878.0,True,6001,5913,912.0,True,0.7855205202771656,True,True,True,0.2394787349396241,True,True,True,True,INCLUDED,,BOTH_VALID_INCLUDED
406,1600938553550101,3,4062858,0.8592121,0.9634399846051651,"[407.976,203.418,455.402,280.418]",431,241,True,25,807.0,True,2643,2513,800.0,True,0.7237522735350932,True,True,True,0.19822171781523099,True,True,True,True,INCLUDED,,BOTH_VALID_INCLUDED
406,1600938553550101,4,4062861,0.81499857,0.9559195816008308,"[420.141,153.185,456.76,203.41]",438,178,True,25,794.0,True,1265,1265,802.0,True,0.6878030538754643,True,True,True,0.17595718834699947,True,True,True,True,INCLUDED,,BOTH_VALID_INCLUDED
406,1600938553550101,5,4062850,0.80848277,0.8716756550514361,"[332.527,554.516,373.682,605.714]",353,580,True,21,750.0,True,1495,1398,747.0,True,0.709521549970564,True,True,True,0.6239054890855312,True,True,True,True,INCLUDED,,BOTH_VALID_INCLUDED
406,1600938553550101,6,4062860,0.65434557,0.7112942583761973,"[398.093,299.268,427.711,343.644]",412,321,True,25,792.0,True,786,783,801.0,True,0.5980240700397021,True,True,True,0.23645863194031613,True,True,True,True,INCLUDED,,BOTH_VALID_INCLUDED
406,1600938553550101,7,4062845,0.5607357,0.9308626499999998,"[275.584,381.285,316.812,440.892]",296,411,True,20,760.0,True,1900,1406,916.0,True,0.7731505498657293,True,True,True,0.2961763914058054,True,True,True,True,INCLUDED,,BOTH_VALID_INCLUDED
406,1600938553616762,0,4062851,0.9129464,0.9168122950697966,"[298.014,601.797,402.52,708.16]",350,654,True,25,725.0,True,8652,7665,742.0,True,0.7783675235637311,True,True,True,0.8484426870310259,True,True,True,True,INCLUDED,,BOTH_VALID_INCLUDED
406,1600938553616762,1,4062852,0.90908116,0.8744553288935254,"[304.346,447.585,400.713,560.677]",352,504,True,25,746.0,True,9180,8587,740.0,True,0.8423303664393899,True,True,True,0.4235955951298734,True,True,True,True,INCLUDED,,BOTH_VALID_INCLUDED
406,1600938553616762,2,4062826,0.86526561,0.9708434451152412,"[0.875,589.334,69.116,679.039]",34,634,True,25,914.0,True,4921,4655,917.0,True,0.8038802005124213,True,True,True,0.2352628469681614,True,True,True,True,INCLUDED,,BOTH_VALID_INCLUDED
406,1600938553616762,3,4062858,0.86162078,0.9451492169998473,"[393.433,203.178,441.11,280.974]",417,242,True,25,790.0,True,2669,2497,791.0,True,0.719585470713824,True,True,True,0.19919354664324213,True,True,True,True,INCLUDED,,BOTH_VALID_INCLUDED
406,1600938553616762,4,4062861,0.83224761,0.9196175467532443,"[405.052,154.656,443.561,203.521]",424,179,True,25,796.0,True,1433,1433,801.0,True,0.7615282982281509,True,True,True,0.17687347194975955,True,True,True,True,INCLUDED,,BOTH_VALID_INCLUDED
406,1600938553616762,5,4062850,0.78222221,0.8617905250693081,"[317.505,553.712,356.004,605.586]",336,579,False,0,,True,1356,1027,753.0,True,0.6789855046839612,False,True,True,0.6072641061320432,True,False,False,True,INVALID_BBOX_CENTER_DEPTH,INVALID_BBOX_CENTER_DEPTH,A_BBOX_INVALID_MASK_VALID
406,1600938553616762,6,4062860,0.59570438,0.6320581894663952,"[385.432,297.709,416.046,340.545]",400,319,True,25,794.0,True,729,719,804.0,True,0.5559023891650665,True,True,True,0.23615604049006123,True,True,True,True,INCLUDED,,BOTH_VALID_INCLUDED
406,1600938553683422,0,4062852,0.93787384,0.9162405945000004,"[287.959,447.305,385.105,560.484]",336,503,True,25,716.0,True,9125,8747,741.0,True,0.829931211552171,True,True,True,0.41996705245294386,True,True,True,True,INCLUDED,,BOTH_VALID_INCLUDED
406,1600938553683422,1,4062851,0.90569299,0.8850582649068791,"[282.518,602.05,384.002,708.375]",333,655,True,25,731.0,True,8533,7768,733.0,True,0.790803854759627,True,True,True,0.7647341849133409,True,True,True,True,INCLUDED,,BOTH_VALID_INCLUDED
406,1600938553683422,2,4062826,0.85606682,0.900641889975744,"[1.318,591.057,54.964,676.812]",28,633,True,25,935.0,True,3784,3642,916.0,True,0.8225348946028154,True,True,True,0.2315273442741217,True,True,True,True,INCLUDED,,BOTH_VALID_INCLUDED
406,1600938553683422,3,4062858,0.85502219,0.9500846324999076,"[376.657,203.182,426.24,280.621]",401,241,True,25,790.0,True,2704,2608,794.0,True,0.7042293986512473,True,True,True,0.19989988456691815,True,True,True,True,INCLUDED,,BOTH_VALID_INCLUDED
406,1600938553683422,4,4062861,0.84213179,0.9299248314111168,"[389.303,153.589,428.8,203.279]",409,178,True,25,797.0,True,1401,1401,803.0,True,0.7138468189587094,True,True,True,0.17725308326654168,True,True,True,True,INCLUDED,,BOTH_VALID_INCLUDED
406,1600938553683422,5,4062850,0.72931051,0.8207559314561603,"[301.695,554.804,337.46,605.538]",319,580,True,25,771.0,True,1234,1128,759.0,True,0.6800765902917323,True,True,True,0.5807049661074829,True,True,True,True,INCLUDED,,BOTH_VALID_INCLUDED
406,1600938553683422,6,4062860,0.66770548,0.7626437806128978,"[371.277,298.924,397.383,345.163]",384,322,True,25,783.0,True,707,685,796.0,True,0.5856938273306697,True,True,True,0.23872843346161457,True,True,True,True,INCLUDED,,BOTH_VALID_INCLUDED
406,1600938553750082,0,4062851,0.91383111,0.9221973468573554,"[265.659,601.922,370.046,709.531]",317,655,True,15,757.0,True,8391,7360,750.0,True,0.7469967443902891,True,True,True,0.6897220643158586,True,True,True,True,INCLUDED,,BOTH_VALID_INCLUDED
406,1600938553750082,1,4062852,0.91122955,0.92317098476431,"[271.783,447.474,369.42,559.801]",320,503,True,25,740.0,True,9153,8650,736.0,True,0.8345740476789855,True,True,True,0.41332556009817145,True,True,True,True,INCLUDED,,BOTH_VALID_INCLUDED
406,1600938553750082,2,4062858,0.86801565,0.9315895392337774,"[362.07,202.68,411.343,280.387]",386,241,True,25,788.0,True,2740,2689,788.0,True,0.715618262089234,True,True,True,0.20025613772715112,True,True,True,True,INCLUDED,,BOTH_VALID_INCLUDED
406,1600938553750082,3,4062861,0.8444922,0.9399733482630331,"[374.82,153.064,414.719,202.865]",394,177,True,25,799.0,True,1566,1566,802.0,True,0.7881187925457038,True,True,True,0.17751209172270316,True,True,True,True,INCLUDED,,BOTH_VALID_INCLUDED
406,1600938553750082,4,4062826,0.83771563,0.8992716019197021,"[0.798,593.641,41.804,672.29]",21,632,True,25,896.0,True,2615,2611,900.0,True,0.8108323747367063,True,True,True,0.22790877793014486,True,True,True,True,INCLUDED,,BOTH_VALID_INCLUDED
406,1600938553750082,5,4062845,0.70016092,0.9335442611536501,"[235.188,380.583,279.834,441.307]",257,410,True,25,762.0,True,1804,1022,919.0,True,0.665416562881601,True,True,True,0.28495011926778613,True,True,True,True,INCLUDED,,BOTH_VALID_INCLUDED
406,1600938553750082,6,4062850,0.67227143,0.7414103071903545,"[286.723,554.791,317.654,604.554]",302,579,True,25,743.0,True,1082,882,743.0,True,0.7029537394336558,True,True,True,0.5447933732176764,True,True,True,True,INCLUDED,,BOTH_VALID_INCLUDED
406,1600938553750082,7,4062860,0.44140068,0.7168836770887625,"[355.48,298.813,380.918,344.226]",368,321,True,25,785.0,True,636,622,795.0,True,0.5505464418411128,True,True,True,0.2388995214695485,True,True,True,True,INCLUDED,,BOTH_VALID_INCLUDED
406,1600938553816741,0,4062852,0.93708253,0.9113291574074078,"[256.823,447.03,354.417,557.965]",305,502,True,25,723.0,True,9145,8700,738.0,True,0.8446795963064042,True,True,True,0.40344507342264535,True,True,True,True,INCLUDED,,BOTH_VALID_INCLUDED
406,1600938553816741,1,4062851,0.89535743,0.9057036890667645,"[250.647,601.84,353.074,708.349]",301,655,True,25,725.0,True,8238,7192,738.0,True,0.7551287886022319,True,True,True,0.62473836151042,True,True,True,True,INCLUDED,,BOTH_VALID_INCLUDED
406,1600938553816741,2,4062858,0.8640641,0.9683630312937916,"[346.952,202.903,396.555,281.452]",371,242,True,25,789.0,True,2784,2750,792.0,True,0.7145302621579422,True,True,True,0.20080479015376357,True,True,True,True,INCLUDED,,BOTH_VALID_INCLUDED
406,1600938553816741,3,4062861,0.85861003,0.9068164836811284,"[358.65,152.558,397.913,201.719]",378,177,True,25,794.0,True,1605,1605,797.0,True,0.831516455630613,True,True,True,0.1775497600952355,True,True,True,True,INCLUDED,,BOTH_VALID_INCLUDED
406,1600938553816741,4,4062826,0.81398493,0.9152285294117657,"[0.966,594.31,30.013,660.73]",15,627,True,25,896.0,True,1604,1595,895.0,True,0.8313888733651369,True,True,True,0.2248522582111884,True,True,True,True,INCLUDED,,BOTH_VALID_INCLUDED
406,1600938553816741,5,4062850,0.75068998,0.7516187966533211,"[272.485,556.536,299.884,603.888]",286,580,True,25,735.0,True,921,714,735.0,True,0.7098826974106999,True,True,True,0.5128435886051638,True,True,True,True,INCLUDED,,BOTH_VALID_INCLUDED
406,1600938553816741,6,4062860,0.45559528,0.8086208095330373,"[342.483,297.843,364.929,342.802]",353,320,True,25,784.0,True,657,594,791.0,True,0.651043141454035,True,True,True,0.2382430315943882,True,True,True,True,INCLUDED,,BOTH_VALID_INCLUDED
406,1600938553883401,0,4062852,0.92395645,0.9196877252542377,"[240.872,446.817,337.994,558.556]",289,502,True,25,733.0,True,9157,8471,736.0,True,0.8437830883716763,True,True,True,0.3931050867721548,True,True,True,True,INCLUDED,,BOTH_VALID_INCLUDED
406,1600938553883401,1,4062851,0.91087919,0.9187164192191205,"[235.88,602.067,336.709,707.328]",286,654,True,25,751.0,True,8069,7046,744.0,True,0.7602680922151875,True,True,True,0.5709176228343558,True,True,True,True,INCLUDED,,BOTH_VALID_INCLUDED
406,1600938553883401,2,4062858,0.86015725,0.9500018907331631,"[332.01,202.531,380.592,280.995]",356,241,True,25,787.0,True,2800,2735,791.0,True,0.7345344978702026,True,True,True,0.20070077541863457,True,True,True,True,INCLUDED,,BOTH_VALID_INCLUDED
406,1600938553883401,3,4062861,0.85401791,0.8706226972184218,"[343.062,152.548,382.337,201.161]",362,176,True,25,794.0,True,1557,1557,799.0,True,0.8154925461716027,True,True,True,0.17757152107993368,True,True,True,True,INCLUDED,,BOTH_VALID_INCLUDED
406,1600938553883401,4,4062850,0.76860774,0.7396131626183321,"[256.458,557.783,281.101,604.134]",268,580,True,25,723.0,True,745,550,731.0,True,0.6522342301501185,True,True,True,0.4792476638137672,True,True,True,True,INCLUDED,,BOTH_VALID_INCLUDED
406,1600938553883401,5,4062860,0.38543892,0.6917500512820502,"[328.651,296.007,349.532,339.935]",339,317,True,25,787.0,True,611,524,793.0,True,0.6661138844464105,True,True,True,0.23657045519498643,True,True,True,True,INCLUDED,,BOTH_VALID_INCLUDED
406,1600938553883401,6,4062826,0.33296731,0.8504232240199511,"[0.201,596.991,18.346,657.707]",9,627,True,25,905.0,True,705,705,909.0,True,0.6399248748166251,True,True,True,0.2217518166739723,True,True,True,True,INCLUDED,,BOTH_VALID_INCLUDED
406,1600938553950060,0,4062852,0.9372831,0.922261685677966,"[225.322,447.152,323.535,557.959]",274,502,True,25,727.0,True,9149,8559,737.0,True,0.8406930430823288,True,True,True,0.3818167399346219,True,True,True,True,INCLUDED,,BOTH_VALID_INCLUDED
406,1600938553950060,1,4062851,0.8969022,0.9080162497468927,"[218.247,602.111,318.446,709.886]",268,655,True,25,736.0,True,7913,7019,745.0,True,0.7327566136892572,True,True,True,0.5180291622474825,True,True,True,True,INCLUDED,,BOTH_VALID_INCLUDED
406,1600938553950060,2,4062861,0.86329043,0.8792584901960786,"[326.986,152.121,368.581,200.634]",347,176,True,25,799.0,True,1671,1671,801.0,True,0.828089331273933,True,True,True,0.17737307546048117,True,True,True,True,INCLUDED,,BOTH_VALID_INCLUDED
406,1600938553950060,3,4062858,0.86224824,0.9180390256070343,"[316.45,201.441,366.963,281.37]",341,241,True,25,799.0,True,2831,2758,797.0,True,0.7011845327776007,True,True,True,0.200395151427106,True,True,True,True,INCLUDED,,BOTH_VALID_INCLUDED
406,1600938553950060,4,4062850,0.56882727,0.7474471306485044,"[244.061,556.684,262.478,603.889]",253,580,True,17,718.0,True,579,360,731.0,True,0.6659960810789144,True,True,True,0.4498441128242268,True,True,True,True,INCLUDED,,BOTH_VALID_INCLUDED
407,1600938556483142,0,4074902,0.87124461,0.8726357138301174,"[424.037,148.139,505.209,232.621]",464,190,True,25,785.0,True,4530,4530,787.0,True,0.6605835713912227,True,True,True,0.1780525281192768,True,True,True,True,INCLUDED,,BOTH_VALID_INCLUDED
407,1600938556483142,1,4074900,0.68405527,0.6820463850823353,"[336.393,104.799,368.56,160.619]",352,132,True,25,869.0,True,1039,1038,874.0,True,0.5786489326010102,True,True,True,0.16465057892632445,True,True,True,True,INCLUDED,,BOTH_VALID_INCLUDED
407,1600938556483142,2,4074906,0.66195297,0.8535091137731394,"[528.156,23.806,559.207,69.335]",543,46,True,25,783.0,True,1113,1018,791.0,True,0.7872840656204186,True,True,True,0.13865655074042374,True,True,True,True,INCLUDED,,BOTH_VALID_INCLUDED
407,1600938556483142,3,4074908,0.48989171,0.8615717273887704,"[538.067,381.918,645.902,513.43]",591,447,True,25,586.0,True,4741,3096,633.0,True,0.33430650726199057,True,True,True,0.2491649842177354,True,True,True,True,INCLUDED,,BOTH_VALID_INCLUDED
407,1600938556549802,0,4074902,0.88665301,0.9630811025583226,"[411.512,144.127,485.242,229.04]",448,186,True,25,778.0,True,4551,4527,780.0,True,0.7269230108140348,True,True,True,0.17795204443778453,True,True,True,True,INCLUDED,,BOTH_VALID_INCLUDED
407,1600938556549802,2,4074900,0.66162014,0.689068972891228,"[319.979,100.47,353.626,157.405]",336,128,True,25,875.0,True,1055,1055,875.0,True,0.5507148488845373,True,True,True,0.16350857890244871,True,True,True,True,INCLUDED,,BOTH_VALID_INCLUDED
407,1600938556549802,4,4074906,0.5916912,0.872747246089468,"[507.826,21.782,539.062,68.731]",523,45,True,25,786.0,True,1098,1056,786.0,True,0.7487219745489029,True,True,True,0.1395102646153976,True,True,True,True,INCLUDED,,BOTH_VALID_INCLUDED
407,1600938556549802,5,4074908,0.58150107,0.8699268055328149,"[514.747,380.443,621.015,515.308]",567,447,True,25,580.0,True,5135,3271,662.0,True,0.35829329759839473,True,True,True,0.2610516524811294,True,True,True,True,INCLUDED,,BOTH_VALID_INCLUDED
407,1600938556549802,7,4074915,0.55557722,0.910708980703653,"[605.346,543.972,683.802,668.406]",644,606,True,4,674.0,True,3168,2404,681.0,True,0.3245039208997503,True,True,True,0.2586816478648004,True,True,True,True,INCLUDED,,BOTH_VALID_INCLUDED
407,1600938556549802,8,4074905,0.41031742,0.5437042689594355,"[385.216,409.032,440.757,475.638]",412,442,True,10,914.0,True,2582,1436,916.0,True,0.6979578401815847,True,True,True,0.3282523750835912,True,True,True,True,INCLUDED,,BOTH_VALID_INCLUDED
407,1600938556616462,0,4074902,0.8924861,0.9633736222952444,"[395.034,142.186,469.119,225.471]",432,183,True,25,769.0,True,4634,4625,777.0,True,0.7510328859740468,True,True,True,0.17798960833817948,True,True,True,True,INCLUDED,,BOTH_VALID_INCLUDED
407,1600938556616462,1,4074908,0.79900563,0.8744312329466501,"[502.551,378.276,606.648,513.063]",554,445,True,25,576.0,True,5498,3433,655.0,True,0.39184879419636554,True,True,True,0.2666559249226629,True,True,True,True,INCLUDED,,BOTH_VALID_INCLUDED
407,1600938556616462,2,4074906,0.76944876,0.8796058025370351,"[492.633,15.934,523.894,65.178]",508,40,True,25,784.0,True,1110,1060,785.0,True,0.7210523385492937,True,True,True,0.13937141861506347,True,True,True,True,INCLUDED,,BOTH_VALID_INCLUDED
407,1600938556616462,3,4074900,0.63851881,0.6969301554041524,"[306.487,100.445,337.694,154.432]",322,127,True,25,871.0,True,976,976,872.0,True,0.5793067673217558,True,True,True,0.16287666298041376,True,True,True,True,INCLUDED,,BOTH_VALID_INCLUDED
407,1600938556616462,6,4074911,0.37479475,0.7760681770269147,"[365.743,176.809,389.694,203.252]",377,190,True,25,889.0,True,482,451,890.0,True,0.7610490750764528,True,True,True,0.18171304708707783,True,True,True,True,INCLUDED,,BOTH_VALID_INCLUDED
407,1600938556683124,0,4074902,0.89113438,0.9394344048578839,"[380.254,143.626,452.804,228.106]",416,185,True,25,787.0,True,4579,4556,781.0,True,0.7471010066203042,True,True,True,0.17932756916468193,True,True,True,True,INCLUDED,,BOTH_VALID_INCLUDED
407,1600938556683124,1,4074908,0.71951413,0.8795465151824085,"[481.009,380.479,583.918,513.802]",532,447,True,25,576.0,True,5554,3202,714.0,True,0.40480646505854423,True,True,True,0.27876534113757184,True,True,True,True,INCLUDED,,BOTH_VALID_INCLUDED
407,1600938556683124,2,4074900,0.70174903,0.7710231203315184,"[293.373,99.385,325.314,156.85]",309,128,True,25,861.0,True,1013,1013,869.0,True,0.5518963546927053,True,True,True,0.16276494494671673,True,True,True,True,INCLUDED,,BOTH_VALID_INCLUDED
407,1600938556683124,3,4074906,0.68595642,0.8668449748149043,"[476.445,18.51,507.805,67.213]",492,42,True,25,780.0,True,1099,1079,783.0,True,0.7195581967669928,True,True,True,0.14053212539505588,True,True,True,True,INCLUDED,,BOTH_VALID_INCLUDED
407,1600938556683124,4,4074915,0.65772134,0.8321912307903462,"[569.305,542.087,640.433,666.116]",604,604,True,22,667.0,True,4611,3104,671.0,True,0.5226744643357997,True,True,True,0.2877810280998479,True,True,True,True,INCLUDED,,BOTH_VALID_INCLUDED
407,1600938556749784,0,4074902,0.90300155,0.9474312617105092,"[364.322,144.959,436.618,230.234]",400,187,True,25,771.0,True,4533,4531,779.0,True,0.7352748677405475,True,True,True,0.18043700999614357,True,True,True,True,INCLUDED,,BOTH_VALID_INCLUDED
407,1600938556749784,1,4074906,0.78613615,0.9046933604807023,"[459.466,21.191,491.453,69.538]",475,45,True,25,788.0,True,1105,1081,789.0,True,0.7145279752959611,True,True,True,0.14169502205342763,True,True,True,True,INCLUDED,,BOTH_VALID_INCLUDED
407,1600938556749784,2,4074915,0.64185655,0.8681169411087172,"[541.865,544.898,626.949,675.935]",584,610,True,25,673.0,True,5074,3369,669.0,True,0.4551018723979191,True,True,True,0.30642081025394846,True,True,True,True,INCLUDED,,BOTH_VALID_INCLUDED
407,1600938556749784,3,4074900,0.63652587,0.772945535542856,"[279.207,106.345,310.12,158.625]",294,132,True,25,866.0,True,999,999,871.0,True,0.6181427151565448,True,True,True,0.16347793026630594,True,True,True,True,INCLUDED,,BOTH_VALID_INCLUDED
407,1600938556749784,4,4074908,0.62968922,0.887030432985982,"[460.648,383.622,567.416,514.719]",514,449,True,25,577.0,True,5654,3409,717.0,True,0.4039447268452939,True,True,True,0.2896551181228532,True,True,True,True,INCLUDED,,BOTH_VALID_INCLUDED
407,1600938556749784,7,4074914,0.41167584,0.5757096207570401,"[438.349,520.351,513.621,577.204]",475,548,False,0,,True,3038,1527,743.0,True,0.7099061322387128,False,True,True,0.40394186415682964,True,False,False,True,INVALID_BBOX_CENTER_DEPTH,INVALID_BBOX_CENTER_DEPTH,A_BBOX_INVALID_MASK_VALID
407,1600938556749784,8,4074905,0.30021077,0.6785755198135199,"[348.054,403.394,406.852,472.708]",377,438,True,15,907.0,True,2351,1433,918.0,True,0.5768582567633208,True,True,True,0.33035816548735697,True,True,True,True,INCLUDED,,BOTH_VALID_INCLUDED
407,1600938556816445,0,4074902,0.90076137,0.9565359612283245,"[347.365,143.42,419.736,227.448]",383,185,True,25,785.0,True,4569,4567,785.0,True,0.7513331615165343,True,True,True,0.18012317289803004,True,True,True,True,INCLUDED,,BOTH_VALID_INCLUDED
407,1600938556816445,1,4074908,0.79601455,0.9149533193021976,"[446.848,381.096,553.836,511.262]",500,446,True,25,576.0,True,5787,3723,706.0,True,0.41554767249325864,True,True,True,0.29472812247553654,True,True,True,True,INCLUDED,,BOTH_VALID_INCLUDED
407,1600938556816445,2,4074906,0.71920955,0.8682010532843001,"[444.341,17.472,475.49,66.994]",459,42,True,25,786.0,True,1094,1080,786.0,True,0.7092103050995635,True,True,True,0.14163106095016897,True,True,True,True,INCLUDED,,BOTH_VALID_INCLUDED
407,1600938556816445,3,4074905,0.6552949,0.70826472987013,"[331.35,402.149,388.793,468.607]",360,435,True,25,910.0,True,2006,1102,914.0,True,0.5254683323347802,True,True,True,0.32827568560117515,True,True,True,True,INCLUDED,,BOTH_VALID_INCLUDED
407,1600938556816445,4,4074915,0.62540144,0.8888698022015499,"[526.789,545.23,607.742,676.054]",567,610,True,25,669.0,True,5615,3371,677.0,True,0.5301873837861835,True,True,True,0.3232747757076151,True,True,True,True,INCLUDED,,BOTH_VALID_INCLUDED
407,1600938556816445,5,4074900,0.61937463,0.7159447186289172,"[262.631,102.715,293.463,156.637]",278,129,True,25,859.0,True,1001,1001,869.0,True,0.60209689573132,True,True,True,0.1621106720987597,True,True,True,True,INCLUDED,,BOTH_VALID_INCLUDED
407,1600938556883106,0,4074902,0.89571804,0.9292362088209819,"[331.893,142.587,403.522,226.333]",367,184,True,25,779.0,True,4460,4458,782.0,True,0.7435015835285098,True,True,True,0.17998391703210342,True,True,True,True,INCLUDED,,BOTH_VALID_INCLUDED
407,1600938556883106,1,4074908,0.81948328,0.878190473726444,"[430.016,379.866,541.749,512.127]",485,445,True,25,578.0,True,6043,3797,679.0,True,0.4089209232320651,True,True,True,0.30187260733808885,True,True,True,True,INCLUDED,,BOTH_VALID_INCLUDED
407,1600938556883106,2,4074906,0.77932316,0.8454751270921724,"[426.906,15.083,459.004,63.853]",442,39,True,25,786.0,True,1093,1068,788.0,True,0.698215416333204,True,True,True,0.14159603686797123,True,True,True,True,INCLUDED,,BOTH_VALID_INCLUDED
407,1600938556883106,4,4074900,0.57452732,0.7288447357074596,"[246.767,113.527,278.663,155.612]",262,134,True,25,870.0,True,1002,1002,871.0,True,0.7464559211520844,True,True,True,0.16267885608270152,True,True,True,True,INCLUDED,,BOTH_VALID_INCLUDED
407,1600938556883106,8,4074915,0.38670623,0.8622900409991265,"[515.426,544.709,588.864,676.476]",552,610,True,25,678.0,True,6069,3488,681.0,True,0.6271762995634897,True,True,True,0.33969426640722117,True,True,True,True,INCLUDED,,BOTH_VALID_INCLUDED
407,1600938556949767,0,4074902,0.90129942,0.9481455831751091,"[317.154,144.146,386.009,228.456]",351,186,True,25,771.0,True,4428,4414,780.0,True,0.7627690103315837,True,True,True,0.18057807111455978,True,True,True,True,INCLUDED,,BOTH_VALID_INCLUDED
407,1600938556949767,1,4074908,0.78712934,0.8737043569873345,"[411.948,382.074,519.825,513.082]",465,447,True,25,584.0,True,6192,4221,671.0,True,0.43813129030018194,True,True,True,0.3128598744525595,True,True,True,True,INCLUDED,,BOTH_VALID_INCLUDED
407,1600938556949767,3,4074905,0.7259686,0.5843929934875361,"[312.785,404.201,355.745,464.776]",334,434,True,15,897.0,True,1724,898,915.0,True,0.6624903643005313,True,True,True,0.3256092801357175,True,True,True,True,INCLUDED,,BOTH_VALID_INCLUDED
407,1600938556949767,4,4074900,0.65908593,0.728398322368854,"[232.817,100.493,265.288,157.007]",249,128,True,25,862.0,True,1049,1048,868.0,True,0.5716415356535925,True,True,True,0.16047500903132553,True,True,True,True,INCLUDED,,BOTH_VALID_INCLUDED
407,1600938556949767,5,4074915,0.5978514,0.775436995634538,"[501.563,547.358,571.668,678.577]",536,612,True,25,672.0,True,6513,5532,672.0,True,0.7080034285432906,True,True,True,0.35884442009604695,True,True,True,True,INCLUDED,,BOTH_VALID_INCLUDED
407,1600938556949767,6,4074906,0.57522339,0.865057902405737,"[410.897,18.461,442.882,66.579]",426,42,True,25,789.0,True,1078,1043,789.0,True,0.7004301596312169,True,True,True,0.14261010729982476,True,True,True,True,INCLUDED,,BOTH_VALID_INCLUDED
407,1600938557016428,0,4074902,0.90688014,0.9487943792508711,"[300.764,144.23,369.809,228.039]",335,186,True,25,781.0,True,4412,4397,782.0,True,0.7624521810431538,True,True,True,0.1803303445727012,True,True,True,True,INCLUDED,,BOTH_VALID_INCLUDED
407,1600938557016428,1,4074906,0.78110188,0.8861211373880651,"[394.172,18.937,426.432,67.728]",410,43,True,25,785.0,True,1074,1048,787.0,True,0.6823390067809887,True,True,True,0.14310571777101946,True,True,True,True,INCLUDED,,BOTH_VALID_INCLUDED
407,1600938557016428,2,4074915,0.75311995,0.8324664816655782,"[452.709,539.71,552.904,676.18]",502,607,True,25,667.0,True,6730,5471,676.0,True,0.4921889089924537,True,True,True,0.4059102199408392,True,True,True,True,INCLUDED,,BOTH_VALID_INCLUDED
407,1600938557016428,3,4074908,0.75080264,0.9488171960744256,"[389.478,381.546,504.459,514.354]",446,447,True,25,583.0,True,6426,4088,672.0,True,0.420814216429776,True,True,True,0.3217255676453929,True,True,True,True,INCLUDED,,BOTH_VALID_INCLUDED
407,1600938557016428,5,4074905,0.66831183,0.6453686197044339,"[292.429,405.339,337.041,464.072]",314,434,True,4,864.0,True,1496,731,927.0,True,0.5709495242776047,True,True,True,0.3223461863048306,True,True,True,True,INCLUDED,,BOTH_VALID_INCLUDED
407,1600938557016428,6,4074900,0.6455453,0.7577730681133924,"[220.812,102.97,253.013,156.796]",236,129,True,25,871.0,True,971,946,872.0,True,0.5602189096872343,True,True,True,0.16006223773814066,True,True,True,True,INCLUDED,,BOTH_VALID_INCLUDED
407,1600938557016428,8,4074911,0.31293547,0.6587174478848087,"[272.816,177.366,300.702,207.09]",286,192,True,25,858.0,True,447,425,859.0,True,0.539279668872728,True,True,True,0.18059591165408026,True,True,True,True,INCLUDED,,BOTH_VALID_INCLUDED
407,1600938557083089,0,4074902,0.89205921,0.9307971020630289,"[285.478,142.8,354.078,225.544]",319,184,True,25,779.0,True,4415,4390,779.0,True,0.7778038357233202,True,True,True,0.1793403046137888,True,True,True,True,INCLUDED,,BOTH_VALID_INCLUDED
407,1600938557083089,1,4074908,0.77111334,0.944804743979776,"[376.16,381.715,488.382,511.805]",432,446,True,25,581.0,True,6569,4646,674.0,True,0.4499635596644741,True,True,True,0.32646412284379356,True,True,True,True,INCLUDED,,BOTH_VALID_INCLUDED
407,1600938557083089,2,4074906,0.72437203,0.8621172527019514,"[379.228,13.853,411.072,64.26]",395,39,True,25,782.0,True,1103,1091,782.0,True,0.6871586950356245,True,True,True,0.1424561069714982,True,True,True,True,INCLUDED,,BOTH_VALID_INCLUDED
407,1600938557083089,4,4074915,0.64790356,0.8705283159486024,"[442.733,552.317,535.729,676.162]",489,614,True,25,673.0,True,7558,6240,681.0,True,0.6562421800447876,True,True,True,0.4314557140965708,True,True,True,True,INCLUDED,,BOTH_VALID_INCLUDED
407,1600938557083089,5,4074900,0.64611906,0.6968220645143466,"[205.337,99.057,237.734,155.175]",221,127,True,25,873.0,True,974,897,873.0,True,0.5357374130615196,True,True,True,0.15841682115603944,True,True,True,True,INCLUDED,,BOTH_VALID_INCLUDED
407,1600938557083089,9,4074919,0.35204089,0.7094028583089044,"[703.711,233.609,718.808,305.537]",711,269,True,25,801.0,True,543,543,801.0,True,0.5000474188613121,True,True,True,0.16380301546187198,True,True,True,True,INCLUDED,,BOTH_VALID_INCLUDED
407,1600938557149750,0,4074902,0.90723091,0.9164580940418445,"[268.31,142.227,339.246,225.393]",303,183,True,25,773.0,True,4498,4469,778.0,True,0.7624422279318853,True,True,True,0.17868584689040606,True,True,True,True,INCLUDED,,BOTH_VALID_INCLUDED
407,1600938557149750,1,4074908,0.82818836,0.9130710148659237,"[356.647,381.317,469.415,513.151]",413,447,True,25,587.0,True,6757,4659,675.0,True,0.454507036908125,True,True,True,0.3334138737187055,True,True,True,True,INCLUDED,,BOTH_VALID_INCLUDED
407,1600938557149750,2,4074919,0.7876277,0.9081558002630381,"[693.832,219.153,720.0,308.249]",706,263,True,25,808.0,True,1921,1921,808.0,True,0.8239457673525907,True,True,True,0.16344886995085972,True,True,True,True,INCLUDED,,BOTH_VALID_INCLUDED
407,1600938557149750,3,4074906,0.75833672,0.8834487261962461,"[362.233,13.554,395.059,63.084]",378,38,True,25,784.0,True,1071,1062,784.0,True,0.6587235310769705,True,True,True,0.14245626097157754,True,True,True,True,INCLUDED,,BOTH_VALID_INCLUDED
407,1600938557149750,5,4074917,0.68305105,0.7438597994386575,"[696.839,117.039,720.0,187.043]",708,152,True,25,824.0,True,1025,1025,823.0,True,0.6321842949775044,True,True,True,0.14294223432339603,True,True,True,True,INCLUDED,,BOTH_VALID_INCLUDED
407,1600938557149750,6,4074900,0.55724818,0.8509333413714993,"[190.222,110.799,224.594,155.81]",207,133,True,25,863.0,True,1014,978,866.0,True,0.6554121532436973,True,True,True,0.15893865798223913,True,True,True,True,INCLUDED,,BOTH_VALID_INCLUDED
407,1600938557149750,7,4074915,0.55481219,0.9126283972967815,"[411.232,542.038,515.972,676.266]",463,609,True,25,669.0,True,7884,6746,679.0,True,0.5607779475867403,True,True,True,0.4805450011627588,True,True,True,True,INCLUDED,,BOTH_VALID_INCLUDED
407,1600938557149750,9,4074922,0.46967301,0.8073321592915943,"[693.969,99.86,719.936,128.279]",706,114,True,25,838.0,True,535,535,843.0,True,0.7249753028354983,True,True,True,0.13697454816094864,True,True,True,True,INCLUDED,,BOTH_VALID_INCLUDED
407,1600938557216411,0,4074902,0.90287268,0.8979826579110873,"[253.772,143.273,322.528,227.066]",288,185,True,25,783.0,True,4481,4473,783.0,True,0.7777796956414501,True,True,True,0.17842147947099468,True,True,True,True,INCLUDED,,BOTH_VALID_INCLUDED
407,1600938557216411,1,4074919,0.88917184,0.9613994393843509,"[678.542,216.151,719.473,310.745]",699,263,True,25,804.0,True,3334,3329,806.0,True,0.861092189280336,True,True,True,0.16483345347598966,True,True,True,True,INCLUDED,,BOTH_VALID_INCLUDED
407,1600938557216411,2,4074917,0.84475493,0.8493396629995177,"[682.984,119.763,719.765,194.03]",701,156,True,25,825.0,True,2075,2031,825.0,True,0.7596240170383319,True,True,True,0.1446037400421716,True,True,True,True,INCLUDED,,BOTH_VALID_INCLUDED
407,1600938557216411,3,4074908,0.78340149,0.8437227003294876,"[342.513,382.596,457.516,513.309]",400,447,True,25,581.0,True,6718,4856,695.0,True,0.44690174207733324,True,True,True,0.3376417891985162,True,True,True,True,INCLUDED,,BOTH_VALID_INCLUDED
407,1600938557216411,5,4074906,0.69127214,0.8484820598071049,"[346.873,16.151,380.027,65.249]",363,40,True,25,789.0,True,1050,1050,789.0,True,0.6450443333809979,True,True,True,0.1429981123874564,True,True,True,True,INCLUDED,,BOTH_VALID_INCLUDED
407,1600938557216411,6,4074915,0.658916,0.6860199281093392,"[410.558,560.48,500.874,678.242]",455,619,True,25,674.0,True,8471,6954,681.0,True,0.7964615488157774,True,True,True,0.5052651476684474,True,True,True,True,INCLUDED,,BOTH_VALID_INCLUDED
407,1600938557216411,7,4074900,0.60484803,0.681800860057232,"[177.69,120.734,210.961,157.341]",194,139,True,25,866.0,True,1020,905,868.0,True,0.8374717733115108,True,True,True,0.15932519940451448,True,True,True,True,INCLUDED,,BOTH_VALID_INCLUDED
407,1600938557216411,8,4074922,0.58201867,0.8010345615442692,"[680.093,100.516,714.958,130.703]",697,115,True,25,833.0,True,733,691,852.0,True,0.6964570682603604,True,True,True,0.1381930147997054,True,True,True,True,INCLUDED,,BOTH_VALID_INCLUDED
407,1600938557283072,0,4074902,0.90589595,0.9408657045375728,"[236.325,142.65,305.957,226.235]",271,184,True,25,788.0,True,4470,4468,786.0,True,0.7680160694115534,True,True,True,0.17726007739856167,True,True,True,True,INCLUDED,,BOTH_VALID_INCLUDED
407,1600938557283072,1,4074919,0.90430081,0.9247061481813742,"[664.399,215.494,720.0,314.048]",692,264,True,25,806.0,True,4807,4652,807.0,True,0.8772376522647736,True,True,True,0.16634728454471528,True,True,True,True,INCLUDED,,BOTH_VALID_INCLUDED
407,1600938557283072,2,4074917,0.86772132,0.8759945963463455,"[668.813,119.077,719.85,195.211]",694,157,True,25,822.0,True,3146,3134,824.0,True,0.8096455481990303,True,True,True,0.14549575828163885,True,True,True,True,INCLUDED,,BOTH_VALID_INCLUDED
407,1600938557283072,3,4074906,0.79464853,0.8680089546019956,"[329.934,13.599,362.966,64.415]",346,39,True,25,782.0,True,1058,1046,783.0,True,0.6303043747212843,True,True,True,0.14262370251842563,True,True,True,True,INCLUDED,,BOTH_VALID_INCLUDED
407,1600938557283072,4,4074908,0.77797502,0.8934399288674721,"[323.77,382.596,431.737,514.772]",377,448,True,24,579.5,True,6753,4994,663.0,True,0.4732091251611064,True,True,True,0.34230401751421113,True,True,True,True,INCLUDED,,BOTH_VALID_INCLUDED
407,1600938557283072,5,4074915,0.71376759,0.7754311478257968,"[363.966,536.041,475.948,674.642]",419,605,True,25,676.0,True,8587,7076,681.0,True,0.5532569515707348,True,True,True,0.5908295752481655,True,True,True,True,INCLUDED,,BOTH_VALID_INCLUDED
407,1600938557283072,6,4074900,0.62282908,0.9127839379267116,"[162.696,111.549,195.405,156.267]",179,133,True,25,862.0,True,1040,987,868.0,True,0.7110230842655157,True,True,True,0.15687062328197707,True,True,True,True,INCLUDED,,BOTH_VALID_INCLUDED
407,1600938557283072,7,4074922,0.48828101,0.8517980255232961,"[664.938,99.63,702.31,129.546]",683,114,True,25,831.0,True,716,704,842.0,True,0.6404174508560472,True,True,True,0.13945405444790318,True,True,True,True,INCLUDED,,BOTH_VALID_INCLUDED
407,1600938557283072,8,4074914,0.37151164,0.5255903767239485,"[364.274,523.957,423.012,567.288]",393,545,True,25,708.0,True,1771,1392,707.0,True,0.6958260672583557,True,True,True,0.49951389712355976,True,True,True,True,INCLUDED,,BOTH_VALID_INCLUDED
407,1600938557349733,0,4074919,0.92186689,0.90278434542866,"[650.548,214.45,720.0,312.788]",685,263,True,25,782.0,True,5972,5225,800.0,True,0.8744070915213976,True,True,True,0.16737539616962732,True,True,True,True,INCLUDED,,BOTH_VALID_INCLUDED
407,1600938557349733,1,4074902,0.89904207,0.9169987799356346,"[221.393,140.894,290.772,224.15]",256,182,True,25,773.0,True,4498,4493,776.0,True,0.7787102185739797,True,True,True,0.1757061190220183,True,True,True,True,INCLUDED,,BOTH_VALID_INCLUDED
407,1600938557349733,2,4074917,0.85933363,0.844070384750243,"[656.406,116.12,713.297,192.569]",684,154,True,25,827.0,True,3697,3646,826.0,True,0.8500296486869597,True,True,True,0.14613779330401355,True,True,True,True,INCLUDED,,BOTH_VALID_INCLUDED
407,1600938557349733,3,4074915,0.80543947,0.7034917325224913,"[347.935,533.035,457.66,661.322]",402,597,True,25,672.0,True,8831,7870,678.0,True,0.6273669642768449,True,True,True,0.6228908220803232,True,True,True,True,INCLUDED,,BOTH_VALID_INCLUDED
407,1600938557349733,4,4074908,0.76737374,0.8534409349911775,"[307.873,383.294,412.072,513.717]",359,448,True,25,578.0,True,6861,5335,670.0,True,0.5048585116261715,True,True,True,0.3430596437414582,True,True,True,True,INCLUDED,,BOTH_VALID_INCLUDED
407,1600938557349733,5,4074906,0.71457624,0.8661151111815807,"[313.789,11.765,347.211,61.902]",330,36,True,25,787.0,True,1050,1048,786.0,True,0.6266117296628895,True,True,True,0.14206816320341648,True,True,True,True,INCLUDED,,BOTH_VALID_INCLUDED
407,1600938557349733,6,4074900,0.67394465,0.7762571687677353,"[147.595,101.834,181.126,153.548]",164,127,True,25,852.0,True,1008,798,861.0,True,0.5813074586739962,True,True,True,0.15422735548893954,True,True,True,True,INCLUDED,,BOTH_VALID_INCLUDED
407,1600938557349733,7,4074922,0.63806301,0.8048105046830164,"[652.523,99.217,688.441,129.475]",670,114,True,25,826.0,True,710,706,842.0,True,0.6532899603271177,True,True,True,0.14074579942023954,True,True,True,True,INCLUDED,,BOTH_VALID_INCLUDED
407,1600938557416394,0,4074919,0.90379661,0.9481351339534871,"[634.863,213.195,717.747,311.573]",676,262,True,25,802.0,True,6552,5594,802.0,True,0.8035357385602946,True,True,True,0.16875137756095585,True,True,True,True,INCLUDED,,BOTH_VALID_INCLUDED
407,1600938557416394,1,4074902,0.89923644,0.9444370523315323,"[205.474,142.02,273.748,225.222]",239,183,True,25,782.0,True,4434,4434,783.0,True,0.7805605087348217,True,True,True,0.1748279907337441,True,True,True,True,INCLUDED,,BOTH_VALID_INCLUDED
407,1600938557416394,2,4074917,0.87316227,0.9374877936277849,"[641.549,115.129,716.678,193.296]",679,154,True,25,823.0,True,4204,4005,825.0,True,0.7158658659465836,True,True,True,0.1467942998424288,True,True,True,True,INCLUDED,,BOTH_VALID_INCLUDED
407,1600938557416394,3,4074906,0.77019078,0.8293457114408633,"[298.087,12.325,331.391,61.913]",314,37,True,25,788.0,True,1053,1040,788.0,True,0.6376103832548728,True,True,True,0.14192901093430071,True,True,True,True,INCLUDED,,BOTH_VALID_INCLUDED
407,1600938557416394,4,4074915,0.76745099,0.8357366290849376,"[332.756,534.142,446.372,674.17]",389,604,True,25,668.0,True,8913,7871,687.0,True,0.5602340814956088,True,True,True,0.6827656907770703,True,True,True,True,INCLUDED,,BOTH_VALID_INCLUDED
407,1600938557416394,5,4074908,0.71112555,0.802359153496437,"[290.979,381.815,397.176,514.393]",344,448,True,25,577.0,True,6789,5086,663.0,True,0.4821943275519286,True,True,True,0.34181554452656837,True,True,True,True,INCLUDED,,BOTH_VALID_INCLUDED
407,1600938557416394,6,4074922,0.62279052,0.8624626385898264,"[638.858,98.165,675.945,128.047]",657,113,True,25,827.0,True,677,667,838.0,True,0.6108819640027294,True,True,True,0.14183733104882537,True,True,True,True,INCLUDED,,BOTH_VALID_INCLUDED
407,1600938557416394,7,4074900,0.61024141,0.8662557947725902,"[134.046,104.51,165.858,154.839]",149,129,True,25,863.0,True,911,689,868.0,True,0.5689958538802357,True,True,True,0.153406572323505,True,True,True,True,INCLUDED,,BOTH_VALID_INCLUDED
407,1600938557483056,0,4074919,0.90509981,0.9728425628453864,"[618.273,214.381,702.315,312.341]",660,263,True,25,790.0,True,6465,5574,799.0,True,0.7852778971303005,True,True,True,0.17191036929206463,True,True,True,True,INCLUDED,,BOTH_VALID_INCLUDED
407,1600938557483056,1,4074902,0.89573383,0.9282133472619017,"[191.116,142.764,258.541,225.539]",224,184,True,25,791.0,True,4427,4405,785.0,True,0.7932121857154844,True,True,True,0.17377180844560683,True,True,True,True,INCLUDED,,BOTH_VALID_INCLUDED
407,1600938557483056,2,4074917,0.8569181,0.9224567852575155,"[626.812,116.036,700.69,195.11]",663,155,True,25,827.0,True,4175,3964,830.0,True,0.7146734387485244,True,True,True,0.14885790452071904,True,True,True,True,INCLUDED,,BOTH_VALID_INCLUDED
407,1600938557483056,3,4074915,0.83906978,0.844516522392053,"[317.3,533.226,428.121,675.213]",372,604,True,25,668.0,True,9042,8229,688.0,True,0.5746373554640273,True,True,True,0.7247897050629555,True,True,True,True,INCLUDED,,BOTH_VALID_INCLUDED
407,1600938557483056,4,4074923,0.73369861,0.8340827224826397,"[700.972,263.612,720.0,347.161]",710,305,True,25,782.0,True,990,990,775.0,True,0.6227314443874912,True,True,True,0.171066350835496,True,True,True,True,INCLUDED,,BOTH_VALID_INCLUDED
407,1600938557483056,5,4074906,0.66714597,0.8492713757816962,"[282.869,13.138,316.374,63.663]",299,38,True,25,795.0,True,1046,1026,791.0,True,0.6178965069131972,True,True,True,0.14192010512076558,True,True,True,True,INCLUDED,,BOTH_VALID_INCLUDED
407,1600938557483056,6,4074908,0.64846289,0.7604882201051397,"[276.601,382.025,381.62,513.905]",329,447,True,21,589.0,True,6653,5047,668.0,True,0.4803642807757683,True,True,True,0.33955456530427897,True,True,True,True,INCLUDED,,BOTH_VALID_INCLUDED
407,1600938557483056,7,4074922,0.62806487,0.824167618912818,"[624.131,99.69,658.275,128.871]",641,114,True,25,827.0,True,670,666,838.0,True,0.6724503660972345,True,True,True,0.1436365952896458,True,True,True,True,INCLUDED,,BOTH_VALID_INCLUDED
407,1600938557483056,8,4074900,0.45858964,0.8864725523658338,"[119.552,108.75,149.652,153.411]",134,131,True,25,862.0,True,859,697,867.0,True,0.6389961259279117,True,True,True,0.15229977672573095,True,True,True,True,INCLUDED,,BOTH_VALID_INCLUDED
407,1600938557549717,0,4074919,0.90307826,0.9489688158606303,"[602.697,214.262,685.084,312.854]",643,263,True,25,789.0,True,6388,5861,802.0,True,0.7864380938171467,True,True,True,0.17498132743659778,True,True,True,True,INCLUDED,,BOTH_VALID_INCLUDED
407,1600938557549717,1,4074902,0.89202422,0.9364857027900401,"[173.642,141.455,242.372,225.428]",208,183,True,25,782.0,True,4418,4373,783.0,True,0.7654903119915171,True,True,True,0.17205962756324536,True,True,True,True,INCLUDED,,BOTH_VALID_INCLUDED
407,1600938557549717,2,4074917,0.88090128,0.9449205080841424,"[610.793,115.736,684.945,193.778]",647,154,True,25,825.0,True,4084,4023,829.0,True,0.7057233282706218,True,True,True,0.15055551633314004,True,True,True,True,INCLUDED,,BOTH_VALID_INCLUDED
407,1600938557549717,3,4074923,0.8516559,0.903451068188081,"[684.315,257.621,720.0,348.72]",702,303,True,25,771.0,True,2449,2404,773.0,True,0.7533373054111714,True,True,True,0.17237483240051,True,True,True,True,INCLUDED,,BOTH_VALID_INCLUDED
407,1600938557549717,4,4074915,0.81421727,0.9550824154203766,"[303.446,540.574,414.657,676.277]",359,608,True,25,665.0,True,8726,8296,687.0,True,0.5781999023473903,True,True,True,0.7599434229820005,True,True,True,True,INCLUDED,,BOTH_VALID_INCLUDED
407,1600938557549717,5,4074906,0.79400712,0.8547602801749974,"[266.819,12.944,300.171,62.879]",283,37,True,25,786.0,True,1068,1068,788.0,True,0.6412750103558714,True,True,True,0.14145679517425705,True,True,True,True,INCLUDED,,BOTH_VALID_INCLUDED
407,1600938557549717,6,4074925,0.70390421,0.8434466292857464,"[690.916,1140.468,719.975,1220.695]",705,1180,True,25,736.0,True,1830,1800,740.0,True,0.7849642397294313,True,True,True,0.13485628073445835,True,True,True,True,INCLUDED,,BOTH_VALID_INCLUDED
407,1600938557549717,7,4074908,0.67038494,0.822931375966364,"[257.13,382.47,357.212,508.759]",307,445,False,0,,True,6577,5312,664.0,True,0.5203629198704104,False,True,True,0.3317449314477446,True,False,False,True,INVALID_BBOX_CENTER_DEPTH,INVALID_BBOX_CENTER_DEPTH,A_BBOX_INVALID_MASK_VALID
407,1600938557549717,8,4074922,0.58365917,0.7967986506814181,"[609.729,99.755,643.32,129.25]",626,114,True,25,822.0,True,685,676,835.0,True,0.6913838617754293,True,True,True,0.14509106630093366,True,True,True,True,INCLUDED,,BOTH_VALID_INCLUDED
407,1600938557549717,10,4074900,0.45660901,0.7607769605440263,"[105.472,105.359,132.895,150.552]",119,127,True,25,862.0,True,769,665,862.0,True,0.62049774071084,True,True,True,0.1501847857161836,True,True,True,True,INCLUDED,,BOTH_VALID_INCLUDED
407,1600938557616378,0,4074919,0.91779482,0.9445796824796843,"[588.426,212.233,671.983,311.403]",630,261,True,25,789.0,True,6359,5781,799.0,True,0.7674068525599131,True,True,True,0.17705616575602814,True,True,True,True,INCLUDED,,BOTH_VALID_INCLUDED
407,1600938557616378,1,4074923,0.90032613,0.9247926952973413,"[670.095,255.113,719.935,347.728]",695,301,True,25,765.0,True,3874,2989,766.0,True,0.8392672023129646,True,True,True,0.1735177526660846,True,True,True,True,INCLUDED,,BOTH_VALID_INCLUDED
407,1600938557616378,2,4074902,0.8899799,0.9227029195971655,"[158.898,141.126,226.719,224.951]",192,183,True,25,781.0,True,4426,4375,785.0,True,0.7785269633979269,True,True,True,0.17047772494099087,True,True,True,True,INCLUDED,,BOTH_VALID_INCLUDED
407,1600938557616378,3,4074915,0.8538577,0.8721141917914365,"[284.992,531.304,394.136,671.636]",339,601,True,25,663.0,True,8727,8157,683.0,True,0.5697815667209218,True,True,True,0.696310388775666,True,True,True,True,INCLUDED,,BOTH_VALID_INCLUDED
407,1600938557616378,4,4074917,0.84693187,0.9203332325116597,"[597.944,115.553,669.398,192.885]",633,154,True,25,826.0,True,4055,4014,829.0,True,0.7338462353520177,True,True,True,0.1520761652322506,True,True,True,True,INCLUDED,,BOTH_VALID_INCLUDED
407,1600938557616378,5,4074925,0.83326131,0.8568964421847093,"[670.308,1141.687,720.0,1224.985]",695,1183,True,25,729.0,True,3654,3395,742.0,True,0.8827698510456767,True,True,True,0.1354297260197906,True,True,True,True,INCLUDED,,BOTH_VALID_INCLUDED
407,1600938557616378,6,4074906,0.6280604,0.7978727452121753,"[250.536,11.542,284.384,61.132]",267,36,True,25,786.0,True,1062,1062,787.0,True,0.6326993614240409,True,True,True,0.1407033992025384,True,True,True,True,INCLUDED,,BOTH_VALID_INCLUDED
407,1600938557616378,7,4074922,0.6018827,0.8158308985259853,"[595.526,97.766,629.398,127.56]",612,112,True,25,827.0,True,676,676,835.0,True,0.6698491981580069,True,True,True,0.14605898152047136,True,True,True,True,INCLUDED,,BOTH_VALID_INCLUDED
407,1600938557616378,8,4074908,0.58625638,0.7598399001460743,"[240.287,382.546,332.555,511.313]",286,446,False,0,,True,6568,4950,668.0,True,0.552811997084483,False,True,True,0.3261410575108055,True,False,False,True,INVALID_BBOX_CENTER_DEPTH,INVALID_BBOX_CENTER_DEPTH,A_BBOX_INVALID_MASK_VALID
407,1600938557616378,9,4074928,0.58363652,0.5583928575189819,"[699.705,627.979,719.95,738.199]",709,683,True,25,726.0,True,919,727,724.0,True,0.4118483435473069,True,True,True,0.22100854510801593,True,True,True,True,INCLUDED,,BOTH_VALID_INCLUDED
407,1600938557683039,0,4074919,0.91320521,0.922748491306933,"[572.134,212.883,655.988,311.169]",614,262,True,25,798.0,True,6288,5912,797.0,True,0.7629517757969759,True,True,True,0.18004252141646795,True,True,True,True,INCLUDED,,BOTH_VALID_INCLUDED
407,1600938557683039,1,4074923,0.90118963,0.9469263207255451,"[654.9,254.217,720.0,347.107]",687,300,True,25,748.0,True,5201,3884,758.0,True,0.8600761450993598,True,True,True,0.1749581535807583,True,True,True,True,INCLUDED,,BOTH_VALID_INCLUDED
407,1600938557683039,2,4074902,0.89030892,0.9619293542435494,"[141.829,142.233,209.359,226.563]",175,184,True,25,770.0,True,4432,4386,782.0,True,0.7782531759779866,True,True,True,0.1690598160834367,True,True,True,True,INCLUDED,,BOTH_VALID_INCLUDED
407,1600938557683039,3,4074925,0.8762368,0.8939584027808012,"[645.632,1139.45,720.0,1227.336]",682,1183,True,25,750.0,True,5232,5105,747.0,True,0.8005011029191584,True,True,True,0.13660285052871177,True,True,True,True,INCLUDED,,BOTH_VALID_INCLUDED
407,1600938557683039,4,4074917,0.8580814,0.9407306010765374,"[583.247,115.329,657.336,193.574]",620,154,True,25,825.0,True,4012,3877,825.0,True,0.6920709125906573,True,True,True,0.15362953173341393,True,True,True,True,INCLUDED,,BOTH_VALID_INCLUDED
407,1600938557683039,5,4074915,0.80230457,0.883556330358631,"[265.308,533.846,377.353,675.435]",321,604,True,25,670.0,True,9051,8529,690.0,True,0.5705248552672098,True,True,True,0.656173547162085,True,True,True,True,INCLUDED,,BOTH_VALID_INCLUDED
407,1600938557683039,6,4074928,0.79354548,0.8402340758353485,"[683.676,633.544,719.661,735.045]",701,684,False,0,,True,2650,1597,702.0,True,0.7255277799474046,False,True,True,0.22495783732837357,True,False,False,True,INVALID_BBOX_CENTER_DEPTH,INVALID_BBOX_CENTER_DEPTH,A_BBOX_INVALID_MASK_VALID
407,1600938557683039,7,4074906,0.74667621,0.8583255160399489,"[234.101,14.235,268.102,62.294]",251,38,True,25,786.0,True,1086,1084,786.0,True,0.6646046953089212,True,True,True,0.14054615993811248,True,True,True,True,INCLUDED,,BOTH_VALID_INCLUDED
407,1600938557683039,8,4074929,0.61621928,0.7160807351533962,"[692.889,452.674,719.737,542.154]",706,497,True,25,790.0,True,950,928,795.0,True,0.3954446376175317,True,True,True,0.21074032225122233,True,True,True,True,INCLUDED,,BOTH_VALID_INCLUDED
407,1600938557683039,9,4074922,0.60178101,0.8477222686274805,"[582.645,96.652,615.621,127.114]",599,111,True,25,822.0,True,660,660,831.0,True,0.6570335513346764,True,True,True,0.14711625129093753,True,True,True,True,INCLUDED,,BOTH_VALID_INCLUDED
407,1600938557683039,10,4074900,0.43731609,0.7072694587183738,"[75.165,107.329,101.161,146.794]",88,127,True,22,880.0,True,553,267,880.0,True,0.5390220058804277,True,True,True,0.14694686392983652,True,True,True,True,INCLUDED,,BOTH_VALID_INCLUDED
407,1600938557749700,0,4074919,0.91255856,0.937781570383036,"[557.378,212.748,639.624,311.614]",598,262,True,25,795.0,True,6058,5655,796.0,True,0.7450192942755275,True,True,True,0.18288234221039826,True,True,True,True,INCLUDED,,BOTH_VALID_INCLUDED
407,1600938557749700,1,4074923,0.89546168,0.8711183776285473,"[639.648,254.369,717.054,348.088]",678,301,True,25,755.0,True,5236,3653,770.0,True,0.721767572658465,True,True,True,0.177028724521466,True,True,True,True,INCLUDED,,BOTH_VALID_INCLUDED
407,1600938557749700,2,4074902,0.8918519,0.924848561003298,"[127.431,141.977,193.811,225.299]",160,183,True,25,774.0,True,4439,4359,783.0,True,0.802579774531168,True,True,True,0.16722007656284377,True,True,True,True,INCLUDED,,BOTH_VALID_INCLUDED
407,1600938557749700,3,4074928,0.88152558,0.8986162003866245,"[665.232,632.005,719.93,733.363]",692,682,False,0,,True,4180,2385,719.0,True,0.7539573901276778,False,True,True,0.22972193872889413,True,False,False,True,INVALID_BBOX_CENTER_DEPTH,INVALID_BBOX_CENTER_DEPTH,A_BBOX_INVALID_MASK_VALID
407,1600938557749700,4,4074925,0.88038707,0.9416420321911583,"[624.141,1128.331,720.0,1225.606]",672,1176,True,25,751.0,True,6192,5826,748.0,True,0.6640439344207382,True,True,True,0.13868353065997388,True,True,True,True,INCLUDED,,BOTH_VALID_INCLUDED
407,1600938557749700,5,4074917,0.84083855,0.8930797732793517,"[567.528,115.979,636.809,192.395]",602,154,True,25,816.0,True,4121,4000,825.0,True,0.7784023996466026,True,True,True,0.15556313918318895,True,True,True,True,INCLUDED,,BOTH_VALID_INCLUDED
407,1600938557749700,6,4074915,0.83384794,0.8074362584597077,"[245.112,531.638,356.628,673.236]",300,602,True,25,673.0,True,9670,9279,691.0,True,0.6123957551130751,True,True,True,0.5880541061135683,True,True,True,True,INCLUDED,,BOTH_VALID_INCLUDED
407,1600938557749700,7,4074929,0.80681288,0.8940932021536864,"[676.502,447.434,719.466,550.185]",697,498,True,25,792.0,True,3308,3241,788.0,True,0.7493327873358181,True,True,True,0.21445907847168935,True,True,True,True,INCLUDED,,BOTH_VALID_INCLUDED
407,1600938557749700,9,4074922,0.53076696,0.7735838213744581,"[568.798,99.145,599.612,128.379]",584,113,True,25,822.0,True,605,574,832.0,True,0.6716129379498613,True,True,True,0.148807527253617,True,True,True,True,INCLUDED,,BOTH_VALID_INCLUDED
407,1600938557749700,10,4074906,0.50168961,0.8963082785851564,"[218.938,13.14,252.466,62.816]",235,37,True,25,785.0,True,1122,1120,784.0,True,0.6736566335681986,True,True,True,0.13991496310737161,True,True,True,True,INCLUDED,,BOTH_VALID_INCLUDED
407,1600938557749700,12,4074908,0.34924072,0.6438591368759335,"[210.0,385.768,294.85,510.885]",252,448,True,25,684.0,True,6505,5202,680.0,True,0.6127440908591818,True,True,True,0.31269750050157374,True,True,True,True,INCLUDED,,BOTH_VALID_INCLUDED
407,1600938557816360,0,4074919,0.93001282,0.9275877237432149,"[542.024,211.252,623.672,311.601]",582,261,True,25,790.0,True,6029,5721,796.0,True,0.7358455771641899,True,True,True,0.18542765079432558,True,True,True,True,INCLUDED,,BOTH_VALID_INCLUDED
407,1600938557816360,1,4074923,0.89802837,0.954942271140551,"[624.036,253.868,695.321,347.697]",659,300,True,25,765.0,True,5088,3317,770.0,True,0.7606972757251467,True,True,True,0.18095224733601076,True,True,True,True,INCLUDED,,BOTH_VALID_INCLUDED
407,1600938557816360,2,4074902,0.88985145,0.9357303431021706,"[110.808,141.252,177.077,224.848]",143,183,True,25,786.0,True,4434,4384,785.0,True,0.8003865359371161,True,True,True,0.1651652061055403,True,True,True,True,INCLUDED,,BOTH_VALID_INCLUDED
407,1600938557816360,3,4074928,0.88702279,0.8576587262540714,"[646.423,631.368,720.0,730.506]",683,680,False,0,,True,5269,3162,707.0,True,0.7223471593082964,False,True,True,0.23485553774792556,True,False,False,True,INVALID_BBOX_CENTER_DEPTH,INVALID_BBOX_CENTER_DEPTH,A_BBOX_INVALID_MASK_VALID
407,1600938557816360,4,4074925,0.88372093,0.8641043501107064,"[605.537,1126.478,709.907,1225.7]",657,1176,True,25,743.0,True,6373,6306,742.0,True,0.6154039199138118,True,True,True,0.140210628849234,True,True,True,True,INCLUDED,,BOTH_VALID_INCLUDED
407,1600938557816360,5,4074929,0.87957978,0.9084747322896428,"[663.619,441.182,720.0,553.356]",691,497,True,25,781.0,True,5110,5074,776.0,True,0.807971271395262,True,True,True,0.21682291112441646,True,True,True,True,INCLUDED,,BOTH_VALID_INCLUDED
407,1600938557816360,6,4074917,0.84986091,0.9444413563211023,"[551.99,114.903,624.756,191.04]",588,152,True,25,824.0,True,4020,3935,828.0,True,0.7256075459727862,True,True,True,0.15676105335656812,True,True,True,True,INCLUDED,,BOTH_VALID_INCLUDED
407,1600938557816360,7,4074915,0.8388747,0.7368571977240175,"[227.205,526.101,336.747,670.007]",281,598,True,25,676.0,True,9741,9516,687.0,True,0.6179366806711991,True,True,True,0.530266307303657,True,True,True,True,INCLUDED,,BOTH_VALID_INCLUDED
407,1600938557816360,8,4074906,0.6952855,0.8627295828417801,"[202.669,12.845,236.461,61.627]",219,37,True,25,791.0,True,1115,1113,792.0,True,0.6763965269728153,True,True,True,0.13909996385266923,True,True,True,True,INCLUDED,,BOTH_VALID_INCLUDED
407,1600938557816360,9,4074922,0.53567845,0.8075085647803086,"[552.847,97.856,584.472,127.557]",568,112,True,25,821.0,True,618,585,831.0,True,0.6579408766130629,True,True,True,0.14990755382969428,True,True,True,True,INCLUDED,,BOTH_VALID_INCLUDED
407,1600938557883021,0,4074919,0.93115264,0.9173414315714438,"[526.777,211.922,608.942,311.692]",567,261,True,25,804.0,True,5992,5814,805.0,True,0.7309454598372461,True,True,True,0.18812900958498927,True,True,True,True,INCLUDED,,BOTH_VALID_INCLUDED
407,1600938557883021,1,4074929,0.90316194,0.9654020258770789,"[645.999,435.343,719.631,553.783]",682,494,True,25,744.0,True,6992,6722,772.0,True,0.8017453022862332,True,True,True,0.2202331826560848,True,True,True,True,INCLUDED,,BOTH_VALID_INCLUDED
407,1600938557883021,2,4074923,0.89524496,0.9471112312187933,"[608.144,252.932,679.803,347.17]",643,300,True,25,757.0,True,5016,3583,769.0,True,0.7427808936144656,True,True,True,0.1841784213036015,True,True,True,True,INCLUDED,,BOTH_VALID_INCLUDED
407,1600938557883021,3,4074902,0.89060032,0.9205657766808008,"[95.493,142.537,161.81,226.175]",128,184,True,25,788.0,True,4431,4328,789.0,True,0.7988647148379671,True,True,True,0.1636628231680382,True,True,True,True,INCLUDED,,BOTH_VALID_INCLUDED
407,1600938557883021,4,4074928,0.85867953,0.7964244096256305,"[628.345,621.489,719.97,727.488]",674,674,True,25,670.0,True,6400,4416,681.0,True,0.658967837311446,True,True,True,0.2403586612891258,True,True,True,True,INCLUDED,,BOTH_VALID_INCLUDED
407,1600938557883021,5,4074925,0.84831423,0.90201611231528,"[586.818,1125.38,689.747,1226.219]",638,1175,True,25,736.0,True,6506,6475,739.0,True,0.6268271158366653,True,True,True,0.1420945450180305,True,True,True,True,INCLUDED,,BOTH_VALID_INCLUDED
407,1600938557883021,6,4074917,0.84742725,0.9452225234594179,"[537.311,114.171,609.307,191.388]",573,152,True,25,831.0,True,3970,3838,831.0,True,0.7141167402344697,True,True,True,0.15826067286311402,True,True,True,True,INCLUDED,,BOTH_VALID_INCLUDED
407,1600938557883021,7,4074915,0.82566714,0.8339695554939206,"[213.167,534.943,321.511,672.493]",267,603,True,25,669.0,True,9792,9504,687.0,True,0.6570613847520366,True,True,True,0.5012254291333053,True,True,True,True,INCLUDED,,BOTH_VALID_INCLUDED
407,1600938557883021,8,4074922,0.57208836,0.793578506237204,"[539.847,97.776,571.588,126.712]",555,112,True,25,821.0,True,584,568,837.0,True,0.6358486393496744,True,True,True,0.15085730347077844,True,True,True,True,INCLUDED,,BOTH_VALID_INCLUDED
407,1600938557883021,9,4074906,0.47733995,0.9243854247626994,"[187.249,13.266,220.646,62.203]",203,37,True,25,785.0,True,1134,1134,786.0,True,0.6938542548943933,True,True,True,0.13847453954211048,True,True,True,True,INCLUDED,,BOTH_VALID_INCLUDED
407,1600938557883021,11,4074908,0.31665787,0.8135425261352122,"[173.439,383.587,278.498,512.329]",225,447,True,25,674.0,True,6264,5301,676.0,True,0.46312501009675755,True,True,True,0.29923170922358966,True,True,True,True,INCLUDED,,BOTH_VALID_INCLUDED
407,1600938557949682,0,4074929,0.92109799,0.959782758389136,"[631.761,437.21,720.0,554.681]",675,495,True,25,788.0,True,8734,7270,780.0,True,0.8426009493741947,True,True,True,0.22362486658658473,True,True,True,True,INCLUDED,,BOTH_VALID_INCLUDED
407,1600938557949682,1,4074919,0.91473645,0.9456652721344609,"[510.868,212.497,592.756,311.866]",551,262,True,25,792.0,True,5944,5708,795.0,True,0.7304788015032145,True,True,True,0.19094171430926457,True,True,True,True,INCLUDED,,BOTH_VALID_INCLUDED
407,1600938557949682,2,4074923,0.90500176,0.9497037188035458,"[590.882,253.376,662.747,346.893]",626,300,True,25,755.0,True,4879,3449,758.0,True,0.7259769331832966,True,True,True,0.18793945200953024,True,True,True,True,INCLUDED,,BOTH_VALID_INCLUDED
407,1600938557949682,3,4074902,0.88069218,0.9311451105974242,"[78.794,141.996,145.683,225.668]",112,183,True,25,776.0,True,4399,4243,785.0,True,0.7859937791088482,True,True,True,0.16152223206177552,True,True,True,True,INCLUDED,,BOTH_VALID_INCLUDED
407,1600938557949682,4,4074928,0.87464929,0.9072418280140576,"[613.24,630.079,719.073,722.355]",666,676,True,7,692.0,True,7591,5345,706.0,True,0.777300816694393,True,True,True,0.24492322193829133,True,True,True,True,INCLUDED,,BOTH_VALID_INCLUDED
407,1600938557949682,5,4074917,0.84523505,0.8266407009762266,"[522.406,115.513,587.162,189.322]",554,152,True,25,819.0,True,3881,3754,829.0,True,0.811996779955109,True,True,True,0.1599872013987405,True,True,True,True,INCLUDED,,BOTH_VALID_INCLUDED
407,1600938557949682,6,4074915,0.82245857,0.766998815380377,"[190.566,529.011,304.536,674.211]",247,601,True,25,665.0,True,9808,9333,689.0,True,0.5926841218425125,True,True,True,0.4569939771673925,True,True,True,True,INCLUDED,,BOTH_VALID_INCLUDED
407,1600938557949682,7,4074925,0.82151902,0.8886581042130764,"[567.403,1112.293,672.208,1226.514]",619,1169,True,25,743.0,True,6569,5546,745.0,True,0.5487459165360613,True,True,True,0.14498685513232681,True,True,True,True,INCLUDED,,BOTH_VALID_INCLUDED
407,1600938557949682,8,4074906,0.71723205,0.8119369535008992,"[170.574,13.878,205.0,61.167]",187,37,True,25,788.0,True,1124,1099,791.0,True,0.6904299408840742,True,True,True,0.13762596080196932,True,True,True,True,INCLUDED,,BOTH_VALID_INCLUDED
407,1600938557949682,9,4074922,0.58751738,0.7822366438172801,"[525.12,98.519,557.054,126.896]",541,112,True,25,821.0,True,580,558,825.0,True,0.6400415855764332,True,True,True,0.15208635229189374,True,True,True,True,INCLUDED,,BOTH_VALID_INCLUDED
407,1600938558016342,0,4074919,0.91700363,0.9307686070221349,"[495.617,212.167,576.705,311.605]",536,261,True,25,797.0,True,5901,5437,801.0,True,0.7318408461076107,True,True,True,0.19337252702429816,True,True,True,True,INCLUDED,,BOTH_VALID_INCLUDED
407,1600938558016342,1,4074929,0.91681379,0.9464652509900997,"[614.322,437.996,713.46,553.705]",663,495,True,25,766.0,True,9424,8574,770.0,True,0.821538619576548,True,True,True,0.22917578356890808,True,True,True,True,INCLUDED,,BOTH_VALID_INCLUDED
407,1600938558016342,2,4074923,0.90020072,0.9560154439943213,"[575.288,251.933,647.154,347.277]",611,299,True,25,761.0,True,4751,3362,779.0,True,0.6933750165738668,True,True,True,0.19118223115838637,True,True,True,True,INCLUDED,,BOTH_VALID_INCLUDED
407,1600938558016342,3,4074902,0.87478435,0.9700302334610698,"[63.777,142.398,128.331,225.878]",96,184,True,25,785.0,True,4373,4192,785.0,True,0.8114726353761633,True,True,True,0.15955032914895817,True,True,True,True,INCLUDED,,BOTH_VALID_INCLUDED
407,1600938558016342,4,4074928,0.86824375,0.8741367160537153,"[596.512,627.042,717.338,719.511]",656,673,True,12,717.0,True,8518,5211,711.0,True,0.762396820632909,True,True,True,0.2507624201266652,True,True,True,True,INCLUDED,,BOTH_VALID_INCLUDED
407,1600938558016342,5,4074925,0.8395257,0.8746601604097022,"[551.325,1107.5,654.902,1225.875]",603,1166,True,25,737.0,True,6706,6421,747.0,True,0.5469406835957219,True,True,True,0.14703945776964095,True,True,True,True,INCLUDED,,BOTH_VALID_INCLUDED
407,1600938558016342,6,4074917,0.83252752,0.9438745594995359,"[507.619,115.333,577.275,192.797]",542,154,True,25,825.0,True,3868,3728,833.0,True,0.7168495469706575,True,True,True,0.1615361235444133,True,True,True,True,INCLUDED,,BOTH_VALID_INCLUDED
407,1600938558016342,7,4074915,0.77560669,0.847808023429229,"[177.142,534.047,289.354,674.505]",233,604,True,25,672.0,True,9897,9734,687.0,True,0.6279394771991611,True,True,True,0.43161108028389444,True,True,True,True,INCLUDED,,BOTH_VALID_INCLUDED
407,1600938558016342,8,4074922,0.55405551,0.8351694022738433,"[510.4,98.443,543.056,125.457]",526,111,True,25,825.0,True,569,565,832.0,True,0.6450009933695429,True,True,True,0.15296452339246389,True,True,True,True,INCLUDED,,BOTH_VALID_INCLUDED
407,1600938558016342,9,4074906,0.48336643,0.866979931545443,"[154.961,14.103,188.495,62.227]",171,38,True,25,789.0,True,1145,1143,789.0,True,0.709509816485342,True,True,True,0.13687449261517268,True,True,True,True,INCLUDED,,BOTH_VALID_INCLUDED
407,1600938558016342,12,4074916,0.31344911,0.6495228604746135,"[52.804,239.232,74.153,273.657]",63,256,True,25,850.0,True,519,507,863.0,True,0.706180744920678,True,True,True,0.17099598379930275,True,True,True,True,INCLUDED,,BOTH_VALID_INCLUDED
407,1600938558083003,0,4074929,0.92643553,0.9538767265251858,"[600.348,435.542,700.008,553.885]",650,494,True,25,789.0,True,9385,8679,780.0,True,0.7957393222012675,True,True,True,0.23556169380919442,True,True,True,True,INCLUDED,,BOTH_VALID_INCLUDED
407,1600938558083003,1,4074919,0.90654451,0.9453228126783435,"[480.4,212.821,560.892,311.453]",520,262,True,25,794.0,True,5899,5709,792.0,True,0.7430325479000065,True,True,True,0.1958502527011478,True,True,True,True,INCLUDED,,BOTH_VALID_INCLUDED
407,1600938558083003,2,4074923,0.8941021,0.9819571914795235,"[559.132,252.77,630.503,346.354]",594,299,True,25,761.0,True,4623,3094,767.0,True,0.692150453193466,True,True,True,0.1947167319711494,True,True,True,True,INCLUDED,,BOTH_VALID_INCLUDED
407,1600938558083003,3,4074902,0.86836022,0.938036320844637,"[48.258,142.964,112.582,225.286]",80,184,True,25,785.0,True,4366,4228,784.0,True,0.8245078125352084,True,True,True,0.1575355103475643,True,True,True,True,INCLUDED,,BOTH_VALID_INCLUDED
407,1600938558083003,4,4074917,0.85412121,0.9498289439157208,"[493.646,114.56,563.363,193.007]",528,153,True,25,817.0,True,3851,3702,825.0,True,0.7041391443135346,True,True,True,0.16271077254088773,True,True,True,True,INCLUDED,,BOTH_VALID_INCLUDED
407,1600938558083003,5,4074928,0.84900969,0.908565900612471,"[578.735,628.847,702.87,719.494]",640,674,True,25,682.0,True,8414,5800,708.0,True,0.747747248449757,True,True,True,0.261182569571663,True,True,True,True,INCLUDED,,BOTH_VALID_INCLUDED
407,1600938558083003,6,4074915,0.84299898,0.900413646624321,"[160.859,543.68,270.045,674.694]",215,609,True,25,673.0,True,9933,9791,691.0,True,0.6943777130117748,True,True,True,0.4035582740311339,True,True,True,True,INCLUDED,,BOTH_VALID_INCLUDED
407,1600938558083003,7,4074925,0.83659965,0.889902584954539,"[534.144,1107.915,638.399,1226.287]",586,1167,True,25,744.0,True,6882,6786,752.0,True,0.5576590957602651,True,True,True,0.1484527343557545,True,True,True,True,INCLUDED,,BOTH_VALID_INCLUDED
407,1600938558083003,8,4074922,0.58979899,0.7834689528814437,"[496.247,98.513,531.186,125.212]",513,111,True,25,824.0,True,567,542,829.0,True,0.60782364807497,True,True,True,0.15383367965586464,True,True,True,True,INCLUDED,,BOTH_VALID_INCLUDED
407,1600938558083003,9,4074906,0.47282016,0.8610301076682387,"[139.199,14.871,173.72,61.594]",156,38,True,25,790.0,True,1151,1151,791.0,True,0.7136105065111714,True,True,True,0.1360066613378009,True,True,True,True,INCLUDED,,BOTH_VALID_INCLUDED
407,1600938558083003,11,4074916,0.36958733,0.8734268659487086,"[40.058,237.626,61.939,267.067]",50,252,True,22,854.0,True,516,504,858.0,True,0.8009953192674281,True,True,True,0.167858741536906,True,True,True,True,INCLUDED,,BOTH_VALID_INCLUDED
407,1600938558083003,12,4074908,0.3487947,0.8821999527680993,"[118.112,387.004,231.185,507.92]",174,447,True,25,656.0,True,6051,5178,681.0,True,0.4425725421750985,True,True,True,0.27228922613901424,True,True,True,True,INCLUDED,,BOTH_VALID_INCLUDED
407,1600938558149664,0,4074929,0.92577678,0.9712869371282431,"[583.286,435.922,681.532,553.949]",632,494,True,25,771.0,True,9145,8315,785.0,True,0.7886557315899556,True,True,True,0.2447222043158638,True,True,True,True,INCLUDED,,BOTH_VALID_INCLUDED
407,1600938558149664,1,4074919,0.90571028,0.951597019127759,"[465.177,211.153,545.108,310.861]",505,261,True,25,782.0,True,5872,5635,785.0,True,0.7367850337972311,True,True,True,0.19769292737114152,True,True,True,True,INCLUDED,,BOTH_VALID_INCLUDED
407,1600938558149664,2,4074923,0.89043188,0.9315650155970683,"[544.649,251.924,614.573,347.317]",579,299,True,25,748.0,True,4474,2943,759.0,True,0.6707384586901448,True,True,True,0.19798970084362877,True,True,True,True,INCLUDED,,BOTH_VALID_INCLUDED
407,1600938558149664,3,4074902,0.87768179,0.9213656258501798,"[32.625,142.535,97.505,225.979]",65,184,True,25,796.0,True,4390,4193,789.0,True,0.8108836890010804,True,True,True,0.15555679056662958,True,True,True,True,INCLUDED,,BOTH_VALID_INCLUDED
407,1600938558149664,4,4074928,0.86132008,0.9445313376306925,"[564.132,631.418,684.812,719.458]",624,675,True,25,671.0,True,8330,5887,698.0,True,0.7840245574939042,True,True,True,0.27260160361994157,True,True,True,True,INCLUDED,,BOTH_VALID_INCLUDED
407,1600938558149664,5,4074925,0.84694624,0.8850321496749133,"[518.451,1108.228,623.775,1225.582]",571,1166,True,25,740.0,True,7064,7038,755.0,True,0.5715121255582082,True,True,True,0.1497847957459806,True,True,True,True,INCLUDED,,BOTH_VALID_INCLUDED
407,1600938558149664,6,4074917,0.84683692,0.9686622567058278,"[478.228,114.559,548.561,191.782]",513,153,True,25,825.0,True,3812,3432,822.0,True,0.701854486376655,True,True,True,0.16382051152806537,True,True,True,True,INCLUDED,,BOTH_VALID_INCLUDED
407,1600938558149664,7,4074915,0.84432137,0.9242090283438578,"[142.762,539.409,257.478,676.425]",200,607,True,25,674.0,True,9951,9910,687.0,True,0.6330987356861358,True,True,True,0.3801309127670807,True,True,True,True,INCLUDED,,BOTH_VALID_INCLUDED
407,1600938558149664,8,4074922,0.50992358,0.8878762987144612,"[481.715,98.438,515.323,123.18]",498,110,True,25,824.0,True,567,545,831.0,True,0.6818762872549542,True,True,True,0.15455478297242584,True,True,True,True,INCLUDED,,BOTH_VALID_INCLUDED
407,1600938558149664,9,4074935,0.3801339,0.8146205400177651,"[691.69,926.678,719.522,1010.896]",705,968,True,25,696.0,True,1655,1007,699.0,True,0.706071462343403,True,True,True,0.17330537731144063,True,True,True,True,INCLUDED,,BOTH_VALID_INCLUDED
407,1600938558149664,10,4074906,0.3326844,0.8840408180171178,"[123.468,14.314,156.51,62.439]",139,38,True,25,788.0,True,1158,1158,791.0,True,0.7282349029216655,True,True,True,0.13502745990843693,True,True,True,True,INCLUDED,,BOTH_VALID_INCLUDED
407,1600938558149664,11,4074916,0.3109234,0.9042569837660328,"[26.019,237.551,49.518,265.215]",37,251,True,25,864.0,True,526,526,859.0,True,0.8091357443289555,True,True,True,0.16533490644254564,True,True,True,True,INCLUDED,,BOTH_VALID_INCLUDED
407,1600938558216324,0,4074929,0.91899073,0.9486199961927457,"[567.497,435.709,666.255,553.959]",616,494,True,24,787.0,True,9096,7952,782.0,True,0.7788915925648565,True,True,True,0.25312823192691436,True,True,True,True,INCLUDED,,BOTH_VALID_INCLUDED
407,1600938558216324,1,4074923,0.90901083,0.9192809338647262,"[525.886,252.289,597.513,347.311]",561,299,True,25,757.0,True,4402,2999,779.0,True,0.6467688714110366,True,True,True,0.20181713067627405,True,True,True,True,INCLUDED,,BOTH_VALID_INCLUDED
407,1600938558216324,2,4074919,0.90274954,0.9456392148587347,"[449.287,212.065,531.163,311.038]",490,261,True,25,788.0,True,5840,5575,794.0,True,0.7206750639142647,True,True,True,0.19990915820295294,True,True,True,True,INCLUDED,,BOTH_VALID_INCLUDED
407,1600938558216324,3,4074902,0.86817223,0.8567126294393549,"[17.203,143.437,83.599,225.248]",50,184,True,25,775.0,True,4362,4228,787.0,True,0.8030305059050435,True,True,True,0.15363675377288036,True,True,True,True,INCLUDED,,BOTH_VALID_INCLUDED
407,1600938558216324,4,4074925,0.86277443,0.8864625955238096,"[501.119,1106.293,606.997,1226.394]",554,1166,True,25,741.0,True,7181,7073,748.0,True,0.5647192267223455,True,True,True,0.15129103295646767,True,True,True,True,INCLUDED,,BOTH_VALID_INCLUDED
407,1600938558216324,5,4074917,0.84536463,0.9535098215159945,"[463.449,114.11,532.589,193.101]",498,153,True,25,818.0,True,3775,3464,825.0,True,0.6912099303726564,True,True,True,0.16512617111182337,True,True,True,True,INCLUDED,,BOTH_VALID_INCLUDED
407,1600938558216324,6,4074928,0.83664012,0.8777454317251241,"[544.915,631.07,664.55,717.444]",604,674,True,23,693.0,True,8276,5028,714.0,True,0.8009016635314978,True,True,True,0.28808608130996044,True,True,True,True,INCLUDED,,BOTH_VALID_INCLUDED
407,1600938558216324,7,4074915,0.83615541,0.8432736351714526,"[126.338,537.061,235.627,676.358]",180,606,True,25,671.0,True,9759,9650,686.0,True,0.6410429120422771,True,True,True,0.3545010894234381,True,True,True,True,INCLUDED,,BOTH_VALID_INCLUDED
407,1600938558216324,8,4074922,0.59375697,0.86019526089234,"[467.802,98.058,499.509,124.223]",483,111,True,25,819.0,True,560,523,823.0,True,0.6750129974656701,True,True,True,0.15549114883374068,True,True,True,True,INCLUDED,,BOTH_VALID_INCLUDED
407,1600938558216324,9,4074906,0.55409324,0.8003927164705209,"[107.119,15.104,143.418,61.849]",125,38,True,25,788.0,True,1174,1161,788.0,True,0.6918919408235195,True,True,True,0.13410205940211634,True,True,True,True,INCLUDED,,BOTH_VALID_INCLUDED
407,1600938558216324,10,4074908,0.41790563,0.7949853148196352,"[80.206,375.378,206.673,510.001]",143,442,True,16,640.0,True,5888,5070,693.0,True,0.3458368927027756,True,True,True,0.25447405060437484,True,True,True,True,INCLUDED,,BOTH_VALID_INCLUDED
407,1600938558216324,11,4074935,0.36889783,0.8236091162663496,"[672.352,922.735,719.761,1006.803]",696,964,True,25,687.0,True,3396,2506,696.0,True,0.8520717587376221,True,True,True,0.17626041760858632,True,True,True,True,INCLUDED,,BOTH_VALID_INCLUDED
407,1600938558282985,0,4074919,0.93196279,0.9466869152128737,"[433.916,211.172,514.548,310.29]",474,260,True,25,790.0,True,5870,5645,796.0,True,0.7344768956251082,True,True,True,0.20157292314544537,True,True,True,True,INCLUDED,,BOTH_VALID_INCLUDED
407,1600938558282985,1,4074929,0.91854966,0.9425717660987556,"[550.198,435.615,649.522,553.514]",599,494,True,25,767.0,True,9115,8887,781.0,True,0.7783812219404259,True,True,True,0.26280709791907564,True,True,True,True,INCLUDED,,BOTH_VALID_INCLUDED
407,1600938558282985,2,4074923,0.89319187,0.9286499090393994,"[510.856,251.695,582.138,347.592]",546,299,True,25,772.0,True,4115,2686,780.0,True,0.6019839911306125,True,True,True,0.20487493164248607,True,True,True,True,INCLUDED,,BOTH_VALID_INCLUDED
407,1600938558282985,3,4074902,0.86925358,0.922600441585807,"[0.981,143.473,65.68,225.123]",33,184,True,25,789.0,True,4372,4211,791.0,True,0.8276112699642882,True,True,True,0.15135609779669174,True,True,True,True,INCLUDED,,BOTH_VALID_INCLUDED
407,1600938558282985,4,4074925,0.86528289,0.918405719716234,"[483.873,1106.246,590.088,1225.509]",536,1165,True,25,750.0,True,7337,7124,759.0,True,0.5791978432664819,True,True,True,0.15270447409671323,True,True,True,True,INCLUDED,,BOTH_VALID_INCLUDED
407,1600938558282985,5,4074917,0.83922058,0.7951647192023771,"[447.416,114.696,508.559,187.492]",477,151,True,25,827.0,True,3761,3498,830.0,True,0.8449851437502429,True,True,True,0.16585357649620933,True,True,True,True,INCLUDED,,BOTH_VALID_INCLUDED
407,1600938558282985,6,4074928,0.83496869,0.9014417719852951,"[527.883,629.16,652.281,715.759]",590,672,True,10,669.0,True,8162,4629,711.0,True,0.7576529443871874,True,True,True,0.30087822204718695,True,True,True,True,INCLUDED,,BOTH_VALID_INCLUDED
407,1600938558282985,7,4074915,0.77459419,0.8769208069068731,"[106.74,547.76,217.605,676.974]",162,612,True,25,672.0,True,9570,9543,685.0,True,0.6680483652021963,True,True,True,0.33361346024233934,True,True,True,True,INCLUDED,,BOTH_VALID_INCLUDED
407,1600938558282985,8,4074922,0.54098994,0.8207431179703044,"[453.104,97.354,484.044,121.095]",468,109,True,25,821.0,True,556,532,830.0,True,0.7569295745372376,True,True,True,0.1558199117184571,True,True,True,True,INCLUDED,,BOTH_VALID_INCLUDED
407,1600938558282985,9,4074914,0.44646123,0.6111394709799942,"[96.24,521.141,172.887,573.105]",134,547,True,25,710.0,True,1698,1687,716.0,True,0.4263241656454189,True,True,True,0.29085062614342333,True,True,True,True,INCLUDED,,BOTH_VALID_INCLUDED
407,1600938558282985,10,4074906,0.39208218,0.854774200654463,"[91.614,14.447,126.257,63.136]",108,38,True,25,792.0,True,1195,1191,791.0,True,0.7084701496154434,True,True,True,0.13306274274025107,True,True,True,True,INCLUDED,,BOTH_VALID_INCLUDED
407,1600938558349646,0,4074929,0.91257972,0.9515433580555598,"[534.691,436.782,631.025,553.478]",582,495,True,25,780.0,True,9044,8815,780.0,True,0.804498039699802,True,True,True,0.27336869758949317,True,True,True,True,INCLUDED,,BOTH_VALID_INCLUDED
407,1600938558349646,1,4074919,0.90602809,0.9657198782188848,"[418.821,212.431,497.793,311.164]",458,261,True,25,795.0,True,5880,5224,799.0,True,0.7541224260168313,True,True,True,0.20376132754851115,True,True,True,True,INCLUDED,,BOTH_VALID_INCLUDED
407,1600938558349646,2,4074923,0.89035612,0.9224393654634122,"[492.508,252.508,564.663,347.522]",528,300,True,25,758.0,True,3961,2600,759.0,True,0.5777644412714383,True,True,True,0.20855594821332965,True,True,True,True,INCLUDED,,BOTH_VALID_INCLUDED
407,1600938558349646,3,4074925,0.84479737,0.9317061962043629,"[466.943,1103.207,568.415,1225.963]",517,1164,True,25,745.0,True,7412,7324,747.0,True,0.5950404120877014,True,True,True,0.15437575621366698,True,True,True,True,INCLUDED,,BOTH_VALID_INCLUDED
407,1600938558349646,4,4074902,0.84057146,0.9298594547337925,"[0.0,143.497,50.561,226.308]",25,184,True,25,788.0,True,3563,3533,789.0,True,0.8509658628891739,True,True,True,0.15039077501381393,True,True,True,True,INCLUDED,,BOTH_VALID_INCLUDED
407,1600938558349646,5,4074928,0.83363277,0.8796395037291344,"[510.584,629.27,632.469,715.079]",571,672,False,0,,True,8033,4654,717.0,True,0.7680591449408843,False,True,True,0.3185124409034974,True,False,False,True,INVALID_BBOX_CENTER_DEPTH,INVALID_BBOX_CENTER_DEPTH,A_BBOX_INVALID_MASK_VALID
407,1600938558349646,6,4074917,0.82072413,0.8569918230298657,"[432.85,114.433,498.555,189.967]",465,152,True,25,819.0,True,3725,3560,827.0,True,0.7505599272766469,True,True,True,0.16691116759868593,True,True,True,True,INCLUDED,,BOTH_VALID_INCLUDED
407,1600938558349646,7,4074915,0.76220655,0.8822891290480007,"[89.852,550.281,199.349,676.571]",144,613,True,25,676.0,True,9323,9313,687.0,True,0.6741934058167679,True,True,True,0.3154250379965334,True,True,True,True,INCLUDED,,BOTH_VALID_INCLUDED
407,1600938558349646,8,4074922,0.58465308,0.7429733403906124,"[437.691,95.639,469.493,124.421]",453,110,True,25,824.0,True,534,525,833.0,True,0.5833992345041652,True,True,True,0.1566978955223977,True,True,True,True,INCLUDED,,BOTH_VALID_INCLUDED
407,1600938558349646,9,4074906,0.50146699,0.8411090462003111,"[74.699,15.417,111.199,61.978]",92,38,True,25,800.0,True,1209,1207,794.0,True,0.7113955385673176,True,True,True,0.13193710866399044,True,True,True,True,INCLUDED,,BOTH_VALID_INCLUDED
407,1600938558349646,10,4074908,0.47635037,0.7484908419395003,"[62.089,412.024,167.1,509.339]",114,460,True,25,664.0,True,5766,4984,685.5,True,0.5642350448722182,True,True,True,0.24756206319490462,True,True,True,True,INCLUDED,,BOTH_VALID_INCLUDED
407,1600938558349646,12,4074914,0.35041142,0.6440906554276852,"[74.532,522.28,155.517,563.272]",115,542,True,25,710.0,True,1598,1551,717.0,True,0.48136341590806353,True,True,True,0.27505542526573196,True,True,True,True,INCLUDED,,BOTH_VALID_INCLUDED
407,1600938558416306,0,4074929,0.91739434,0.933370094536533,"[518.359,437.136,615.268,553.433]",566,495,True,25,786.0,True,8977,8785,783.0,True,0.7965235143914716,True,True,True,0.2837546641996049,True,True,True,True,INCLUDED,,BOTH_VALID_INCLUDED
407,1600938558416306,1,4074919,0.89981693,0.9553686364218333,"[403.801,211.546,481.526,310.978]",442,261,True,25,782.0,True,5869,5217,785.0,True,0.7594115599441751,True,True,True,0.20506337016586174,True,True,True,True,INCLUDED,,BOTH_VALID_INCLUDED
407,1600938558416306,2,4074925,0.89491642,0.9289224802694453,"[451.216,1104.715,550.598,1226.408]",500,1165,True,25,749.0,True,7566,7029,754.0,True,0.6255946225829675,True,True,True,0.15524988815782603,True,True,True,True,INCLUDED,,BOTH_VALID_INCLUDED
407,1600938558416306,3,4074923,0.89145929,0.9160028165754477,"[477.992,251.799,548.829,347.97]",513,299,False,0,,True,3843,2744,771.0,True,0.5641129794219353,False,True,True,0.21136598059870937,True,False,False,True,INVALID_BBOX_CENTER_DEPTH,INVALID_BBOX_CENTER_DEPTH,A_BBOX_INVALID_MASK_VALID
407,1600938558416306,4,4074928,0.84579712,0.9017633368657308,"[496.465,629.547,616.528,714.521]",556,672,False,0,,True,8018,5061,711.0,True,0.7859063516292859,False,True,True,0.3343468931516599,True,False,False,True,INVALID_BBOX_CENTER_DEPTH,INVALID_BBOX_CENTER_DEPTH,A_BBOX_INVALID_MASK_VALID
407,1600938558416306,5,4074917,0.82500219,0.9174430741114169,"[418.681,113.726,487.018,190.518]",452,152,True,25,836.0,True,3700,3604,830.0,True,0.7050661033162586,True,True,True,0.16760675987231477,True,True,True,True,INCLUDED,,BOTH_VALID_INCLUDED
407,1600938558416306,6,4074902,0.77673972,0.9323291964438454,"[0.0,145.411,33.123,224.448]",16,184,True,25,808.0,True,2267,2267,792.0,True,0.8659471916731147,True,True,True,0.14922654539389277,True,True,True,True,INCLUDED,,BOTH_VALID_INCLUDED
407,1600938558416306,7,4074915,0.72901607,0.7943817214996866,"[72.462,552.351,172.354,680.048]",122,616,True,25,674.0,True,9156,8973,691.0,True,0.7177850044327425,True,True,True,0.29517583689636373,True,True,True,True,INCLUDED,,BOTH_VALID_INCLUDED
407,1600938558416306,8,4074922,0.56942904,0.7853615336321791,"[424.896,96.405,454.269,121.701]",439,109,True,25,827.0,True,529,526,834.0,True,0.7119598684830051,True,True,True,0.15701591946685145,True,True,True,True,INCLUDED,,BOTH_VALID_INCLUDED
407,1600938558416306,11,4074906,0.45859557,0.8161679795485762,"[59.783,14.791,94.4,62.768]",77,38,True,25,791.0,True,1234,1225,792.0,True,0.7430065521334348,True,True,True,0.13081177869404959,True,True,True,True,INCLUDED,,BOTH_VALID_INCLUDED
407,1600938558482967,0,4074929,0.91811186,0.9455220451766974,"[502.665,435.851,599.397,553.492]",551,494,True,25,771.0,True,8890,8645,782.0,True,0.7812191601324029,True,True,True,0.2940938328192399,True,True,True,True,INCLUDED,,BOTH_VALID_INCLUDED
407,1600938558482967,1,4074919,0.91601449,0.9665418043513007,"[388.468,212.182,465.96,310.549]",427,261,True,25,778.0,True,5862,5503,793.0,True,0.769023334556115,True,True,True,0.2063753320143624,True,True,True,True,INCLUDED,,BOTH_VALID_INCLUDED
407,1600938558482967,2,4074923,0.87789327,0.9392774696897959,"[461.588,253.251,532.539,348.068]",497,300,True,10,769.0,True,3721,2569,781.0,True,0.5531143665774405,True,True,True,0.2146033615666417,True,True,True,True,INCLUDED,,BOTH_VALID_INCLUDED
407,1600938558482967,3,4074925,0.85965264,0.9324736668956092,"[433.813,1103.203,531.961,1225.117]",482,1164,True,25,739.0,True,7640,7584,752.0,True,0.6384962098754665,True,True,True,0.1566483583329003,True,True,True,True,INCLUDED,,BOTH_VALID_INCLUDED
407,1600938558482967,4,4074917,0.83382946,0.897115714560434,"[404.083,112.342,470.9,190.693]",437,151,True,25,820.0,True,3622,3550,825.0,True,0.6918579405217858,True,True,True,0.16818288407870896,True,True,True,True,INCLUDED,,BOTH_VALID_INCLUDED
407,1600938558482967,5,4074928,0.81440187,0.8813142868238489,"[477.928,630.353,594.509,714.404]",536,672,True,14,714.5,True,7971,4657,715.0,True,0.8134711366420048,True,True,True,0.3582066901490892,True,True,True,True,INCLUDED,,BOTH_VALID_INCLUDED
407,1600938558482967,6,4074915,0.6786226,0.7606408302868068,"[52.102,552.696,157.098,688.893]",104,620,True,25,671.0,True,8877,8769,685.0,True,0.6207631441648971,True,True,True,0.2808033661504023,True,True,True,True,INCLUDED,,BOTH_VALID_INCLUDED
407,1600938558482967,7,4074922,0.56203961,0.7233871764792026,"[409.561,95.832,438.5,118.541]",424,107,True,25,828.0,True,534,518,833.0,True,0.8125680218532585,True,True,True,0.15707288537053574,True,True,True,True,INCLUDED,,BOTH_VALID_INCLUDED
407,1600938558482967,8,4074908,0.55846798,0.8516332678090487,"[10.293,372.928,138.768,508.979]",74,440,True,25,630.0,True,5847,5107,696.0,True,0.3345127912804135,True,True,True,0.22320831232577396,True,True,True,True,INCLUDED,,BOTH_VALID_INCLUDED
407,1600938558482967,9,4074935,0.53282821,0.9577945158400103,"[603.642,921.159,712.908,1034.755]",658,977,True,25,639.0,True,8865,7708,690.0,True,0.7142177777940107,True,True,True,0.18156789883895455,True,True,True,True,INCLUDED,,BOTH_VALID_INCLUDED
407,1600938558482967,11,4074906,0.47782555,0.83210573275812,"[43.223,16.675,78.87,60.925]",61,38,True,25,791.0,True,1237,1092,790.0,True,0.7842119185313491,True,True,True,0.12962984127952878,True,True,True,True,INCLUDED,,BOTH_VALID_INCLUDED
407,1600938558482967,12,4074914,0.39131686,0.5557577634712589,"[40.123,521.916,105.789,560.247]",72,541,True,25,712.0,True,1392,1369,717.0,True,0.5530297866777479,True,True,True,0.24776383400322635,True,True,True,True,INCLUDED,,BOTH_VALID_INCLUDED
407,1600938558549628,0,4074929,0.92050689,0.9218718236781109,"[485.536,437.743,582.796,553.245]",534,495,True,25,798.0,True,8830,8516,785.0,True,0.7860260400973402,True,True,True,0.30645795577684876,True,True,True,True,INCLUDED,,BOTH_VALID_INCLUDED
407,1600938558549628,1,4074919,0.90114218,0.9869889056860268,"[372.405,211.68,450.91,310.107]",411,260,True,25,792.0,True,5845,5527,802.0,True,0.756437323521643,True,True,True,0.20720674619187543,True,True,True,True,INCLUDED,,BOTH_VALID_INCLUDED
407,1600938558549628,2,4074923,0.88304704,0.9111274110950264,"[446.327,251.191,516.789,347.342]",481,299,True,14,765.0,True,3509,2512,783.0,True,0.5179342091132126,True,True,True,0.2165592371926469,True,True,True,True,INCLUDED,,BOTH_VALID_INCLUDED
407,1600938558549628,3,4074925,0.86430764,0.9437263064453798,"[416.367,1102.399,520.252,1225.341]",468,1163,True,25,745.0,True,7778,7643,755.0,True,0.6089965338537126,True,True,True,0.1574928962852225,True,True,True,True,INCLUDED,,BOTH_VALID_INCLUDED
407,1600938558549628,4,4074928,0.84087336,0.9049656182238888,"[461.963,630.745,580.327,715.14]",521,672,False,0,,True,7957,5529,719.0,True,0.7965499363061376,False,True,True,0.3781036875291458,True,False,False,True,INVALID_BBOX_CENTER_DEPTH,INVALID_BBOX_CENTER_DEPTH,A_BBOX_INVALID_MASK_VALID
407,1600938558549628,5,4074917,0.83927375,0.8991962457122279,"[388.586,111.674,457.074,189.83]",422,150,True,25,822.0,True,3591,3568,827.0,True,0.6708703481143882,True,True,True,0.16855849250355967,True,True,True,True,INCLUDED,,BOTH_VALID_INCLUDED
407,1600938558549628,6,4074915,0.74904013,0.8333827222369118,"[34.447,552.996,139.158,673.398]",86,613,True,25,674.0,True,8393,8333,687.0,True,0.6657194027655514,True,True,True,0.2670161712419878,True,True,True,True,INCLUDED,,BOTH_VALID_INCLUDED
407,1600938558549628,7,4074908,0.74461246,0.9285721887379832,"[4.728,373.293,126.239,510.031]",65,441,True,25,620.0,True,6490,5401,689.0,True,0.39060687090782203,True,True,True,0.2197442189636762,True,True,True,True,INCLUDED,,BOTH_VALID_INCLUDED
407,1600938558549628,8,4074935,0.70981926,0.9441217761528916,"[587.837,919.266,695.485,1032.332]",641,975,True,25,651.0,True,8664,7106,682.0,True,0.7118368228437609,True,True,True,0.1857751359169573,True,True,True,True,INCLUDED,,BOTH_VALID_INCLUDED
407,1600938558549628,9,4074906,0.60759586,0.7925517909497154,"[27.503,16.776,63.38,61.797]",45,39,True,25,795.0,True,1266,1101,790.0,True,0.7837949262313296,True,True,True,0.12852011583403603,True,True,True,True,INCLUDED,,BOTH_VALID_INCLUDED
407,1600938558549628,10,4074922,0.53260434,0.7583984382176996,"[394.754,96.936,424.157,118.384]",409,107,True,25,821.0,True,527,474,827.0,True,0.8356649177389228,True,True,True,0.15757155156876987,True,True,True,True,INCLUDED,,BOTH_VALID_INCLUDED
407,1600938558549628,13,4074914,0.41770104,0.6068015888664574,"[23.162,521.5,85.668,554.118]",54,537,True,25,719.0,True,1337,1216,720.0,True,0.6557712479345672,True,True,True,0.23684381809926625,True,True,True,True,INCLUDED,,BOTH_VALID_INCLUDED
407,1600938558616289,0,4074929,0.92038381,0.9437400814886178,"[470.486,437.211,566.099,553.307]",518,495,True,25,765.0,True,8824,8027,778.0,True,0.7949344121309678,True,True,True,0.31797392633082394,True,True,True,True,INCLUDED,,BOTH_VALID_INCLUDED
407,1600938558616289,1,4074925,0.90078789,0.9323364435597221,"[397.593,1103.343,504.811,1225.788]",451,1164,True,25,748.0,True,7863,7214,751.0,True,0.5989347594534391,True,True,True,0.15811907737588826,True,True,True,True,INCLUDED,,BOTH_VALID_INCLUDED
407,1600938558616289,2,4074919,0.89850932,0.9804580352172094,"[356.283,212.365,434.729,310.059]",395,261,True,25,786.0,True,5802,5237,806.0,True,0.7570752158966217,True,True,True,0.20813887418673524,True,True,True,True,INCLUDED,,BOTH_VALID_INCLUDED
407,1600938558616289,3,4074923,0.87918675,0.8868394433048586,"[427.869,251.864,501.032,346.054]",464,298,True,18,783.0,True,3386,2713,773.0,True,0.4913496508153187,True,True,True,0.2189728863198361,True,True,True,True,INCLUDED,,BOTH_VALID_INCLUDED
407,1600938558616289,4,4074935,0.82712311,0.9400121746464574,"[568.223,922.248,676.036,1036.453]",622,979,True,25,651.0,True,8929,7862,676.0,True,0.7251812622503351,True,True,True,0.18910691402624447,True,True,True,True,INCLUDED,,BOTH_VALID_INCLUDED
407,1600938558616289,5,4074928,0.82586497,0.770927878478806,"[443.661,629.558,561.929,714.906]",502,672,True,25,686.0,True,7935,5270,711.0,True,0.7861154465760514,True,True,True,0.40586466853301945,True,True,True,True,INCLUDED,,BOTH_VALID_INCLUDED
407,1600938558616289,6,4074908,0.82495534,0.927513561235648,"[0.0,372.622,106.947,508.915]",53,440,True,25,619.0,True,6012,4983,687.0,True,0.4124552294126956,True,True,True,0.2147839975878703,True,True,True,True,INCLUDED,,BOTH_VALID_INCLUDED
407,1600938558616289,7,4074917,0.81721544,0.9337474706866934,"[373.574,113.987,440.024,189.433]",406,151,True,25,817.0,True,3492,3473,821.0,True,0.6965351386119887,True,True,True,0.16934011152423056,True,True,True,True,INCLUDED,,BOTH_VALID_INCLUDED
407,1600938558616289,8,4074906,0.68210304,0.7581785785987898,"[11.15,16.39,47.396,60.732]",29,38,True,25,801.0,True,1296,1277,792.0,True,0.8063612284318996,True,True,True,0.12716595984165419,True,True,True,True,INCLUDED,,BOTH_VALID_INCLUDED
407,1600938558616289,9,4074915,0.64955521,0.8135895796665265,"[17.69,555.601,125.295,686.798]",71,621,True,25,676.0,True,8116,8113,688.0,True,0.57489122815887,True,True,True,0.25699051767774017,True,True,True,True,INCLUDED,,BOTH_VALID_INCLUDED
407,1600938558616289,10,4074922,0.59949106,0.739346538928766,"[379.789,95.433,410.13,117.589]",394,106,True,25,821.0,True,537,480,827.0,True,0.7988275579667805,True,True,True,0.15757132919154362,True,True,True,True,INCLUDED,,BOTH_VALID_INCLUDED
407,1600938558616289,13,4074914,0.41763309,0.5405064464730964,"[12.103,521.224,61.928,553.987]",37,537,True,25,719.0,True,1226,1176,717.0,True,0.7510338316084461,True,True,True,0.22788032343425654,True,True,True,True,INCLUDED,,BOTH_VALID_INCLUDED
407,1600938558682949,0,4074929,0.91551834,0.9425543885316141,"[454.309,437.24,550.26,552.239]",502,494,True,25,788.0,True,8851,8283,792.0,True,0.8021374103436547,True,True,True,0.32966753063062443,True,True,True,True,INCLUDED,,BOTH_VALID_INCLUDED
407,1600938558682949,1,4074919,0.90136915,0.9810729635758669,"[340.459,212.257,418.45,310.366]",379,261,True,25,795.0,True,5794,5272,801.0,True,0.757225364411469,True,True,True,0.20868640803453337,True,True,True,True,INCLUDED,,BOTH_VALID_INCLUDED
407,1600938558682949,2,4074925,0.88470626,0.9737721549089994,"[381.18,1102.934,486.487,1224.768]",433,1163,True,25,742.0,True,7921,7026,749.0,True,0.6173824353753092,True,True,True,0.15897528435930863,True,True,True,True,INCLUDED,,BOTH_VALID_INCLUDED
407,1600938558682949,3,4074923,0.87479073,0.8844445518458115,"[408.985,251.627,483.581,347.48]",446,299,True,4,626.5,True,3261,1932,802.0,True,0.4560679449034141,True,True,True,0.2216262158788022,True,True,True,True,INCLUDED,,BOTH_VALID_INCLUDED
407,1600938558682949,4,4074917,0.85129422,0.9254772405766499,"[358.193,113.694,426.178,189.988]",392,151,True,25,830.0,True,3465,3451,829.0,True,0.6680358232773905,True,True,True,0.16971621726524144,True,True,True,True,INCLUDED,,BOTH_VALID_INCLUDED
407,1600938558682949,5,4074935,0.8508634,0.9560782233985393,"[549.804,919.344,656.231,1035.284]",603,977,True,25,662.0,True,8419,7855,686.0,True,0.6823000344372279,True,True,True,0.19389683093821655,True,True,True,True,INCLUDED,,BOTH_VALID_INCLUDED
407,1600938558682949,6,4074928,0.83872306,0.7553122211264012,"[428.002,629.896,544.64,716.104]",486,673,False,0,,True,8045,4895,723.0,True,0.800089211866541,False,True,True,0.4337259920406467,True,False,False,True,INVALID_BBOX_CENTER_DEPTH,INVALID_BBOX_CENTER_DEPTH,A_BBOX_INVALID_MASK_VALID
407,1600938558682949,7,4074908,0.82691711,0.9440177321385903,"[0.0,374.668,89.791,506.665]",44,440,True,22,618.0,True,5108,3610,676.0,True,0.43097692634609563,True,True,True,0.21147901842240116,True,True,True,True,INCLUDED,,BOTH_VALID_INCLUDED
407,1600938558682949,8,4074915,0.72847104,0.6893261579214819,"[9.447,566.026,108.375,692.349]",58,629,True,25,672.0,True,7636,7550,691.0,True,0.6110324284428945,True,True,True,0.24920063727239034,True,True,True,True,INCLUDED,,BOTH_VALID_INCLUDED
407,1600938558682949,9,4074922,0.57749772,0.8678035585924396,"[364.706,95.995,398.083,117.415]",381,106,True,25,825.0,True,549,513,830.0,True,0.7679016119136031,True,True,True,0.157797406947626,True,True,True,True,INCLUDED,,BOTH_VALID_INCLUDED
407,1600938558682949,11,4074906,0.53547323,0.9383498637826756,"[0.583,15.982,31.067,63.57]",15,39,True,25,799.0,True,1126,1126,794.0,True,0.7761916825405908,True,True,True,0.1262786084619845,True,True,True,True,INCLUDED,,BOTH_VALID_INCLUDED
407,1600938558749610,0,4074929,0.9168123,0.9053179912840565,"[437.87,436.984,534.234,552.53]",486,494,True,25,751.0,True,8856,7875,783.0,True,0.7953675591901812,True,True,True,0.3420979992335933,True,True,True,True,INCLUDED,,BOTH_VALID_INCLUDED
407,1600938558749610,1,4074919,0.91567612,0.9819502104600547,"[325.102,212.425,403.628,310.45]",364,261,True,25,793.0,True,5765,5099,800.0,True,0.7489433776266762,True,True,True,0.20894813518989766,True,True,True,True,INCLUDED,,BOTH_VALID_INCLUDED
407,1600938558749610,2,4074923,0.89576679,0.9116685135150167,"[394.276,251.821,466.275,346.749]",430,299,True,19,619.0,True,3128,2211,780.0,True,0.4576631536310339,True,True,True,0.2232706072130772,True,True,True,True,INCLUDED,,BOTH_VALID_INCLUDED
407,1600938558749610,3,4074925,0.88528758,0.9297283876881698,"[363.89,1103.08,473.659,1225.2]",418,1164,True,25,743.0,True,7960,7521,760.0,True,0.5938087110645777,True,True,True,0.15938158715480913,True,True,True,True,INCLUDED,,BOTH_VALID_INCLUDED
407,1600938558749610,4,4074908,0.83423179,0.910504128759736,"[3.797,374.327,74.787,508.383]",39,441,True,20,665.0,True,5007,3212,681.0,True,0.5261313235720628,True,True,True,0.20953617619283396,True,True,True,True,INCLUDED,,BOTH_VALID_INCLUDED
407,1600938558749610,5,4074928,0.83059824,0.7958625048782729,"[410.129,627.79,528.895,728.535]",469,678,False,0,,True,8260,5528,711.0,True,0.6903421905637684,False,True,True,0.463025297441767,True,False,False,True,INVALID_BBOX_CENTER_DEPTH,INVALID_BBOX_CENTER_DEPTH,A_BBOX_INVALID_MASK_VALID
407,1600938558749610,6,4074917,0.81327593,0.9174307068712263,"[343.273,112.764,411.872,186.937]",377,149,True,25,825.0,True,3501,3477,830.0,True,0.6880634379600428,True,True,True,0.16935822115970875,True,True,True,True,INCLUDED,,BOTH_VALID_INCLUDED
407,1600938558749610,7,4074915,0.73491156,0.7879417546729036,"[0.883,574.935,90.632,681.125]",45,628,True,25,676.0,True,6003,5890,687.0,True,0.6298760629605809,True,True,True,0.24127175562496572,True,True,True,True,INCLUDED,,BOTH_VALID_INCLUDED
407,1600938558749610,8,4074935,0.68685764,0.9162218491074675,"[534.1,920.031,633.083,1032.293]",583,976,True,24,652.0,True,7485,5788,691.0,True,0.6735943212726954,True,True,True,0.1985189814194281,True,True,True,True,INCLUDED,,BOTH_VALID_INCLUDED
407,1600938558749610,10,4074922,0.49098447,0.7595271074760865,"[351.484,95.226,382.772,115.68]",367,105,True,25,825.0,True,543,486,829.0,True,0.8484842302689815,True,True,True,0.15758093780958815,True,True,True,True,INCLUDED,,BOTH_VALID_INCLUDED
407,1600938558816270,0,4074929,0.92207551,0.9003464987440186,"[422.481,437.604,517.579,552.633]",470,495,True,25,808.0,True,8919,8447,785.0,True,0.8153375353663352,True,True,True,0.3547023831505097,True,True,True,True,INCLUDED,,BOTH_VALID_INCLUDED
407,1600938558816270,1,4074919,0.91861111,0.9597445734643693,"[309.09,212.051,388.782,309.893]",348,260,True,25,795.0,True,5702,4697,796.0,True,0.7312858415284981,True,True,True,0.2086857308335448,True,True,True,True,INCLUDED,,BOTH_VALID_INCLUDED
407,1600938558816270,2,4074923,0.87668753,0.9189779418195448,"[378.012,251.693,450.148,347.09]",414,299,True,25,620.0,True,3071,1754,771.0,True,0.44626522127258417,True,True,True,0.2247822194594678,True,True,True,True,INCLUDED,,BOTH_VALID_INCLUDED
407,1600938558816270,3,4074925,0.86754179,0.968482571434324,"[348.286,1103.646,454.182,1224.311]",401,1163,True,25,736.0,True,7961,7440,753.0,True,0.6230268319195006,True,True,True,0.1598469480761544,True,True,True,True,INCLUDED,,BOTH_VALID_INCLUDED
407,1600938558816270,4,4074928,0.86010903,0.888495915287784,"[393.167,628.411,511.665,741.414]",452,684,True,7,639.0,True,8528,6488,715.0,True,0.6368632635098427,True,True,True,0.4932148491962246,True,True,True,True,INCLUDED,,BOTH_VALID_INCLUDED
407,1600938558816270,5,4074917,0.82956821,0.9312026444053363,"[327.495,112.695,395.758,188.244]",361,150,True,25,832.0,True,3471,3459,830.0,True,0.6730394528996898,True,True,True,0.16962573040543316,True,True,True,True,INCLUDED,,BOTH_VALID_INCLUDED
407,1600938558816270,6,4074908,0.76975131,0.9173393944020357,"[0.634,377.686,56.37,507.051]",28,442,True,25,667.0,True,5585,3563,671.0,True,0.7745876834394917,True,True,True,0.20578702428393078,True,True,True,True,INCLUDED,,BOTH_VALID_INCLUDED
407,1600938558816270,7,4074915,0.76655436,0.8534405987782837,"[0.223,592.634,69.537,677.215]",34,634,True,19,669.0,True,4196,3748,681.0,True,0.7157176083394678,True,True,True,0.23520578276425405,True,True,True,True,INCLUDED,,BOTH_VALID_INCLUDED
407,1600938558816270,8,4074935,0.69983107,0.9298784893844618,"[515.834,920.69,618.417,1033.08]",567,976,True,25,665.0,True,8117,6581,684.0,True,0.7040321292196168,True,True,True,0.20183065005613668,True,True,True,True,INCLUDED,,BOTH_VALID_INCLUDED
407,1600938558816270,9,4074922,0.51675409,0.8059179101784448,"[336.755,95.819,368.117,115.76]",352,105,True,25,827.0,True,527,492,830.5,True,0.8426746537001321,True,True,True,0.15766304333466902,True,True,True,True,INCLUDED,,BOTH_VALID_INCLUDED
407,1600938558882931,0,4074929,0.9186601,0.9219923322480206,"[407.144,437.3,503.031,552.789]",455,495,True,25,806.0,True,8871,8702,793.0,True,0.8010732454072458,True,True,True,0.36581781445071915,True,True,True,True,INCLUDED,,BOTH_VALID_INCLUDED
407,1600938558882931,1,4074919,0.90111989,0.9773470328951436,"[294.205,212.772,373.379,309.982]",333,261,True,25,782.0,True,5636,4626,791.0,True,0.7322804749492158,True,True,True,0.20853797636040383,True,True,True,True,INCLUDED,,BOTH_VALID_INCLUDED
407,1600938558882931,2,4074925,0.87843686,0.9123740994057933,"[331.242,1102.719,442.816,1224.841]",387,1163,True,25,751.0,True,7928,7699,759.0,True,0.5818442277726679,True,True,True,0.16013401682510683,True,True,True,True,INCLUDED,,BOTH_VALID_INCLUDED
407,1600938558882931,3,4074928,0.87315077,0.8872242969956821,"[376.891,627.672,495.606,744.999]",436,686,True,13,587.0,True,8818,6963,713.0,True,0.633091571292109,True,True,True,0.5284759087811568,True,True,True,True,INCLUDED,,BOTH_VALID_INCLUDED
407,1600938558882931,4,4074923,0.85641235,0.9366524895896615,"[361.188,253.969,433.797,347.786]",397,300,True,8,624.0,True,2976,1386,791.0,True,0.4368787591476701,True,True,True,0.22666036214244836,True,True,True,True,INCLUDED,,BOTH_VALID_INCLUDED
407,1600938558882931,5,4074917,0.786439,0.8865908904595362,"[312.788,112.782,378.867,188.737]",345,150,True,25,819.0,True,3460,3394,829.0,True,0.6893761729313439,True,True,True,0.1696509012119059,True,True,True,True,INCLUDED,,BOTH_VALID_INCLUDED
407,1600938558882931,6,4074908,0.70358127,0.8447727646222225,"[0.122,392.121,43.321,502.12]",21,447,True,22,648.0,True,3696,2356,734.0,True,0.7778028532448051,True,True,True,0.20433050266031252,True,True,True,True,INCLUDED,,BOTH_VALID_INCLUDED
407,1600938558882931,7,4074915,0.68317866,0.8514218504889338,"[0.194,609.201,51.477,673.718]",25,641,True,25,680.0,True,2654,2473,687.0,True,0.8021458311330687,True,True,True,0.23032575416636264,True,True,True,True,INCLUDED,,BOTH_VALID_INCLUDED
407,1600938558882931,8,4074922,0.54478556,0.795335158628989,"[322.876,95.685,353.593,116.533]",338,106,True,25,821.0,True,540,492,827.0,True,0.8432387654174954,True,True,True,0.15764553733185596,True,True,True,True,INCLUDED,,BOTH_VALID_INCLUDED
407,1600938558882931,10,4074935,0.32163143,0.9260654350247282,"[498.392,919.61,599.789,1033.409]",549,976,True,25,659.0,True,7358,5671,695.0,True,0.6376703617304276,True,True,True,0.20576249006564923,True,True,True,True,INCLUDED,,BOTH_VALID_INCLUDED
407,1600938558949592,0,4074929,0.91704202,0.8954332095311799,"[390.033,437.156,486.707,552.858]",438,495,True,25,770.0,True,8832,8354,776.0,True,0.7896024838808569,True,True,True,0.37761846797705323,True,True,True,True,INCLUDED,,BOTH_VALID_INCLUDED
407,1600938558949592,1,4074919,0.90815377,0.9708812826654891,"[278.316,212.394,357.09,311.023]",317,261,True,25,767.0,True,5583,4206,786.0,True,0.7185882297312993,True,True,True,0.20805212404664292,True,True,True,True,INCLUDED,,BOTH_VALID_INCLUDED
407,1600938558949592,2,4074925,0.88678175,0.9401547485814757,"[315.301,1101.658,422.631,1225.168]",368,1163,True,25,744.0,True,7913,7618,758.0,True,0.5969224525014216,True,True,True,0.16038755082804626,True,True,True,True,INCLUDED,,BOTH_VALID_INCLUDED
407,1600938558949592,3,4074923,0.87003207,0.9139739216795566,"[345.318,257.544,417.863,347.161]",381,302,False,0,,True,2947,1928,769.0,True,0.45329637845503273,False,True,True,0.22813492887554782,True,False,False,True,INVALID_BBOX_CENTER_DEPTH,INVALID_BBOX_CENTER_DEPTH,A_BBOX_INVALID_MASK_VALID
407,1600938558949592,4,4074928,0.86551797,0.9241761143559527,"[360.378,627.673,477.79,747.004]",419,687,False,0,,True,9082,6157,717.0,True,0.6482100074053729,False,True,True,0.5691228119258603,True,False,False,True,INVALID_BBOX_CENTER_DEPTH,INVALID_BBOX_CENTER_DEPTH,A_BBOX_INVALID_MASK_VALID
407,1600938558949592,5,4074917,0.80936337,0.9566383406098503,"[297.4,113.129,363.938,190.353]",330,151,True,25,825.0,True,3495,3397,827.0,True,0.6801820147298456,True,True,True,0.16973917150827283,True,True,True,True,INCLUDED,,BOTH_VALID_INCLUDED
407,1600938558949592,6,4074908,0.6176554,0.8312168520408166,"[0.494,403.491,27.015,489.493]",13,446,False,0,,True,1582,1084,742.0,True,0.6935983201367862,False,True,True,0.2013490028696996,True,False,False,True,INVALID_BBOX_CENTER_DEPTH,INVALID_BBOX_CENTER_DEPTH,A_BBOX_INVALID_MASK_VALID
407,1600938558949592,7,4074922,0.5538488,0.8290008610129054,"[307.514,95.206,338.569,116.426]",323,105,True,25,821.0,True,516,443,825.0,True,0.7830198800553151,True,True,True,0.15736607104645964,True,True,True,True,INCLUDED,,BOTH_VALID_INCLUDED
407,1600938558949592,8,4074915,0.51598597,0.785238857142857,"[0.641,624.929,33.887,669.569]",17,647,True,25,692.0,True,1190,892,694.0,True,0.8018319825900851,True,True,True,0.22582913963824588,True,True,True,True,INCLUDED,,BOTH_VALID_INCLUDED
407,1600938559016252,0,4074929,0.91562295,0.8993132263107448,"[374.33,437.437,470.674,552.39]",422,494,True,25,778.0,True,8853,7438,782.0,True,0.79936564827022,True,True,True,0.38763212152030063,True,True,True,True,INCLUDED,,BOTH_VALID_INCLUDED
407,1600938559016252,1,4074919,0.90642482,0.9499501090574869,"[262.76,213.255,341.761,310.541]",302,261,True,25,789.0,True,5517,3876,799.0,True,0.7178274269289975,True,True,True,0.2072602186894879,True,True,True,True,INCLUDED,,BOTH_VALID_INCLUDED
407,1600938559016252,2,4074928,0.89848399,0.8978510448851275,"[344.366,627.595,461.624,750.999]",402,689,False,0,,True,9334,7522,702.0,True,0.6450540065392381,False,True,True,0.6045500968416074,True,False,False,True,INVALID_BBOX_CENTER_DEPTH,INVALID_BBOX_CENTER_DEPTH,A_BBOX_INVALID_MASK_VALID
407,1600938559016252,3,4074925,0.89306462,0.9123889906474226,"[299.856,1100.761,407.731,1224.62]",353,1162,True,25,748.0,True,7903,7456,751.0,True,0.59148482083742,True,True,True,0.1605839224207099,True,True,True,True,INCLUDED,,BOTH_VALID_INCLUDED
407,1600938559016252,4,4074923,0.86546493,0.9567166083254743,"[330.509,252.532,402.106,346.886]",366,299,False,0,,True,2873,1871,777.0,True,0.42528541067481707,False,True,True,0.22709236863064058,True,False,False,True,INVALID_BBOX_CENTER_DEPTH,INVALID_BBOX_CENTER_DEPTH,A_BBOX_INVALID_MASK_VALID
407,1600938559016252,5,4074917,0.79988801,0.9360774759097357,"[282.738,112.81,350.683,189.302]",316,151,True,25,832.0,True,3479,3473,833.0,True,0.6693926036954468,True,True,True,0.1692457993274963,True,True,True,True,INCLUDED,,BOTH_VALID_INCLUDED
407,1600938559016252,6,4074922,0.58612084,0.8176877483987958,"[293.736,94.589,324.639,116.554]",309,105,True,25,829.0,True,504,448,831.0,True,0.7425038108013658,True,True,True,0.15702564635238422,True,True,True,True,INCLUDED,,BOTH_VALID_INCLUDED
407,1600938559082912,0,4074929,0.92514735,0.9255452137539366,"[358.972,437.799,454.91,553.134]",406,495,True,25,786.0,True,8864,7866,779.0,True,0.8010838324443036,True,True,True,0.3968803694559884,True,True,True,True,INCLUDED,,BOTH_VALID_INCLUDED
407,1600938559082912,1,4074919,0.90941042,0.9776593498154023,"[247.084,213.284,326.05,310.76]",286,262,True,25,784.0,True,5488,4212,804.0,True,0.712978221060658,True,True,True,0.20616637085718748,True,True,True,True,INCLUDED,,BOTH_VALID_INCLUDED
407,1600938559082912,2,4074928,0.88561547,0.9474603842168353,"[329.086,629.232,444.524,750.112]",386,689,False,0,,True,9581,7521,716.0,True,0.6866060011482868,False,True,True,0.6392103256406674,True,False,False,True,INVALID_BBOX_CENTER_DEPTH,INVALID_BBOX_CENTER_DEPTH,A_BBOX_INVALID_MASK_VALID
407,1600938559082912,3,4074925,0.87594426,0.9511420763375912,"[283.851,1101.421,388.113,1224.93]",335,1163,True,25,729.0,True,7839,7382,755.0,True,0.608745841581558,True,True,True,0.16032667641407422,True,True,True,True,INCLUDED,,BOTH_VALID_INCLUDED
407,1600938559082912,4,4074923,0.86914086,0.9489255513975735,"[315.45,251.763,388.812,346.925]",352,299,False,0,,True,2825,2017,763.0,True,0.4046538983289996,False,True,True,0.22688759946673828,True,False,False,True,INVALID_BBOX_CENTER_DEPTH,INVALID_BBOX_CENTER_DEPTH,A_BBOX_INVALID_MASK_VALID
407,1600938559082912,5,4074917,0.82871532,0.9329096777717704,"[267.68,112.433,335.455,191.765]",301,152,True,25,824.0,True,3412,3365,823.0,True,0.6345868860760129,True,True,True,0.1690938485367603,True,True,True,True,INCLUDED,,BOTH_VALID_INCLUDED
407,1600938559082912,6,4074922,0.57297528,0.7872638578962528,"[279.17,95.212,307.477,116.513]",293,105,True,25,826.0,True,479,425,827.0,True,0.7944044643859177,True,True,True,0.15667030877004892,True,True,True,True,INCLUDED,,BOTH_VALID_INCLUDED
408,1600938560549420,0,4083005,0.91787755,0.9681552430573338,"[394.019,654.311,496.058,767.891]",445,711,True,25,719.0,True,8603,8202,758.0,True,0.7423041092977032,True,True,True,0.47427916721449936,True,True,True,True,INCLUDED,,BOTH_VALID_INCLUDED
408,1600938560549420,1,4083008,0.89891374,0.9425886365693007,"[8.417,438.681,120.54,551.886]",64,495,True,25,753.0,True,9760,9054,781.0,True,0.7689347696456554,True,True,True,0.23307148369179354,True,True,True,True,INCLUDED,,BOTH_VALID_INCLUDED
408,1600938560549420,2,4083019,0.89062566,0.9038090084917104,"[644.321,165.027,712.115,231.666]",678,198,True,24,846.5,True,3407,2587,835.0,True,0.7541407407766586,True,True,True,0.15519436433896433,True,True,True,True,INCLUDED,,BOTH_VALID_INCLUDED
408,1600938560549420,3,4083012,0.84015733,0.964963826341405,"[0.0,635.851,81.293,746.711]",40,691,True,25,701.0,True,7594,6723,712.0,True,0.8426409633639613,True,True,True,0.23615841075068286,True,True,True,True,INCLUDED,,BOTH_VALID_INCLUDED
408,1600938560549420,4,4083011,0.82266265,0.8506897964279715,"[0.12,275.376,40.545,348.223]",20,311,True,25,763.0,True,2178,2162,770.0,True,0.7395987620685565,True,True,True,0.1747263275645647,True,True,True,True,INCLUDED,,BOTH_VALID_INCLUDED
408,1600938560549420,5,4083016,0.77507812,0.839264119686099,"[516.247,179.985,593.811,270.216]",555,225,True,25,671.0,True,3520,3305,695.0,True,0.5029521804137521,True,True,True,0.1790665348465671,True,True,True,True,INCLUDED,,BOTH_VALID_INCLUDED
408,1600938560549420,6,4083024,0.6746698,0.5954465080879104,"[633.437,90.145,667.542,126.712]",650,108,True,25,850.0,True,595,434,849.0,True,0.4771001796554801,True,True,True,0.14169002812488146,True,True,True,True,INCLUDED,,BOTH_VALID_INCLUDED
408,1600938560549420,8,4083017,0.62591881,0.816528098260168,"[636.299,227.218,705.498,273.999]",670,250,False,0,,True,1123,222,860.0,True,0.3469049019080217,False,True,True,0.16714563321791315,True,False,False,True,INVALID_BBOX_CENTER_DEPTH,INVALID_BBOX_CENTER_DEPTH,A_BBOX_INVALID_MASK_VALID
408,1600938560549420,9,4083022,0.43074423,0.793471310400984,"[66.428,932.317,164.67,1031.878]",115,982,True,24,676.0,True,4395,3412,701.0,True,0.44933726149263314,True,True,True,0.19213755780281155,True,True,True,True,INCLUDED,,BOTH_VALID_INCLUDED
408,1600938560616079,0,4083005,0.9211328,0.968864842651701,"[380.824,655.514,480.601,767.54]",430,711,True,24,757.5,True,8594,8101,762.0,True,0.7688578948297132,True,True,True,0.4985537852707799,True,True,True,True,INCLUDED,,BOTH_VALID_INCLUDED
408,1600938560616079,1,4083008,0.90218139,0.9636843464387018,"[0.0,438.829,107.257,552.981]",53,495,True,25,791.0,True,9350,8825,789.0,True,0.7636642153828348,True,True,True,0.22801590642165415,True,True,True,True,INCLUDED,,BOTH_VALID_INCLUDED
408,1600938560616079,2,4083019,0.87603694,0.9281715978241332,"[628.157,165.97,696.245,232.459]",662,199,True,10,857.0,True,3357,2017,853.0,True,0.7415338189281134,True,True,True,0.1576213660724452,True,True,True,True,INCLUDED,,BOTH_VALID_INCLUDED
408,1600938560616079,5,4083012,0.79948986,0.9676482388093616,"[0.0,636.715,66.588,744.908]",33,690,True,25,724.0,True,5810,5534,719.0,True,0.8064565959999208,True,True,True,0.23221593814266162,True,True,True,True,INCLUDED,,BOTH_VALID_INCLUDED
408,1600938560616079,6,4083016,0.70032805,0.8879342992063788,"[496.892,175.718,567.759,269.747]",532,222,True,25,674.0,True,3420,3179,711.0,True,0.5132396975917685,True,True,True,0.18133968743884848,True,True,True,True,INCLUDED,,BOTH_VALID_INCLUDED
408,1600938560616079,7,4083011,0.69601643,0.8678835441987977,"[0.034,279.731,24.401,344.134]",12,311,True,25,775.0,True,938,898,774.0,True,0.5977157187587496,True,True,True,0.17298003330320685,True,True,True,True,INCLUDED,,BOTH_VALID_INCLUDED
408,1600938560616079,9,4083017,0.57960039,0.8158433640242118,"[625.666,230.542,696.849,282.145]",661,256,True,13,641.0,True,1230,295,863.0,True,0.33485275274481,True,True,True,0.17012602627597415,True,True,True,True,INCLUDED,,BOTH_VALID_INCLUDED
408,1600938560682739,0,4083005,0.9229359,0.9826733237712975,"[364.064,654.998,463.863,768.237]",413,711,True,25,760.0,True,8579,8441,756.0,True,0.7591270251260481,True,True,True,0.5272250481624561,True,True,True,True,INCLUDED,,BOTH_VALID_INCLUDED
408,1600938560682739,1,4083008,0.90303403,0.9803156370048304,"[0.0,439.398,89.891,552.271]",44,495,True,6,729.0,True,8305,7938,782.0,True,0.8185276544081529,True,True,True,0.22397807922199509,True,True,True,True,INCLUDED,,BOTH_VALID_INCLUDED
408,1600938560682739,2,4083019,0.88070244,0.9062516844616516,"[613.4,166.665,679.593,231.994]",646,199,True,25,836.0,True,3328,2416,846.0,True,0.7696003252090475,True,True,True,0.1598428105634003,True,True,True,True,INCLUDED,,BOTH_VALID_INCLUDED
408,1600938560682739,3,4083024,0.79923564,0.8974905262261331,"[594.751,91.163,637.302,133.662]",616,112,True,23,847.0,True,755,316,846.0,True,0.41750191265229647,True,True,True,0.14568164149582172,True,True,True,True,INCLUDED,,BOTH_VALID_INCLUDED
408,1600938560682739,4,4083016,0.77722931,0.8729024380728662,"[481.721,180.052,557.338,271.636]",519,225,True,25,676.0,True,3333,3155,712.0,True,0.48127828010234414,True,True,True,0.18388488346576312,True,True,True,True,INCLUDED,,BOTH_VALID_INCLUDED
408,1600938560682739,5,4083012,0.60742348,0.907804957248849,"[0.076,638.498,48.257,743.884]",24,691,True,25,724.0,True,3901,3714,721.0,True,0.7682759173864073,True,True,True,0.22742126892561101,True,True,True,True,INCLUDED,,BOTH_VALID_INCLUDED
408,1600938560682739,10,4083017,0.38530415,0.6521131420948846,"[603.794,225.452,673.966,274.692]",638,250,False,0,,True,1379,239,868.0,True,0.3991005876103524,False,True,True,0.1725943440675722,True,False,False,True,INVALID_BBOX_CENTER_DEPTH,INVALID_BBOX_CENTER_DEPTH,A_BBOX_INVALID_MASK_VALID
408,1600938560749397,0,4083005,0.92889887,0.9551754482210906,"[348.762,656.12,448.825,767.837]",398,711,True,25,748.0,True,8563,8513,757.0,True,0.766007743361789,True,True,True,0.5501549090264628,True,True,True,True,INCLUDED,,BOTH_VALID_INCLUDED
408,1600938560749397,1,4083019,0.8642602,0.9051627681548515,"[599.178,165.91,664.786,231.605]",631,198,True,25,840.0,True,3283,2869,839.0,True,0.7616961612527346,True,True,True,0.16172514113608044,True,True,True,True,INCLUDED,,BOTH_VALID_INCLUDED
408,1600938560749397,2,4083008,0.8606748,0.9710622515451087,"[0.124,438.849,75.489,551.42]",37,495,True,25,778.0,True,6626,6614,777.0,True,0.7810074992378975,True,True,True,0.22062252115084402,True,True,True,True,INCLUDED,,BOTH_VALID_INCLUDED
408,1600938560749397,5,4083016,0.7366088,0.7585655218953155,"[465.295,188.77,540.531,272.281]",502,230,True,25,685.0,True,3233,3136,704.0,True,0.5145603553764609,True,True,True,0.18737207207172388,True,True,True,True,INCLUDED,,BOTH_VALID_INCLUDED
408,1600938560749397,7,4083017,0.49242872,0.7799569799030729,"[612.282,226.556,667.581,285.181]",639,255,False,0,,True,1582,312,865.0,True,0.4879848573548472,False,True,True,0.17381963161560623,True,False,False,True,INVALID_BBOX_CENTER_DEPTH,INVALID_BBOX_CENTER_DEPTH,A_BBOX_INVALID_MASK_VALID
408,1600938560749397,9,4083022,0.46418211,0.8863862043627969,"[30.602,923.331,115.327,1031.099]",72,977,True,25,677.0,True,5063,3765,724.0,True,0.5545063536483599,True,True,True,0.1842178499374237,True,True,True,True,INCLUDED,,BOTH_VALID_INCLUDED
408,1600938560749397,11,4083012,0.38354805,0.713595256910951,"[0.0,638.905,33.095,709.941]",16,674,True,25,720.0,True,2079,2071,719.0,True,0.8843284668668319,True,True,True,0.22463165340388871,True,True,True,True,INCLUDED,,BOTH_VALID_INCLUDED
408,1600938560816057,0,4083005,0.92126185,0.9695457783719841,"[332.451,654.967,432.577,767.708]",382,711,True,25,733.0,True,8551,8516,759.0,True,0.7575096281285348,True,True,True,0.5720631492427944,True,True,True,True,INCLUDED,,BOTH_VALID_INCLUDED
408,1600938560816057,1,4083019,0.89070547,0.8681247367973769,"[584.176,164.6,650.61,230.959]",617,197,True,25,843.0,True,3255,2659,847.0,True,0.7383474137062224,True,True,True,0.16348581890874606,True,True,True,True,INCLUDED,,BOTH_VALID_INCLUDED
408,1600938560816057,2,4083008,0.86758262,0.9323207841358044,"[0.054,441.503,60.821,551.871]",30,496,True,25,789.0,True,5114,5057,789.0,True,0.7625173936867535,True,True,True,0.21768729454405822,True,True,True,True,INCLUDED,,BOTH_VALID_INCLUDED
408,1600938560816057,3,4083016,0.81022215,0.894513467539514,"[447.114,178.394,524.121,270.476]",485,224,True,25,678.0,True,3124,3041,706.0,True,0.4405610281598015,True,True,True,0.18721825309076345,True,True,True,True,INCLUDED,,BOTH_VALID_INCLUDED
408,1600938560816057,4,4083024,0.74191022,0.816967270063311,"[566.658,90.404,608.171,131.728]",587,111,False,0,,True,818,360,821.0,True,0.4768335791793217,False,True,True,0.14798363265992429,True,False,False,True,INVALID_BBOX_CENTER_DEPTH,INVALID_BBOX_CENTER_DEPTH,A_BBOX_INVALID_MASK_VALID
408,1600938560816057,5,4083017,0.72891963,0.7871266800695869,"[583.161,223.384,654.121,283.594]",618,253,False,0,,True,1648,438,863.0,True,0.3857225003730833,False,True,True,0.1769706341381299,True,False,False,True,INVALID_BBOX_CENTER_DEPTH,INVALID_BBOX_CENTER_DEPTH,A_BBOX_INVALID_MASK_VALID
408,1600938560816057,6,4083022,0.70017856,0.9160804597736261,"[11.281,920.258,98.898,1032.077]",55,976,False,0,,True,4280,2521,725.0,True,0.4368574899265082,False,True,True,0.1805545967231397,True,False,False,True,INVALID_BBOX_CENTER_DEPTH,INVALID_BBOX_CENTER_DEPTH,A_BBOX_INVALID_MASK_VALID
408,1600938560816057,7,4083013,0.67072058,0.6751750885211641,"[520.12,161.943,554.047,217.56]",537,189,True,25,687.0,True,863,766,711.0,True,0.45735957723215437,True,True,True,0.1712855230909628,True,True,True,True,INCLUDED,,BOTH_VALID_INCLUDED
408,1600938560882717,0,4083005,0.92984605,0.9591820502799373,"[317.06,657.022,416.744,768.337]",366,712,False,0,,True,8527,7425,761.0,True,0.7684526557183966,False,True,True,0.5780130041411466,True,False,False,True,INVALID_BBOX_CENTER_DEPTH,INVALID_BBOX_CENTER_DEPTH,A_BBOX_INVALID_MASK_VALID
408,1600938560882717,1,4083019,0.86202949,0.8753778810532512,"[567.038,167.017,635.001,232.238]",601,199,False,0,,True,3200,2191,851.0,True,0.7219215130978236,False,True,True,0.1661090163269291,True,False,False,True,INVALID_BBOX_CENTER_DEPTH,INVALID_BBOX_CENTER_DEPTH,A_BBOX_INVALID_MASK_VALID
408,1600938560882717,2,4083022,0.80761123,0.9036918675342297,"[0.071,919.41,82.697,1031.49]",41,975,True,25,686.0,True,5480,4073,693.0,True,0.5917465131401501,True,True,True,0.17773112195056998,True,True,True,True,INCLUDED,,BOTH_VALID_INCLUDED
408,1600938560882717,3,4083024,0.78368109,0.8220654109887237,"[551.276,90.434,594.758,133.916]",573,112,False,0,,True,771,292,849.0,True,0.4077888573005371,False,True,True,0.14943474062451417,True,False,False,True,INVALID_BBOX_CENTER_DEPTH,INVALID_BBOX_CENTER_DEPTH,A_BBOX_INVALID_MASK_VALID
408,1600938560882717,4,4083016,0.78051859,0.8877227915540592,"[429.522,183.137,505.315,272.242]",467,227,True,25,673.0,True,3045,2951,714.0,True,0.4508749685191729,True,True,True,0.19008748339860498,True,True,True,True,INCLUDED,,BOTH_VALID_INCLUDED
408,1600938560882717,5,4083008,0.77343684,0.8866817339449544,"[0.862,446.014,45.888,544.753]",23,495,True,25,794.0,True,3974,3817,797.0,True,0.8938729010543379,True,True,True,0.2144199260964043,True,True,True,True,INCLUDED,,BOTH_VALID_INCLUDED
408,1600938560882717,7,4083017,0.74694955,0.8518614735690759,"[573.713,224.123,640.114,284.585]",606,254,False,0,,True,1922,594,857.0,True,0.47873618485373215,False,True,True,0.17923773229241,True,False,False,True,INVALID_BBOX_CENTER_DEPTH,INVALID_BBOX_CENTER_DEPTH,A_BBOX_INVALID_MASK_VALID
408,1600938560882717,8,4083013,0.70754761,0.7666835058714891,"[502.368,163.068,534.706,217.388]",518,190,True,25,730.0,True,961,930,734.0,True,0.5470795357322519,True,True,True,0.17334177203139062,True,True,True,True,INCLUDED,,BOTH_VALID_INCLUDED
408,1600938560949375,0,4083005,0.92402697,0.9510958372204688,"[301.706,657.637,400.776,769.225]",351,713,True,25,764.0,True,8485,8295,759.0,True,0.7675243983839826,True,True,True,0.5748727138810579,True,True,True,True,INCLUDED,,BOTH_VALID_INCLUDED
408,1600938560949375,1,4083019,0.87188023,0.8988346778458243,"[553.887,168.593,619.337,232.084]",586,200,True,25,819.0,True,3149,2293,849.0,True,0.7577934417032495,True,True,True,0.1681728346010452,True,True,True,True,INCLUDED,,BOTH_VALID_INCLUDED
408,1600938560949375,2,4083008,0.8296802,0.8548179028338633,"[1.21,449.061,29.764,542.159]",15,495,True,25,785.0,True,2086,2068,797.0,True,0.7847060439923842,True,True,True,0.21117209083332783,True,True,True,True,INCLUDED,,BOTH_VALID_INCLUDED
408,1600938560949375,4,4083017,0.82379186,0.9300811484360536,"[560.792,225.828,625.575,288.563]",593,257,False,0,,True,2023,612,856.0,True,0.4977656516629991,False,True,True,0.18240382279669642,True,False,False,True,INVALID_BBOX_CENTER_DEPTH,INVALID_BBOX_CENTER_DEPTH,A_BBOX_INVALID_MASK_VALID
408,1600938560949375,5,4083016,0.78975195,0.8915272346789272,"[412.328,181.596,488.275,273.292]",450,227,True,25,680.0,True,2948,2917,714.0,True,0.42331773594915567,True,True,True,0.1914523730577753,True,True,True,True,INCLUDED,,BOTH_VALID_INCLUDED
408,1600938560949375,6,4083013,0.76875424,0.7646694570984484,"[483.657,162.946,519.388,217.846]",501,190,True,25,736.0,True,1070,963,736.0,True,0.5454642127302265,True,True,True,0.17502356137789407,True,True,True,True,INCLUDED,,BOTH_VALID_INCLUDED
408,1600938560949375,7,4083024,0.73606455,0.8991723427003865,"[536.762,91.205,578.362,132.594]",557,111,True,21,701.0,True,742,342,854.5,True,0.43094876565122264,True,True,True,0.1506376343154977,True,True,True,True,INCLUDED,,BOTH_VALID_INCLUDED
408,1600938560949375,8,4083022,0.38561186,0.90242358722004,"[0.0,918.824,66.402,1029.043]",33,973,False,0,,True,4760,2776,704.0,True,0.6503832171732651,False,True,True,0.17629356854637257,True,False,False,True,INVALID_BBOX_CENTER_DEPTH,INVALID_BBOX_CENTER_DEPTH,A_BBOX_INVALID_MASK_VALID
408,1600938561016034,0,4083005,0.93103248,0.9592636514568248,"[286.001,657.529,385.895,768.953]",335,713,True,25,778.0,True,8499,8403,770.0,True,0.7635714477679483,True,True,True,0.5646872153764598,True,True,True,True,INCLUDED,,BOTH_VALID_INCLUDED
408,1600938561016034,1,4083022,0.89440364,0.9005724547799845,"[0.172,914.706,49.186,1026.568]",24,970,True,23,668.0,True,3940,3468,695.0,True,0.7186103955447786,True,True,True,0.17515740267236501,True,True,True,True,INCLUDED,,BOTH_VALID_INCLUDED
408,1600938561016034,2,4083019,0.8689059,0.8796770916112012,"[539.806,168.583,603.323,231.995]",571,200,True,25,847.0,True,3127,2692,848.0,True,0.7763659016953773,True,True,True,0.17007949659694088,True,True,True,True,INCLUDED,,BOTH_VALID_INCLUDED
408,1600938561016034,3,4083017,0.82268393,0.8839038371465637,"[541.865,226.356,612.107,288.544]",576,257,False,0,,True,2250,978,845.0,True,0.5150851858319393,False,True,True,0.18525247634565453,True,False,False,True,INVALID_BBOX_CENTER_DEPTH,INVALID_BBOX_CENTER_DEPTH,A_BBOX_INVALID_MASK_VALID
408,1600938561016034,4,4083016,0.80067861,0.6651542067236749,"[396.601,207.478,470.936,273.92]",433,240,True,25,680.0,True,2925,2742,713.0,True,0.5922292152940424,True,True,True,0.1976058172475653,True,True,True,True,INCLUDED,,BOTH_VALID_INCLUDED
408,1600938561016034,5,4083013,0.79748654,0.7389647612224783,"[465.099,163.042,505.121,218.145]",485,190,True,25,733.0,True,1175,1066,734.0,True,0.5327995323494714,True,True,True,0.1765236874660103,True,True,True,True,INCLUDED,,BOTH_VALID_INCLUDED
408,1600938561082694,0,4083005,0.92135102,0.9615935644421065,"[270.711,657.295,369.497,768.393]",320,712,True,25,760.0,True,8467,8405,763.0,True,0.7714857673676001,True,True,True,0.5462873868306458,True,True,True,True,INCLUDED,,BOTH_VALID_INCLUDED
408,1600938561082694,1,4083019,0.86269927,0.8666119417773767,"[526.987,167.695,589.441,232.553]",558,200,True,22,842.0,True,3087,2537,843.0,True,0.762101503086054,True,True,True,0.1716819334762044,True,True,True,True,INCLUDED,,BOTH_VALID_INCLUDED
408,1600938561082694,2,4083017,0.86101848,0.9055783425991625,"[527.875,226.087,597.836,290.932]",562,258,False,0,,True,2464,996,859.0,True,0.5431355133168277,False,True,True,0.1879448393196185,True,False,False,True,INVALID_BBOX_CENTER_DEPTH,INVALID_BBOX_CENTER_DEPTH,A_BBOX_INVALID_MASK_VALID
408,1600938561082694,3,4083022,0.83787507,0.9208308922198991,"[0.0,913.869,33.965,1021.638]",16,967,True,2,751.0,True,2633,1411,723.0,True,0.7193253855636997,True,True,True,0.1740857631303514,True,True,True,True,INCLUDED,,BOTH_VALID_INCLUDED
408,1600938561082694,4,4083016,0.79003781,0.905444198312362,"[378.984,180.102,456.62,273.312]",417,226,True,25,681.0,True,2800,2730,719.0,True,0.38692997207045476,True,True,True,0.19330565568741623,True,True,True,True,INCLUDED,,BOTH_VALID_INCLUDED
408,1600938561082694,5,4083013,0.78427452,0.8053675004651878,"[444.542,162.333,487.033,218.556]",465,190,True,25,734.0,True,1328,1183,733.0,True,0.5558877549988406,True,True,True,0.17798834497256036,True,True,True,True,INCLUDED,,BOTH_VALID_INCLUDED
408,1600938561082694,6,4083024,0.70344144,0.7481458055851156,"[508.292,90.295,551.491,129.017]",529,109,True,24,681.0,True,682,246,711.0,True,0.4077114427500816,True,True,True,0.15223219649059602,True,True,True,True,INCLUDED,,BOTH_VALID_INCLUDED
408,1600938561149352,0,4083005,0.92881215,0.9540782840079054,"[254.658,657.678,353.287,768.214]",303,712,True,25,755.0,True,8492,8450,762.0,True,0.7789357041248879,True,True,True,0.5208893730919718,True,True,True,True,INCLUDED,,BOTH_VALID_INCLUDED
408,1600938561149352,1,4083019,0.88312608,0.8981222801930315,"[511.392,169.397,573.156,233.884]",542,201,True,25,832.0,True,3048,2641,838.0,True,0.7652571125760315,True,True,True,0.17399018927362708,True,True,True,True,INCLUDED,,BOTH_VALID_INCLUDED
408,1600938561149352,2,4083017,0.87559563,0.8647520562942113,"[512.342,226.03,585.504,296.007]",548,261,False,0,,True,2411,903,862.0,True,0.47092996092613026,False,True,True,0.19103634649800433,True,False,False,True,INVALID_BBOX_CENTER_DEPTH,INVALID_BBOX_CENTER_DEPTH,A_BBOX_INVALID_MASK_VALID
408,1600938561149352,3,4083013,0.78184426,0.7802728528314805,"[424.227,165.017,471.653,219.76]",447,192,True,25,739.0,True,1460,1289,742.0,True,0.5623513798225912,True,True,True,0.17980169639633825,True,True,True,True,INCLUDED,,BOTH_VALID_INCLUDED
408,1600938561149352,5,4083016,0.7189641,0.9204212785817567,"[360.435,183.147,437.595,275.864]",399,229,True,25,676.0,True,2721,2674,718.0,True,0.38034433482606667,True,True,True,0.1951812098878726,True,True,True,True,INCLUDED,,BOTH_VALID_INCLUDED
408,1600938561149352,6,4083024,0.66353267,0.9149377875549961,"[494.824,91.341,536.468,126.296]",515,108,True,25,669.0,True,708,300,684.0,True,0.48637530193910866,True,True,True,0.1530185473248757,True,True,True,True,INCLUDED,,BOTH_VALID_INCLUDED
408,1600938561216011,0,4083005,0.91525614,0.9424825478537242,"[238.89,657.443,337.155,768.222]",288,712,True,25,759.0,True,8479,7550,764.0,True,0.7789118953303065,True,True,True,0.4940762291653995,True,True,True,True,INCLUDED,,BOTH_VALID_INCLUDED
408,1600938561216011,1,4083019,0.88103515,0.8897842889036803,"[496.377,172.303,557.835,233.856]",527,203,True,25,835.0,True,2973,2252,841.0,True,0.7858999505841018,True,True,True,0.17612262887714547,True,True,True,True,INCLUDED,,BOTH_VALID_INCLUDED
408,1600938561216011,2,4083017,0.86168337,0.8861896110346023,"[498.806,227.444,571.041,297.714]",534,262,False,0,,True,2597,1145,870.0,True,0.5116280173924758,False,True,True,0.19380348668588257,True,False,False,True,INVALID_BBOX_CENTER_DEPTH,INVALID_BBOX_CENTER_DEPTH,A_BBOX_INVALID_MASK_VALID
408,1600938561216011,3,4083013,0.78754294,0.8960029969485535,"[411.996,164.796,452.081,220.572]",432,192,True,25,730.0,True,1572,1320,732.0,True,0.7031100220121734,True,True,True,0.1808057916645731,True,True,True,True,INCLUDED,,BOTH_VALID_INCLUDED
408,1600938561216011,4,4083016,0.77057225,0.8734551408080761,"[344.068,189.781,421.694,274.869]",382,232,True,25,685.0,True,2621,2567,723.0,True,0.39681812195866817,True,True,True,0.19672778739065194,True,True,True,True,INCLUDED,,BOTH_VALID_INCLUDED
408,1600938561216011,6,4083024,0.63930094,0.7117826565648813,"[482.195,93.531,521.921,124.61]",502,109,True,5,661.0,True,719,199,671.0,True,0.5823539367191721,True,True,True,0.15393949629907933,True,True,True,True,INCLUDED,,BOTH_VALID_INCLUDED
408,1600938561282671,0,4083005,0.93049139,0.9380907517913777,"[223.932,657.582,321.66,767.341]",272,712,True,25,751.0,True,8487,8378,758.0,True,0.791215979156047,True,True,True,0.4686457186781644,True,True,True,True,INCLUDED,,BOTH_VALID_INCLUDED
408,1600938561282671,1,4083017,0.89484078,0.8941548902135733,"[485.36,224.515,557.446,300.424]",521,262,False,0,,True,2756,1553,865.0,True,0.5036571637674678,False,True,True,0.19585369867618138,True,False,False,True,INVALID_BBOX_CENTER_DEPTH,INVALID_BBOX_CENTER_DEPTH,A_BBOX_INVALID_MASK_VALID
408,1600938561282671,2,4083019,0.88562274,0.8739491548439328,"[481.197,171.586,542.765,233.315]",511,202,True,23,825.0,True,2919,2457,841.0,True,0.7680505552251413,True,True,True,0.17755901346668007,True,True,True,True,INCLUDED,,BOTH_VALID_INCLUDED
408,1600938561282671,4,4083013,0.81255436,0.8691472009269968,"[394.203,164.967,434.428,220.223]",414,192,True,25,737.0,True,1688,1517,736.0,True,0.7594460830623453,True,True,True,0.18159039351883752,True,True,True,True,INCLUDED,,BOTH_VALID_INCLUDED
408,1600938561282671,5,4083024,0.70800006,0.8013576373422983,"[464.923,93.602,508.29,125.558]",486,109,True,15,661.0,True,747,88,659.0,True,0.5390248772406557,True,True,True,0.15496172969352454,True,True,True,True,INCLUDED,,BOTH_VALID_INCLUDED
408,1600938561282671,6,4083016,0.60076314,0.8902857487538628,"[328.203,189.426,403.68,275.988]",365,232,True,25,681.0,True,2571,2433,722.0,True,0.39351397898809265,True,True,True,0.19710790107443668,True,True,True,True,INCLUDED,,BOTH_VALID_INCLUDED
408,1600938561349329,0,4083005,0.91449112,0.9507451028573983,"[207.248,657.738,305.595,768.131]",256,712,True,25,759.0,True,8477,8421,765.0,True,0.7807995076204068,True,True,True,0.44114956383463294,True,True,True,True,INCLUDED,,BOTH_VALID_INCLUDED
408,1600938561349329,1,4083017,0.90120816,0.8579203395156237,"[471.818,226.868,543.757,303.324]",507,265,True,3,873.0,True,2911,1894,878.0,True,0.5292565431850076,True,True,True,0.1988144374265113,True,True,True,True,INCLUDED,,BOTH_VALID_INCLUDED
408,1600938561349329,2,4083019,0.85964757,0.9376048700683501,"[466.402,174.663,530.357,233.612]",498,204,True,25,815.0,True,2850,2355,825.0,True,0.7559514676452265,True,True,True,0.17943596545514215,True,True,True,True,INCLUDED,,BOTH_VALID_INCLUDED
408,1600938561349329,3,4083013,0.83489364,0.9114210731350146,"[376.567,164.203,419.865,220.15]",398,192,True,25,747.0,True,1776,1499,739.0,True,0.7331592557314991,True,True,True,0.1819997960730563,True,True,True,True,INCLUDED,,BOTH_VALID_INCLUDED
408,1600938561349329,5,4083024,0.77729356,0.5892292513649587,"[450.254,92.378,493.188,125.372]",471,108,True,18,663.5,True,680,304,671.5,True,0.4800346542099597,True,True,True,0.1555819797368161,True,True,True,True,INCLUDED,,BOTH_VALID_INCLUDED
408,1600938561349329,6,4083016,0.59840322,0.8060408073459221,"[310.311,198.472,386.359,276.418]",348,237,True,25,689.0,True,2473,2228,730.0,True,0.4171982578864244,True,True,True,0.19891631376460295,True,True,True,True,INCLUDED,,BOTH_VALID_INCLUDED
408,1600938561415988,0,4083005,0.92721802,0.9515383633111384,"[191.486,658.224,290.171,767.555]",240,712,True,25,760.0,True,8462,7977,763.0,True,0.7842933905847496,True,True,True,0.417196651261358,True,True,True,True,INCLUDED,,BOTH_VALID_INCLUDED
408,1600938561415988,1,4083017,0.90795922,0.9492789245828283,"[456.303,223.706,529.252,308.301]",492,266,True,25,862.0,True,3179,2014,870.0,True,0.5151414431387425,True,True,True,0.20126118839711388,True,True,True,True,INCLUDED,,BOTH_VALID_INCLUDED
408,1600938561415988,2,4083019,0.86423784,0.8897219145698733,"[451.813,174.869,512.779,234.393]",482,204,True,25,831.0,True,2768,2212,842.0,True,0.7627571300855588,True,True,True,0.18108741122017166,True,True,True,True,INCLUDED,,BOTH_VALID_INCLUDED
408,1600938561415988,3,4083013,0.84969413,0.9002992933864787,"[358.274,165.108,401.098,221.075]",379,193,True,25,738.0,True,1813,1605,738.0,True,0.7564470711305681,True,True,True,0.18270117093120322,True,True,True,True,INCLUDED,,BOTH_VALID_INCLUDED
408,1600938561415988,4,4083016,0.83375084,0.5511132841935722,"[294.191,222.069,368.662,277.692]",331,249,True,25,701.0,True,2372,2132,736.0,True,0.5726286729719682,True,True,True,0.20359777465074896,True,True,True,True,INCLUDED,,BOTH_VALID_INCLUDED
408,1600938561415988,5,4083024,0.73775035,0.59284088706645,"[436.81,93.242,478.176,128.05]",457,110,True,16,664.5,True,715,212,665.0,True,0.49657339080246415,True,True,True,0.15667671189551302,True,True,True,True,INCLUDED,,BOTH_VALID_INCLUDED
408,1600938561482648,0,4083005,0.90824902,0.9390224004802693,"[176.234,658.602,274.196,768.444]",225,713,True,25,756.0,True,8467,8321,762.0,True,0.7868709002792399,True,True,True,0.39442472753199515,True,True,True,True,INCLUDED,,BOTH_VALID_INCLUDED
408,1600938561482648,1,4083017,0.8955487,0.9053960248963498,"[442.811,226.405,514.733,310.198]",478,268,True,25,887.0,True,3338,2631,883.0,True,0.5538814712096631,True,True,True,0.20399275686727883,True,True,True,True,INCLUDED,,BOTH_VALID_INCLUDED
408,1600938561482648,2,4083013,0.87667602,0.8716580474566122,"[340.574,165.637,381.453,220.569]",361,193,True,25,741.0,True,1829,1709,747.0,True,0.8144942650492457,True,True,True,0.1828494028358959,True,True,True,True,INCLUDED,,BOTH_VALID_INCLUDED
408,1600938561482648,3,4083019,0.84188229,0.9121540340138596,"[437.728,177.997,498.898,235.264]",468,206,True,18,803.0,True,2687,2221,839.0,True,0.7670519057116274,True,True,True,0.18291569853117073,True,True,True,True,INCLUDED,,BOTH_VALID_INCLUDED
408,1600938561482648,4,4083016,0.82636994,0.5579550818784857,"[277.806,223.133,351.679,278.891]",314,251,True,25,702.0,True,2258,1942,737.0,True,0.548189880002386,True,True,True,0.2034124752631585,True,True,True,True,INCLUDED,,BOTH_VALID_INCLUDED
408,1600938561482648,5,4083024,0.68191981,0.6597315499980146,"[423.388,93.827,464.762,129.554]",444,111,True,20,664.0,True,754,302,665.0,True,0.5100905593536574,True,True,True,0.15749085415505626,True,True,True,True,INCLUDED,,BOTH_VALID_INCLUDED
408,1600938561549306,0,4083005,0.93059421,0.9272588994337457,"[159.183,658.413,258.514,768.052]",208,713,True,25,771.0,True,8493,8006,768.0,True,0.7798503127212011,True,True,True,0.37319328958375403,True,True,True,True,INCLUDED,,BOTH_VALID_INCLUDED
408,1600938561549306,1,4083017,0.90634477,0.9351058672539737,"[428.727,224.333,500.663,310.097]",464,267,True,25,879.0,True,3366,3157,885.0,True,0.5455854732369103,True,True,True,0.20525132809241395,True,True,True,True,INCLUDED,,BOTH_VALID_INCLUDED
408,1600938561549306,2,4083019,0.86280102,0.8700080286047599,"[422.139,177.674,482.623,234.468]",452,206,True,25,845.0,True,2619,2130,846.0,True,0.7624169388519402,True,True,True,0.18394061461063307,True,True,True,True,INCLUDED,,BOTH_VALID_INCLUDED
408,1600938561549306,3,4083013,0.86158556,0.8924371758949549,"[323.631,163.536,366.644,221.89]",345,192,True,25,750.0,True,1811,1755,750.0,True,0.72151952033293,True,True,True,0.18263710726604362,True,True,True,True,INCLUDED,,BOTH_VALID_INCLUDED
408,1600938561549306,4,4083016,0.82701021,0.5982419752422867,"[261.771,222.113,334.468,276.966]",298,249,True,25,712.0,True,2118,1936,735.0,True,0.5311400887573857,True,True,True,0.2018841736980414,True,True,True,True,INCLUDED,,BOTH_VALID_INCLUDED
408,1600938561549306,5,4083024,0.78091824,0.662579219389728,"[407.485,93.591,449.478,130.633]",428,112,False,0,,True,808,374,865.0,True,0.519445551584207,False,True,True,0.15814991722557054,True,False,False,True,INVALID_BBOX_CENTER_DEPTH,INVALID_BBOX_CENTER_DEPTH,A_BBOX_INVALID_MASK_VALID
408,1600938561615965,0,4083005,0.91409659,0.9529881520814567,"[142.998,658.377,242.46,768.734]",192,713,True,25,747.0,True,8506,7959,763.0,True,0.7749404036710691,True,True,True,0.35369520640334645,True,True,True,True,INCLUDED,,BOTH_VALID_INCLUDED
408,1600938561615965,1,4083017,0.89203262,0.8721832017716147,"[414.426,230.122,488.871,310.885]",451,270,True,25,886.0,True,3406,3225,892.0,True,0.5664957638262597,True,True,True,0.20803301366704088,True,True,True,True,INCLUDED,,BOTH_VALID_INCLUDED
408,1600938561615965,2,4083013,0.88105786,0.847348800250911,"[304.385,165.72,349.096,221.53]",326,193,True,25,744.0,True,1856,1748,746.0,True,0.7437921080860094,True,True,True,0.1826109219512705,True,True,True,True,INCLUDED,,BOTH_VALID_INCLUDED
408,1600938561615965,3,4083019,0.8672322,0.9104656650246307,"[408.079,180.473,467.809,236.171]",437,208,True,13,840.0,True,2571,1992,848.0,True,0.7728050672350328,True,True,True,0.1856464248056576,True,True,True,True,INCLUDED,,BOTH_VALID_INCLUDED
408,1600938561615965,4,4083016,0.83776325,0.6058264323378311,"[247.01,220.685,316.836,277.983]",281,249,True,25,699.0,True,1974,1773,714.0,True,0.4933902024245229,True,True,True,0.20064539857973265,True,True,True,True,INCLUDED,,BOTH_VALID_INCLUDED
408,1600938561615965,5,4083024,0.76114434,0.6456477723057976,"[393.251,93.966,435.951,132.266]",414,113,True,6,673.5,True,830,536,865.0,True,0.5075179924300324,True,True,True,0.1588043692191198,True,True,True,True,INCLUDED,,BOTH_VALID_INCLUDED
408,1600938561682626,0,4083005,0.92206204,0.9507587697152949,"[128.294,658.727,226.741,768.366]",177,713,True,25,775.0,True,8496,7881,768.0,True,0.7871308819874455,True,True,True,0.3369886454546641,True,True,True,True,INCLUDED,,BOTH_VALID_INCLUDED
408,1600938561682626,1,4083017,0.90326297,0.8774281231680174,"[398.373,228.026,473.521,311.95]",435,269,True,25,894.0,True,3435,3183,895.0,True,0.544657062691524,True,True,True,0.209325070963307,True,True,True,True,INCLUDED,,BOTH_VALID_INCLUDED
408,1600938561682626,2,4083013,0.88552904,0.8826791957912851,"[290.627,166.124,331.472,223.713]",311,194,True,25,748.0,True,1869,1793,749.0,True,0.794567621521195,True,True,True,0.18255996579437467,True,True,True,True,INCLUDED,,BOTH_VALID_INCLUDED
408,1600938561682626,3,4083019,0.87046766,0.9034406535392948,"[392.228,181.876,452.81,236.603]",422,209,True,20,836.5,True,2485,2014,844.0,True,0.7495164079417764,True,True,True,0.1868202967133098,True,True,True,True,INCLUDED,,BOTH_VALID_INCLUDED
408,1600938561682626,4,4083016,0.85506731,0.6238229397105934,"[229.76,221.179,300.21,279.101]",264,250,True,25,695.0,True,1939,1615,742.0,True,0.47517464873896526,True,True,True,0.1994927629291173,True,True,True,True,INCLUDED,,BOTH_VALID_INCLUDED
408,1600938561682626,6,4083024,0.7608881,0.6230913144947999,"[377.585,95.525,419.573,133.439]",398,114,True,2,677.0,True,890,369,870.0,True,0.5590687435399608,True,True,True,0.1595068899369064,True,True,True,True,INCLUDED,,BOTH_VALID_INCLUDED
408,1600938561749287,0,4083005,0.90656781,0.9366329204645556,"[112.93,658.971,210.959,769.039]",161,714,True,9,748.0,True,8519,8065,758.0,True,0.7895378791067335,True,True,True,0.32109925868886996,True,True,True,True,INCLUDED,,BOTH_VALID_INCLUDED
408,1600938561749287,1,4083017,0.89983052,0.8602244463818663,"[386.679,231.129,459.759,312.137]",423,271,True,25,883.0,True,3481,3319,902.0,True,0.5880003364287586,True,True,True,0.21108070570850324,True,True,True,True,INCLUDED,,BOTH_VALID_INCLUDED
408,1600938561749287,2,4083019,0.88721329,0.91509062971265,"[376.657,183.336,436.866,237.548]",406,210,True,22,868.0,True,2429,1982,861.0,True,0.7441674517229899,True,True,True,0.18793610962366714,True,True,True,True,INCLUDED,,BOTH_VALID_INCLUDED
408,1600938561749287,3,4083013,0.88578713,0.9600041266128597,"[274.907,165.769,316.788,222.875]",295,194,True,25,748.0,True,1862,1774,750.0,True,0.7785399319482338,True,True,True,0.18172847431820233,True,True,True,True,INCLUDED,,BOTH_VALID_INCLUDED
408,1600938561749287,4,4083016,0.83753598,0.6122806737826638,"[213.121,221.455,283.6,279.213]",248,250,True,25,705.0,True,1999,1890,726.0,True,0.491067185492831,True,True,True,0.19788538608882908,True,True,True,True,INCLUDED,,BOTH_VALID_INCLUDED
408,1600938561749287,6,4083024,0.77053809,0.6584678209015471,"[362.304,94.555,405.234,135.596]",383,115,False,0,,True,922,323,668.0,True,0.5233016431052939,False,True,True,0.15988172229610023,True,False,False,True,INVALID_BBOX_CENTER_DEPTH,INVALID_BBOX_CENTER_DEPTH,A_BBOX_INVALID_MASK_VALID
408,1600938561749287,10,4083029,0.32641378,0.6432741505225873,"[403.387,126.476,424.387,146.278]",413,136,False,0,,False,181,0,,True,0.43526146950043537,False,False,True,0.1648810829657749,True,False,False,False,INVALID_BBOX_CENTER_DEPTH,INVALID_BBOX_CENTER_DEPTH;INVALID_GT_MASK_DEPTH,C_BOTH_INVALID
408,1600938561815947,0,4083005,0.91499585,0.9638291369391438,"[96.099,658.559,195.984,769.653]",146,714,True,25,768.0,True,8506,7826,771.0,True,0.7665394316647571,True,True,True,0.3063456480773294,True,True,True,True,INCLUDED,,BOTH_VALID_INCLUDED
408,1600938561815947,1,4083017,0.89569223,0.8685835911443357,"[373.767,228.985,446.508,312.045]",410,270,True,25,891.0,True,3542,3342,902.0,True,0.5862425853347006,True,True,True,0.2114740744116383,True,True,True,True,INCLUDED,,BOTH_VALID_INCLUDED
408,1600938561815947,2,4083013,0.89244378,0.9664528923547284,"[258.505,166.13,301.274,223.032]",279,194,True,25,750.0,True,1845,1795,750.0,True,0.7581231234670383,True,True,True,0.18097393126791209,True,True,True,True,INCLUDED,,BOTH_VALID_INCLUDED
408,1600938561815947,3,4083019,0.85865045,0.8554664553370238,"[362.846,186.048,421.926,237.381]",392,211,True,25,867.0,True,2370,2067,862.0,True,0.7814680258697178,True,True,True,0.1888544761039078,True,True,True,True,INCLUDED,,BOTH_VALID_INCLUDED
408,1600938561815947,4,4083016,0.85021329,0.6027863855012765,"[198.26,222.259,268.176,279.991]",233,251,True,25,698.0,True,2056,1943,725.0,True,0.509365977817956,True,True,True,0.19645589683661846,True,True,True,True,INCLUDED,,BOTH_VALID_INCLUDED
408,1600938561815947,5,4083024,0.64567584,0.6358190243263442,"[348.679,94.545,391.242,136.915]",369,115,True,20,712.0,True,965,474,704.0,True,0.5351020543033649,True,True,True,0.1601628253135261,True,True,True,True,INCLUDED,,BOTH_VALID_INCLUDED
408,1600938561815947,7,4083029,0.323053,0.5916252096736554,"[387.741,125.474,411.663,148.192]",399,136,False,0,,True,203,7,694.0,True,0.37353255344299485,False,True,True,0.1653628092195511,True,False,False,True,INVALID_BBOX_CENTER_DEPTH,INVALID_BBOX_CENTER_DEPTH,A_BBOX_INVALID_MASK_VALID
408,1600938561882608,0,4083017,0.9125672,0.9174273856937623,"[358.624,229.014,432.65,312.702]",395,270,True,25,891.0,True,3513,3401,897.0,True,0.5670621730491909,True,True,True,0.21237815944111646,True,True,True,True,INCLUDED,,BOTH_VALID_INCLUDED
408,1600938561882608,1,4083005,0.90782851,0.9686769511693574,"[79.305,658.462,179.609,770.566]",129,714,True,25,769.0,True,8572,8271,769.0,True,0.7623296313155055,True,True,True,0.2921535123446156,True,True,True,True,INCLUDED,,BOTH_VALID_INCLUDED
408,1600938561882608,2,4083019,0.88272089,0.9420831887532233,"[347.253,183.919,410.549,238.916]",378,211,True,12,849.0,True,2319,1744,852.0,True,0.6661706320114936,True,True,True,0.18903624705458957,True,True,True,True,INCLUDED,,BOTH_VALID_INCLUDED
408,1600938561882608,3,4083013,0.87770587,0.9190493649886261,"[242.616,166.473,286.263,224.852]",264,195,True,25,746.0,True,1843,1782,748.0,True,0.7232930384662359,True,True,True,0.1803435909458203,True,True,True,True,INCLUDED,,BOTH_VALID_INCLUDED
408,1600938561882608,4,4083016,0.8611334,0.619817002291267,"[181.805,220.757,251.134,280.721]",216,250,True,25,719.0,True,2107,2029,735.0,True,0.5068261379257805,True,True,True,0.19422014146965275,True,True,True,True,INCLUDED,,BOTH_VALID_INCLUDED
408,1600938561882608,6,4083024,0.7729758,0.6429472139168381,"[333.681,95.126,377.921,141.533]",355,118,False,0,,True,972,501,852.0,True,0.47344294842967166,False,True,True,0.160852544505336,True,False,False,True,INVALID_BBOX_CENTER_DEPTH,INVALID_BBOX_CENTER_DEPTH,A_BBOX_INVALID_MASK_VALID
408,1600938561882608,10,4083029,0.45547298,0.7938855246215618,"[370.977,126.331,397.427,149.364]",384,137,False,0,,True,268,13,693.0,True,0.43990470810475923,False,True,True,0.16591028507421926,True,False,False,True,INVALID_BBOX_CENTER_DEPTH,INVALID_BBOX_CENTER_DEPTH,A_BBOX_INVALID_MASK_VALID
408,1600938561949268,0,4083005,0.92155397,0.9758126044277199,"[62.706,658.773,163.998,770.902]",113,714,True,25,761.0,True,8700,8261,761.0,True,0.7659953924331164,True,True,True,0.2795235576747391,True,True,True,True,INCLUDED,,BOTH_VALID_INCLUDED
408,1600938561949268,1,4083017,0.91312248,0.8406399362869202,"[347.502,231.474,419.949,313.975]",383,272,True,25,895.0,True,4069,3884,890.0,True,0.6807820102362316,True,True,True,0.2136564868698059,True,True,True,True,INCLUDED,,BOTH_VALID_INCLUDED
408,1600938561949268,2,4083013,0.87717623,0.9213906384347911,"[225.501,168.137,269.968,226.933]",247,197,True,25,745.0,True,1891,1829,747.0,True,0.7232791022614802,True,True,True,0.179699269769011,True,True,True,True,INCLUDED,,BOTH_VALID_INCLUDED
408,1600938561949268,3,4083019,0.85299057,0.9168314990795239,"[334.943,186.198,394.892,240.029]",364,213,True,15,851.0,True,2283,1764,854.0,True,0.7074431092588348,True,True,True,0.1897839949187116,True,True,True,True,INCLUDED,,BOTH_VALID_INCLUDED
408,1600938561949268,5,4083016,0.82406855,0.561368473932969,"[166.597,223.619,234.835,280.844]",200,252,True,25,719.0,True,2194,2041,735.0,True,0.5618553652404952,True,True,True,0.19260083720037555,True,True,True,True,INCLUDED,,BOTH_VALID_INCLUDED
408,1600938561949268,6,4083024,0.77084273,0.6573281988898901,"[322.369,96.621,363.668,145.345]",343,120,False,0,,True,1055,593,861.0,True,0.5242880864021362,False,True,True,0.16147400421212146,True,False,False,True,INVALID_BBOX_CENTER_DEPTH,INVALID_BBOX_CENTER_DEPTH,A_BBOX_INVALID_MASK_VALID
408,1600938562015928,0,4083005,0.91449022,0.9664268021703227,"[46.497,659.519,147.383,770.765]",96,715,True,25,778.0,True,8667,7588,769.0,True,0.7722421265499332,True,True,True,0.2676791468315385,True,True,True,True,INCLUDED,,BOTH_VALID_INCLUDED
408,1600938562015928,1,4083017,0.9104256,0.8671718742616034,"[332.007,230.073,405.729,313.706]",368,271,True,25,884.0,True,4064,3874,898.0,True,0.6591418930837966,True,True,True,0.2135760458480275,True,True,True,True,INCLUDED,,BOTH_VALID_INCLUDED
408,1600938562015928,2,4083013,0.88884115,0.9263462407453887,"[207.021,167.513,249.963,224.739]",228,196,True,25,753.0,True,1917,1848,754.0,True,0.7800931327188048,True,True,True,0.17763710761697388,True,True,True,True,INCLUDED,,BOTH_VALID_INCLUDED
408,1600938562015928,4,4083019,0.85583538,0.8711958739910368,"[317.552,186.05,377.709,239.158]",347,212,True,10,690.0,True,2255,1893,858.0,True,0.7058305139937687,True,True,True,0.189546524796739,True,True,True,True,INCLUDED,,BOTH_VALID_INCLUDED
408,1600938562015928,5,4083016,0.82452542,0.533179325758522,"[146.136,225.545,218.866,281.6]",182,253,True,25,727.0,True,2309,2038,744.0,True,0.5663644539562925,True,True,True,0.19038785545049816,True,True,True,True,INCLUDED,,BOTH_VALID_INCLUDED
408,1600938562015928,7,4083024,0.7309112,0.6851336630662943,"[307.574,95.822,347.504,143.708]",327,119,True,8,853.0,True,1077,626,861.0,True,0.5632586006842634,True,True,True,0.16096663750363718,True,True,True,True,INCLUDED,,BOTH_VALID_INCLUDED
408,1600938562015928,11,4083006,0.32692468,0.9077530486508534,"[247.637,565.858,319.605,636.932]",283,601,True,25,1036.0,True,2783,2736,1044.0,True,0.5440803166929524,True,True,True,0.5388484335747262,True,True,True,True,INCLUDED,,BOTH_VALID_INCLUDED
408,1600938562082589,0,4083017,0.91543949,0.884858643578644,"[318.506,230.675,391.786,314.355]",355,272,True,25,883.0,True,4084,3567,894.0,True,0.6660067046849295,True,True,True,0.21389593960350153,True,True,True,True,INCLUDED,,BOTH_VALID_INCLUDED
408,1600938562082589,1,4083005,0.91180331,0.9652577972861817,"[32.013,658.554,134.088,770.781]",83,714,True,25,762.0,True,8670,8094,765.0,True,0.7568369993149253,True,True,True,0.2585058850870904,True,True,True,True,INCLUDED,,BOTH_VALID_INCLUDED
408,1600938562082589,2,4083013,0.85624576,0.9252040087496186,"[193.619,170.911,235.718,227.453]",214,199,True,25,759.0,True,1934,1893,757.0,True,0.8124815796373412,True,True,True,0.17725561081177338,True,True,True,True,INCLUDED,,BOTH_VALID_INCLUDED
408,1600938562082589,3,4083019,0.8540979,0.8853879712952367,"[304.609,188.962,364.458,240.713]",334,214,True,24,846.5,True,2157,1892,852.0,True,0.6964252368932007,True,True,True,0.19014135451341216,True,True,True,True,INCLUDED,,BOTH_VALID_INCLUDED
408,1600938562082589,6,4083024,0.78341669,0.7210952076442398,"[297.135,98.336,333.957,145.95]",315,122,False,0,,True,1081,602,860.0,True,0.6165717929796176,False,True,True,0.16135238777528904,True,False,False,True,INVALID_BBOX_CENTER_DEPTH,INVALID_BBOX_CENTER_DEPTH,A_BBOX_INVALID_MASK_VALID
408,1600938562082589,7,4083016,0.74062055,0.5357956048342558,"[135.828,224.281,200.195,281.456]",168,252,True,25,718.0,True,2330,2171,726.0,True,0.6331206512143155,True,True,True,0.18792643670433595,True,True,True,True,INCLUDED,,BOTH_VALID_INCLUDED
408,1600938562149250,0,4083017,0.90266871,0.8617540133903133,"[306.614,230.158,379.131,313.58]",342,271,True,25,893.0,True,4055,3833,894.0,True,0.6703018711369783,True,True,True,0.2134338610866837,True,True,True,True,INCLUDED,,BOTH_VALID_INCLUDED
408,1600938562149250,1,4083005,0.90216702,0.9892404091526086,"[18.346,660.877,119.37,772.987]",68,716,True,25,719.0,True,8715,6846,769.0,True,0.7694820240099157,True,True,True,0.24929272650799317,True,True,True,True,INCLUDED,,BOTH_VALID_INCLUDED
408,1600938562149250,2,4083013,0.86877334,0.9056243748367803,"[180.99,172.089,223.54,230.521]",202,201,True,25,751.0,True,1924,1919,758.0,True,0.7738463736368404,True,True,True,0.17661898309279594,True,True,True,True,INCLUDED,,BOTH_VALID_INCLUDED
408,1600938562149250,3,4083019,0.85959774,0.8878405026753702,"[292.631,192.317,351.523,241.213]",322,216,True,15,861.0,True,2090,1749,865.0,True,0.7257994756930154,True,True,True,0.1905013710911358,True,True,True,True,INCLUDED,,BOTH_VALID_INCLUDED
408,1600938562149250,4,4083016,0.82426518,0.550057505335507,"[120.114,225.705,187.577,284.289]",153,254,True,25,719.0,True,2371,2280,739.0,True,0.5999110797679039,True,True,True,0.18631584271243998,True,True,True,True,INCLUDED,,BOTH_VALID_INCLUDED
408,1600938562149250,7,4083024,0.73893541,0.7380528075440186,"[283.803,99.825,321.594,147.353]",302,123,True,2,847.0,True,1116,717,856.0,True,0.6213356479622856,True,True,True,0.16139955594991767,True,True,True,True,INCLUDED,,BOTH_VALID_INCLUDED
408,1600938562215910,0,4083005,0.91898942,0.9617456041981076,"[1.146,659.329,103.137,772.158]",52,715,True,25,755.0,True,8816,7114,764.0,True,0.7661062272958672,True,True,True,0.23978554041047218,True,True,True,True,INCLUDED,,BOTH_VALID_INCLUDED
408,1600938562215910,1,4083017,0.90733141,0.8835189771885359,"[292.935,232.387,367.416,313.659]",330,273,True,25,897.0,True,4030,3944,903.0,True,0.6657613818509674,True,True,True,0.2135898985196291,True,True,True,True,INCLUDED,,BOTH_VALID_INCLUDED
408,1600938562215910,2,4083013,0.86604017,0.9046626690534448,"[164.403,169.062,207.261,227.851]",185,198,True,25,766.0,True,1933,1931,760.0,True,0.7671916733522878,True,True,True,0.17401816033028833,True,True,True,True,INCLUDED,,BOTH_VALID_INCLUDED
408,1600938562215910,3,4083019,0.85323536,0.8719663113124414,"[278.88,192.878,337.342,239.9]",308,216,True,25,879.0,True,2026,1703,871.0,True,0.7369952270399354,True,True,True,0.18983358970272718,True,True,True,True,INCLUDED,,BOTH_VALID_INCLUDED
408,1600938562215910,5,4083024,0.79097402,0.6842182565893611,"[267.16,97.561,309.074,145.603]",288,121,True,18,846.0,True,1136,797,856.0,True,0.5641546127137483,True,True,True,0.1604163474389831,True,True,True,True,INCLUDED,,BOTH_VALID_INCLUDED
408,1600938562215910,6,4083016,0.77594751,0.5240526875102737,"[103.611,227.263,169.44,282.37]",136,254,True,25,715.0,True,2452,2254,746.0,True,0.6759217774284509,True,True,True,0.18337959430244144,True,True,True,True,INCLUDED,,BOTH_VALID_INCLUDED
408,1600938562215910,9,4083006,0.40038711,0.9114104456411135,"[219.774,566.432,288.346,638.921]",254,602,True,25,1039.0,True,2748,2662,1058.0,True,0.5528378932589718,True,True,True,0.4709818089264418,True,True,True,True,INCLUDED,,BOTH_VALID_INCLUDED
408,1600938562282571,0,4083005,0.91536629,0.9837913285392568,"[0.14,660.135,86.256,772.545]",43,716,True,25,770.0,True,7853,7472,767.0,True,0.8112352258652625,True,True,True,0.23481340188646932,True,True,True,True,INCLUDED,,BOTH_VALID_INCLUDED
408,1600938562282571,1,4083017,0.90013748,0.8479214032719574,"[280.834,233.173,355.118,315.267]",317,274,True,25,880.0,True,4029,3948,893.0,True,0.6606791008216013,True,True,True,0.21359026674093654,True,True,True,True,INCLUDED,,BOTH_VALID_INCLUDED
408,1600938562282571,2,4083013,0.85437417,0.9484748253930717,"[146.597,173.68,189.379,229.028]",167,201,True,25,765.0,True,1930,1928,764.0,True,0.8150688455121962,True,True,True,0.17276206181112236,True,True,True,True,INCLUDED,,BOTH_VALID_INCLUDED
408,1600938562282571,3,4083019,0.84841686,0.9473593010845432,"[264.267,196.681,324.02,242.372]",294,219,True,25,854.0,True,1970,1569,855.0,True,0.7215656463413308,True,True,True,0.19025888679852754,True,True,True,True,INCLUDED,,BOTH_VALID_INCLUDED
408,1600938562282571,5,4083024,0.77129251,0.7958145800486013,"[256.965,100.441,295.872,148.197]",276,124,True,11,842.0,True,1154,871,853.0,True,0.6210836839049331,True,True,True,0.16066566249503442,True,True,True,True,INCLUDED,,BOTH_VALID_INCLUDED
408,1600938562282571,8,4083016,0.74154466,0.5629002688987168,"[78.855,226.498,150.85,284.804]",114,255,True,25,711.0,True,2497,2425,735.0,True,0.5948438255879124,True,True,True,0.17989676005073366,True,True,True,True,INCLUDED,,BOTH_VALID_INCLUDED
408,1600938562349232,0,4083005,0.87765056,0.9796844843864714,"[0.55,661.909,70.804,773.022]",35,717,True,25,784.0,True,6360,5418,767.0,True,0.8147440279064828,True,True,True,0.2307091848266644,True,True,True,True,INCLUDED,,BOTH_VALID_INCLUDED
408,1600938562349232,1,4083013,0.87207717,0.925631681125907,"[128.174,175.047,173.387,233.38]",150,204,True,25,764.0,True,1920,1916,764.0,True,0.7279869461657739,True,True,True,0.17140682030678314,True,True,True,True,INCLUDED,,BOTH_VALID_INCLUDED
408,1600938562349232,2,4083017,0.87178093,0.8819877083839813,"[265.283,235.654,340.822,318.093]",303,276,True,25,894.0,True,4021,4001,898.0,True,0.645699019282638,True,True,True,0.2138741041810097,True,True,True,True,INCLUDED,,BOTH_VALID_INCLUDED
408,1600938562349232,3,4083019,0.81998122,0.9555964627795092,"[248.704,199.357,308.451,245.136]",278,222,True,18,847.0,True,1910,1368,857.0,True,0.6983143426278655,True,True,True,0.190253542546491,True,True,True,True,INCLUDED,,BOTH_VALID_INCLUDED
408,1600938562349232,4,4083024,0.81070471,0.7760072450046941,"[240.644,103.262,281.279,150.915]",260,127,True,25,840.0,True,1175,1027,857.0,True,0.6068024919421086,True,True,True,0.16067206909317383,True,True,True,True,INCLUDED,,BOTH_VALID_INCLUDED
408,1600938562349232,5,4083016,0.80729896,0.5119141445097722,"[64.088,233.335,135.08,287.05]",99,260,True,25,719.0,True,2578,2441,744.0,True,0.6760486059332289,True,True,True,0.17840868288312292,True,True,True,True,INCLUDED,,BOTH_VALID_INCLUDED
408,1600938562349232,10,4083029,0.35191736,0.6891247318030224,"[277.351,137.492,296.794,161.539]",287,149,False,0,,True,202,31,826.0,True,0.4320432157172467,False,True,True,0.16782002054698866,True,False,False,True,INVALID_BBOX_CENTER_DEPTH,INVALID_BBOX_CENTER_DEPTH,A_BBOX_INVALID_MASK_VALID
408,1600938562415892,0,4083017,0.8930639,0.8516787663012542,"[252.248,235.603,327.283,317.56]",289,276,True,25,893.0,True,4043,3998,906.0,True,0.657436484454291,True,True,True,0.21270121098785894,True,True,True,True,INCLUDED,,BOTH_VALID_INCLUDED
408,1600938562415892,1,4083013,0.86265409,0.9645236281777808,"[112.279,174.802,157.339,233.101]",134,203,True,25,756.0,True,1928,1928,757.0,True,0.7339301632103085,True,True,True,0.16927233877295136,True,True,True,True,INCLUDED,,BOTH_VALID_INCLUDED
408,1600938562415892,2,4083005,0.85256106,0.8871695103578466,"[0.766,664.727,59.12,770.243]",29,717,True,25,763.0,True,4647,4489,771.0,True,0.7547162868780342,True,True,True,0.22777470849721101,True,True,True,True,INCLUDED,,BOTH_VALID_INCLUDED
408,1600938562415892,3,4083019,0.84697747,0.8404127316149596,"[233.34,203.014,292.077,243.119]",262,223,True,25,877.0,True,1864,1482,872.0,True,0.7912899069144852,True,True,True,0.18934569417447272,True,True,True,True,INCLUDED,,BOTH_VALID_INCLUDED
408,1600938562415892,4,4083024,0.80334502,0.837642801927302,"[228.076,103.07,265.415,150.027]",246,126,True,25,849.0,True,1213,1135,860.0,True,0.6918274271467887,True,True,True,0.15979706815785968,True,True,True,True,INCLUDED,,BOTH_VALID_INCLUDED
408,1600938562415892,8,4083006,0.43361112,0.952295397787657,"[181.976,568.927,253.363,641.868]",217,605,True,25,1051.0,True,2733,2478,1060.0,True,0.5248664187741453,True,True,True,0.40571853391879914,True,True,True,True,INCLUDED,,BOTH_VALID_INCLUDED
408,1600938562415892,10,4083029,0.38925606,0.776978387096776,"[262.546,136.023,282.083,161.913]",272,148,True,22,851.0,True,318,221,854.0,True,0.6286909272959852,True,True,True,0.1670007429440401,True,True,True,True,INCLUDED,,BOTH_VALID_INCLUDED
408,1600938562482553,0,4083017,0.90455872,0.8902680037593983,"[240.965,230.116,312.966,315.63]",276,272,True,25,894.0,True,4082,4043,908.0,True,0.6629751506483292,True,True,True,0.2099076392806673,True,True,True,True,INCLUDED,,BOTH_VALID_INCLUDED
408,1600938562482553,1,4083013,0.85785419,0.9538479267944856,"[97.041,174.669,141.483,232.488]",119,203,True,25,760.0,True,1941,1931,761.0,True,0.7553728379877995,True,True,True,0.16710783099116575,True,True,True,True,INCLUDED,,BOTH_VALID_INCLUDED
408,1600938562482553,2,4083019,0.84740269,0.8312460317390685,"[218.14,203.499,278.829,242.819]",248,223,True,25,840.0,True,1816,1333,855.0,True,0.7610134869190414,True,True,True,0.18814680532306985,True,True,True,True,INCLUDED,,BOTH_VALID_INCLUDED
408,1600938562482553,3,4083005,0.83443987,0.8799792816850602,"[1.012,665.734,41.893,760.606]",21,713,True,25,766.0,True,3003,2841,768.0,True,0.7742759424658492,True,True,True,0.22403223149187537,True,True,True,True,INCLUDED,,BOTH_VALID_INCLUDED
408,1600938562482553,4,4083024,0.80345482,0.8422701368469,"[215.485,102.382,250.913,149.423]",233,125,True,25,853.0,True,1237,1192,859.0,True,0.7422436967771219,True,True,True,0.15885516682244294,True,True,True,True,INCLUDED,,BOTH_VALID_INCLUDED
408,1600938562482553,8,4083006,0.36176717,0.9155526096372055,"[169.794,569.156,240.98,640.639]",205,604,True,25,1043.0,True,2705,2488,1057.0,True,0.5315815614340659,True,True,True,0.3867758623884233,True,True,True,True,INCLUDED,,BOTH_VALID_INCLUDED
408,1600938562549214,0,4083017,0.88346428,0.8893404780933355,"[225.817,233.446,299.831,317.641]",262,275,True,25,897.0,True,4114,4056,905.0,True,0.6601826555949378,True,True,True,0.2095604713481016,True,True,True,True,INCLUDED,,BOTH_VALID_INCLUDED
408,1600938562549214,1,4083013,0.87294328,0.9074367695278427,"[81.038,176.673,125.554,233.515]",103,205,True,25,758.0,True,1919,1896,761.0,True,0.758384574179226,True,True,True,0.16528515220728285,True,True,True,True,INCLUDED,,BOTH_VALID_INCLUDED
408,1600938562549214,2,4083019,0.84218103,0.8727707787046992,"[205.664,205.986,263.741,244.909]",234,225,True,11,877.0,True,1775,1419,877.0,True,0.7852137149412356,True,True,True,0.18759115557576364,True,True,True,True,INCLUDED,,BOTH_VALID_INCLUDED
408,1600938562549214,3,4083024,0.83498472,0.8984537575028367,"[202.431,103.858,237.918,152.758]",220,128,True,25,857.0,True,1243,1243,861.0,True,0.7162967538502968,True,True,True,0.15861622759111565,True,True,True,True,INCLUDED,,BOTH_VALID_INCLUDED
408,1600938562549214,5,4083005,0.75560492,0.7852707987020461,"[0.297,670.241,29.252,749.852]",14,710,True,25,748.0,True,1584,1514,746.0,True,0.6871610408165396,True,True,True,0.2211117148944711,True,True,True,True,INCLUDED,,BOTH_VALID_INCLUDED
408,1600938562615874,0,4083017,0.90674204,0.8719038652343375,"[214.323,233.445,287.242,318.679]",250,276,True,25,891.0,True,4143,3994,914.0,True,0.6665939365431979,True,True,True,0.20834513875228944,True,True,True,True,INCLUDED,,BOTH_VALID_INCLUDED
408,1600938562615874,1,4083013,0.87643188,0.8807778878681156,"[65.582,177.84,110.182,233.994]",87,205,True,25,766.0,True,1926,1851,762.0,True,0.7690254746276695,True,True,True,0.16331213556507593,True,True,True,True,INCLUDED,,BOTH_VALID_INCLUDED
408,1600938562615874,2,4083024,0.83782464,0.9548012796331872,"[189.685,106.15,225.233,152.676]",207,129,True,25,871.0,True,1248,1248,871.0,True,0.7545772328444582,True,True,True,0.15800625669792634,True,True,True,True,INCLUDED,,BOTH_VALID_INCLUDED
408,1600938562615874,3,4083019,0.82824373,0.863212593943001,"[191.059,208.536,251.538,245.901]",221,227,True,25,839.0,True,1743,1335,855.0,True,0.7713079342781117,True,True,True,0.18675480810297823,True,True,True,True,INCLUDED,,BOTH_VALID_INCLUDED
408,1600938562615874,5,4083031,0.59258533,0.6013918711403478,"[693.004,48.106,719.624,92.781]",706,70,True,25,873.0,True,554,545,877.0,True,0.46584040257355785,True,True,True,0.13044964435478082,True,True,True,True,INCLUDED,,BOTH_VALID_INCLUDED
408,1600938562615874,7,4083006,0.35343736,0.9589327192362345,"[150.023,570.238,221.057,643.822]",185,607,True,25,1047.0,True,2681,2421,1066.0,True,0.5129170677329946,True,True,True,0.3602979647057185,True,True,True,True,INCLUDED,,BOTH_VALID_INCLUDED
408,1600938562682535,0,4083017,0.88408858,0.9073590605223966,"[197.803,233.762,274.039,319.254]",235,276,True,25,896.0,True,4169,3811,907.0,True,0.6396557624498209,True,True,True,0.2065748776241696,True,True,True,True,INCLUDED,,BOTH_VALID_INCLUDED
408,1600938562682535,1,4083013,0.87202221,0.9003826826962802,"[48.684,177.999,93.692,234.76]",71,206,True,25,766.0,True,1883,1883,763.0,True,0.7370731092537973,True,True,True,0.1610310663124936,True,True,True,True,INCLUDED,,BOTH_VALID_INCLUDED
408,1600938562682535,2,4083024,0.83646226,0.9293653743591576,"[175.432,105.465,211.129,152.14]",193,128,True,25,875.0,True,1237,1236,875.0,True,0.7424268225306857,True,True,True,0.1568142379593639,True,True,True,True,INCLUDED,,BOTH_VALID_INCLUDED
408,1600938562682535,3,4083019,0.8276217,0.8609085554739702,"[176.267,207.157,239.519,246.266]",207,226,True,19,874.0,True,1720,1455,880.0,True,0.6953083954444645,True,True,True,0.1850513146269055,True,True,True,True,INCLUDED,,BOTH_VALID_INCLUDED
408,1600938562682535,6,4083031,0.65760046,0.9141754366479203,"[685.648,40.577,719.807,101.548]",702,71,True,25,867.0,True,1402,1371,861.0,True,0.6731619305922911,True,True,True,0.13085703719702407,True,True,True,True,INCLUDED,,BOTH_VALID_INCLUDED
408,1600938562682535,9,4083016,0.33970943,0.8787137802151835,"[2.53,196.973,58.008,287.641]",30,242,True,25,723.0,True,2832,2797,728.0,True,0.5630129922102715,True,True,True,0.16217799087864673,True,True,True,True,INCLUDED,,BOTH_VALID_INCLUDED
408,1600938562749196,0,4083017,0.87741202,0.8920114652173914,"[184.798,232.965,260.274,319.949]",222,276,True,25,894.0,True,4187,4033,906.0,True,0.637756230438781,True,True,True,0.20463950296336933,True,True,True,True,INCLUDED,,BOTH_VALID_INCLUDED
408,1600938562749196,1,4083013,0.87222028,0.9102886375956452,"[33.922,178.895,77.628,234.268]",55,206,True,25,765.0,True,1877,1847,763.0,True,0.7755774221632669,True,True,True,0.15884808689926908,True,True,True,True,INCLUDED,,BOTH_VALID_INCLUDED
408,1600938562749196,3,4083024,0.82908642,0.9271837998410338,"[160.653,107.413,195.615,152.835]",178,130,True,25,881.0,True,1250,1249,884.0,True,0.7871318605383391,True,True,True,0.1559235841116396,True,True,True,True,INCLUDED,,BOTH_VALID_INCLUDED
408,1600938562749196,4,4083016,0.80912185,0.8514124280144815,"[0.181,209.135,41.53,290.06]",20,249,True,25,745.0,True,2728,2705,737.0,True,0.8152609619931419,True,True,True,0.16203795874897792,True,True,True,True,INCLUDED,,BOTH_VALID_INCLUDED
408,1600938562749196,5,4083019,0.80304998,0.5955599814330816,"[162.484,209.049,225.418,246.308]",193,227,True,25,854.0,True,1747,1497,865.0,True,0.7450344839786641,True,True,True,0.18365433461979108,True,True,True,True,INCLUDED,,BOTH_VALID_INCLUDED
408,1600938562749196,6,4083031,0.68289083,0.8768966588863643,"[673.869,35.768,720.0,101.875]",696,68,True,25,872.0,True,2160,2109,869.0,True,0.7082937884467468,True,True,True,0.1310356035054662,True,True,True,True,INCLUDED,,BOTH_VALID_INCLUDED
408,1600938562749196,8,4083029,0.43696201,0.6919219481899708,"[191.03,139.662,213.005,163.991]",202,151,True,25,882.0,True,344,343,883.0,True,0.6434359178741962,True,True,True,0.16310547058288472,True,True,True,True,INCLUDED,,BOTH_VALID_INCLUDED
408,1600938562815857,0,4083017,0.90213329,0.8709544020161294,"[171.642,238.2,248.185,322.857]",209,280,True,25,887.0,True,4206,4057,914.0,True,0.6490840155770771,True,True,True,0.20427109369276664,True,True,True,True,INCLUDED,,BOTH_VALID_INCLUDED
408,1600938562815857,1,4083013,0.877738,0.8305100941935873,"[18.329,182.252,61.186,234.589]",39,208,True,25,768.0,True,1832,1825,765.0,True,0.8167607840730369,True,True,True,0.15688337865261281,True,True,True,True,INCLUDED,,BOTH_VALID_INCLUDED
408,1600938562815857,2,4083031,0.81926,0.8786920774791142,"[658.9,37.733,717.298,101.712]",688,69,True,25,859.0,True,2615,2441,868.0,True,0.6999004483549421,True,True,True,0.13193916609366327,True,True,True,True,INCLUDED,,BOTH_VALID_INCLUDED
408,1600938562815857,3,4083019,0.807235,0.5902037063170196,"[148.861,210.399,209.17,249.374]",179,229,True,25,861.0,True,1891,1521,877.0,True,0.8044948672557413,True,True,True,0.1823909672819158,True,True,True,True,INCLUDED,,BOTH_VALID_INCLUDED
408,1600938562815857,4,4083024,0.80520624,0.888062371094583,"[145.944,108.806,179.742,154.739]",162,131,True,25,872.0,True,1236,1236,877.0,True,0.7961642230009763,True,True,True,0.1550076594588803,True,True,True,True,INCLUDED,,BOTH_VALID_INCLUDED
408,1600938562815857,5,4083016,0.76421303,0.6595869077238188,"[0.001,233.759,25.965,290.432]",12,262,True,25,752.0,True,1431,1431,751.0,True,0.9725049724362728,True,True,True,0.1631156408697432,True,True,True,True,INCLUDED,,BOTH_VALID_INCLUDED
408,1600938562815857,6,4083034,0.69542634,0.8816748936621505,"[693.986,113.537,719.942,199.839]",706,156,True,25,814.0,True,1515,1515,811.0,True,0.6763227665307128,True,True,True,0.14389367744918102,True,True,True,True,INCLUDED,,BOTH_VALID_INCLUDED
408,1600938562815857,7,4083029,0.63518041,0.7028607749490006,"[176.734,140.273,199.792,164.696]",188,152,True,25,874.0,True,292,292,877.0,True,0.5185160537915232,True,True,True,0.16210607573570393,True,True,True,True,INCLUDED,,BOTH_VALID_INCLUDED
408,1600938562882516,0,4083017,0.88860154,0.7806380523031996,"[163.637,239.1,234.309,322.309]",198,280,True,25,901.0,True,4200,4177,914.0,True,0.714219339501763,True,True,True,0.2025400382203121,True,True,True,True,INCLUDED,,BOTH_VALID_INCLUDED
408,1600938562882516,1,4083013,0.8760556,0.9253542546315793,"[2.486,182.101,48.005,234.675]",25,208,True,25,760.0,True,1790,1766,763.0,True,0.7479788151974279,True,True,True,0.1547475511123986,True,True,True,True,INCLUDED,,BOTH_VALID_INCLUDED
408,1600938562882516,2,4083031,0.87434697,0.9336295108120934,"[641.084,39.572,703.764,102.215]",672,70,True,25,870.0,True,2634,2263,874.0,True,0.6708327161112038,True,True,True,0.13347154675588377,True,True,True,True,INCLUDED,,BOTH_VALID_INCLUDED
408,1600938562882516,3,4083034,0.80276299,0.9044795575022312,"[678.347,116.059,719.475,206.204]",698,161,True,25,808.0,True,2799,2651,809.0,True,0.7549595176087569,True,True,True,0.14563144240518222,True,True,True,True,INCLUDED,,BOTH_VALID_INCLUDED
408,1600938562882516,4,4083024,0.78780031,0.8017423437499994,"[133.633,110.647,165.563,154.036]",149,132,True,25,881.0,True,1236,1235,884.0,True,0.892154173162665,True,True,True,0.15395684433247137,True,True,True,True,INCLUDED,,BOTH_VALID_INCLUDED
408,1600938562882516,5,4083019,0.78756911,0.5977770166177911,"[135.212,210.433,196.524,250.329]",165,230,True,23,872.0,True,2041,1300,880.0,True,0.8343882246241057,True,True,True,0.18073591626635735,True,True,True,True,INCLUDED,,BOTH_VALID_INCLUDED
408,1600938562882516,6,4083029,0.72727615,0.7024423218218566,"[162.248,139.886,185.566,164.907]",173,152,True,25,883.0,True,276,276,883.0,True,0.4730566164888081,True,True,True,0.16079553266592847,True,True,True,True,INCLUDED,,BOTH_VALID_INCLUDED
408,1600938562882516,7,4083006,0.65288639,0.9541030677480961,"[101.919,573.772,175.654,644.54]",138,609,True,25,1050.0,True,2643,2465,1060.0,True,0.5065082884686708,True,True,True,0.3092591067328609,True,True,True,True,INCLUDED,,BOTH_VALID_INCLUDED
408,1600938562949177,0,4083017,0.90060532,0.8388751095108696,"[148.108,237.176,221.726,321.043]",184,279,True,25,892.0,True,4243,4087,913.0,True,0.6872233526555974,True,True,True,0.19955361903252716,True,True,True,True,INCLUDED,,BOTH_VALID_INCLUDED
408,1600938562949177,1,4083031,0.87641054,0.8610660492422341,"[628.547,39.645,689.123,102.102]",658,70,True,25,866.0,True,2072,1961,870.0,True,0.5476562380993135,True,True,True,0.13462355672122708,True,True,True,True,INCLUDED,,BOTH_VALID_INCLUDED
408,1600938562949177,2,4083034,0.84920979,0.9373781865187015,"[664.575,118.282,719.688,206.895]",692,162,True,25,796.0,True,3972,3966,801.0,True,0.8133130635487459,True,True,True,0.14671833148897878,True,True,True,True,INCLUDED,,BOTH_VALID_INCLUDED
408,1600938562949177,3,4083013,0.83558524,0.9017073993878828,"[0.0,182.778,32.433,234.529]",16,208,True,25,769.0,True,1357,1357,770.0,True,0.8084887467210977,True,True,True,0.15347172936947986,True,True,True,True,INCLUDED,,BOTH_VALID_INCLUDED
408,1600938562949177,4,4083024,0.83402413,0.8685733125925748,"[117.717,109.506,152.89,154.345]",135,131,True,25,876.0,True,1239,1239,880.0,True,0.785608142246195,True,True,True,0.15254525475793534,True,True,True,True,INCLUDED,,BOTH_VALID_INCLUDED
408,1600938562949177,5,4083019,0.78664088,0.8981774370335821,"[120.118,187.068,182.788,248.523]",151,217,True,6,677.0,True,2180,1426,873.0,True,0.56603016444851,True,True,True,0.1751614772340725,True,True,True,True,INCLUDED,,BOTH_VALID_INCLUDED
408,1600938562949177,7,4083006,0.48615429,0.960994480020359,"[93.443,572.762,164.041,644.856]",128,608,True,25,1045.0,True,2673,2336,1070.0,True,0.5251791048774715,True,True,True,0.2999832295918935,True,True,True,True,INCLUDED,,BOTH_VALID_INCLUDED
408,1600938562949177,8,4083037,0.48496553,0.6893679971589421,"[689.925,1.413,718.051,31.012]",703,16,True,25,933.0,True,392,392,960.5,True,0.470870037162239,True,True,True,0.1231000675147988,True,True,True,True,INCLUDED,,BOTH_VALID_INCLUDED
408,1600938562949177,9,4083029,0.47283226,0.704397612302822,"[150.251,139.402,171.023,163.801]",160,151,True,25,883.0,True,206,206,885.0,True,0.4064591264268384,True,True,True,0.159357145693182,True,True,True,True,INCLUDED,,BOTH_VALID_INCLUDED
408,1600938563015838,0,4083017,0.88665777,0.8590538078368224,"[131.904,238.534,207.955,322.71]",169,280,True,25,904.0,True,4262,4199,918.0,True,0.665763883758803,True,True,True,0.19741558485269356,True,True,True,True,INCLUDED,,BOTH_VALID_INCLUDED
408,1600938563015838,1,4083031,0.88187897,0.8879024269292481,"[615.746,39.872,675.108,103.166]",645,71,True,25,871.0,True,2308,2132,872.0,True,0.6142776825783998,True,True,True,0.13584878475896892,True,True,True,True,INCLUDED,,BOTH_VALID_INCLUDED
408,1600938563015838,2,4083024,0.85390991,0.8787881569019119,"[104.609,109.892,138.459,157.094]",121,133,True,25,883.0,True,1249,1249,885.0,True,0.7817058549142666,True,True,True,0.15155300962439755,True,True,True,True,INCLUDED,,BOTH_VALID_INCLUDED
408,1600938563015838,3,4083034,0.84739816,0.9487202194313465,"[650.309,117.107,719.09,206.151]",684,161,True,25,797.0,True,4739,4731,804.0,True,0.773772983311652,True,True,True,0.1474579035309341,True,True,True,True,INCLUDED,,BOTH_VALID_INCLUDED
408,1600938563015838,4,4083019,0.80851763,0.9354775030226632,"[106.534,183.395,169.952,250.719]",138,217,False,0,,True,2294,1377,880.0,True,0.5372927254655331,False,True,True,0.17314425759840693,True,False,False,True,INVALID_BBOX_CENTER_DEPTH,INVALID_BBOX_CENTER_DEPTH,A_BBOX_INVALID_MASK_VALID
408,1600938563015838,7,4083037,0.46886164,0.5473585814276813,"[675.734,0.028,707.784,28.957]",691,14,True,25,912.0,True,412,412,966.5,True,0.4443608212025262,True,True,True,0.12375592251914744,True,True,True,True,INCLUDED,,BOTH_VALID_INCLUDED
408,1600938563015838,8,4083013,0.45917773,0.5768994956590434,"[0.747,197.621,18.536,235.976]",9,216,True,25,759.0,True,517,517,764.0,True,0.7577344294570096,True,True,True,0.15398608968336386,True,True,True,True,INCLUDED,,BOTH_VALID_INCLUDED
408,1600938563015838,9,4083006,0.30062225,0.9571198992381709,"[79.575,573.557,153.072,646.136]",116,609,True,25,1044.0,True,2657,2232,1061.0,True,0.49809360035951694,True,True,True,0.28940622503855745,True,True,True,True,INCLUDED,,BOTH_VALID_INCLUDED
408,1600938563082498,0,4083017,0.89279413,0.9154904753707338,"[117.739,236.839,195.884,325.023]",156,280,True,25,914.0,True,4257,4179,917.0,True,0.6177498665576122,True,True,True,0.19509433150119324,True,True,True,True,INCLUDED,,BOTH_VALID_INCLUDED
408,1600938563082498,1,4083024,0.86979491,0.9122711392938762,"[92.897,111.104,124.911,158.022]",108,134,True,25,878.0,True,1219,1214,883.0,True,0.8115668032006536,True,True,True,0.15051808167673558,True,True,True,True,INCLUDED,,BOTH_VALID_INCLUDED
408,1600938563082498,2,4083031,0.86768335,0.8192130100761812,"[600.432,41.361,660.197,102.819]",630,72,True,25,887.0,True,2128,2087,880.0,True,0.5793570240751458,True,True,True,0.1371815864590868,True,True,True,True,INCLUDED,,BOTH_VALID_INCLUDED
408,1600938563082498,3,4083034,0.84526485,0.9407729074648226,"[634.328,118.699,719.71,208.313]",677,163,True,25,796.0,True,5604,5599,809.0,True,0.7324128245230453,True,True,True,0.1487391991543663,True,True,True,True,INCLUDED,,BOTH_VALID_INCLUDED
408,1600938563082498,4,4083019,0.83530241,0.9355862214296683,"[92.917,184.497,157.165,252.866]",125,218,False,0,,True,2418,1475,877.0,True,0.5504748171758393,False,True,True,0.17170169241297256,True,False,False,True,INVALID_BBOX_CENTER_DEPTH,INVALID_BBOX_CENTER_DEPTH,A_BBOX_INVALID_MASK_VALID
408,1600938563082498,6,4083037,0.54113084,0.772589213223722,"[667.603,0.0,694.712,28.106]",681,14,True,25,931.0,True,536,536,965.0,True,0.7034808022727103,True,True,True,0.12445115494695864,True,True,True,True,INCLUDED,,BOTH_VALID_INCLUDED
408,1600938563082498,7,4083006,0.36095956,0.9602874115978872,"[69.652,575.368,142.506,646.579]",106,610,True,25,1044.0,True,2638,2294,1068.0,True,0.5084805031749744,True,True,True,0.28123488099221994,True,True,True,True,INCLUDED,,BOTH_VALID_INCLUDED
408,1600938563082498,8,4083029,0.32161853,0.6922241429282027,"[122.336,141.516,144.557,163.494]",133,152,True,25,886.0,True,268,268,886.0,True,0.5487607305707302,True,True,True,0.15684635607425262,True,True,True,True,INCLUDED,,BOTH_VALID_INCLUDED
409,1600938563149159,0,4094336,0.88623631,0.8586098532277411,"[104.278,239.982,182.715,324.629]",143,282,True,25,906.0,True,4299,4249,913.0,True,0.6474927345708547,True,True,True,0.1930078038303103,True,True,True,True,INCLUDED,,BOTH_VALID_INCLUDED
409,1600938563149159,1,4094353,0.88511217,0.901860737941584,"[585.677,42.037,644.766,102.807]",615,72,True,25,862.0,True,2240,2088,865.0,True,0.6238097261365863,True,True,True,0.1384427003093097,True,True,True,True,INCLUDED,,BOTH_VALID_INCLUDED
409,1600938563149159,2,4094339,0.8760879,0.911965564285714,"[77.257,111.091,110.428,157.279]",93,134,True,25,886.0,True,1211,1211,884.0,True,0.7904172718384572,True,True,True,0.14890551038593156,True,True,True,True,INCLUDED,,BOTH_VALID_INCLUDED
409,1600938563149159,3,4094345,0.82347161,0.93102838026845,"[621.122,119.51,716.695,208.006]",668,163,True,25,808.0,True,6238,6224,813.0,True,0.7375415823768637,True,True,True,0.1497782100898466,True,True,True,True,INCLUDED,,BOTH_VALID_INCLUDED
409,1600938563149159,4,4094342,0.81879431,0.9463191967801867,"[78.106,184.532,143.605,252.722]",110,218,True,6,880.0,True,2511,1466,885.0,True,0.5622006621514767,True,True,True,0.16963001210638723,True,True,True,True,INCLUDED,,BOTH_VALID_INCLUDED
409,1600938563149159,6,4094346,0.65961844,0.7265083497004353,"[688.665,185.506,719.692,243.637]",704,214,True,25,839.0,True,1047,1045,841.0,True,0.5804958269011602,True,True,True,0.15450729107315514,True,True,True,True,INCLUDED,,BOTH_VALID_INCLUDED
409,1600938563149159,7,4094356,0.64406878,0.5068183936767526,"[651.464,0.0,680.585,29.403]",666,14,True,25,918.0,True,329,329,944.0,True,0.3842359267077938,True,True,True,0.12560170835598558,True,True,True,True,INCLUDED,,BOTH_VALID_INCLUDED
409,1600938563149159,8,4094334,0.54768294,0.935498030219645,"[56.454,574.349,132.507,645.421]",94,609,True,25,1042.0,True,2701,2336,1069.0,True,0.49970040028662444,True,True,True,0.27231494938733225,True,True,True,True,INCLUDED,,BOTH_VALID_INCLUDED
409,1600938563149159,9,4094350,0.4279252,0.633677027857838,"[108.844,141.19,130.007,168.598]",119,154,True,25,892.0,True,265,265,891.0,True,0.4568685850650958,True,True,True,0.15588875807591862,True,True,True,True,INCLUDED,,BOTH_VALID_INCLUDED
409,1600938563215820,0,4094336,0.89130086,0.8084985489230062,"[94.118,241.339,171.002,324.642]",132,282,True,25,918.0,True,4313,4257,918.0,True,0.6734150934389469,True,True,True,0.1910941776552022,True,True,True,True,INCLUDED,,BOTH_VALID_INCLUDED
409,1600938563215820,1,4094342,0.87065953,0.9319319052551608,"[63.488,186.17,127.362,252.674]",95,219,True,24,696.0,True,2621,1539,878.0,True,0.6170141722500775,True,True,True,0.16753897916661126,True,True,True,True,INCLUDED,,BOTH_VALID_INCLUDED
409,1600938563215820,2,4094339,0.86308163,0.8646972324901064,"[63.357,111.896,99.46,157.99]",81,134,True,25,880.0,True,1202,1202,884.0,True,0.722298609539963,True,True,True,0.14775459942033875,True,True,True,True,INCLUDED,,BOTH_VALID_INCLUDED
409,1600938563215820,3,4094353,0.86011475,0.8745437751961973,"[571.987,41.173,630.804,103.404]",601,72,True,15,876.0,True,2073,1814,872.0,True,0.5663561920144713,True,True,True,0.13948907040337344,True,True,True,True,INCLUDED,,BOTH_VALID_INCLUDED
409,1600938563215820,4,4094345,0.83557838,0.9111994689027556,"[606.989,118.818,703.914,207.516]",655,163,True,25,787.0,True,6182,6141,810.0,True,0.7190835664960638,True,True,True,0.15129811029585374,True,True,True,True,INCLUDED,,BOTH_VALID_INCLUDED
409,1600938563215820,5,4094346,0.75491536,0.8164912002186858,"[673.095,162.651,720.0,246.576]",696,204,True,25,847.0,True,2236,2207,847.0,True,0.5680169676016628,True,True,True,0.15377614020255237,True,True,True,True,INCLUDED,,BOTH_VALID_INCLUDED
409,1600938563215820,6,4094334,0.74106693,0.9523458792871494,"[43.882,573.524,119.681,644.352]",81,608,True,25,1041.0,True,2749,2237,1068.0,True,0.5120428251712577,True,True,True,0.2631945307372917,True,True,True,True,INCLUDED,,BOTH_VALID_INCLUDED
409,1600938563215820,7,4094350,0.62813324,0.729881371066974,"[94.005,142.09,116.403,166.558]",105,154,True,25,879.0,True,304,304,881.0,True,0.5547098420109002,True,True,True,0.15421285917688157,True,True,True,True,INCLUDED,,BOTH_VALID_INCLUDED
409,1600938563215820,9,4094356,0.47960922,0.5258589883614257,"[635.115,0.0,667.34,28.586]",651,14,True,25,923.0,True,400,399,958.0,True,0.4342238522744398,True,True,True,0.1265564284926668,True,True,True,True,INCLUDED,,BOTH_VALID_INCLUDED
409,1600938563215820,10,4094359,0.40590224,0.5227738814752789,"[701.336,109.928,720.0,154.592]",710,132,True,25,849.0,True,657,521,844.0,True,0.7881393818522784,True,True,True,0.13945756999202244,True,True,True,True,INCLUDED,,BOTH_VALID_INCLUDED
409,1600938563282480,0,4094336,0.88993639,0.7800339702294787,"[81.673,243.814,155.389,325.629]",118,284,True,25,914.0,True,4334,4253,920.0,True,0.7186115792891524,True,True,True,0.18883257114610394,True,True,True,True,INCLUDED,,BOTH_VALID_INCLUDED
409,1600938563282480,1,4094353,0.8701368,0.9274341650694861,"[558.519,42.453,617.371,107.2]",587,74,True,25,869.0,True,2173,2161,870.0,True,0.5702677993646744,True,True,True,0.14096229606352384,True,True,True,True,INCLUDED,,BOTH_VALID_INCLUDED
409,1600938563282480,2,4094346,0.86021328,0.8584627089964532,"[655.948,159.991,720.0,248.013]",687,204,True,25,843.0,True,3573,3507,845.0,True,0.633737037033952,True,True,True,0.15489866450091733,True,True,True,True,INCLUDED,,BOTH_VALID_INCLUDED
409,1600938563282480,3,4094342,0.85083389,0.9260624093540757,"[50.74,187.181,114.135,255.362]",82,221,True,15,865.0,True,2735,1706,881.5,True,0.632759913228326,True,True,True,0.1660112303970813,True,True,True,True,INCLUDED,,BOTH_VALID_INCLUDED
409,1600938563282480,4,4094345,0.83124071,0.914263097520511,"[594.026,122.32,687.836,208.528]",640,165,True,25,793.0,True,6025,6023,809.0,True,0.745006986669338,True,True,True,0.15349357432332672,True,True,True,True,INCLUDED,,BOTH_VALID_INCLUDED
409,1600938563282480,5,4094339,0.80962479,0.8702134001172422,"[48.314,112.475,84.759,159.994]",66,136,True,25,890.0,True,1188,1187,893.0,True,0.6859795885676315,True,True,True,0.1464107692381527,True,True,True,True,INCLUDED,,BOTH_VALID_INCLUDED
409,1600938563282480,6,4094359,0.64343995,0.7232383947001384,"[684.771,94.621,720.0,157.035]",702,125,True,25,850.0,True,1921,1890,852.0,True,0.8736651909219987,True,True,True,0.1393265375823119,True,True,True,True,INCLUDED,,BOTH_VALID_INCLUDED
409,1600938563282480,7,4094356,0.53529167,0.5191509455817374,"[618.33,0.0,653.913,31.63]",636,15,True,25,927.0,True,351,350,944.0,True,0.31186408547336314,True,True,True,0.1277902933360667,True,True,True,True,INCLUDED,,BOTH_VALID_INCLUDED
409,1600938563282480,10,4094334,0.43068764,0.9602297977574866,"[33.487,574.261,108.363,646.135]",70,610,True,25,1046.0,True,2766,2277,1068.0,True,0.5139699461860309,True,True,True,0.2560116996151165,True,True,True,True,INCLUDED,,BOTH_VALID_INCLUDED
409,1600938563282480,11,4094350,0.42625666,0.8547709102812828,"[80.848,143.495,100.248,165.974]",90,154,True,25,886.0,True,328,328,886.0,True,0.7521338357954254,True,True,True,0.15265874121819228,True,True,True,True,INCLUDED,,BOTH_VALID_INCLUDED
409,1600938563349141,0,4094353,0.89614832,0.9383431633413475,"[546.04,42.601,604.329,106.985]",575,74,True,25,852.0,True,2154,1933,867.0,True,0.5739593559438034,True,True,True,0.14188750424060692,True,True,True,True,INCLUDED,,BOTH_VALID_INCLUDED
409,1600938563349141,1,4094336,0.87864089,0.7861514958720326,"[67.417,246.018,143.489,326.269]",105,286,True,25,902.0,True,4365,4291,909.0,True,0.715004805769254,True,True,True,0.186602062734685,True,True,True,True,INCLUDED,,BOTH_VALID_INCLUDED
409,1600938563349141,2,4094346,0.8577829,0.8994572035877036,"[642.46,159.554,719.795,248.871]",681,204,True,25,836.0,True,4601,4548,840.0,True,0.6661039605911013,True,True,True,0.1559269886976262,True,True,True,True,INCLUDED,,BOTH_VALID_INCLUDED
409,1600938563349141,3,4094345,0.84823239,0.9138621384614163,"[576.749,122.721,670.396,210.63]",623,166,True,25,800.0,True,6084,6055,808.0,True,0.7390298773967551,True,True,True,0.15582089764151205,True,True,True,True,INCLUDED,,BOTH_VALID_INCLUDED
409,1600938563349141,4,4094342,0.82499349,0.9435239949983943,"[37.323,188.284,100.347,254.533]",68,221,True,20,676.0,True,2832,1606,886.0,True,0.6782783552513237,True,True,True,0.16396186107033658,True,True,True,True,INCLUDED,,BOTH_VALID_INCLUDED
409,1600938563349141,5,4094339,0.78223395,0.8591680285535611,"[34.974,113.669,70.197,160.275]",52,136,True,25,883.0,True,1200,1199,889.0,True,0.7309927547177968,True,True,True,0.14502717448399527,True,True,True,True,INCLUDED,,BOTH_VALID_INCLUDED
409,1600938563349141,6,4094359,0.78103715,0.8394905899654079,"[665.206,81.833,719.234,158.633]",692,120,True,25,851.0,True,2816,2683,857.0,True,0.6786604476691095,True,True,True,0.13949542178520402,True,True,True,True,INCLUDED,,BOTH_VALID_INCLUDED
409,1600938563349141,7,4094334,0.66317487,0.9279155730483865,"[23.853,575.189,98.149,645.683]",61,610,True,25,1044.0,True,2752,2482,1066.0,True,0.5254493302810713,True,True,True,0.24971467682948736,True,True,True,True,INCLUDED,,BOTH_VALID_INCLUDED
409,1600938563349141,8,4094350,0.49020937,0.7601458194223432,"[66.809,144.66,88.846,169.409]",77,157,True,25,886.0,True,311,311,887.0,True,0.5702302622619341,True,True,True,0.15166357813826142,True,True,True,True,INCLUDED,,BOTH_VALID_INCLUDED
409,1600938563349141,9,4094356,0.44032377,0.549800249016231,"[603.868,0.052,639.477,31.187]",621,15,True,25,920.0,True,497,497,953.0,True,0.4482783255314499,True,True,True,0.12870080079199142,True,True,True,True,INCLUDED,,BOTH_VALID_INCLUDED
409,1600938563415802,0,4094336,0.88398236,0.76682730139412,"[56.736,243.786,131.332,326.185]",94,284,True,25,903.0,True,4415,4285,917.0,True,0.7182790945783518,True,True,True,0.1839617500447746,True,True,True,True,INCLUDED,,BOTH_VALID_INCLUDED
409,1600938563415802,1,4094353,0.88274729,0.8695021766330425,"[531.296,42.928,589.265,107.155]",560,75,True,25,871.0,True,2222,1888,873.0,True,0.5968024661966449,True,True,True,0.14297798727872887,True,True,True,True,INCLUDED,,BOTH_VALID_INCLUDED
409,1600938563415802,2,4094346,0.86996347,0.869679681551942,"[626.655,158.085,717.139,248.965]",671,203,True,25,832.0,True,5233,4801,842.0,True,0.6363713590948455,True,True,True,0.15711887325016763,True,True,True,True,INCLUDED,,BOTH_VALID_INCLUDED
409,1600938563415802,3,4094342,0.81040472,0.9459162020232299,"[23.017,187.426,86.358,254.429]",54,220,True,23,690.0,True,2949,1689,886.0,True,0.6948572748112897,True,True,True,0.16168268918089437,True,True,True,True,INCLUDED,,BOTH_VALID_INCLUDED
409,1600938563415802,4,4094359,0.79506439,0.6248824445179685,"[629.867,80.011,712.361,158.159]",671,119,True,25,829.0,True,3010,2881,842.0,True,0.4669025710365767,True,True,True,0.1414929471777887,True,True,True,True,INCLUDED,,BOTH_VALID_INCLUDED
409,1600938563415802,5,4094339,0.78702849,0.7960479554259431,"[21.639,113.318,58.527,161.691]",40,137,True,25,880.0,True,1206,1204,884.0,True,0.6758637851887805,True,True,True,0.14374183052107292,True,True,True,True,INCLUDED,,BOTH_VALID_INCLUDED
409,1600938563415802,6,4094345,0.78142917,0.9224221447124299,"[564.678,125.069,656.886,211.341]",610,168,True,25,796.0,True,5989,5947,811.0,True,0.7528628105544891,True,True,True,0.1576527942606348,True,True,True,True,INCLUDED,,BOTH_VALID_INCLUDED
409,1600938563415802,7,4094334,0.72187304,0.9626666890572098,"[11.991,574.994,86.338,646.101]",49,610,True,25,1047.0,True,2746,2441,1066.0,True,0.5194272478363918,True,True,True,0.24258435756821756,True,True,True,True,INCLUDED,,BOTH_VALID_INCLUDED
409,1600938563415802,10,4094350,0.38074678,0.7334101855092637,"[54.168,147.741,76.002,172.984]",65,160,True,25,889.0,True,330,330,886.0,True,0.5987419212977261,True,True,True,0.15081784809264365,True,True,True,True,INCLUDED,,BOTH_VALID_INCLUDED
409,1600938563482462,0,4094336,0.88319886,0.8416322428608844,"[39.728,242.535,118.613,327.205]",79,284,True,25,900.0,True,4416,4297,910.0,True,0.6611577226556992,True,True,True,0.18091362731474603,True,True,True,True,INCLUDED,,BOTH_VALID_INCLUDED
409,1600938563482462,1,4094353,0.87354738,0.9309595649118774,"[516.609,44.283,573.989,108.05]",545,76,True,16,815.0,True,2260,1899,868.0,True,0.6176634597015015,True,True,True,0.1441958115253337,True,True,True,True,INCLUDED,,BOTH_VALID_INCLUDED
409,1600938563482462,2,4094346,0.86829197,0.9017156087643894,"[612.511,159.948,704.391,249.802]",658,204,True,25,841.0,True,5113,4661,846.0,True,0.6193232597447615,True,True,True,0.15932633029639445,True,True,True,True,INCLUDED,,BOTH_VALID_INCLUDED
409,1600938563482462,3,4094345,0.8158232,0.9272468247866825,"[548.139,124.257,642.061,211.9]",595,168,True,25,797.0,True,5921,5854,808.0,True,0.7193007185684432,True,True,True,0.15942863328441287,True,True,True,True,INCLUDED,,BOTH_VALID_INCLUDED
409,1600938563482462,4,4094339,0.80373746,0.7843157733733371,"[7.853,116.752,43.429,162.061]",25,139,True,25,880.0,True,1179,1179,886.0,True,0.7314290608133718,True,True,True,0.1424525369204614,True,True,True,True,INCLUDED,,BOTH_VALID_INCLUDED
409,1600938563482462,5,4094359,0.8016023,0.7861686992331739,"[630.135,80.15,697.88,159.418]",664,119,True,25,839.0,True,3154,3126,853.0,True,0.5873358918062184,True,True,True,0.1423421972757195,True,True,True,True,INCLUDED,,BOTH_VALID_INCLUDED
409,1600938563482462,6,4094334,0.71220052,0.9185689995777423,"[3.287,574.554,77.105,645.633]",40,610,True,25,1046.0,True,2778,2354,1077.0,True,0.5294545170650544,True,True,True,0.23741729265196967,True,True,True,True,INCLUDED,,BOTH_VALID_INCLUDED
409,1600938563482462,7,4094342,0.69136024,0.9314378426689384,"[9.762,189.388,74.473,255.03]",42,222,True,25,693.0,True,3066,1811,874.0,True,0.72179228306784,True,True,True,0.16000643613418639,True,True,True,True,INCLUDED,,BOTH_VALID_INCLUDED
409,1600938563482462,8,4094350,0.42711887,0.6430425714048629,"[42.15,148.422,63.539,172.965]",52,160,True,25,890.0,True,244,244,889.0,True,0.4648059710239918,True,True,True,0.14941439326892905,True,True,True,True,INCLUDED,,BOTH_VALID_INCLUDED
409,1600938563549123,0,4094336,0.89477104,0.8438406897351148,"[26.417,241.853,105.663,327.039]",66,284,True,25,907.0,True,4440,4365,915.0,True,0.6577144660858334,True,True,True,0.17814634519116662,True,True,True,True,INCLUDED,,BOTH_VALID_INCLUDED
409,1600938563549123,1,4094346,0.85174161,0.8696938530762821,"[594.742,159.818,689.634,250.747]",642,205,True,25,837.0,True,5090,4665,845.0,True,0.5899100121690806,True,True,True,0.16174022583378642,True,True,True,True,INCLUDED,,BOTH_VALID_INCLUDED
409,1600938563549123,2,4094353,0.84708273,0.9243371918170951,"[501.757,45.731,559.499,109.471]",530,77,True,25,873.0,True,2224,1598,883.0,True,0.6042698161673191,True,True,True,0.14540949868789063,True,True,True,True,INCLUDED,,BOTH_VALID_INCLUDED
409,1600938563549123,3,4094342,0.83809501,0.9507402967026359,"[0.846,189.318,60.483,255.925]",30,222,True,25,689.0,True,3292,2139,879.0,True,0.8287511895307879,True,True,True,0.15831199632190696,True,True,True,True,INCLUDED,,BOTH_VALID_INCLUDED
409,1600938563549123,4,4094359,0.83287054,0.8624033209555436,"[619.556,83.016,683.04,160.021]",651,121,True,25,865.0,True,3332,3296,859.0,True,0.681587762866585,True,True,True,0.14394537239972444,True,True,True,True,INCLUDED,,BOTH_VALID_INCLUDED
409,1600938563549123,5,4094345,0.80200124,0.9074398718297576,"[532.465,126.597,624.25,211.747]",578,169,True,25,806.0,True,5889,5876,809.0,True,0.7535033539631907,True,True,True,0.16155139054488285,True,True,True,True,INCLUDED,,BOTH_VALID_INCLUDED
409,1600938563549123,6,4094339,0.7659871,0.7627445365499618,"[0.0,115.862,32.185,163.223]",16,139,True,25,886.0,True,1018,1016,889.0,True,0.667841496952676,True,True,True,0.14139641962751448,True,True,True,True,INCLUDED,,BOTH_VALID_INCLUDED
409,1600938563549123,7,4094334,0.71259695,0.9189250037025894,"[2.314,573.341,64.707,644.49]",33,608,True,25,1057.0,True,2321,2217,1074.0,True,0.5228420056809805,True,True,True,0.23366346964393242,True,True,True,True,INCLUDED,,BOTH_VALID_INCLUDED
409,1600938563549123,9,4094356,0.47995019,0.6343271191003734,"[561.751,0.906,600.29,33.993]",581,17,True,25,922.0,True,516,510,931.0,True,0.404661482895038,True,True,True,0.13147164154437216,True,True,True,True,INCLUDED,,BOTH_VALID_INCLUDED
409,1600938563549123,10,4094350,0.38162827,0.6534180221628003,"[26.854,144.392,51.173,172.058]",39,158,True,25,877.0,True,369,368,882.0,True,0.5484465145461527,True,True,True,0.14729442350357966,True,True,True,True,INCLUDED,,BOTH_VALID_INCLUDED
409,1600938563615784,0,4094336,0.88675392,0.7804505042035401,"[14.788,245.89,93.117,327.636]",53,286,True,25,908.0,True,4479,4354,922.0,True,0.6995068462990207,True,True,True,0.17624959087044217,True,True,True,True,INCLUDED,,BOTH_VALID_INCLUDED
409,1600938563615784,1,4094346,0.85477132,0.917890171959049,"[584.248,162.478,673.05,250.342]",628,206,True,25,840.0,True,5092,4841,846.0,True,0.6526114321819239,True,True,True,0.16391530850957942,True,True,True,True,INCLUDED,,BOTH_VALID_INCLUDED
409,1600938563615784,2,4094359,0.85112983,0.9253789636873229,"[604.33,83.013,666.937,161.654]",635,122,True,25,845.0,True,3361,3359,850.0,True,0.6826476371494489,True,True,True,0.14567181814517557,True,True,True,True,INCLUDED,,BOTH_VALID_INCLUDED
409,1600938563615784,3,4094345,0.84220141,0.9075082201560501,"[517.656,125.916,610.121,211.886]",563,168,True,25,788.0,True,5858,5847,806.0,True,0.7369280144298,True,True,True,0.1630451154511603,True,True,True,True,INCLUDED,,BOTH_VALID_INCLUDED
409,1600938563615784,4,4094353,0.83697885,0.8973118070669653,"[487.993,46.375,545.154,109.418]",516,77,True,25,873.0,True,2277,1825,877.0,True,0.6318679700260471,True,True,True,0.14630516358789072,True,True,True,True,INCLUDED,,BOTH_VALID_INCLUDED
409,1600938563615784,5,4094342,0.8061564,0.9446726116466444,"[0.0,191.396,46.293,256.455]",23,223,True,25,697.0,True,2493,1521,877.0,True,0.8277507233059639,True,True,True,0.15739618929261817,True,True,True,True,INCLUDED,,BOTH_VALID_INCLUDED
409,1600938563615784,6,4094334,0.62064052,0.907683675080359,"[1.567,575.035,52.477,645.233]",27,610,True,25,1066.0,True,2085,2079,1071.0,True,0.5834158496004644,True,True,True,0.23024778418198225,True,True,True,True,INCLUDED,,BOTH_VALID_INCLUDED
409,1600938563682444,0,4094336,0.88636351,0.8083610533373952,"[3.758,246.263,80.802,327.895]",42,287,True,25,915.0,True,4433,4319,923.0,True,0.7048528689771495,True,True,True,0.173953100264726,True,True,True,True,INCLUDED,,BOTH_VALID_INCLUDED
409,1600938563682444,1,4094353,0.86179805,0.9336238068725786,"[474.091,47.752,531.542,110.28]",502,79,True,25,847.0,True,2340,1836,864.0,True,0.6513939599135407,True,True,True,0.14730189747227568,True,True,True,True,INCLUDED,,BOTH_VALID_INCLUDED
409,1600938563682444,2,4094359,0.85923165,0.9077344910524882,"[588.554,83.697,652.297,162.543]",620,123,True,25,841.0,True,3490,3482,852.0,True,0.6944056759479965,True,True,True,0.14732312225033256,True,True,True,True,INCLUDED,,BOTH_VALID_INCLUDED
409,1600938563682444,3,4094346,0.85254532,0.8942020140085918,"[569.514,163.251,660.352,251.599]",614,207,True,25,840.0,True,5207,4847,850.0,True,0.6488185999419586,True,True,True,0.1660832926078376,True,True,True,True,INCLUDED,,BOTH_VALID_INCLUDED
409,1600938563682444,4,4094342,0.82571548,0.968346663283819,"[0.02,193.404,31.541,255.471]",15,224,True,25,706.0,True,1679,1312,882.0,True,0.858202854719331,True,True,True,0.15634520416240383,True,True,True,True,INCLUDED,,BOTH_VALID_INCLUDED
409,1600938563682444,5,4094345,0.82537103,0.9052884932421289,"[501.944,126.711,594.412,212.784]",548,169,True,25,796.0,True,5927,5927,805.0,True,0.7446917159509976,True,True,True,0.1648788183628199,True,True,True,True,INCLUDED,,BOTH_VALID_INCLUDED
409,1600938563682444,6,4094350,0.57541674,0.734979509507727,"[1.04,145.742,22.902,175.608]",11,160,True,25,892.0,True,344,333,892.0,True,0.5268554681008829,True,True,True,0.14443594923614328,True,True,True,True,INCLUDED,,BOTH_VALID_INCLUDED
409,1600938563682444,7,4094356,0.41698602,0.6044953673588356,"[539.599,0.0,572.187,33.267]",555,16,True,25,918.0,True,491,487,934.0,True,0.45290816093610226,True,True,True,0.1327278014629774,True,True,True,True,INCLUDED,,BOTH_VALID_INCLUDED
409,1600938563749105,0,4094336,0.8886416,0.8301234917903526,"[1.966,245.396,67.047,328.501]",34,286,True,25,909.0,True,4019,3796,915.0,True,0.7430818179091947,True,True,True,0.17235456464941545,True,True,True,True,INCLUDED,,BOTH_VALID_INCLUDED
409,1600938563749105,1,4094346,0.86632925,0.9365587435863864,"[557.457,163.469,647.465,250.627]",602,207,True,25,840.0,True,5067,4820,847.0,True,0.6458959131732657,True,True,True,0.16772318686024118,True,True,True,True,INCLUDED,,BOTH_VALID_INCLUDED
409,1600938563749105,2,4094359,0.85978973,0.9329024724687749,"[574.909,83.777,638.447,162.522]",606,123,True,25,851.0,True,3567,3561,854.0,True,0.7129294936255278,True,True,True,0.14865483242121383,True,True,True,True,INCLUDED,,BOTH_VALID_INCLUDED
409,1600938563749105,3,4094353,0.84209877,0.8812081373435137,"[461.203,48.022,518.061,108.566]",489,78,True,9,871.0,True,2433,1772,873.0,True,0.7067721359475923,True,True,True,0.14782613495507355,True,True,True,True,INCLUDED,,BOTH_VALID_INCLUDED
409,1600938563749105,4,4094345,0.83514822,0.9392360421052631,"[489.769,128.283,580.413,212.939]",535,170,True,25,791.0,True,5946,5874,808.0,True,0.7748686646352239,True,True,True,0.16639435470082678,True,True,True,True,INCLUDED,,BOTH_VALID_INCLUDED
409,1600938563749105,5,4094342,0.64309859,0.9099286811239332,"[0.0,198.954,18.454,252.64]",9,225,True,25,877.0,True,871,833,877.0,True,0.8791573103367694,True,True,True,0.1555751844501673,True,True,True,True,INCLUDED,,BOTH_VALID_INCLUDED
409,1600938563749105,6,4094334,0.62697142,0.9168289706995931,"[0.178,579.576,33.509,641.149]",16,610,True,25,1078.0,True,1246,1240,1071.0,True,0.6071267728253428,True,True,True,0.22500529898453114,True,True,True,True,INCLUDED,,BOTH_VALID_INCLUDED
409,1600938563749105,7,4094356,0.51140064,0.5266855898419381,"[520.919,1.073,560.512,34.237]",540,17,True,25,915.0,True,518,510,926.0,True,0.39449767077760794,True,True,True,0.13368054678767755,True,True,True,True,INCLUDED,,BOTH_VALID_INCLUDED
409,1600938563815766,0,4094336,0.8756218,0.8778887442357396,"[0.173,247.465,55.736,328.348]",27,287,True,25,933.0,True,3445,3290,934.0,True,0.7665602385334666,True,True,True,0.17124255620278622,True,True,True,True,INCLUDED,,BOTH_VALID_INCLUDED
409,1600938563815766,1,4094359,0.86957806,0.9182152468076229,"[558.577,85.128,624.204,162.755]",591,123,True,25,842.0,True,3650,3483,858.0,True,0.7164691745657518,True,True,True,0.1502494488914193,True,True,True,True,INCLUDED,,BOTH_VALID_INCLUDED
409,1600938563815766,2,4094346,0.8622486,0.9006020029771667,"[539.329,163.302,633.601,251.966]",586,207,True,25,842.0,True,5067,4680,847.0,True,0.6062068831496024,True,True,True,0.17004350920549813,True,True,True,True,INCLUDED,,BOTH_VALID_INCLUDED
409,1600938563815766,3,4094353,0.85236681,0.9049648276194064,"[447.447,48.477,504.032,107.221]",475,77,False,0,,True,2094,1361,881.0,True,0.6299583574060258,False,True,True,0.14838072899659546,True,False,False,True,INVALID_BBOX_CENTER_DEPTH,INVALID_BBOX_CENTER_DEPTH,A_BBOX_INVALID_MASK_VALID
409,1600938563815766,4,4094345,0.70400709,0.8117100517426051,"[475.254,129.987,555.201,215.264]",515,172,True,25,810.0,True,5847,5740,813.0,True,0.8576281127217968,True,True,True,0.16878266161895408,True,True,True,True,INCLUDED,,BOTH_VALID_INCLUDED
409,1600938563882426,0,4094346,0.88275975,0.9645140109292766,"[530.723,162.348,619.045,250.485]",574,206,True,25,837.0,True,5007,4584,846.0,True,0.6432065119007283,True,True,True,0.17125899762528946,True,True,True,True,INCLUDED,,BOTH_VALID_INCLUDED
409,1600938563882426,1,4094359,0.86464781,0.9030143864956865,"[540.74,84.558,608.834,162.836]",574,123,True,25,855.0,True,3746,3709,857.0,True,0.7027796958635586,True,True,True,0.15169952230736553,True,True,True,True,INCLUDED,,BOTH_VALID_INCLUDED
409,1600938563882426,2,4094336,0.83011276,0.9259471080121242,"[0.135,248.554,44.127,328.16]",22,288,True,25,935.0,True,2598,2575,930.0,True,0.7418560414405373,True,True,True,0.1701676147990533,True,True,True,True,INCLUDED,,BOTH_VALID_INCLUDED
409,1600938563882426,3,4094353,0.81870031,0.8601877861066548,"[433.218,47.901,488.68,104.23]",460,76,False,0,,True,2059,1443,862.0,True,0.6590658042533374,False,True,True,0.14861079819943648,True,False,False,True,INVALID_BBOX_CENTER_DEPTH,INVALID_BBOX_CENTER_DEPTH,A_BBOX_INVALID_MASK_VALID
409,1600938563882426,4,4094345,0.79711282,0.9111499912477818,"[458.848,128.927,550.444,213.033]",504,170,True,25,800.0,True,5846,5763,808.0,True,0.7588489259019694,True,True,True,0.16925688516849693,True,True,True,True,INCLUDED,,BOTH_VALID_INCLUDED
409,1600938563882426,5,4094356,0.56572592,0.5161825532130118,"[493.06,1.504,532.363,36.701]",512,19,True,25,925.0,True,495,494,940.0,True,0.35782761139549213,True,True,True,0.135244485877508,True,True,True,True,INCLUDED,,BOTH_VALID_INCLUDED
409,1600938563949086,0,4094359,0.8800028,0.8954074388233565,"[524.095,85.259,593.914,165.725]",559,125,True,25,853.0,True,3851,3827,857.0,True,0.6854684675930771,True,True,True,0.1534558523096433,True,True,True,True,INCLUDED,,BOTH_VALID_INCLUDED
409,1600938563949086,1,4094346,0.8661024,0.9161842255172441,"[509.909,162.671,603.863,251.344]",556,207,True,25,840.0,True,5012,4548,845.0,True,0.6015952326017802,True,True,True,0.17371550088609428,True,True,True,True,INCLUDED,,BOTH_VALID_INCLUDED
409,1600938563949086,2,4094353,0.8252812,0.8569115752488059,"[419.428,48.275,474.539,102.458]",446,75,False,0,,True,2049,1527,869.0,True,0.6861840511334069,False,True,True,0.14896597161985614,True,False,False,True,INVALID_BBOX_CENTER_DEPTH,INVALID_BBOX_CENTER_DEPTH,A_BBOX_INVALID_MASK_VALID
409,1600938563949086,3,4094336,0.78481048,0.8514080571673398,"[0.0,255.778,29.339,325.939]",14,290,True,25,912.0,True,1657,1656,918.0,True,0.8049732172269692,True,True,True,0.1691837673999114,True,True,True,True,INCLUDED,,BOTH_VALID_INCLUDED
409,1600938563949086,4,4094345,0.75358742,0.892134788755944,"[441.982,127.933,533.223,213.336]",487,170,True,25,802.0,True,5868,5756,809.0,True,0.7530554258522324,True,True,True,0.1705316383408843,True,True,True,True,INCLUDED,,BOTH_VALID_INCLUDED
409,1600938563949086,6,4094356,0.31753352,0.6897967802311302,"[485.697,1.754,519.427,34.435]",502,18,True,25,917.0,True,538,538,925.0,True,0.4880570578253174,True,True,True,0.13549468257389402,True,True,True,True,INCLUDED,,BOTH_VALID_INCLUDED
409,1600938564015747,0,4094346,0.88583767,0.9457679007918155,"[504.066,162.862,589.633,251.643]",546,207,True,25,835.0,True,4972,4506,846.0,True,0.6544926619984123,True,True,True,0.17502006515134785,True,True,True,True,INCLUDED,,BOTH_VALID_INCLUDED
409,1600938564015747,1,4094359,0.85397434,0.9057192562216492,"[508.976,84.984,580.024,165.663]",544,125,True,25,838.0,True,3894,3874,857.0,True,0.6793343635294156,True,True,True,0.1546199962508366,True,True,True,True,INCLUDED,,BOTH_VALID_INCLUDED
409,1600938564015747,2,4094345,0.80512005,0.9104201382978725,"[428.537,130.601,520.096,215.658]",474,173,True,25,806.0,True,5872,5831,813.0,True,0.7540062492245954,True,True,True,0.17221711448036991,True,True,True,True,INCLUDED,,BOTH_VALID_INCLUDED
409,1600938564015747,3,4094353,0.79968351,0.8641401538699809,"[406.065,48.853,461.941,103.299]",434,76,True,2,863.0,True,1975,1474,862.0,True,0.6491959658985034,True,True,True,0.1495307132947493,True,True,True,True,INCLUDED,,BOTH_VALID_INCLUDED
409,1600938564015747,4,4094336,0.70444292,0.7168974331657638,"[0.0,271.702,21.573,321.612]",10,296,True,25,932.0,True,724,724,930.0,True,0.6724197376257188,True,True,True,0.1695694150948063,True,True,True,True,INCLUDED,,BOTH_VALID_INCLUDED
409,1600938564015747,5,4094356,0.54299247,0.5987076809662637,"[473.286,1.346,505.764,37.551]",489,19,True,25,926.0,True,445,445,935.0,True,0.37844448583805024,True,True,True,0.13625370671816744,True,True,True,True,INCLUDED,,BOTH_VALID_INCLUDED
409,1600938564082407,0,4094346,0.874798,0.9295355132724891,"[490.851,166.328,576.149,255.079]",533,210,True,25,843.0,True,4978,4652,849.0,True,0.6575712074210943,True,True,True,0.17761010430901605,True,True,True,True,INCLUDED,,BOTH_VALID_INCLUDED
409,1600938564082407,1,4094359,0.87002462,0.8288270483522396,"[495.175,88.785,566.714,168.953]",530,128,True,25,849.0,True,3951,3912,856.0,True,0.6889109938978153,True,True,True,0.15650453774225262,True,True,True,True,INCLUDED,,BOTH_VALID_INCLUDED
409,1600938564082407,2,4094353,0.8502351,0.8417021859030586,"[395.007,49.304,450.239,101.888]",422,75,False,0,,True,2115,1173,737.0,True,0.7282256682636703,False,True,True,0.1497302947887263,True,False,False,True,INVALID_BBOX_CENTER_DEPTH,INVALID_BBOX_CENTER_DEPTH,A_BBOX_INVALID_MASK_VALID
409,1600938564082407,3,4094345,0.83147103,0.8758401857650157,"[415.7,129.196,506.33,218.108]",461,173,True,25,801.0,True,5843,5839,816.0,True,0.7251093861574143,True,True,True,0.17326129271500354,True,True,True,True,INCLUDED,,BOTH_VALID_INCLUDED
409,1600938564082407,4,4094356,0.50239682,0.6237386522837504,"[466.029,7.348,493.326,40.168]",479,23,True,25,915.0,True,419,418,923.0,True,0.46769263026026636,True,True,True,0.13740879553517518,True,True,True,True,INCLUDED,,BOTH_VALID_INCLUDED
409,1600938564149068,0,4094359,0.89343941,0.9010745747575971,"[482.256,82.54,556.794,162.543]",519,122,True,25,838.0,True,4132,4075,849.0,True,0.6929091630796382,True,True,True,0.1558870518985497,True,True,True,True,INCLUDED,,BOTH_VALID_INCLUDED
409,1600938564149068,1,4094346,0.84206146,0.8786491009001817,"[466.568,160.084,567.372,250.361]",516,205,True,25,839.0,True,5017,4829,846.0,True,0.5513015541362896,True,True,True,0.17785819635539402,True,True,True,True,INCLUDED,,BOTH_VALID_INCLUDED
409,1600938564149068,2,4094345,0.81382602,0.8484140184770436,"[403.372,127.888,493.317,212.121]",448,170,True,25,789.0,True,5960,5920,797.0,True,0.7866598139005611,True,True,True,0.1729426300611837,True,True,True,True,INCLUDED,,BOTH_VALID_INCLUDED
409,1600938564149068,3,4094353,0.80813706,0.9145060210636489,"[381.22,44.935,436.714,95.798]",408,70,True,3,732.0,True,1704,997,737.0,True,0.6037005735540205,True,True,True,0.14886838798253685,True,True,True,True,INCLUDED,,BOTH_VALID_INCLUDED
409,1600938564215729,0,4094359,0.8819223,0.9318472958231551,"[462.703,84.131,539.858,165.611]",501,124,True,25,850.0,True,4194,4117,856.0,True,0.6671343924576977,True,True,True,0.15769096875401056,True,True,True,True,INCLUDED,,BOTH_VALID_INCLUDED
409,1600938564215729,1,4094346,0.87770605,0.9212942065154093,"[462.401,164.196,549.353,250.747]",505,207,True,25,841.0,True,4946,4834,850.0,True,0.6572074021306379,True,True,True,0.1797055717521925,True,True,True,True,INCLUDED,,BOTH_VALID_INCLUDED
409,1600938564215729,2,4094353,0.84458607,0.9332537325535158,"[362.324,48.217,419.399,99.236]",390,73,False,0,,True,1827,1002,767.0,True,0.6274233615628344,False,True,True,0.1498994531523911,True,False,False,True,INVALID_BBOX_CENTER_DEPTH,INVALID_BBOX_CENTER_DEPTH,A_BBOX_INVALID_MASK_VALID
409,1600938564215729,3,4094345,0.79624778,0.9350320237009786,"[381.413,122.681,476.936,215.867]",429,169,True,25,801.0,True,5869,5855,806.0,True,0.6593340216933307,True,True,True,0.1736769802280345,True,True,True,True,INCLUDED,,BOTH_VALID_INCLUDED
409,1600938564282389,0,4094346,0.88124579,0.9398242726036582,"[445.907,166.728,533.125,255.817]",489,211,True,25,842.0,True,4941,4739,853.0,True,0.635893881309411,True,True,True,0.18252723610352817,True,True,True,True,INCLUDED,,BOTH_VALID_INCLUDED
409,1600938564282389,1,4094359,0.88120478,0.9121112529575905,"[447.68,88.1,522.593,167.983]",485,128,True,25,837.0,True,4221,4148,855.0,True,0.7053485800272558,True,True,True,0.1594819955899413,True,True,True,True,INCLUDED,,BOTH_VALID_INCLUDED
409,1600938564282389,2,4094353,0.84113419,0.9105831855716155,"[349.436,48.622,405.347,98.446]",377,73,False,0,,True,1779,951,769.0,True,0.6386164441291897,False,True,True,0.14998509630392523,True,False,False,True,INVALID_BBOX_CENTER_DEPTH,INVALID_BBOX_CENTER_DEPTH,A_BBOX_INVALID_MASK_VALID
409,1600938564282389,3,4094345,0.82975489,0.8764020587096772,"[370.774,124.794,459.311,216.852]",415,170,True,25,797.0,True,5912,5901,811.0,True,0.7253507889599432,True,True,True,0.17470462848832355,True,True,True,True,INCLUDED,,BOTH_VALID_INCLUDED
409,1600938564349050,0,4094359,0.87860513,0.881683629068169,"[433.283,79.97,509.647,162.721]",471,121,True,25,840.0,True,4316,4205,850.0,True,0.6829981327356436,True,True,True,0.15860506789912435,True,True,True,True,INCLUDED,,BOTH_VALID_INCLUDED
409,1600938564349050,1,4094346,0.87118804,0.9256964005541729,"[432.159,162.919,520.495,250.257]",476,206,True,25,845.0,True,4982,4859,848.0,True,0.6457475258179659,True,True,True,0.18223183926249975,True,True,True,True,INCLUDED,,BOTH_VALID_INCLUDED
409,1600938564349050,2,4094353,0.8247357,0.8999780769861341,"[334.586,45.806,391.279,94.804]",362,70,False,0,,True,1742,979,763.0,True,0.627105136956065,False,True,True,0.1493200233139703,True,False,False,True,INVALID_BBOX_CENTER_DEPTH,INVALID_BBOX_CENTER_DEPTH,A_BBOX_INVALID_MASK_VALID
409,1600938564349050,3,4094345,0.81803685,0.9019352450980395,"[355.607,116.316,445.91,211.061]",400,163,True,25,808.0,True,6020,5983,810.0,True,0.703619736142517,True,True,True,0.17299475896446925,True,True,True,True,INCLUDED,,BOTH_VALID_INCLUDED
409,1600938564415711,0,4094346,0.89213783,0.8726288753115867,"[420.99,166.072,504.363,254.659]",462,210,True,25,844.0,True,4933,4873,850.0,True,0.6679065338030598,True,True,True,0.18459269272286882,True,True,True,True,INCLUDED,,BOTH_VALID_INCLUDED
409,1600938564415711,1,4094359,0.8806935,0.88535300921399,"[417.835,89.457,492.471,168.478]",455,128,True,25,848.0,True,4290,4154,859.0,True,0.7273884736302505,True,True,True,0.1613382948311275,True,True,True,True,INCLUDED,,BOTH_VALID_INCLUDED
409,1600938564415711,2,4094353,0.85755199,0.9327546572135476,"[320.267,51.3,378.435,100.152]",349,75,False,0,,True,1734,878,758.0,True,0.6102146262930763,False,True,True,0.15051752246692837,True,False,False,True,INVALID_BBOX_CENTER_DEPTH,INVALID_BBOX_CENTER_DEPTH,A_BBOX_INVALID_MASK_VALID
409,1600938564415711,3,4094345,0.83071607,0.7903264441364857,"[339.997,125.854,428.377,218.523]",384,172,True,25,801.0,True,6047,5927,813.0,True,0.7383316655731129,True,True,True,0.1759211926845034,True,True,True,True,INCLUDED,,BOTH_VALID_INCLUDED
409,1600938564482371,0,4094359,0.8944453,0.9567672693482051,"[405.778,85.313,477.225,164.993]",441,125,True,25,837.0,True,4317,4127,842.0,True,0.7583133912896256,True,True,True,0.16096371569686516,True,True,True,True,INCLUDED,,BOTH_VALID_INCLUDED
409,1600938564482371,1,4094346,0.88147539,0.9219360284242712,"[405.135,165.581,490.206,250.549]",447,208,True,25,843.0,True,4915,4815,850.0,True,0.6799650464708004,True,True,True,0.18493090150905078,True,True,True,True,INCLUDED,,BOTH_VALID_INCLUDED
409,1600938564482371,2,4094345,0.84101778,0.8428179386557962,"[325.578,117.526,413.395,214.057]",369,165,True,25,803.0,True,6133,6041,808.0,True,0.7234817206339433,True,True,True,0.17412399733132067,True,True,True,True,INCLUDED,,BOTH_VALID_INCLUDED
409,1600938564482371,3,4094353,0.84053707,0.930305998081916,"[306.954,48.374,363.498,95.883]",335,72,False,0,,True,1853,834,760.0,True,0.6897838187582916,False,True,True,0.1496084061587286,True,False,False,True,INVALID_BBOX_CENTER_DEPTH,INVALID_BBOX_CENTER_DEPTH,A_BBOX_INVALID_MASK_VALID
409,1600938564549031,0,4094359,0.89754355,0.9280416285575466,"[389.232,83.961,461.556,164.648]",425,124,True,25,844.0,True,4288,4191,854.0,True,0.7347993623863533,True,True,True,0.16133581252501586,True,True,True,True,INCLUDED,,BOTH_VALID_INCLUDED
409,1600938564549031,1,4094346,0.89470261,0.9251140782008529,"[390.274,164.53,476.009,250.997]",433,207,True,25,838.0,True,4925,4696,848.0,True,0.6643511504314933,True,True,True,0.18574200060786064,True,True,True,True,INCLUDED,,BOTH_VALID_INCLUDED
409,1600938564549031,2,4094353,0.84154987,0.8887469997906937,"[292.595,47.397,348.636,96.867]",320,72,False,0,,True,1677,771,755.0,True,0.6049023559366876,False,True,True,0.14942498618495786,True,False,False,True,INVALID_BBOX_CENTER_DEPTH,INVALID_BBOX_CENTER_DEPTH,A_BBOX_INVALID_MASK_VALID
409,1600938564549031,3,4094345,0.84072673,0.9294173512347705,"[311.096,108.823,397.9,214.565]",354,161,True,25,783.0,True,6121,6021,813.0,True,0.6668606952023861,True,True,True,0.17290937403508364,True,True,True,True,INCLUDED,,BOTH_VALID_INCLUDED
409,1600938564615692,0,4094346,0.88856012,0.916871227131549,"[377.844,166.571,459.731,251.714]",418,209,True,25,840.0,True,4870,4519,846.0,True,0.6984978153744318,True,True,True,0.1869684564006879,True,True,True,True,INCLUDED,,BOTH_VALID_INCLUDED
409,1600938564615692,1,4094359,0.88354999,0.9433648086719351,"[373.393,85.919,445.447,166.719]",409,126,True,25,850.0,True,4233,4145,857.0,True,0.7270743312152846,True,True,True,0.16232374535727317,True,True,True,True,INCLUDED,,BOTH_VALID_INCLUDED
409,1600938564615692,2,4094353,0.83339214,0.8878388386074221,"[278.176,46.661,334.459,98.831]",306,72,False,0,,True,1817,955,871.0,True,0.6188093290468406,False,True,True,0.1493008659704436,True,False,False,True,INVALID_BBOX_CENTER_DEPTH,INVALID_BBOX_CENTER_DEPTH,A_BBOX_INVALID_MASK_VALID
409,1600938564615692,3,4094345,0.82220685,0.9353042282608698,"[296.054,109.383,383.21,216.01]",339,162,True,25,805.0,True,6190,6123,813.0,True,0.6660796548634601,True,True,True,0.17308887410301554,True,True,True,True,INCLUDED,,BOTH_VALID_INCLUDED
409,1600938564682353,0,4094359,0.89717984,0.9338543355786246,"[361.084,83.294,430.356,164.311]",395,123,True,25,848.0,True,4236,4068,854.0,True,0.7547829257633588,True,True,True,0.16196117987899167,True,True,True,True,INCLUDED,,BOTH_VALID_INCLUDED
409,1600938564682353,1,4094346,0.86624056,0.9490677411113699,"[360.636,164.365,447.545,250.269]",404,207,True,25,835.0,True,4816,4649,847.0,True,0.645072219060285,True,True,True,0.18694257879070697,True,True,True,True,INCLUDED,,BOTH_VALID_INCLUDED
409,1600938564682353,2,4094353,0.85324132,0.8935190076735795,"[266.737,46.608,321.863,97.332]",294,71,False,0,,True,1872,944,863.0,True,0.6694773212883723,False,True,True,0.14885008029530497,True,False,False,True,INVALID_BBOX_CENTER_DEPTH,INVALID_BBOX_CENTER_DEPTH,A_BBOX_INVALID_MASK_VALID
409,1600938564682353,3,4094345,0.80249262,0.9171882192054452,"[282.559,105.017,369.673,213.451]",326,159,True,25,801.0,True,6328,6188,804.0,True,0.6699047176015204,True,True,True,0.17183353514810198,True,True,True,True,INCLUDED,,BOTH_VALID_INCLUDED
409,1600938564749013,0,4094359,0.88082182,0.9610390861120501,"[344.994,84.691,414.486,166.202]",379,125,True,22,843.0,True,4261,4008,850.0,True,0.7522470650841545,True,True,True,0.16261960483640672,True,True,True,True,INCLUDED,,BOTH_VALID_INCLUDED
409,1600938564749013,1,4094346,0.87149858,0.9179500065828169,"[346.683,167.434,432.276,253.054]",389,210,True,25,839.0,True,4806,4698,848.0,True,0.6557983120046188,True,True,True,0.1884069794838948,True,True,True,True,INCLUDED,,BOTH_VALID_INCLUDED
409,1600938564749013,2,4094353,0.85348821,0.9079906567111131,"[251.716,49.159,306.857,101.992]",279,75,False,0,,True,1935,868,862.0,True,0.6642033468699998,False,True,True,0.14921667965691002,True,False,False,True,INVALID_BBOX_CENTER_DEPTH,INVALID_BBOX_CENTER_DEPTH,A_BBOX_INVALID_MASK_VALID
409,1600938564749013,3,4094345,0.8314206,0.9014364460410554,"[264.23,111.657,352.209,216.474]",308,164,True,25,806.0,True,6456,6216,815.0,True,0.7000882278056099,True,True,True,0.17278826435957434,True,True,True,True,INCLUDED,,BOTH_VALID_INCLUDED
409,1600938564815674,0,4094359,0.88207793,0.868864073078113,"[330.179,84.95,398.616,165.794]",364,125,True,25,849.0,True,4225,4101,857.0,True,0.763638746892508,True,True,True,0.1626950664246184,True,True,True,True,INCLUDED,,BOTH_VALID_INCLUDED
409,1600938564815674,1,4094346,0.85939759,0.9259404936059343,"[332.689,167.106,419.074,251.284]",375,209,True,25,840.0,True,4799,4699,849.0,True,0.6599542185399244,True,True,True,0.18828929671740158,True,True,True,True,INCLUDED,,BOTH_VALID_INCLUDED
409,1600938564815674,2,4094353,0.84895146,0.9405571509314008,"[238.247,47.313,292.886,103.14]",265,75,False,0,,True,1889,836,877.0,True,0.6192769635385588,False,True,True,0.14867368223105115,True,False,False,True,INVALID_BBOX_CENTER_DEPTH,INVALID_BBOX_CENTER_DEPTH,A_BBOX_INVALID_MASK_VALID
409,1600938564815674,3,4094345,0.80446911,0.9384073406673179,"[248.416,106.223,339.51,215.217]",293,160,True,25,798.0,True,6472,6320,813.0,True,0.6518477109432361,True,True,True,0.17128918402165508,True,True,True,True,INCLUDED,,BOTH_VALID_INCLUDED
409,1600938564882336,0,4094359,0.87892991,0.8579806365325074,"[316.613,83.984,384.085,166.13]",350,125,True,25,847.0,True,4254,4004,843.0,True,0.7675160765281384,True,True,True,0.16259278757747103,True,True,True,True,INCLUDED,,BOTH_VALID_INCLUDED
409,1600938564882336,1,4094353,0.86372244,0.9410880886938653,"[224.389,48.05,278.361,105.651]",251,76,False,0,,True,1880,979,877.0,True,0.6047269371405509,False,True,True,0.1484714689329492,True,False,False,True,INVALID_BBOX_CENTER_DEPTH,INVALID_BBOX_CENTER_DEPTH,A_BBOX_INVALID_MASK_VALID
409,1600938564882336,2,4094346,0.85163164,0.9277890558001749,"[318.562,166.337,404.589,251.012]",361,208,True,25,838.0,True,4791,4683,846.0,True,0.6577126387380615,True,True,True,0.18820752712163286,True,True,True,True,INCLUDED,,BOTH_VALID_INCLUDED
409,1600938564882336,3,4094345,0.84703112,0.9192820344758069,"[234.458,104.241,326.267,214.979]",280,159,True,25,806.0,True,6556,6161,812.0,True,0.6448474878553957,True,True,True,0.17037334203337942,True,True,True,True,INCLUDED,,BOTH_VALID_INCLUDED
409,1600938564948996,0,4094359,0.88747621,0.8434221619166766,"[299.085,85.723,367.002,166.556]",333,126,True,25,854.0,True,4204,4016,856.0,True,0.7657650056769949,True,True,True,0.16271617107981148,True,True,True,True,INCLUDED,,BOTH_VALID_INCLUDED
409,1600938564948996,1,4094353,0.85401869,0.9311483723481805,"[209.558,49.781,263.883,106.847]",236,78,False,0,,True,1968,1104,862.0,True,0.634816091794407,False,True,True,0.14813593571290698,True,False,False,True,INVALID_BBOX_CENTER_DEPTH,INVALID_BBOX_CENTER_DEPTH,A_BBOX_INVALID_MASK_VALID
409,1600938564948996,2,4094346,0.85369658,0.8904610686553904,"[303.805,170.975,390.247,251.418]",347,211,True,25,844.0,True,4731,4628,849.0,True,0.6803617395962146,True,True,True,0.18903601416216484,True,True,True,True,INCLUDED,,BOTH_VALID_INCLUDED
409,1600938564948996,3,4094345,0.83536512,0.93334884172628,"[217.912,104.852,310.879,216.735]",264,160,True,25,791.0,True,6585,6197,813.0,True,0.6330862186504778,True,True,True,0.1698801554246027,True,True,True,True,INCLUDED,,BOTH_VALID_INCLUDED
409,1600938564948996,4,4094356,0.38115075,0.7590871440120059,"[290.412,9.029,316.137,35.732]",303,22,True,25,915.0,True,380,380,918.0,True,0.5531821493797786,True,True,True,0.1388466530741654,True,True,True,True,INCLUDED,,BOTH_VALID_INCLUDED
409,1600938564948996,5,4094361,0.30982345,0.5400123262276741,"[696.099,465.265,719.352,518.894]",707,492,True,25,854.0,True,320,303,854.0,True,0.2566086475877711,True,True,True,0.20925743642291506,True,True,True,True,INCLUDED,,BOTH_VALID_INCLUDED
409,1600938565015657,0,4094359,0.88195527,0.9023471704260648,"[286.17,83.562,355.931,166.138]",321,124,True,25,852.0,True,4136,3937,854.0,True,0.7179827182031905,True,True,True,0.16217434276612616,True,True,True,True,INCLUDED,,BOTH_VALID_INCLUDED
409,1600938565015657,1,4094345,0.87241083,0.9346487530916193,"[202.035,102.134,295.407,215.201]",248,158,True,25,796.0,True,6704,6404,806.0,True,0.6350113313395956,True,True,True,0.16834213934796427,True,True,True,True,INCLUDED,,BOTH_VALID_INCLUDED
409,1600938565015657,2,4094346,0.86821181,0.9459723444783494,"[288.445,163.997,376.051,249.729]",332,206,True,25,839.0,True,4718,4610,847.0,True,0.6281756964316061,True,True,True,0.18725709689480935,True,True,True,True,INCLUDED,,BOTH_VALID_INCLUDED
409,1600938565015657,3,4094353,0.86308712,0.9449722556145754,"[194.899,47.968,250.333,105.696]",222,76,True,20,878.0,True,1982,1204,882.5,True,0.6193568156838916,True,True,True,0.14712737740987028,True,True,True,True,INCLUDED,,BOTH_VALID_INCLUDED
409,1600938565015657,4,4094361,0.66169745,0.7683326815480016,"[682.932,442.304,719.569,521.598]",701,481,True,25,842.0,True,921,921,851.0,True,0.31702929814520864,True,True,True,0.21005153303571178,True,True,True,True,INCLUDED,,BOTH_VALID_INCLUDED
409,1600938565082318,0,4094359,0.8843593,0.875045230480363,"[271.125,84.586,339.931,165.864]",305,125,True,24,840.0,True,4110,3737,854.0,True,0.7349241222171964,True,True,True,0.1619042499718476,True,True,True,True,INCLUDED,,BOTH_VALID_INCLUDED
409,1600938565082318,1,4094346,0.85881186,0.9371855606446031,"[272.376,165.725,359.732,249.535]",316,207,True,25,841.0,True,4724,4576,850.0,True,0.6452400388282614,True,True,True,0.1870565848310224,True,True,True,True,INCLUDED,,BOTH_VALID_INCLUDED
409,1600938565082318,2,4094353,0.85480297,0.9702358650637946,"[181.081,48.931,236.111,106.58]",208,77,True,25,855.0,True,1976,1124,871.0,True,0.6228674689298435,True,True,True,0.1465688580929224,True,True,True,True,INCLUDED,,BOTH_VALID_INCLUDED
409,1600938565082318,3,4094345,0.84658092,0.9245377315026096,"[187.217,103.861,282.19,215.873]",234,159,True,25,805.0,True,6788,6432,815.0,True,0.6380829280991925,True,True,True,0.1677254149140233,True,True,True,True,INCLUDED,,BOTH_VALID_INCLUDED
409,1600938565082318,4,4094361,0.79990053,0.8870335400028584,"[672.73,442.893,719.542,526.604]",696,484,True,25,887.0,True,2079,2070,870.0,True,0.5305358831029754,True,True,True,0.21264956111993275,True,True,True,True,INCLUDED,,BOTH_VALID_INCLUDED
409,1600938565082318,7,4094356,0.3304632,0.6488658052005046,"[267.623,9.647,290.643,38.886]",279,24,True,25,914.0,True,391,385,916.0,True,0.5809100938670487,True,True,True,0.138692195137297,True,True,True,True,INCLUDED,,BOTH_VALID_INCLUDED
409,1600938565148978,0,4094346,0.87706476,0.9515333744634717,"[259.803,165.851,345.699,250.934]",302,208,True,25,840.0,True,4734,4672,849.0,True,0.647757602583204,True,True,True,0.18678051994101116,True,True,True,True,INCLUDED,,BOTH_VALID_INCLUDED
409,1600938565148978,1,4094361,0.87225312,0.8434936433758852,"[655.53,441.726,720.0,528.118]",687,484,True,25,858.0,True,3166,2876,861.0,True,0.5684335621387936,True,True,True,0.21616926983039136,True,True,True,True,INCLUDED,,BOTH_VALID_INCLUDED
409,1600938565148978,2,4094359,0.87021291,0.8422713794418175,"[255.171,85.596,323.116,166.879]",289,126,True,25,848.0,True,4049,3821,854.0,True,0.733146135298596,True,True,True,0.16164865183431112,True,True,True,True,INCLUDED,,BOTH_VALID_INCLUDED
409,1600938565148978,3,4094345,0.84718788,0.9388245725645267,"[171.14,103.023,265.773,216.461]",218,159,True,25,817.0,True,6839,6344,815.0,True,0.6370762788878209,True,True,True,0.16647748053546482,True,True,True,True,INCLUDED,,BOTH_VALID_INCLUDED
409,1600938565148978,4,4094353,0.84262794,0.9240436503335924,"[166.623,49.103,221.873,107.091]",194,78,True,25,865.0,True,2223,1308,868.0,True,0.6938555238609206,True,True,True,0.14580656559569136,True,True,True,True,INCLUDED,,BOTH_VALID_INCLUDED
409,1600938565148978,7,4094356,0.33843085,0.7748455178524697,"[249.162,7.334,277.499,41.904]",263,24,True,25,925.0,True,401,401,928.0,True,0.4093465390908741,True,True,True,0.13832644243740483,True,True,True,True,INCLUDED,,BOTH_VALID_INCLUDED
409,1600938565215639,0,4094361,0.89712656,0.8333709059031712,"[643.266,441.179,717.385,525.843]",680,483,True,25,861.0,True,3404,3206,865.0,True,0.5424518779242274,True,True,True,0.2190546967537251,True,True,True,True,INCLUDED,,BOTH_VALID_INCLUDED
409,1600938565215639,1,4094359,0.86326396,0.8367070373719108,"[239.652,84.699,307.792,166.184]",273,125,True,25,846.0,True,4044,3841,849.0,True,0.7283352807537098,True,True,True,0.1608385105713291,True,True,True,True,INCLUDED,,BOTH_VALID_INCLUDED
409,1600938565215639,2,4094346,0.86153036,0.9307180279487055,"[244.357,166.855,331.79,249.103]",288,207,True,25,844.0,True,4726,4715,850.0,True,0.6571930938872348,True,True,True,0.18588482132795311,True,True,True,True,INCLUDED,,BOTH_VALID_INCLUDED
409,1600938565215639,3,4094345,0.84898496,0.9276161904962161,"[155.884,103.09,251.513,215.583]",203,159,True,25,804.0,True,6863,6464,811.0,True,0.6379679857861423,True,True,True,0.16516968224101988,True,True,True,True,INCLUDED,,BOTH_VALID_INCLUDED
409,1600938565215639,4,4094353,0.84204501,0.9434981015385503,"[150.956,49.351,208.644,104.741]",179,77,True,25,864.0,True,2070,1290,871.0,True,0.6478187261247502,True,True,True,0.14469862475143566,True,True,True,True,INCLUDED,,BOTH_VALID_INCLUDED
409,1600938565282301,0,4094346,0.87320364,0.9455100394706781,"[229.725,165.826,317.681,248.949]",273,207,True,25,845.0,True,4736,4665,852.0,True,0.6477762396733394,True,True,True,0.18479651462095206,True,True,True,True,INCLUDED,,BOTH_VALID_INCLUDED
409,1600938565282301,1,4094345,0.86849904,0.9483146635481253,"[140.522,103.536,235.219,215.88]",187,159,True,25,786.0,True,6979,6560,810.0,True,0.6560049171880186,True,True,True,0.16387939728776474,True,True,True,True,INCLUDED,,BOTH_VALID_INCLUDED
409,1600938565282301,2,4094361,0.86704838,0.7444863651083573,"[624.833,440.285,704.345,527.555]",664,483,True,25,869.0,True,3440,3289,874.0,True,0.49574779248407846,True,True,True,0.22611617896354053,True,True,True,True,INCLUDED,,BOTH_VALID_INCLUDED
409,1600938565282301,3,4094359,0.8640663,0.8270013106065544,"[223.549,86.012,293.176,167.209]",258,126,True,23,848.0,True,3985,3643,858.0,True,0.7048726487225877,True,True,True,0.16042259911080453,True,True,True,True,INCLUDED,,BOTH_VALID_INCLUDED
409,1600938565282301,4,4094353,0.85859913,0.8719493519454979,"[136.872,49.556,194.288,105.602]",165,77,True,11,868.0,True,2079,1276,872.0,True,0.646066070322388,True,True,True,0.1438689732201878,True,True,True,True,INCLUDED,,BOTH_VALID_INCLUDED
409,1600938565348961,0,4094345,0.86297596,0.9517510546395676,"[124.827,102.803,219.328,215.146]",172,158,True,25,808.0,True,7008,6506,813.0,True,0.6601029473893968,True,True,True,0.16222430590438727,True,True,True,True,INCLUDED,,BOTH_VALID_INCLUDED
409,1600938565348961,1,4094361,0.85823214,0.8099046841603266,"[611.625,440.46,683.14,526.82]",647,483,True,25,856.0,True,3348,3179,869.0,True,0.5420953383784034,True,True,True,0.23410139770516003,True,True,True,True,INCLUDED,,BOTH_VALID_INCLUDED
409,1600938565348961,2,4094346,0.84703624,0.9082056209169301,"[215.97,165.498,305.189,249.137]",260,207,True,25,845.0,True,4696,4553,850.0,True,0.629306047653725,True,True,True,0.18383777001522383,True,True,True,True,INCLUDED,,BOTH_VALID_INCLUDED
409,1600938565348961,3,4094353,0.84684056,0.9652505857865,"[122.602,50.529,180.882,106.228]",151,78,True,25,856.0,True,2138,1551,866.0,True,0.6586288643354294,True,True,True,0.14306337798961416,True,True,True,True,INCLUDED,,BOTH_VALID_INCLUDED
409,1600938565348961,4,4094359,0.84286076,0.8642596483739836,"[208.193,86.547,281.544,167.705]",244,127,True,25,857.0,True,3864,3494,860.0,True,0.6490822645850884,True,True,True,0.1598369126453086,True,True,True,True,INCLUDED,,BOTH_VALID_INCLUDED
409,1600938565415622,0,4094345,0.87168014,0.9458117778268421,"[109.108,102.537,201.729,215.847]",155,159,True,25,801.0,True,7101,6653,809.0,True,0.676615289726967,True,True,True,0.16063672462596307,True,True,True,True,INCLUDED,,BOTH_VALID_INCLUDED
409,1600938565415622,1,4094361,0.87020802,0.7730927116564351,"[595.477,438.806,668.65,524.718]",632,481,True,25,869.0,True,3325,3234,868.0,True,0.528916309929557,True,True,True,0.24111810627619037,True,True,True,True,INCLUDED,,BOTH_VALID_INCLUDED
409,1600938565415622,2,4094353,0.86237299,0.9240664016012535,"[109.863,46.769,165.204,106.217]",137,76,True,25,863.0,True,2219,1655,877.0,True,0.6744861736364961,True,True,True,0.14167692693220607,True,True,True,True,INCLUDED,,BOTH_VALID_INCLUDED
409,1600938565415622,3,4094346,0.8579765,0.9345632393122036,"[201.787,163.979,291.08,247.89]",246,205,True,25,838.0,True,4695,4627,849.0,True,0.6266128337846668,True,True,True,0.18225690349345983,True,True,True,True,INCLUDED,,BOTH_VALID_INCLUDED
409,1600938565415622,5,4094359,0.84903532,0.7820511016749929,"[196.438,85.411,262.552,165.918]",229,125,True,25,840.0,True,3817,3374,851.0,True,0.7171253635149702,True,True,True,0.15857055300770784,True,True,True,True,INCLUDED,,BOTH_VALID_INCLUDED
409,1600938565482283,0,4094361,0.88910264,0.7649209238630807,"[580.581,438.522,653.753,525.353]",617,481,True,25,862.0,True,3544,3497,873.0,True,0.5577941881009791,True,True,True,0.24884374198701786,True,True,True,True,INCLUDED,,BOTH_VALID_INCLUDED
409,1600938565482283,1,4094353,0.86798519,0.9159813859580591,"[94.376,46.594,150.895,107.795]",122,77,True,25,849.0,True,2092,1726,865.0,True,0.6047956970083634,True,True,True,0.14068407202219727,True,True,True,True,INCLUDED,,BOTH_VALID_INCLUDED
409,1600938565482283,2,4094345,0.86276615,0.9709467943910599,"[92.966,103.973,189.82,216.024]",141,159,True,25,812.0,True,7223,6725,809.0,True,0.6655555612023399,True,True,True,0.15937838945968158,True,True,True,True,INCLUDED,,BOTH_VALID_INCLUDED
409,1600938565482283,3,4094359,0.85549933,0.7585184740891276,"[179.769,85.783,245.217,165.624]",212,125,True,25,835.0,True,3751,3526,849.0,True,0.7178351437483955,True,True,True,0.15747238770180727,True,True,True,True,INCLUDED,,BOTH_VALID_INCLUDED
409,1600938565482283,4,4094346,0.85188907,0.8950934177830063,"[186.949,166.478,275.292,247.177]",231,206,True,25,842.0,True,4707,4617,850.0,True,0.6602431468305368,True,True,True,0.18117963057721276,True,True,True,True,INCLUDED,,BOTH_VALID_INCLUDED
409,1600938565548945,0,4094361,0.88773757,0.7708861985289591,"[564.966,437.429,639.081,523.542]",602,480,True,25,858.0,True,3478,3374,868.0,True,0.5449476013178293,True,True,True,0.25650071050427303,True,True,True,True,INCLUDED,,BOTH_VALID_INCLUDED
409,1600938565548945,1,4094345,0.88651723,0.9480444346351693,"[78.22,102.936,175.28,216.891]",126,159,True,25,801.0,True,7337,7016,811.0,True,0.6633532276917325,True,True,True,0.15779103256538132,True,True,True,True,INCLUDED,,BOTH_VALID_INCLUDED
409,1600938565548945,2,4094353,0.8783986,0.9234899881389346,"[80.801,48.271,138.002,108.051]",109,78,True,25,863.0,True,2192,1759,882.0,True,0.6410339306453574,True,True,True,0.13982235899892648,True,True,True,True,INCLUDED,,BOTH_VALID_INCLUDED
409,1600938565548945,3,4094346,0.87397563,0.8969161187391148,"[173.285,167.873,260.848,248.68]",217,208,True,25,836.0,True,4718,4581,851.0,True,0.6667888367594011,True,True,True,0.18025509010649327,True,True,True,True,INCLUDED,,BOTH_VALID_INCLUDED
409,1600938565548945,4,4094359,0.8683908,0.7582665450680272,"[165.705,86.061,232.316,166.383]",199,126,True,25,846.0,True,3667,3368,854.0,True,0.6853784462278187,True,True,True,0.15663912206825786,True,True,True,True,INCLUDED,,BOTH_VALID_INCLUDED
409,1600938565615605,0,4094361,0.88779294,0.7775901405735275,"[547.963,438.672,623.742,522.334]",585,480,True,25,871.0,True,3419,3249,869.0,True,0.5392895295129598,True,True,True,0.2656088489611971,True,True,True,True,INCLUDED,,BOTH_VALID_INCLUDED
409,1600938565615605,1,4094353,0.87847251,0.9668307158402613,"[66.205,48.412,124.16,108.006]",95,78,True,25,849.0,True,2266,1867,873.0,True,0.6560945931125871,True,True,True,0.13868132130612587,True,True,True,True,INCLUDED,,BOTH_VALID_INCLUDED
409,1600938565615605,2,4094345,0.87134588,0.927634810909914,"[62.557,103.522,161.899,215.725]",112,159,True,25,803.0,True,7499,7146,813.0,True,0.6727690213493956,True,True,True,0.156125252437457,True,True,True,True,INCLUDED,,BOTH_VALID_INCLUDED
409,1600938565615605,3,4094346,0.86236852,0.906918256032917,"[156.477,167.664,245.988,247.814]",201,207,True,25,835.0,True,4712,4632,848.0,True,0.6567882068436536,True,True,True,0.17841336201137994,True,True,True,True,INCLUDED,,BOTH_VALID_INCLUDED
409,1600938565615605,4,4094359,0.82104594,0.7694375128277815,"[148.803,87.013,217.18,166.402]",182,126,True,25,857.0,True,3591,3127,861.0,True,0.66152312596065,True,True,True,0.1555316423240839,True,True,True,True,INCLUDED,,BOTH_VALID_INCLUDED
409,1600938565682263,0,4094361,0.88107032,0.8093428129272023,"[538.178,438.8,609.712,525.197]",573,481,True,25,865.0,True,3695,3501,872.0,True,0.5978651926761321,True,True,True,0.27325079770844246,True,True,True,True,INCLUDED,,BOTH_VALID_INCLUDED
409,1600938565682263,1,4094345,0.8749795,0.9676591006714663,"[46.233,103.982,144.635,215.395]",95,159,True,25,806.0,True,7588,7211,811.0,True,0.6921297677647972,True,True,True,0.15423625234747645,True,True,True,True,INCLUDED,,BOTH_VALID_INCLUDED
409,1600938565682263,2,4094346,0.87338901,0.8971307402327787,"[144.443,166.997,231.521,247.686]",187,207,True,25,835.0,True,4721,4530,851.0,True,0.6719101808482731,True,True,True,0.17680332414839336,True,True,True,True,INCLUDED,,BOTH_VALID_INCLUDED
409,1600938565682263,3,4094353,0.85763282,0.9423105260798792,"[51.518,48.261,108.383,108.342]",79,78,True,25,851.0,True,2097,1773,869.0,True,0.613784948747047,True,True,True,0.13743045344330937,True,True,True,True,INCLUDED,,BOTH_VALID_INCLUDED
409,1600938565682263,5,4094359,0.82795423,0.5997866222348273,"[135.654,89.385,191.324,165.363]",163,127,True,25,855.0,True,3488,3126,853.0,True,0.8246456979976375,True,True,True,0.15408299108409615,True,True,True,True,INCLUDED,,BOTH_VALID_INCLUDED
409,1600938565748920,0,4094361,0.89849526,0.8470039465663155,"[524.103,439.275,593.515,523.986]",558,481,True,25,889.0,True,3763,3281,873.0,True,0.6399703473353529,True,True,True,0.2823447508979265,True,True,True,True,INCLUDED,,BOTH_VALID_INCLUDED
409,1600938565748920,1,4094345,0.88460106,0.9099931016519034,"[30.821,103.972,131.866,216.223]",81,160,True,25,802.0,True,7693,7285,809.0,True,0.6782513791977961,True,True,True,0.15268627764500056,True,True,True,True,INCLUDED,,BOTH_VALID_INCLUDED
409,1600938565748920,2,4094346,0.86168069,0.8711839572777124,"[128.34,168.264,218.205,247.844]",173,208,True,25,836.0,True,4783,4522,851.0,True,0.6688147884612096,True,True,True,0.17526059771952646,True,True,True,True,INCLUDED,,BOTH_VALID_INCLUDED
409,1600938565748920,3,4094353,0.85418355,0.8610849569035385,"[37.462,49.035,94.985,108.915]",66,78,True,25,852.0,True,2131,1759,856.0,True,0.6186715288035987,True,True,True,0.13637206786535014,True,True,True,True,INCLUDED,,BOTH_VALID_INCLUDED
409,1600938565748920,4,4094359,0.7866227,0.6161967835973446,"[119.79,88.548,176.722,166.644]",148,127,True,25,849.0,True,3390,3055,852.0,True,0.7624554396750437,True,True,True,0.1528045716748332,True,True,True,True,INCLUDED,,BOTH_VALID_INCLUDED
