sequence,frame_id,pred_id,confidence,pred_bbox,best_gt_id,best_iou,matched_gt_id,matched,status,reason,selection_candidate
400,1600938533486674,0,0.76757014,"[679.503,179.441,720.0,257.799]",4004648,0.8884537496367106,4004648,True,MATCHED,MATCHED,True
400,1600938533486674,1,0.54429984,"[702.345,252.744,719.668,315.734]",4004651,0.6320580915809251,4004651,True,MATCHED,MATCHED,True
400,1600938533553308,0,0.78820735,"[666.02,182.536,719.7,259.472]",4004648,0.8851911640293353,4004648,True,MATCHED,MATCHED,True
400,1600938533553308,1,0.77511913,"[689.558,234.854,719.377,319.602]",4004651,0.8561295623782896,4004651,True,MATCHED,MATCHED,True
400,1600938533619944,0,0.86112589,"[677.784,229.732,719.618,316.828]",4004651,0.8459323731135564,4004651,True,MATCHED,MATCHED,True
400,1600938533619944,1,0.8380869,"[654.804,173.977,720.0,255.83]",4004648,0.9207193292512187,4004648,True,MATCHED,MATCHED,True
400,1600938533619944,2,0.0669186,"[703.632,93.31,718.491,124.383]",4004648,0.0,,False,LOW_CONF,LOW_CONF,False
400,1600938533686583,0,0.89436966,"[662.706,227.292,719.947,320.108]",4004651,0.8695690236128587,4004651,True,MATCHED,MATCHED,True
400,1600938533686583,1,0.87538171,"[640.211,175.294,720.0,255.338]",4004648,0.9116688221232001,4004648,True,MATCHED,MATCHED,True
400,1600938533686583,2,0.07316963,"[698.329,929.225,719.805,1006.9]",4004648,0.0,,False,LOW_CONF,LOW_CONF,False
400,1600938533686583,3,0.06871264,"[712.711,524.651,720.0,548.927]",4004648,0.0,,False,LOW_CONF,LOW_CONF,False
400,1600938533686583,4,0.06488583,"[702.239,147.335,718.812,176.065]",4004648,0.0024074560664683834,,False,LOW_CONF,LOW_CONF,False
400,1600938533753222,0,0.90626949,"[648.798,228.451,719.901,325.263]",4004651,0.9257974406786048,4004651,True,MATCHED,MATCHED,True
400,1600938533753222,1,0.84380341,"[626.186,178.913,710.385,258.955]",4004648,0.9125325098404449,4004648,True,MATCHED,MATCHED,True
400,1600938533753222,2,0.25076655,"[702.174,319.09,719.314,376.249]",4004654,0.44909058994529943,,False,LOW_CONF,LOW_CONF,False
400,1600938533753222,3,0.20894302,"[699.097,315.053,719.591,366.49]",4004654,0.6357390085750906,,False,LOW_CONF,LOW_CONF,False
400,1600938533753222,4,0.15943775,"[702.91,345.56,719.259,382.513]",4004654,0.15655521223328608,,False,LOW_CONF,LOW_CONF,False
400,1600938533753222,5,0.05873394,"[705.87,354.001,720.0,382.174]",4004656,0.16046655298442838,,False,LOW_CONF,LOW_CONF,False
400,1600938533819859,0,0.92376983,"[636.134,224.679,720.0,320.302]",4004651,0.981485508247331,4004651,True,MATCHED,MATCHED,True
400,1600938533819859,1,0.85643834,"[614.33,174.926,697.432,254.445]",4004648,0.9042402761357413,4004648,True,MATCHED,MATCHED,True
400,1600938533819859,2,0.69004142,"[688.631,303.256,719.443,369.471]",4004654,0.7903597743162706,4004654,True,MATCHED,MATCHED,True
400,1600938533819859,3,0.24627624,"[707.421,369.08,720.0,423.16]",4004656,0.5317827764638319,,False,LOW_CONF,LOW_CONF,False
400,1600938533819859,4,0.22687948,"[703.855,368.137,719.109,423.019]",4004656,0.7289932551197627,,False,LOW_CONF,LOW_CONF,False
400,1600938533886497,0,0.91543031,"[620.867,225.014,718.629,320.787]",4004651,0.9160780404660858,4004651,True,MATCHED,MATCHED,True
400,1600938533886497,1,0.85983336,"[599.71,176.2,682.43,254.209]",4004648,0.8948660141113769,4004648,True,MATCHED,MATCHED,True
400,1600938533886497,2,0.79623759,"[692.72,356.795,720.0,427.692]",4004656,0.82095241142358,4004656,True,MATCHED,MATCHED,True
400,1600938533886497,3,0.79403317,"[674.592,296.48,719.586,367.483]",4004654,0.8660881993278715,4004654,True,MATCHED,MATCHED,True
400,1600938533886497,4,0.08755835,"[703.647,454.879,718.217,492.567]",4004654,0.0,,False,LOW_CONF,LOW_CONF,False
400,1600938533886497,5,0.06013072,"[708.478,457.128,720.0,492.726]",4004654,0.0,,False,LOW_CONF,LOW_CONF,False
400,1600938533886497,6,0.05986331,"[703.555,460.458,718.255,500.78]",4004654,0.0,,False,LOW_CONF,LOW_CONF,False
400,1600938533886497,7,0.05279003,"[647.466,647.951,673.999,680.998]",4004654,0.0,,False,LOW_CONF,LOW_CONF,False
400,1600938533953135,0,0.91591346,"[605.973,228.099,707.654,322.53]",4004651,0.9595685345748851,4004651,True,MATCHED,MATCHED,True
400,1600938533953135,1,0.88135052,"[659.063,294.125,720.0,368.496]",4004654,0.8831837208691729,4004654,True,MATCHED,MATCHED,True
400,1600938533953135,2,0.84727579,"[678.015,353.738,719.844,430.928]",4004656,0.8916290495812292,4004656,True,MATCHED,MATCHED,True
400,1600938533953135,3,0.8470102,"[586.613,179.21,668.491,255.967]",4004648,0.8807693549583465,4004648,True,MATCHED,MATCHED,True
400,1600938533953135,4,0.25678632,"[643.512,161.942,661.206,181.53]",4004648,0.006084938074717542,,False,LOW_CONF,LOW_CONF,False
400,1600938533953135,5,0.1359013,"[696.672,572.391,719.165,613.109]",4004654,0.0,,False,LOW_CONF,LOW_CONF,False
400,1600938534019771,0,0.90027815,"[664.922,345.673,719.986,430.646]",4004656,0.9618723419989748,4004656,True,MATCHED,MATCHED,True
400,1600938534019771,1,0.88160062,"[593.318,224.614,696.082,320.907]",4004651,0.9288103544783224,4004651,True,MATCHED,MATCHED,True
400,1600938534019771,2,0.86760294,"[571.526,175.121,656.966,253.079]",4004648,0.8829587798589248,4004648,True,MATCHED,MATCHED,True
400,1600938534019771,3,0.86356676,"[645.169,287.804,719.968,366.355]",4004654,0.8921021255618309,4004654,True,MATCHED,MATCHED,True
400,1600938534019771,4,0.16076696,"[702.133,429.173,718.184,463.003]",4004656,0.008825252784620619,,False,LOW_CONF,LOW_CONF,False
400,1600938534019771,5,0.13357693,"[696.326,428.126,718.041,462.299]",4004656,0.015866619730035548,,False,LOW_CONF,LOW_CONF,False
400,1600938534019771,6,0.10490093,"[710.316,430.135,720.0,462.713]",4004656,0.003276291904601577,,False,LOW_CONF,LOW_CONF,False
400,1600938534019771,7,0.06971163,"[689.942,600.238,718.095,633.934]",4004654,0.0,,False,LOW_CONF,LOW_CONF,False
400,1600938534019771,8,0.0616419,"[678.275,426.142,717.32,463.014]",4004656,0.03906539543076546,,False,LOW_CONF,LOW_CONF,False
400,1600938534086408,0,0.91455483,"[650.76,343.747,719.782,430.371]",4004656,0.9466676199842907,4004656,True,MATCHED,MATCHED,True
400,1600938534086408,1,0.90544361,"[578.655,224.497,681.008,320.214]",4004651,0.9204560876456896,4004651,True,MATCHED,MATCHED,True
400,1600938534086408,2,0.89687008,"[634.802,285.777,718.889,368.464]",4004654,0.8658567250275687,4004654,True,MATCHED,MATCHED,True
400,1600938534086408,3,0.86233807,"[558.014,175.612,642.272,252.938]",4004648,0.953953069851029,4004648,True,MATCHED,MATCHED,True
400,1600938534086408,4,0.06823583,"[615.579,161.742,634.002,178.619]",4004648,0.0069099358160115715,,False,LOW_CONF,LOW_CONF,False
400,1600938534153045,0,0.90790319,"[637.002,345.345,720.0,432.505]",4004656,0.9244338081219381,4004656,True,MATCHED,MATCHED,True
400,1600938534153045,1,0.90261626,"[562.359,227.953,664.681,322.053]",4004651,0.9451108491434624,4004651,True,MATCHED,MATCHED,True
400,1600938534153045,2,0.85790867,"[543.697,176.76,628.126,255.976]",4004648,0.9004835283359602,4004648,True,MATCHED,MATCHED,True
400,1600938534153045,3,0.84397089,"[619.856,287.829,709.011,368.876]",4004654,0.8747217393078287,4004654,True,MATCHED,MATCHED,True
400,1600938534153045,4,0.06915813,"[601.049,160.64,621.208,181.281]",4004648,0.009459676075045886,,False,LOW_CONF,LOW_CONF,False
400,1600938534219681,0,0.9044894,"[624.664,342.383,717.384,431.384]",4004656,0.9253389459520078,4004656,True,MATCHED,MATCHED,True
400,1600938534219681,1,0.89930969,"[548.899,224.795,651.385,320.438]",4004651,0.9165330661200054,4004651,True,MATCHED,MATCHED,True
400,1600938534219681,2,0.857418,"[607.224,286.562,694.235,365.992]",4004654,0.885021591861677,4004654,True,MATCHED,MATCHED,True
400,1600938534219681,3,0.85036361,"[529.545,176.103,613.301,253.431]",4004648,0.9314063006623102,4004648,True,MATCHED,MATCHED,True
400,1600938534286316,0,0.89708388,"[535.115,224.741,635.426,320.209]",4004651,0.9617605373937975,4004651,True,MATCHED,MATCHED,True
400,1600938534286316,1,0.89136863,"[609.5,342.343,706.028,431.013]",4004656,0.9102472479448009,4004656,True,MATCHED,MATCHED,True
400,1600938534286316,2,0.85340202,"[591.097,288.842,677.63,362.644]",4004654,0.8677049546195658,4004654,True,MATCHED,MATCHED,True
400,1600938534286316,3,0.84217441,"[515.139,177.13,599.03,253.65]",4004648,0.936240885747574,4004648,True,MATCHED,MATCHED,True
400,1600938534286316,4,0.06841577,"[579.507,161.673,594.937,181.678]",4004648,0.010878093249164285,,False,LOW_CONF,LOW_CONF,False
400,1600938534352951,0,0.91128075,"[521.713,227.341,619.177,322.843]",4004651,0.94142425737554,4004651,True,MATCHED,MATCHED,True
400,1600938534352951,1,0.890257,"[594.778,343.239,688.314,433.905]",4004656,0.9354972580140175,4004656,True,MATCHED,MATCHED,True
400,1600938534352951,2,0.85322702,"[578.423,289.881,663.414,366.288]",4004654,0.894120464400772,4004654,True,MATCHED,MATCHED,True
400,1600938534352951,3,0.83402693,"[503.828,179.959,585.029,254.303]",4004648,0.9431860040043514,4004648,True,MATCHED,MATCHED,True
400,1600938534352951,4,0.055852,"[562.734,162.057,579.627,182.422]",4004648,0.008650996591783,,False,LOW_CONF,LOW_CONF,False
400,1600938534419587,0,0.90859836,"[506.666,224.402,606.333,319.103]",4004651,0.9458164246900769,4004651,True,MATCHED,MATCHED,True
400,1600938534419587,1,0.89481521,"[580.683,342.07,674.815,431.643]",4004656,0.9463171308641981,4004656,True,MATCHED,MATCHED,True
400,1600938534419587,2,0.87538987,"[560.681,288.951,649.233,365.248]",4004654,0.8924798777960292,4004654,True,MATCHED,MATCHED,True
400,1600938534419587,3,0.8600418,"[488.959,175.998,572.865,253.243]",4004648,0.9754384451922246,4004648,True,MATCHED,MATCHED,True
400,1600938534486220,0,0.92152125,"[493.296,225.331,590.637,320.513]",4004651,0.9109840502661635,4004651,True,MATCHED,MATCHED,True
400,1600938534486220,1,0.90723974,"[566.815,342.632,660.721,431.964]",4004656,0.9398918095574104,4004656,True,MATCHED,MATCHED,True
400,1600938534486220,2,0.87643403,"[475.288,177.369,558.029,252.073]",4004648,0.9405361746609258,4004648,True,MATCHED,MATCHED,True
400,1600938534486220,3,0.84896362,"[548.273,288.238,636.146,365.078]",4004654,0.897788657131861,4004654,True,MATCHED,MATCHED,True
400,1600938534552855,0,0.91480172,"[479.364,226.96,575.787,321.649]",4004651,0.9405889830554028,4004651,True,MATCHED,MATCHED,True
400,1600938534552855,1,0.9019326,"[551.349,345.944,643.9,433.915]",4004656,0.9326235991981664,4004656,True,MATCHED,MATCHED,True
400,1600938534552855,2,0.86545968,"[460.982,179.533,543.26,252.728]",4004648,0.9555488386350763,4004648,True,MATCHED,MATCHED,True
400,1600938534552855,3,0.8573854,"[534.512,290.982,620.653,365.572]",4004654,0.9000388144167631,4004654,True,MATCHED,MATCHED,True
400,1600938534619491,0,0.89335722,"[465.486,225.779,562.781,320.187]",4004651,0.962041053311625,4004651,True,MATCHED,MATCHED,True
400,1600938534619491,1,0.89212173,"[537.823,343.641,631.005,431.623]",4004656,0.9287797353574258,4004656,True,MATCHED,MATCHED,True
400,1600938534619491,2,0.8627761,"[447.209,176.335,531.05,251.373]",4004648,0.9527501783848281,4004648,True,MATCHED,MATCHED,True
400,1600938534619491,3,0.85423791,"[519.391,288.936,606.654,364.332]",4004654,0.927368278773769,4004654,True,MATCHED,MATCHED,True
400,1600938534686129,0,0.92013866,"[450.654,226.726,548.2,321.868]",4004651,0.9641992499821777,4004651,True,MATCHED,MATCHED,True
400,1600938534686129,1,0.89416081,"[523.686,344.724,617.47,431.199]",4004656,0.9283392170329672,4004656,True,MATCHED,MATCHED,True
400,1600938534686129,2,0.86893451,"[506.188,290.376,592.587,365.003]",4004654,0.9269061336583426,4004654,True,MATCHED,MATCHED,True
400,1600938534686129,3,0.85744691,"[434.334,178.265,515.556,250.223]",4004648,0.9594044250038035,4004648,True,MATCHED,MATCHED,True
400,1600938534686129,4,0.06407967,"[500.588,163.671,517.584,182.922]",4004648,0.012146329834296131,,False,LOW_CONF,LOW_CONF,False
400,1600938534686129,5,0.05389531,"[500.87,170.79,517.923,186.121]",4004648,0.020035768655303977,,False,LOW_CONF,LOW_CONF,False
400,1600938534752767,0,0.9061482,"[435.275,227.034,533.41,321.769]",4004651,0.9542370283357833,4004651,True,MATCHED,MATCHED,True
400,1600938534752767,1,0.90384692,"[507.724,346.343,601.64,432.33]",4004656,0.9098904608046389,4004656,True,MATCHED,MATCHED,True
400,1600938534752767,2,0.87250388,"[420.44,177.067,500.988,252.352]",4004648,0.9283830241405083,4004648,True,MATCHED,MATCHED,True
400,1600938534752767,3,0.85793722,"[492.868,289.83,578.292,361.562]",4004654,0.9162132727272734,4004654,True,MATCHED,MATCHED,True
400,1600938534819405,0,0.90509981,"[422.144,226.299,518.748,321.208]",4004651,0.9674345483047082,4004651,True,MATCHED,MATCHED,True
400,1600938534819405,1,0.8997156,"[494.693,345.788,587.406,431.299]",4004656,0.911255903770813,4004656,True,MATCHED,MATCHED,True
400,1600938534819405,2,0.8781414,"[477.339,291.251,563.34,361.476]",4004654,0.915063670454546,4004654,True,MATCHED,MATCHED,True
400,1600938534819405,3,0.86628711,"[408.468,177.863,487.87,248.837]",4004648,0.962641938230525,4004648,True,MATCHED,MATCHED,True
400,1600938534886042,0,0.89781898,"[462.094,290.43,547.996,362.643]",4004654,0.9331639917641936,4004654,True,MATCHED,MATCHED,True
400,1600938534886042,1,0.89753556,"[407.13,226.478,504.356,320.97]",4004651,0.9593980976419687,4004651,True,MATCHED,MATCHED,True
400,1600938534886042,2,0.89576453,"[480.161,344.621,572.313,428.915]",4004656,0.892864591544906,4004656,True,MATCHED,MATCHED,True
400,1600938534886042,3,0.86839938,"[396.239,177.694,473.41,247.665]",4004648,0.9246116508561651,4004648,True,MATCHED,MATCHED,True
400,1600938534952679,0,0.90473998,"[394.045,227.34,488.14,322.843]",4004651,0.9719181299289977,4004651,True,MATCHED,MATCHED,True
400,1600938534952679,1,0.89804071,"[465.954,345.841,558.187,429.235]",4004656,0.8987596403010071,4004656,True,MATCHED,MATCHED,True
400,1600938534952679,2,0.8802653,"[447.621,291.445,532.917,362.468]",4004654,0.9335238073708796,4004654,True,MATCHED,MATCHED,True
400,1600938534952679,3,0.86439568,"[380.923,178.637,459.491,250.198]",4004648,0.9689160034913818,4004648,True,MATCHED,MATCHED,True
400,1600938535019316,0,0.90304625,"[379.948,226.258,473.676,321.651]",4004651,0.9744005966850791,4004651,True,MATCHED,MATCHED,False
400,1600938535019316,1,0.89943069,"[434.772,291.434,518.936,362.693]",4004654,0.9450681191326616,4004654,True,MATCHED,MATCHED,True
400,1600938535019316,2,0.893224,"[450.608,345.765,544.242,429.634]",4004656,0.9111296385486631,4004656,True,MATCHED,MATCHED,True
400,1600938535019316,3,0.86425078,"[366.976,178.305,445.551,249.746]",4004648,0.9673971324455308,4004648,True,MATCHED,MATCHED,True
400,1600938535085951,0,0.91336071,"[365.959,226.324,459.058,321.863]",4004651,0.9709559661423844,4004651,True,MATCHED,MATCHED,True
400,1600938535085951,1,0.89999187,"[437.306,344.596,529.709,428.628]",4004656,0.9081647831578942,4004656,True,MATCHED,MATCHED,True
400,1600938535085951,2,0.87862152,"[421.14,292.411,505.498,361.881]",4004654,0.9513555616883113,4004654,True,MATCHED,MATCHED,True
400,1600938535085951,3,0.8640151,"[351.67,177.925,432.601,244.938]",4004648,0.9243431216805169,4004648,True,MATCHED,MATCHED,True
400,1600938535152588,0,0.90734041,"[351.422,227.059,442.169,322.89]",4004651,0.9461710342677494,4004651,True,MATCHED,MATCHED,True
400,1600938535152588,1,0.8953383,"[422.708,346.73,514.622,429.4]",4004656,0.8887170035087708,4004656,True,MATCHED,MATCHED,True
400,1600938535152588,2,0.88652527,"[406.072,293.572,491.311,362.179]",4004654,0.9407570117240243,4004654,True,MATCHED,MATCHED,True
400,1600938535152588,3,0.8820405,"[338.696,179.504,417.881,247.271]",4004648,0.9464073888888882,4004648,True,MATCHED,MATCHED,True
400,1600938535152588,4,0.08189198,"[600.289,1216.872,661.654,1276.182]",4004648,0.0,,False,LOW_CONF,LOW_CONF,False
401,1600938536751851,0,0.90312529,"[78.65,347.099,174.61,429.814]",4013454,0.9447411481151743,4013454,True,MATCHED,MATCHED,True
401,1600938536751851,1,0.89812261,"[601.908,182.826,669.236,255.636]",4013460,0.9175072635046718,4013460,True,MATCHED,MATCHED,True
401,1600938536751851,2,0.88428688,"[611.368,243.071,699.724,344.157]",4013462,0.9415511929158757,4013462,True,MATCHED,MATCHED,True
401,1600938536751851,3,0.84827155,"[574.988,324.531,662.228,407.945]",4013464,0.9245888558269526,4013464,True,MATCHED,MATCHED,True
401,1600938536751851,4,0.84760326,"[69.605,288.218,161.024,356.799]",4013457,0.9162239969644147,4013457,True,MATCHED,MATCHED,True
401,1600938536751851,5,0.83548063,"[12.781,230.752,109.705,321.371]",4013451,0.9769083534416496,4013451,True,MATCHED,MATCHED,True
401,1600938536751851,6,0.83489233,"[10.581,182.842,91.485,240.401]",4013452,0.9348483746009298,4013452,True,MATCHED,MATCHED,True
401,1600938536751851,7,0.77712983,"[681.341,328.418,719.632,415.198]",4013468,0.5508804842943328,4013468,True,MATCHED,MATCHED,True
401,1600938536751851,8,0.70104557,"[664.446,703.571,718.621,767.063]",4013449,0.7475501405423522,4013449,True,MATCHED,MATCHED,True
401,1600938536751851,9,0.07212152,"[673.03,465.421,712.393,525.805]",4013466,0.7122587459284012,,False,LOW_CONF,LOW_CONF,False
401,1600938536751851,10,0.07110421,"[0.0,465.83,19.608,527.703]",4013449,0.0,,False,LOW_CONF,LOW_CONF,False
401,1600938536751851,11,0.05121733,"[649.303,581.666,676.824,634.866]",4013449,0.0,,False,LOW_CONF,LOW_CONF,False
401,1600938536818488,0,0.90216333,"[590.145,184.946,655.87,258.126]",4013460,0.9514722415382726,4013460,True,MATCHED,MATCHED,True
401,1600938536818488,1,0.89501035,"[63.511,346.751,162.473,429.412]",4013454,0.9422451377762326,4013454,True,MATCHED,MATCHED,True
401,1600938536818488,2,0.87133694,"[596.078,245.345,684.829,346.098]",4013462,0.9231403744036628,4013462,True,MATCHED,MATCHED,True
401,1600938536818488,3,0.86885065,"[55.519,286.817,145.971,353.438]",4013457,0.8857547767044279,4013457,True,MATCHED,MATCHED,True
401,1600938536818488,4,0.86669499,"[671.108,327.782,720.0,417.94]",4013468,0.7040284181287525,4013468,True,MATCHED,MATCHED,True
401,1600938536818488,5,0.84630364,"[1.245,182.275,76.87,237.976]",4013452,0.9521672976943941,4013452,True,MATCHED,MATCHED,True
401,1600938536818488,6,0.83791465,"[0.551,230.296,95.969,318.501]",4013451,0.9534773637702502,4013451,True,MATCHED,MATCHED,True
401,1600938536818488,7,0.78241158,"[564.0,326.63,648.038,407.664]",4013464,0.9418543404574008,4013464,True,MATCHED,MATCHED,True
401,1600938536818488,8,0.73763698,"[650.712,704.744,711.983,768.75]",4013449,0.7155204632708285,4013449,True,MATCHED,MATCHED,True
401,1600938536818488,9,0.2371811,"[655.842,465.116,697.553,528.189]",4013466,0.5948649688542488,,False,LOW_CONF,LOW_CONF,False
401,1600938536818488,10,0.12105998,"[657.476,466.86,707.25,536.712]",4013466,0.638062547835908,,False,LOW_CONF,LOW_CONF,False
401,1600938536818488,11,0.08794881,"[703.105,415.49,718.765,455.431]",4013468,0.006302685197210382,,False,LOW_CONF,LOW_CONF,False
401,1600938536885126,0,0.90493149,"[50.166,347.315,148.241,428.342]",4013454,0.9333712737843552,4013454,True,MATCHED,MATCHED,True
401,1600938536885126,1,0.89831305,"[657.343,324.672,720.0,416.754]",4013468,0.7728462993295929,4013468,True,MATCHED,MATCHED,True
401,1600938536885126,2,0.88812888,"[585.471,244.38,671.446,345.677]",4013462,0.8893737638649507,4013462,True,MATCHED,MATCHED,True
401,1600938536885126,3,0.88778305,"[575.863,183.955,642.441,255.819]",4013460,0.9329818515335809,4013460,True,MATCHED,MATCHED,True
401,1600938536885126,4,0.84719241,"[41.495,288.291,134.117,356.825]",4013457,0.9162328275160606,4013457,True,MATCHED,MATCHED,True
401,1600938536885126,5,0.83478338,"[552.341,327.202,634.757,408.242]",4013464,0.9035433766233761,4013464,True,MATCHED,MATCHED,True
401,1600938536885126,6,0.8317349,"[0.0,182.305,65.43,236.757]",4013452,0.9390165644915317,4013452,True,MATCHED,MATCHED,True
401,1600938536885126,7,0.83154708,"[0.0,230.486,84.19,317.223]",4013451,0.9506093607883838,4013451,True,MATCHED,MATCHED,True
401,1600938536885126,8,0.7095198,"[628.288,702.752,696.82,773.674]",4013449,0.7612115087813678,4013449,True,MATCHED,MATCHED,True
401,1600938536885126,9,0.16344832,"[636.158,462.096,677.979,526.557]",4013466,0.5451009942050903,,False,LOW_CONF,LOW_CONF,False
401,1600938536885126,10,0.05180868,"[626.45,467.176,680.62,539.375]",4013466,0.42775548806262237,,False,LOW_CONF,LOW_CONF,False
401,1600938536885126,11,0.05101711,"[0.986,304.446,32.824,322.433]",4013451,0.06561255446922848,,False,LOW_CONF,LOW_CONF,False
401,1600938536885126,12,0.05029691,"[641.182,469.228,694.341,539.536]",4013466,0.6420587924548019,,False,LOW_CONF,LOW_CONF,False
401,1600938536951764,0,0.90243286,"[645.087,325.128,718.694,416.379]",4013468,0.8406112148512879,4013468,True,MATCHED,MATCHED,True
401,1600938536951764,1,0.89328492,"[35.442,347.489,134.729,427.899]",4013454,0.9275523546465687,4013454,True,MATCHED,MATCHED,True
401,1600938536951764,2,0.88699949,"[563.828,183.866,629.3,254.975]",4013460,0.9150781247085837,4013460,True,MATCHED,MATCHED,True
401,1600938536951764,3,0.8661949,"[27.623,288.929,118.609,354.604]",4013457,0.8829056663711584,4013457,True,MATCHED,MATCHED,True
401,1600938536951764,4,0.86066896,"[570.828,245.831,658.13,343.873]",4013462,0.9086824535635857,4013462,True,MATCHED,MATCHED,True
401,1600938536951764,5,0.83440572,"[0.0,232.674,69.471,316.406]",4013451,0.9726753904488695,4013451,True,MATCHED,MATCHED,True
401,1600938536951764,6,0.8151769,"[622.372,704.425,684.483,773.153]",4013449,0.6878655881835064,4013449,True,MATCHED,MATCHED,True
401,1600938536951764,7,0.81047398,"[0.0,183.946,51.094,237.287]",4013452,0.942976673707079,4013452,True,MATCHED,MATCHED,True
401,1600938536951764,8,0.80099881,"[540.401,325.163,624.35,406.209]",4013464,0.913225404339819,4013464,True,MATCHED,MATCHED,True
401,1600938536951764,9,0.37166631,"[703.081,191.829,718.871,236.788]",4013470,0.9143984893567458,4013470,True,MATCHED,MATCHED,True
401,1600938536951764,10,0.35090855,"[623.022,464.353,664.67,526.066]",4013466,0.608244396555773,4013466,True,MATCHED,MATCHED,True
401,1600938536951764,11,0.22049363,"[703.854,285.845,719.402,326.741]",4013472,0.6225690335526707,,False,LOW_CONF,LOW_CONF,False
401,1600938536951764,12,0.18145931,"[710.865,285.656,720.0,319.328]",4013472,0.590766145033557,,False,LOW_CONF,LOW_CONF,False
401,1600938536951764,13,0.17889193,"[709.869,287.211,720.0,334.329]",4013472,0.6962772851939912,,False,LOW_CONF,LOW_CONF,False
401,1600938537018400,0,0.90112716,"[628.384,324.731,709.199,416.85]",4013468,0.8092576017112835,4013468,True,MATCHED,MATCHED,True
401,1600938537018400,1,0.89455146,"[550.21,184.731,615.15,256.32]",4013460,0.9545514308293996,4013460,True,MATCHED,MATCHED,True
401,1600938537018400,2,0.89234304,"[19.513,346.982,122.036,429.662]",4013454,0.9586448306060065,4013454,True,MATCHED,MATCHED,True
401,1600938537018400,3,0.85870445,"[527.181,325.255,610.761,409.402]",4013464,0.9358149593081094,4013464,True,MATCHED,MATCHED,True
401,1600938537018400,4,0.85039729,"[559.355,245.121,645.823,345.918]",4013462,0.9316057794281708,4013462,True,MATCHED,MATCHED,True
401,1600938537018400,5,0.84697479,"[12.084,288.689,104.991,354.912]",4013457,0.9121690527798363,4013457,True,MATCHED,MATCHED,True
401,1600938537018400,6,0.82986867,"[608.477,704.429,671.862,771.781]",4013449,0.6662151248439447,4013449,True,MATCHED,MATCHED,True
401,1600938537018400,7,0.77198941,"[694.285,280.381,719.775,361.994]",4013472,0.8618510372461914,4013472,True,MATCHED,MATCHED,True
401,1600938537018400,8,0.76014745,"[0.0,232.468,56.013,313.275]",4013451,0.5845908621248902,4013451,True,MATCHED,MATCHED,True
401,1600938537018400,9,0.75471771,"[0.0,189.372,38.322,236.725]",4013452,0.8860040060324772,4013452,True,MATCHED,MATCHED,True
401,1600938537018400,10,0.54351568,"[690.861,198.812,715.096,235.792]",4013470,0.6180760689655175,,False,GREEDY_MATCH_CONFLICT,GREEDY_MATCH_CONFLICT,False
401,1600938537018400,11,0.37975746,"[690.346,187.52,717.624,236.356]",4013470,0.905958418475075,4013470,True,MATCHED,MATCHED,True
401,1600938537018400,12,0.23661518,"[611.277,465.265,660.293,532.102]",4013466,0.7020855777947523,,False,LOW_CONF,LOW_CONF,False
401,1600938537018400,13,0.18232605,"[708.64,221.506,720.0,281.071]",4013470,0.07597156461215479,,False,LOW_CONF,LOW_CONF,False
401,1600938537018400,14,0.13054022,"[703.455,216.858,715.796,268.58]",4013470,0.1275499576479241,,False,LOW_CONF,LOW_CONF,False
401,1600938537018400,15,0.09153734,"[613.937,464.762,667.506,544.208]",4013466,0.8980594920821678,,False,LOW_CONF,LOW_CONF,False
401,1600938537018400,16,0.08719303,"[614.292,464.337,651.478,522.967]",4013466,0.5076624407462359,,False,LOW_CONF,LOW_CONF,False
401,1600938537018400,17,0.08135004,"[563.346,243.86,646.009,307.805]",4013462,0.5731345807486912,,False,LOW_CONF,LOW_CONF,False
401,1600938537085037,0,0.89714938,"[613.197,323.949,693.925,417.178]",4013468,0.7893924299502446,4013468,True,MATCHED,MATCHED,True
401,1600938537085037,1,0.8952502,"[7.231,346.255,107.718,429.879]",4013454,0.9579485736434111,4013454,True,MATCHED,MATCHED,True
401,1600938537085037,2,0.88250846,"[537.376,183.573,601.161,255.723]",4013460,0.9586389625461524,4013460,True,MATCHED,MATCHED,True
401,1600938537085037,3,0.88048047,"[546.824,244.225,631.168,344.308]",4013462,0.912144234874929,4013462,True,MATCHED,MATCHED,True
401,1600938537085037,4,0.85810578,"[1.811,287.845,91.967,355.896]",4013457,0.9262086286231883,4013457,True,MATCHED,MATCHED,True
401,1600938537085037,5,0.83220327,"[515.887,325.277,599.598,407.339]",4013464,0.9356810245417865,4013464,True,MATCHED,MATCHED,True
401,1600938537085037,6,0.82642907,"[593.973,703.165,660.013,770.553]",4013449,0.6692223061185694,4013449,True,MATCHED,MATCHED,True
401,1600938537085037,7,0.79615664,"[679.671,272.831,719.892,364.073]",4013472,0.9340642821271976,4013472,True,MATCHED,MATCHED,True
401,1600938537085037,8,0.69218922,"[0.0,195.173,25.924,233.039]",4013452,0.8390069948717945,4013452,True,MATCHED,MATCHED,True
401,1600938537085037,9,0.65111029,"[692.873,198.207,719.577,273.954]",4013470,0.26188994075699584,,False,IOU_BELOW_0_5,IOU_BELOW_0_5,False
401,1600938537085037,10,0.62036109,"[0.0,232.133,43.905,298.114]",4013451,0.6793478718161909,4013451,True,MATCHED,MATCHED,True
401,1600938537085037,11,0.33133331,"[677.549,198.335,702.061,234.97]",4013470,0.47263006315789574,,False,IOU_BELOW_0_5,IOU_BELOW_0_5,False
401,1600938537085037,12,0.28319851,"[680.563,196.776,717.393,236.919]",4013470,0.6383250148453781,,False,LOW_CONF,LOW_CONF,False
401,1600938537085037,13,0.25325942,"[0.35,231.981,35.137,284.645]",4013451,0.7838416571503661,,False,LOW_CONF,LOW_CONF,False
401,1600938537085037,14,0.22468993,"[595.439,464.047,637.489,527.902]",4013466,0.4928800105109811,,False,LOW_CONF,LOW_CONF,False
401,1600938537085037,15,0.09120726,"[513.369,183.836,538.396,214.351]",4013460,0.007751087924884824,,False,LOW_CONF,LOW_CONF,False
401,1600938537151673,0,0.90233803,"[524.801,183.539,588.479,257.213]",4013460,0.9508640221835217,4013460,True,MATCHED,MATCHED,True
401,1600938537151673,1,0.89444196,"[605.978,324.746,681.97,416.51]",4013468,0.8327226694328168,4013468,True,MATCHED,MATCHED,True
401,1600938537151673,2,0.88801211,"[0.0,346.978,94.202,429.936]",4013454,0.962632443274333,4013454,True,MATCHED,MATCHED,True
401,1600938537151673,3,0.87980151,"[668.275,272.454,720.0,365.969]",4013472,0.9495876569558062,4013472,True,MATCHED,MATCHED,True
401,1600938537151673,4,0.87879997,"[532.876,244.594,618.431,346.304]",4013462,0.9153890705005859,4013462,True,MATCHED,MATCHED,True
401,1600938537151673,5,0.86575055,"[1.225,287.577,79.883,353.97]",4013457,0.9273738824340609,4013457,True,MATCHED,MATCHED,True
401,1600938537151673,6,0.81516063,"[575.504,702.185,647.197,771.211]",4013449,0.7151289508721153,4013449,True,MATCHED,MATCHED,True
401,1600938537151673,7,0.78894162,"[505.526,326.184,588.054,408.258]",4013464,0.9047955687498501,4013464,True,MATCHED,MATCHED,True
401,1600938537151673,8,0.74018574,"[678.203,185.247,719.656,275.097]",4013470,0.2526983915990215,,False,IOU_BELOW_0_5,IOU_BELOW_0_5,False
401,1600938537151673,9,0.45946616,"[534.153,242.678,620.993,310.191]",4013462,0.6021486620069815,,False,GREEDY_MATCH_CONFLICT,GREEDY_MATCH_CONFLICT,False
401,1600938537151673,10,0.32746264,"[668.069,183.098,719.774,238.008]",4013470,0.5310573130833812,4013470,True,MATCHED,MATCHED,True
401,1600938537151673,11,0.31900245,"[1.476,239.844,40.215,293.031]",4013451,0.5446693652802093,4013451,True,MATCHED,MATCHED,True
401,1600938537151673,12,0.22761399,"[0.55,243.734,30.38,288.238]",4013451,0.7820561895143796,,False,LOW_CONF,LOW_CONF,False
401,1600938537151673,13,0.11899891,"[703.389,124.043,718.845,148.477]",4013449,0.0,,False,LOW_CONF,LOW_CONF,False
401,1600938537151673,14,0.1004503,"[664.214,183.687,709.582,233.444]",4013470,0.7506234310915344,,False,LOW_CONF,LOW_CONF,False
401,1600938537151673,15,0.09049776,"[0.0,199.648,10.812,229.085]",4013452,0.6291831857416027,,False,LOW_CONF,LOW_CONF,False
401,1600938537151673,16,0.08989306,"[698.748,490.612,719.268,565.693]",4013449,0.0,,False,LOW_CONF,LOW_CONF,False
401,1600938537151673,17,0.05499686,"[580.698,464.083,624.483,527.716]",4013466,0.5257408589929099,,False,LOW_CONF,LOW_CONF,False
401,1600938537218310,0,0.92847455,"[652.599,272.503,720.0,366.802]",4013472,0.9190112999722786,4013472,True,MATCHED,MATCHED,True
401,1600938537218310,1,0.91219854,"[510.61,184.037,575.488,257.767]",4013460,0.9423082090951377,4013460,True,MATCHED,MATCHED,True
401,1600938537218310,2,0.89758581,"[591.674,325.912,665.961,418.265]",4013468,0.8018332964470388,4013468,True,MATCHED,MATCHED,True
401,1600938537218310,3,0.89441204,"[520.832,245.594,607.851,348.06]",4013462,0.9252758933777773,4013462,True,MATCHED,MATCHED,True
401,1600938537218310,4,0.89139301,"[0.0,348.112,81.972,430.331]",4013454,0.94519125399366,4013454,True,MATCHED,MATCHED,True
401,1600938537218310,5,0.8652193,"[0.125,288.782,65.645,353.245]",4013457,0.9359271272261745,4013457,True,MATCHED,MATCHED,True
401,1600938537218310,6,0.85826802,"[491.885,328.458,573.055,408.344]",4013464,0.896189518882562,4013464,True,MATCHED,MATCHED,True
401,1600938537218310,7,0.81573701,"[559.836,702.852,632.666,763.348]",4013449,0.6995750523975868,4013449,True,MATCHED,MATCHED,True
401,1600938537218310,8,0.38850144,"[663.4,189.301,719.054,277.36]",4013470,0.17301793203863244,,False,IOU_BELOW_0_5,IOU_BELOW_0_5,False
401,1600938537218310,9,0.14062931,"[6.02,156.82,24.038,184.84]",4013449,0.0,,False,LOW_CONF,LOW_CONF,False
401,1600938537218310,10,0.11895493,"[651.64,202.711,668.259,230.739]",4013470,0.28315947234042593,,False,LOW_CONF,LOW_CONF,False
401,1600938537218310,11,0.10921345,"[549.679,464.762,615.006,551.913]",4013466,0.5411949760304355,,False,LOW_CONF,LOW_CONF,False
401,1600938537218310,12,0.10024136,"[489.981,178.677,516.544,215.162]",4013460,0.030256353720379697,,False,LOW_CONF,LOW_CONF,False
401,1600938537218310,13,0.06636123,"[708.791,111.293,720.0,129.082]",4013473,0.4860467706933092,,False,LOW_CONF,LOW_CONF,False
401,1600938537218310,14,0.05057831,"[702.73,112.068,719.312,132.276]",4013473,0.43357196177427987,,False,LOW_CONF,LOW_CONF,False
401,1600938537284944,0,0.90381479,"[640.746,271.675,718.939,368.092]",4013472,0.9573717295916933,4013472,True,MATCHED,MATCHED,True
401,1600938537284944,1,0.89886624,"[580.514,325.109,653.09,417.674]",4013468,0.8842030367981566,4013468,True,MATCHED,MATCHED,True
401,1600938537284944,2,0.88628626,"[0.0,347.383,68.566,429.311]",4013454,0.9561876102406579,4013454,True,MATCHED,MATCHED,True
401,1600938537284944,3,0.87605411,"[506.917,245.165,594.018,343.581]",4013462,0.9300398295229815,4013462,True,MATCHED,MATCHED,True
401,1600938537284944,4,0.8752386,"[498.3,184.482,564.631,256.205]",4013460,0.8940100658680326,4013460,True,MATCHED,MATCHED,True
401,1600938537284944,5,0.87146437,"[0.0,289.592,51.196,352.197]",4013457,0.9569480913041437,4013457,True,MATCHED,MATCHED,True
401,1600938537284944,6,0.82976079,"[536.767,702.196,620.125,766.563]",4013449,0.8145684961227946,4013449,True,MATCHED,MATCHED,True
401,1600938537284944,7,0.79102546,"[481.836,325.408,565.259,406.667]",4013464,0.8908922444974015,4013464,True,MATCHED,MATCHED,True
401,1600938537284944,8,0.37045133,"[696.646,109.369,718.03,131.894]",4013473,0.8376949565217399,4013473,True,MATCHED,MATCHED,True
401,1600938537284944,9,0.14750619,"[536.22,467.122,613.078,555.574]",4013466,0.7273607871154134,,False,LOW_CONF,LOW_CONF,False
401,1600938537284944,10,0.14578603,"[645.34,197.081,717.434,277.79]",4013470,0.13129475771467905,,False,LOW_CONF,LOW_CONF,False
401,1600938537284944,11,0.10416223,"[4.231,272.034,24.647,290.675]",4013457,0.009577921827666697,,False,LOW_CONF,LOW_CONF,False
401,1600938537284944,12,0.08709178,"[637.973,199.311,653.883,229.107]",4013470,0.31519571808510793,,False,LOW_CONF,LOW_CONF,False
401,1600938537284944,13,0.05381261,"[638.838,186.162,668.217,225.938]",4013470,0.7769807872340425,,False,LOW_CONF,LOW_CONF,False
401,1600938537284944,14,0.05062688,"[639.424,195.531,662.571,228.597]",4013470,0.508895413563831,,False,LOW_CONF,LOW_CONF,False
401,1600938537351580,0,0.91402024,"[626.586,271.28,710.74,367.408]",4013472,0.9535409952132851,4013472,True,MATCHED,MATCHED,True
401,1600938537351580,1,0.90647203,"[562.892,324.524,639.266,417.643]",4013468,0.843970746341252,4013468,True,MATCHED,MATCHED,True
401,1600938537351580,2,0.88415968,"[0.092,348.858,54.785,429.796]",4013454,0.9486185978228808,4013454,True,MATCHED,MATCHED,True
401,1600938537351580,3,0.88275814,"[484.688,184.143,549.554,256.024]",4013460,0.9346979218769881,4013460,True,MATCHED,MATCHED,True
401,1600938537351580,4,0.83392048,"[0.0,292.856,40.604,351.894]",4013457,0.9320196237712709,4013457,True,MATCHED,MATCHED,True
401,1600938537351580,5,0.82683742,"[494.985,243.69,581.022,344.302]",4013462,0.9161341986802862,4013462,True,MATCHED,MATCHED,True
401,1600938537351580,6,0.82421279,"[514.836,699.585,607.334,764.094]",4013449,0.8456534114611697,4013449,True,MATCHED,MATCHED,True
401,1600938537351580,7,0.79132682,"[468.425,325.934,550.25,410.83]",4013464,0.9260972738628871,4013464,True,MATCHED,MATCHED,True
401,1600938537351580,8,0.5030629,"[683.604,107.096,712.576,130.308]",4013473,0.6925590016309188,4013473,True,MATCHED,MATCHED,True
401,1600938537351580,9,0.44495779,"[670.779,107.375,712.363,146.22]",4013473,0.402394437576637,,False,IOU_BELOW_0_5,IOU_BELOW_0_5,False
401,1600938537351580,10,0.23570661,"[631.286,192.567,702.031,276.575]",4013470,0.14272427803815665,,False,LOW_CONF,LOW_CONF,False
401,1600938537351580,11,0.15070015,"[499.757,243.412,580.067,302.258]",4013462,0.4956133278675296,,False,LOW_CONF,LOW_CONF,False
401,1600938537351580,12,0.11727582,"[623.41,187.409,651.878,226.551]",4013470,0.7614300551915036,,False,LOW_CONF,LOW_CONF,False
401,1600938537351580,13,0.11345129,"[623.157,194.245,638.297,229.418]",4013470,0.34929884898292435,,False,LOW_CONF,LOW_CONF,False
401,1600938537351580,14,0.10070356,"[623.244,191.839,646.152,227.916]",4013470,0.5560370438205581,,False,LOW_CONF,LOW_CONF,False
401,1600938537351580,15,0.09619173,"[699.291,266.651,720.0,293.153]",4013472,0.02678800558287637,,False,LOW_CONF,LOW_CONF,False
401,1600938537351580,16,0.05269869,"[524.277,465.999,592.693,554.607]",4013466,0.6846466274193675,,False,LOW_CONF,LOW_CONF,False
401,1600938537418215,0,0.90626281,"[613.492,272.096,695.429,368.355]",4013472,0.9694955442793465,4013472,True,MATCHED,MATCHED,True
401,1600938537418215,1,0.90079468,"[551.746,325.851,627.777,418.269]",4013468,0.8478031609753894,4013468,True,MATCHED,MATCHED,True
401,1600938537418215,2,0.88094312,"[482.819,244.589,565.145,348.44]",4013462,0.8551012448955444,4013462,True,MATCHED,MATCHED,True
401,1600938537418215,3,0.87571681,"[472.777,184.357,536.729,258.173]",4013460,0.9379124711630683,4013460,True,MATCHED,MATCHED,True
401,1600938537418215,4,0.84992081,"[499.539,700.895,595.557,761.345]",4013449,0.8989471724615795,4013449,True,MATCHED,MATCHED,True
401,1600938537418215,5,0.84052604,"[0.0,352.016,41.492,426.087]",4013454,0.8949788645686326,4013454,True,MATCHED,MATCHED,True
401,1600938537418215,6,0.80290031,"[462.387,329.137,538.439,408.436]",4013464,0.8671291512595415,4013464,True,MATCHED,MATCHED,True
401,1600938537418215,7,0.73041087,"[0.0,299.561,25.896,351.581]",4013457,0.9130368065667673,4013457,True,MATCHED,MATCHED,True
401,1600938537418215,8,0.5893656,"[670.678,107.581,697.421,134.97]",4013473,0.8758218851814324,4013473,True,MATCHED,MATCHED,True
401,1600938537418215,9,0.22175302,"[667.075,108.277,697.645,142.806]",4013473,0.640423495004551,,False,LOW_CONF,LOW_CONF,False
401,1600938537418215,10,0.21891999,"[410.528,520.642,510.69,591.292]",4013449,0.0,,False,LOW_CONF,LOW_CONF,False
401,1600938537418215,11,0.1927795,"[613.033,195.373,626.904,227.173]",4013470,0.20845831758034006,,False,LOW_CONF,LOW_CONF,False
401,1600938537418215,12,0.15946843,"[613.149,189.654,633.173,225.102]",4013470,0.3354493156899812,,False,LOW_CONF,LOW_CONF,False
401,1600938537418215,13,0.15665507,"[1.301,634.227,20.695,681.468]",4013449,0.0,,False,LOW_CONF,LOW_CONF,False
401,1600938537418215,14,0.12376466,"[515.377,466.666,575.247,551.546]",4013466,0.7649894392195865,,False,LOW_CONF,LOW_CONF,False
401,1600938537418215,15,0.06492195,"[435.906,113.336,453.315,130.487]",4013449,0.0,,False,LOW_CONF,LOW_CONF,False
401,1600938537418215,16,0.05628397,"[613.628,190.73,638.682,230.317]",4013470,0.4687205567107748,,False,LOW_CONF,LOW_CONF,False
401,1600938537484849,0,0.90235949,"[459.678,184.021,523.351,257.246]",4013460,0.9331543772154867,4013460,True,MATCHED,MATCHED,True
401,1600938537484849,1,0.89145905,"[597.871,271.839,681.969,367.974]",4013472,0.9468221706791969,4013472,True,MATCHED,MATCHED,True
401,1600938537484849,2,0.89004797,"[536.896,324.466,612.47,418.642]",4013468,0.8570374707202855,4013468,True,MATCHED,MATCHED,True
401,1600938537484849,3,0.85270351,"[444.95,326.934,524.602,407.48]",4013464,0.909317524837834,4013464,True,MATCHED,MATCHED,True
401,1600938537484849,4,0.83336806,"[468.591,244.288,556.13,342.697]",4013462,0.9288424468883107,4013462,True,MATCHED,MATCHED,True
401,1600938537484849,5,0.81069595,"[485.105,697.242,582.555,757.488]",4013449,0.8827888479303012,4013449,True,MATCHED,MATCHED,True
401,1600938537484849,6,0.77451843,"[0.0,358.334,28.161,417.11]",4013454,0.8291717935377602,4013454,True,MATCHED,MATCHED,True
401,1600938537484849,7,0.72119677,"[470.704,243.874,556.253,307.482]",4013462,0.5901925611674111,,False,GREEDY_MATCH_CONFLICT,GREEDY_MATCH_CONFLICT,False
401,1600938537484849,8,0.33968535,"[658.597,105.9,682.651,130.86]",4013473,0.7257025916429583,4013473,True,MATCHED,MATCHED,True
401,1600938537484849,9,0.33805621,"[0.0,322.061,12.746,352.976]",4013457,0.7503907005591092,4013457,True,MATCHED,MATCHED,True
401,1600938537484849,10,0.15792853,"[485.508,460.809,559.69,552.569]",4013466,0.5365093980606648,,False,LOW_CONF,LOW_CONF,False
401,1600938537484849,11,0.13762231,"[597.32,195.081,611.251,225.999]",4013470,0.18726898173912948,,False,LOW_CONF,LOW_CONF,False
401,1600938537484849,12,0.09350155,"[597.036,189.89,616.058,224.643]",4013470,0.28742242000000084,,False,LOW_CONF,LOW_CONF,False
401,1600938537484849,13,0.08770124,"[423.861,114.233,438.916,130.027]",4013449,0.0,,False,LOW_CONF,LOW_CONF,False
401,1600938537484849,14,0.08216375,"[644.904,106.84,682.402,142.82]",4013473,0.465535478619735,,False,LOW_CONF,LOW_CONF,False
401,1600938537484849,15,0.08115974,"[396.728,522.2,492.584,592.096]",4013449,0.0,,False,LOW_CONF,LOW_CONF,False
401,1600938537484849,16,0.08043591,"[499.567,462.822,557.089,545.013]",4013466,0.5867999707631262,,False,LOW_CONF,LOW_CONF,False
401,1600938537484849,17,0.0643914,"[652.018,105.085,682.699,134.753]",4013473,0.7000400584500949,,False,LOW_CONF,LOW_CONF,False
401,1600938537484849,18,0.06109985,"[452.401,175.982,467.433,198.28]",4013460,0.02172092223060428,,False,LOW_CONF,LOW_CONF,False
401,1600938537551483,0,0.90539563,"[583.88,272.221,667.484,368.719]",4013472,0.9451115623015952,4013472,True,MATCHED,MATCHED,True
401,1600938537551483,1,0.90146697,"[445.682,184.152,508.635,257.934]",4013460,0.9585389365683256,4013460,True,MATCHED,MATCHED,True
401,1600938537551483,2,0.90066934,"[522.221,325.048,598.158,418.098]",4013468,0.8666465429283657,4013468,True,MATCHED,MATCHED,True
401,1600938537551483,3,0.87212932,"[457.051,245.338,545.405,345.834]",4013462,0.9568839375038661,4013462,True,MATCHED,MATCHED,True
401,1600938537551483,4,0.83333915,"[431.621,327.24,513.162,409.358]",4013464,0.922073948584091,4013464,True,MATCHED,MATCHED,True
401,1600938537551483,5,0.81578517,"[470.729,700.415,570.05,754.864]",4013449,0.9083440028383635,4013449,True,MATCHED,MATCHED,True
401,1600938537551483,6,0.49578086,"[643.912,107.411,669.842,133.118]",4013473,0.8204258662612578,4013473,True,MATCHED,MATCHED,True
401,1600938537551483,7,0.43620101,"[584.73,186.445,631.468,232.293]",4013470,0.7968611540952805,4013470,True,MATCHED,MATCHED,True
401,1600938537551483,8,0.37137684,"[0.0,373.2,14.532,409.014]",4013454,0.809895090734093,4013454,True,MATCHED,MATCHED,True
401,1600938537551483,9,0.27265531,"[633.984,108.578,669.669,140.245]",4013473,0.5982105566562064,,False,LOW_CONF,LOW_CONF,False
401,1600938537551483,10,0.23743699,"[630.173,114.779,663.461,144.894]",4013473,0.32713947749446526,,False,LOW_CONF,LOW_CONF,False
401,1600938537551483,11,0.11189719,"[385.665,536.723,473.511,590.159]",4013449,0.0,,False,LOW_CONF,LOW_CONF,False
401,1600938537551483,12,0.08769308,"[585.223,187.145,649.688,264.39]",4013470,0.3593479282703604,,False,LOW_CONF,LOW_CONF,False
401,1600938537551483,13,0.05318205,"[485.804,466.182,540.146,552.48]",4013466,0.5458456996879234,,False,LOW_CONF,LOW_CONF,False
401,1600938537618118,0,0.89673656,"[509.794,325.739,583.907,418.591]",4013468,0.8498442886748925,4013468,True,MATCHED,MATCHED,True
401,1600938537618118,1,0.8925392,"[569.303,272.093,653.342,369.348]",4013472,0.9325789775051139,4013472,True,MATCHED,MATCHED,True
401,1600938537618118,2,0.8899141,"[433.18,184.452,497.744,257.437]",4013460,0.9426831064566908,4013460,True,MATCHED,MATCHED,True
401,1600938537618118,3,0.84882379,"[443.961,245.675,529.877,325.534]",4013462,0.7533741712516766,4013462,True,MATCHED,MATCHED,True
401,1600938537618118,4,0.79770517,"[457.818,701.085,557.357,755.807]",4013449,0.8998717511084593,4013449,True,MATCHED,MATCHED,True
401,1600938537618118,5,0.7555986,"[422.127,326.985,500.459,407.627]",4013464,0.9075932678160916,4013464,True,MATCHED,MATCHED,True
401,1600938537618118,6,0.58038169,"[630.799,107.381,657.165,132.675]",4013473,0.8820355883892443,4013473,True,MATCHED,MATCHED,True
401,1600938537618118,7,0.50893712,"[574.36,185.72,619.786,223.816]",4013470,0.8339254220171763,4013470,True,MATCHED,MATCHED,True
401,1600938537618118,8,0.10413545,"[449.83,304.586,512.106,356.536]",4013462,0.25633689593164116,,False,LOW_CONF,LOW_CONF,False
401,1600938537618118,9,0.09838268,"[474.059,462.728,540.694,552.351]",4013466,0.7623981782385361,,False,LOW_CONF,LOW_CONF,False
401,1600938537618118,10,0.05426577,"[404.667,112.416,424.464,127.144]",4013449,0.0,,False,LOW_CONF,LOW_CONF,False
401,1600938537684754,0,0.90858871,"[498.779,324.188,570.763,417.872]",4013468,0.8830244165537988,4013468,True,MATCHED,MATCHED,True
401,1600938537684754,1,0.89403206,"[556.757,271.038,640.386,368.408]",4013472,0.9438706880127714,4013472,True,MATCHED,MATCHED,True
401,1600938537684754,2,0.88095075,"[419.647,184.145,484.055,256.311]",4013460,0.927682816450277,4013460,True,MATCHED,MATCHED,True
401,1600938537684754,3,0.83735722,"[434.311,244.718,518.026,314.345]",4013462,0.6341882607986075,4013462,True,MATCHED,MATCHED,True
401,1600938537684754,4,0.81384659,"[445.608,700.207,545.512,752.202]",4013449,0.942943290449357,4013449,True,MATCHED,MATCHED,True
401,1600938537684754,5,0.71664757,"[413.215,326.894,486.663,408.681]",4013464,0.8343182744444446,4013464,True,MATCHED,MATCHED,True
401,1600938537684754,6,0.71538788,"[558.187,184.051,607.33,248.513]",4013470,0.5022324142425223,4013470,True,MATCHED,MATCHED,True
401,1600938537684754,7,0.66354442,"[464.47,464.469,539.307,553.995]",4013466,0.9199560850647737,4013466,True,MATCHED,MATCHED,False
401,1600938537684754,8,0.54994631,"[617.998,105.273,644.215,132.293]",4013473,0.8390636051335738,4013473,True,MATCHED,MATCHED,True
401,1600938537684754,9,0.31559157,"[611.509,105.942,644.456,141.728]",4013473,0.5733471557946436,,False,GREEDY_MATCH_CONFLICT,GREEDY_MATCH_CONFLICT,False
401,1600938537684754,10,0.09235724,"[433.053,247.649,513.209,347.984]",4013462,0.8274775456633471,,False,LOW_CONF,LOW_CONF,False
401,1600938537684754,11,0.08941597,"[433.971,299.625,500.381,353.83]",4013462,0.30819580435916066,,False,LOW_CONF,LOW_CONF,False
401,1600938537684754,12,0.0770383,"[390.36,113.724,409.772,128.761]",4013449,0.0,,False,LOW_CONF,LOW_CONF,False
401,1600938537684754,13,0.05117171,"[403.632,313.862,488.364,550.373]",4013464,0.3493663578337136,,False,LOW_CONF,LOW_CONF,False
401,1600938537751390,0,0.91001189,"[482.694,325.76,558.465,419.893]",4013468,0.8786060934440878,4013468,True,MATCHED,MATCHED,True
401,1600938537751390,1,0.90134019,"[546.544,271.87,627.708,370.286]",4013472,0.9574928056985778,4013472,True,MATCHED,MATCHED,True
401,1600938537751390,2,0.88061917,"[406.814,185.384,470.25,258.21]",4013460,0.9516022066377194,4013460,True,MATCHED,MATCHED,True
401,1600938537751390,3,0.86695778,"[419.833,245.211,503.771,323.356]",4013462,0.7136693515395494,4013462,True,MATCHED,MATCHED,True
401,1600938537751390,4,0.81254822,"[432.86,702.484,531.993,754.069]",4013449,0.8747412531850288,4013449,True,MATCHED,MATCHED,True
401,1600938537751390,5,0.74329358,"[542.698,186.332,593.122,257.043]",4013470,0.28438958125542435,,False,IOU_BELOW_0_5,IOU_BELOW_0_5,False
401,1600938537751390,6,0.58849376,"[415.053,331.365,477.549,408.33]",4013464,0.684113872848812,4013464,True,MATCHED,MATCHED,True
401,1600938537751390,7,0.56880462,"[605.884,108.636,632.501,134.75]",4013473,0.8537902734167264,4013473,True,MATCHED,MATCHED,True
401,1600938537751390,8,0.35834682,"[447.188,461.956,526.602,552.803]",4013466,0.806983284827701,4013466,True,MATCHED,MATCHED,False
401,1600938537751390,9,0.0942331,"[423.712,302.3,485.502,352.791]",4013462,0.27277939222213515,,False,LOW_CONF,LOW_CONF,False
401,1600938537751390,10,0.07026839,"[391.137,110.754,404.639,126.19]",4013449,0.0,,False,LOW_CONF,LOW_CONF,False
401,1600938537751390,11,0.0686872,"[431.346,703.135,453.474,748.673]",4013449,0.19400555718136303,,False,LOW_CONF,LOW_CONF,False
401,1600938537751390,12,0.05618975,"[419.736,290.834,492.968,350.752]",4013462,0.41267055829093374,,False,LOW_CONF,LOW_CONF,False
401,1600938537818025,0,0.89825726,"[469.345,326.797,545.402,420.199]",4013468,0.9065473662495057,4013468,True,MATCHED,MATCHED,True
401,1600938537818025,1,0.89823079,"[530.449,271.529,612.584,369.104]",4013472,0.9549885250017853,4013472,True,MATCHED,MATCHED,True
401,1600938537818025,2,0.89299423,"[392.99,184.557,456.006,257.577]",4013460,0.9595996547535364,4013460,True,MATCHED,MATCHED,True
401,1600938537818025,3,0.87182015,"[407.142,245.823,491.82,320.984]",4013462,0.6849422253551439,4013462,True,MATCHED,MATCHED,True
401,1600938537818025,4,0.77681243,"[421.224,701.398,519.925,751.938]",4013449,0.8995302996965402,4013449,True,MATCHED,MATCHED,False
401,1600938537818025,5,0.71043569,"[529.591,185.421,578.79,226.903]",4013470,0.5525140384918538,4013470,True,MATCHED,MATCHED,False
401,1600938537818025,6,0.61989516,"[593.528,107.965,618.443,132.605]",4013473,0.8121847460401915,4013473,True,MATCHED,MATCHED,True
401,1600938537818025,7,0.49711612,"[433.234,462.048,512.366,551.762]",4013466,0.8274636127871926,4013466,True,MATCHED,MATCHED,False
401,1600938537818025,8,0.47877067,"[402.322,322.828,467.241,408.601]",4013464,0.7356908863478145,4013464,True,MATCHED,MATCHED,True
401,1600938537818025,9,0.27429819,"[527.295,185.838,579.946,246.349]",4013470,0.3578194114815383,,False,LOW_CONF,LOW_CONF,False
401,1600938537884660,0,0.89843965,"[517.143,271.023,599.052,369.281]",4013472,0.9519256832990004,4013472,True,MATCHED,MATCHED,True
401,1600938537884660,1,0.89174235,"[379.023,184.827,440.765,258.648]",4013460,0.913862879299567,4013460,True,MATCHED,MATCHED,True
401,1600938537884660,2,0.88714039,"[456.033,327.262,533.577,420.253]",4013468,0.9086251864890793,4013468,True,MATCHED,MATCHED,True
401,1600938537884660,3,0.8620348,"[394.229,244.956,481.319,318.142]",4013462,0.7004141472527476,4013462,True,MATCHED,MATCHED,True
401,1600938537884660,4,0.79215968,"[408.453,702.062,507.795,751.452]",4013449,0.8928715842016983,4013449,True,MATCHED,MATCHED,False
401,1600938537884660,5,0.65831196,"[419.67,462.109,499.786,555.004]",4013466,0.8086616889387892,4013466,True,MATCHED,MATCHED,False
401,1600938537884660,6,0.61144245,"[392.564,329.415,452.951,406.849]",4013464,0.6726131987917143,4013464,True,MATCHED,MATCHED,True
401,1600938537884660,7,0.59456134,"[579.345,108.532,605.015,135.188]",4013473,0.8925149020617116,4013473,True,MATCHED,MATCHED,True
401,1600938537884660,8,0.42615202,"[517.791,186.94,564.838,224.26]",4013470,0.6194966388719558,4013470,True,MATCHED,MATCHED,True
401,1600938537884660,9,0.14585267,"[393.798,308.399,457.399,387.462]",4013464,0.45745369516856127,,False,LOW_CONF,LOW_CONF,False
401,1600938537884660,10,0.06095462,"[404.709,704.252,426.136,745.96]",4013449,0.16549579925925975,,False,LOW_CONF,LOW_CONF,False
401,1600938537884660,11,0.059595,"[572.154,107.324,604.924,137.402]",4013473,0.6649592358000196,,False,LOW_CONF,LOW_CONF,False
401,1600938537884660,12,0.05331735,"[381.888,20.728,406.707,60.553]",4013449,0.0,,False,LOW_CONF,LOW_CONF,False
401,1600938537951295,0,0.9043836,"[367.167,185.219,430.343,257.41]",4013460,0.942316842121396,4013460,True,MATCHED,MATCHED,True
401,1600938537951295,1,0.89358395,"[505.266,270.136,586.157,370.364]",4013472,0.9871987524532372,4013472,True,MATCHED,MATCHED,True
401,1600938537951295,2,0.89264297,"[441.449,326.09,518.504,419.765]",4013468,0.8951075380235836,4013468,True,MATCHED,MATCHED,True
401,1600938537951295,3,0.8238554,"[380.631,245.163,467.891,318.991]",4013462,0.7007557485228839,4013462,True,MATCHED,MATCHED,True
401,1600938537951295,4,0.7980898,"[407.007,466.596,488.051,553.928]",4013466,0.8663789107137431,4013466,True,MATCHED,MATCHED,True
401,1600938537951295,5,0.75708073,"[395.108,702.793,496.742,752.904]",4013449,0.9012158929568319,4013449,True,MATCHED,MATCHED,True
401,1600938537951295,6,0.74575043,"[502.038,185.916,552.649,229.67]",4013470,0.6480212091642789,4013470,True,MATCHED,MATCHED,True
401,1600938537951295,7,0.64731216,"[566.204,106.264,593.171,133.35]",4013473,0.8707030460397794,4013473,True,MATCHED,MATCHED,True
401,1600938537951295,8,0.50936174,"[381.647,300.737,449.534,374.192]",4013464,0.3362128814633265,,False,IOU_BELOW_0_5,IOU_BELOW_0_5,False
401,1600938537951295,9,0.45269585,"[381.876,316.771,442.029,398.103]",4013464,0.5949494096522367,4013464,True,MATCHED,MATCHED,True
401,1600938537951295,10,0.35334671,"[382.078,335.587,439.465,406.542]",4013464,0.5941769422150882,,False,GREEDY_MATCH_CONFLICT,GREEDY_MATCH_CONFLICT,False
401,1600938537951295,11,0.24970894,"[390.424,704.684,413.578,751.03]",4013449,0.20451241762053654,,False,LOW_CONF,LOW_CONF,False
401,1600938538017929,0,0.90774691,"[428.554,326.765,504.497,420.261]",4013468,0.9099529992614762,4013468,True,MATCHED,MATCHED,True
401,1600938538017929,1,0.89431053,"[353.052,185.769,419.127,257.959]",4013460,0.9385366282460683,4013460,True,MATCHED,MATCHED,True
401,1600938538017929,2,0.89262539,"[491.811,270.431,571.377,371.042]",4013472,0.9572440890394055,4013472,True,MATCHED,MATCHED,True
401,1600938538017929,3,0.84782434,"[369.549,245.775,451.978,317.005]",4013462,0.6413018471957005,4013462,True,MATCHED,MATCHED,True
401,1600938538017929,4,0.8086558,"[395.765,466.302,484.454,553.627]",4013466,0.8037685394902963,4013466,True,MATCHED,MATCHED,True
401,1600938538017929,5,0.79813731,"[387.635,702.537,482.838,751.863]",4013449,0.8704781869009178,4013449,True,MATCHED,MATCHED,True
401,1600938538017929,6,0.63661748,"[489.489,186.698,538.713,226.888]",4013470,0.6783632660008353,4013470,True,MATCHED,MATCHED,False
401,1600938538017929,7,0.61561584,"[362.157,329.521,424.23,409.872]",4013464,0.7457577187500003,4013464,True,MATCHED,MATCHED,True
401,1600938538017929,8,0.53131837,"[554.027,107.809,579.315,134.093]",4013473,0.8359066407498528,4013473,True,MATCHED,MATCHED,True
401,1600938538017929,9,0.25466689,"[371.21,297.543,441.597,364.128]",4013462,0.3195178900193441,,False,LOW_CONF,LOW_CONF,False
401,1600938538017929,10,0.13656588,"[361.808,328.945,384.095,356.822]",4013464,0.09289693465909109,,False,LOW_CONF,LOW_CONF,False
401,1600938538017929,11,0.09602325,"[340.31,110.954,353.19,125.386]",4013449,0.0,,False,LOW_CONF,LOW_CONF,False
401,1600938538017929,12,0.09284758,"[333.1,114.32,349.615,126.501]",4013449,0.0,,False,LOW_CONF,LOW_CONF,False
401,1600938538017929,13,0.07836235,"[356.141,20.72,378.618,63.422]",4013449,0.0,,False,LOW_CONF,LOW_CONF,False
401,1600938538017929,14,0.06478742,"[367.52,307.642,438.901,389.369]",4013464,0.4511721416792039,,False,LOW_CONF,LOW_CONF,False
401,1600938538017929,15,0.06236758,"[359.277,326.996,387.693,372.453]",4013464,0.19313787559808607,,False,LOW_CONF,LOW_CONF,False
401,1600938538017929,16,0.05410558,"[346.971,316.971,418.362,547.862]",4013464,0.3369468430517252,,False,LOW_CONF,LOW_CONF,False
401,1600938538084562,0,0.90698016,"[413.157,327.74,489.552,420.57]",4013468,0.8902999990388483,4013468,True,MATCHED,MATCHED,True
401,1600938538084562,1,0.90121931,"[481.517,271.503,555.232,371.794]",4013472,0.8911034887619876,4013472,True,MATCHED,MATCHED,True
401,1600938538084562,2,0.87651128,"[339.894,185.663,404.167,258.469]",4013460,0.9607086939192898,4013460,True,MATCHED,MATCHED,True
401,1600938538084562,3,0.83824319,"[354.932,245.201,440.058,319.297]",4013462,0.6915868454451908,4013462,True,MATCHED,MATCHED,True
401,1600938538084562,4,0.81896496,"[384.685,467.782,465.301,554.485]",4013466,0.913508707709334,4013466,True,MATCHED,MATCHED,True
401,1600938538084562,5,0.75837433,"[374.355,702.202,469.415,752.611]",4013449,0.8369915583674647,4013449,True,MATCHED,MATCHED,True
401,1600938538084562,6,0.71822548,"[479.825,188.415,524.407,229.539]",4013470,0.8179689143224342,4013470,True,MATCHED,MATCHED,True
401,1600938538084562,7,0.54769939,"[540.984,108.847,566.863,134.329]",4013473,0.904593522633746,4013473,True,MATCHED,MATCHED,True
401,1600938538084562,8,0.54429662,"[354.516,317.248,418.778,401.857]",4013464,0.6034532213461035,4013464,True,MATCHED,MATCHED,True
401,1600938538084562,9,0.23163357,"[708.511,443.852,720.0,491.72]",4013474,0.6988013792973726,,False,LOW_CONF,LOW_CONF,False
401,1600938538084562,10,0.18139403,"[356.578,330.67,411.988,408.878]",4013464,0.6823343221539915,,False,LOW_CONF,LOW_CONF,False
401,1600938538084562,11,0.17429978,"[355.91,305.474,429.55,378.512]",4013464,0.3433399664298267,,False,LOW_CONF,LOW_CONF,False
401,1600938538084562,12,0.13444419,"[367.157,705.152,386.074,750.578]",4013449,0.1606212414953271,,False,LOW_CONF,LOW_CONF,False
401,1600938538084562,13,0.1057774,"[703.77,437.809,717.752,491.78]",4013474,0.6387473121251251,,False,LOW_CONF,LOW_CONF,False
401,1600938538151196,0,0.90075684,"[400.122,326.925,473.165,419.327]",4013468,0.8852212986373522,4013468,True,MATCHED,MATCHED,True
401,1600938538151196,1,0.89917117,"[327.142,184.491,390.151,257.142]",4013460,0.9465116106274851,4013460,True,MATCHED,MATCHED,True
401,1600938538151196,2,0.89596373,"[466.209,270.215,542.104,370.415]",4013472,0.9289045580168975,4013472,True,MATCHED,MATCHED,True
401,1600938538151196,3,0.85458285,"[342.781,244.996,428.892,318.007]",4013462,0.6973214530834071,4013462,True,MATCHED,MATCHED,True
401,1600938538151196,4,0.8050704,"[369.268,468.05,457.998,554.032]",4013466,0.8499095201924336,4013466,True,MATCHED,MATCHED,True
401,1600938538151196,5,0.78912568,"[358.354,702.842,457.617,751.309]",4013449,0.8757438627907965,4013449,True,MATCHED,MATCHED,True
401,1600938538151196,6,0.74860293,"[467.761,186.512,511.567,229.456]",4013470,0.8930643306446243,4013470,True,MATCHED,MATCHED,True
401,1600938538151196,7,0.66128957,"[696.001,430.856,719.207,496.336]",4013474,0.8704249711028188,4013474,True,MATCHED,MATCHED,True
401,1600938538151196,8,0.61645496,"[528.152,106.097,554.002,132.501]",4013473,0.9361332739013335,4013473,True,MATCHED,MATCHED,True
401,1600938538151196,9,0.44276023,"[342.688,310.009,409.018,407.126]",4013464,0.5848774394662366,4013464,True,MATCHED,MATCHED,True
401,1600938538151196,10,0.20075698,"[343.26,303.297,414.517,368.849]",4013464,0.2938768714163603,,False,LOW_CONF,LOW_CONF,False
401,1600938538151196,11,0.11453217,"[703.1,424.024,720.0,497.917]",4013474,0.5789273961755125,,False,LOW_CONF,LOW_CONF,False
401,1600938538151196,12,0.08623235,"[354.232,706.489,371.825,750.68]",4013449,0.13533343148222596,,False,LOW_CONF,LOW_CONF,False
401,1600938538217830,0,0.91013741,"[386.165,328.502,462.776,421.507]",4013468,0.8968161693395408,4013468,True,MATCHED,MATCHED,True
401,1600938538217830,1,0.90275538,"[453.394,271.676,529.783,372.485]",4013472,0.9270978279772699,4013472,True,MATCHED,MATCHED,True
401,1600938538217830,2,0.8912406,"[313.572,185.794,377.35,258.29]",4013460,0.9433501942964216,4013460,True,MATCHED,MATCHED,True
401,1600938538217830,3,0.85792774,"[329.228,246.131,418.711,320.979]",4013462,0.7392564685991885,4013462,True,MATCHED,MATCHED,True
401,1600938538217830,4,0.81859511,"[355.278,469.664,438.128,556.302]",4013466,0.8410165076075411,4013466,True,MATCHED,MATCHED,True
401,1600938538217830,5,0.80265754,"[456.176,188.2,498.653,232.531]",4013470,0.9455118691529826,4013470,True,MATCHED,MATCHED,True
401,1600938538217830,6,0.78508335,"[343.634,703.046,445.627,753.818]",4013449,0.9329588692486067,4013449,True,MATCHED,MATCHED,True
401,1600938538217830,7,0.74604863,"[683.441,424.28,719.616,499.547]",4013474,0.8779853188762661,4013474,True,MATCHED,MATCHED,True
401,1600938538217830,8,0.67331922,"[332.172,317.958,387.432,409.05]",4013464,0.6760265709966489,4013464,True,MATCHED,MATCHED,True
401,1600938538217830,9,0.53269601,"[515.345,107.79,541.156,134.275]",4013473,0.8805593853092212,4013473,True,MATCHED,MATCHED,True
401,1600938538217830,10,0.12363341,"[333.026,314.051,396.503,386.88]",4013464,0.43058685542125674,,False,LOW_CONF,LOW_CONF,False
401,1600938538217830,11,0.08888664,"[694.011,415.508,719.541,490.908]",4013474,0.5493440216753007,,False,LOW_CONF,LOW_CONF,False
401,1600938538217830,12,0.06264939,"[341.367,708.598,359.173,752.24]",4013449,0.11768095424595504,,False,LOW_CONF,LOW_CONF,False
401,1600938538284461,0,0.90963238,"[438.402,271.339,516.072,371.558]",4013472,0.9623701105177472,4013472,True,MATCHED,MATCHED,True
401,1600938538284461,1,0.90394622,"[300.761,186.209,362.302,258.499]",4013460,0.9233704628476547,4013460,True,MATCHED,MATCHED,True
401,1600938538284461,2,0.89904606,"[373.356,328.099,449.494,420.892]",4013468,0.8811351125989949,4013468,True,MATCHED,MATCHED,True
401,1600938538284461,3,0.85443181,"[317.922,246.454,403.254,322.81]",4013462,0.7226719378881986,4013462,True,MATCHED,MATCHED,True
401,1600938538284461,4,0.85409755,"[344.371,469.98,426.296,555.69]",4013466,0.9113158927071401,4013466,True,MATCHED,MATCHED,True
401,1600938538284461,5,0.84176153,"[669.825,419.756,719.539,501.705]",4013474,0.9337051023519187,4013474,True,MATCHED,MATCHED,True
401,1600938538284461,6,0.82607913,"[358.105,702.45,434.071,754.38]",4013449,0.7095597638102795,4013449,True,MATCHED,MATCHED,True
401,1600938538284461,7,0.79393506,"[441.601,188.012,484.777,232.471]",4013470,0.8982497214380208,4013470,True,MATCHED,MATCHED,True
401,1600938538284461,8,0.75517637,"[695.051,610.793,719.69,676.352]",4013476,0.8010922112362857,4013476,True,MATCHED,MATCHED,True
401,1600938538284461,9,0.64448017,"[700.897,305.59,719.615,363.775]",4013479,0.8923289423051631,4013479,True,MATCHED,MATCHED,True
401,1600938538284461,10,0.5352996,"[315.855,323.475,374.247,405.922]",4013464,0.7313008268106332,4013464,True,MATCHED,MATCHED,True
401,1600938538284461,11,0.49832276,"[501.494,107.369,528.229,134.02]",4013473,0.8940749944856227,4013473,True,MATCHED,MATCHED,True
401,1600938538284461,12,0.38338009,"[316.454,304.782,385.602,383.986]",4013464,0.3962895336851371,,False,IOU_BELOW_0_5,IOU_BELOW_0_5,False
401,1600938538284461,13,0.15694357,"[330.344,710.212,345.309,751.618]",4013449,0.09151890873429262,,False,LOW_CONF,LOW_CONF,False
401,1600938538284461,14,0.15593763,"[695.359,805.449,719.359,847.197]",4013449,0.0,,False,LOW_CONF,LOW_CONF,False
401,1600938538351094,0,0.9186545,"[423.93,270.87,501.372,371.646]",4013472,0.9541609280541108,4013472,True,MATCHED,MATCHED,True
401,1600938538351094,1,0.90845561,"[286.957,185.53,351.696,257.515]",4013460,0.9150435401769234,4013460,True,MATCHED,MATCHED,True
401,1600938538351094,2,0.89060473,"[358.101,327.71,436.486,420.739]",4013468,0.8639512437261431,4013468,True,MATCHED,MATCHED,True
401,1600938538351094,3,0.86635393,"[304.707,246.139,390.156,322.519]",4013462,0.7234890389092119,4013462,True,MATCHED,MATCHED,True
401,1600938538351094,4,0.84462434,"[329.876,468.569,416.578,555.671]",4013466,0.8830602449052667,4013466,True,MATCHED,MATCHED,True
401,1600938538351094,5,0.83408749,"[682.526,604.934,719.726,686.516]",4013476,0.8925965235927559,4013476,True,MATCHED,MATCHED,True
401,1600938538351094,6,0.80149043,"[658.616,418.335,719.776,509.659]",4013474,0.9170185741489135,4013474,True,MATCHED,MATCHED,True
401,1600938538351094,7,0.79526937,"[428.118,186.796,471.923,233.589]",4013470,0.8518958398925174,4013470,True,MATCHED,MATCHED,True
401,1600938538351094,8,0.76105773,"[338.788,702.71,420.731,753.245]",4013449,0.7464857844935855,4013449,True,MATCHED,MATCHED,True
401,1600938538351094,9,0.75643188,"[688.135,299.354,719.726,378.244]",4013479,0.8981647385080687,4013479,True,MATCHED,MATCHED,True
401,1600938538351094,10,0.60846156,"[306.54,326.422,358.684,409.656]",4013464,0.7263081776006076,4013464,True,MATCHED,MATCHED,True
401,1600938538351094,11,0.48649827,"[486.654,106.573,514.312,134.057]",4013473,0.8846279851481584,4013473,True,MATCHED,MATCHED,True
401,1600938538351094,12,0.1505816,"[308.143,315.699,367.653,370.81]",4013464,0.31019039702425977,,False,LOW_CONF,LOW_CONF,False
401,1600938538351094,13,0.14484476,"[306.946,313.602,365.716,389.188]",4013464,0.44570375394176215,,False,LOW_CONF,LOW_CONF,False
401,1600938538351094,14,0.12467769,"[305.841,321.738,358.469,374.992]",4013464,0.40462066916208633,,False,LOW_CONF,LOW_CONF,False
401,1600938538351094,15,0.06944819,"[279.739,30.173,290.405,46.016]",4013449,0.0,,False,LOW_CONF,LOW_CONF,False
401,1600938538351094,16,0.05075269,"[305.501,319.62,331.385,357.102]",4013464,0.12611276171003055,,False,LOW_CONF,LOW_CONF,False
401,1600938538417726,0,0.90045935,"[411.258,272.148,487.695,373.3]",4013472,0.9423435544311166,4013472,True,MATCHED,MATCHED,True
401,1600938538417726,1,0.89220685,"[344.606,327.415,420.752,420.642]",4013468,0.8776053116365321,4013468,True,MATCHED,MATCHED,True
401,1600938538417726,2,0.87234098,"[292.796,246.93,378.788,323.779]",4013462,0.7405198574630212,4013462,True,MATCHED,MATCHED,True
401,1600938538417726,3,0.87074417,"[274.529,186.698,339.83,259.193]",4013460,0.974482651748478,4013460,True,MATCHED,MATCHED,True
401,1600938538417726,4,0.86899871,"[649.659,417.579,717.429,510.886]",4013474,0.837475151555522,4013474,True,MATCHED,MATCHED,True
401,1600938538417726,5,0.86504894,"[669.161,605.763,719.712,695.244]",4013476,0.9641076002702115,4013476,True,MATCHED,MATCHED,True
401,1600938538417726,6,0.85484147,"[675.644,297.791,719.671,385.603]",4013479,0.8990636392462787,4013479,True,MATCHED,MATCHED,True
401,1600938538417726,7,0.82219118,"[336.16,703.569,409.633,755.413]",4013449,0.7125204287317624,4013449,True,MATCHED,MATCHED,True
401,1600938538417726,8,0.81181276,"[312.799,470.148,403.471,555.7]",4013466,0.8999882947267591,4013466,True,MATCHED,MATCHED,True
401,1600938538417726,9,0.74980015,"[414.317,187.091,457.642,236.037]",4013470,0.9090674420635516,4013470,True,MATCHED,MATCHED,True
401,1600938538417726,10,0.68294352,"[291.374,329.282,346.006,411.564]",4013464,0.8209560333034267,4013464,True,MATCHED,MATCHED,True
401,1600938538417726,11,0.46883753,"[474.112,108.235,502.179,134.725]",4013473,0.911975104123949,4013473,True,MATCHED,MATCHED,True
401,1600938538417726,12,0.40634245,"[293.199,315.303,355.413,376.489]",4013464,0.37055401135687355,,False,IOU_BELOW_0_5,IOU_BELOW_0_5,False
401,1600938538417726,13,0.11201186,"[292.465,316.206,328.672,363.154]",4013464,0.21486775877624814,,False,LOW_CONF,LOW_CONF,False
401,1600938538484357,0,0.92855984,"[657.578,605.045,719.983,699.776]",4013476,0.9338709868534854,4013476,True,MATCHED,MATCHED,True
401,1600938538484357,1,0.91031224,"[399.053,271.472,474.166,373.075]",4013472,0.925278059688774,4013472,True,MATCHED,MATCHED,True
401,1600938538484357,2,0.89221829,"[329.299,327.18,406.846,420.31]",4013468,0.862647647770126,4013468,True,MATCHED,MATCHED,True
401,1600938538484357,3,0.86802292,"[260.937,186.497,324.801,258.587]",4013460,0.9280951900018539,4013460,True,MATCHED,MATCHED,True
401,1600938538484357,4,0.86582834,"[662.701,296.807,719.825,387.049]",4013479,0.8823016708010876,4013479,True,MATCHED,MATCHED,True
401,1600938538484357,5,0.85160464,"[278.391,246.526,363.374,320.638]",4013462,0.6968719895468657,4013462,True,MATCHED,MATCHED,True
401,1600938538484357,6,0.8447488,"[300.276,469.806,389.074,556.982]",4013466,0.8400630605780722,4013466,True,MATCHED,MATCHED,True
401,1600938538484357,7,0.83614576,"[400.178,187.262,444.569,237.951]",4013470,0.8773524002547334,4013470,True,MATCHED,MATCHED,True
401,1600938538484357,8,0.83117145,"[318.748,703.705,397.199,756.333]",4013449,0.8032598866541805,4013449,True,MATCHED,MATCHED,True
401,1600938538484357,9,0.81771564,"[639.882,419.464,711.519,509.648]",4013474,0.7419451794900764,4013474,True,MATCHED,MATCHED,True
401,1600938538484357,10,0.67523676,"[279.448,328.649,332.655,411.93]",4013464,0.8072649431611154,4013464,True,MATCHED,MATCHED,True
401,1600938538484357,11,0.49168834,"[463.455,107.905,490.008,134.402]",4013473,0.864773352235072,4013473,True,MATCHED,MATCHED,True
401,1600938538484357,12,0.29106075,"[694.377,383.77,718.568,426.559]",4013474,0.009150982698442627,,False,LOW_CONF,LOW_CONF,False
401,1600938538484357,13,0.20554136,"[708.526,250.173,720.0,296.54]",4013449,0.0,,False,LOW_CONF,LOW_CONF,False
401,1600938538484357,14,0.08914995,"[703.372,248.881,718.53,295.738]",4013449,0.0,,False,LOW_CONF,LOW_CONF,False
401,1600938538484357,15,0.08332441,"[279.866,307.34,351.576,409.333]",4013464,0.49319827373301245,,False,LOW_CONF,LOW_CONF,False
401,1600938538484357,16,0.07654449,"[703.846,722.948,719.009,777.897]",4013449,0.0,,False,LOW_CONF,LOW_CONF,False
401,1600938538484357,17,0.05618269,"[698.0,379.521,720.0,418.082]",4013479,0.013071265133649465,,False,LOW_CONF,LOW_CONF,False
401,1600938538484357,18,0.05226665,"[281.512,302.891,354.442,371.054]",4013464,0.25569131562526837,,False,LOW_CONF,LOW_CONF,False
401,1600938538550987,0,0.91558141,"[643.361,606.537,720.0,702.579]",4013476,0.9505994389981102,4013476,True,MATCHED,MATCHED,True
401,1600938538550987,1,0.91299808,"[383.312,272.152,460.495,373.449]",4013472,0.9528640323404066,4013472,True,MATCHED,MATCHED,True
401,1600938538550987,2,0.89140069,"[314.938,327.842,391.535,419.87]",4013468,0.8838046912295124,4013468,True,MATCHED,MATCHED,True
401,1600938538550987,3,0.88490844,"[247.945,186.896,312.915,259.027]",4013460,0.942582031863673,4013460,True,MATCHED,MATCHED,True
401,1600938538550987,4,0.88102394,"[289.083,469.818,377.205,557.144]",4013466,0.8691885741537739,4013466,True,MATCHED,MATCHED,True
401,1600938538550987,5,0.8749752,"[648.419,296.08,719.417,384.592]",4013479,0.9280340702204198,4013479,True,MATCHED,MATCHED,True
401,1600938538550987,6,0.84989983,"[268.246,247.423,354.256,324.38]",4013462,0.7576776064560439,4013462,True,MATCHED,MATCHED,True
401,1600938538550987,7,0.84696406,"[305.609,703.738,385.714,757.213]",4013449,0.9354046627615187,4013449,True,MATCHED,MATCHED,True
401,1600938538550987,8,0.81193715,"[387.29,188.569,430.216,240.011]",4013470,0.8725631484140892,4013470,True,MATCHED,MATCHED,True
401,1600938538550987,9,0.78293747,"[620.359,419.7,688.856,508.149]",4013474,0.9006538865209874,4013474,True,MATCHED,MATCHED,True
401,1600938538550987,10,0.65303445,"[268.128,303.221,335.898,373.034]",4013464,0.28462527517311287,,False,IOU_BELOW_0_5,IOU_BELOW_0_5,False
401,1600938538550987,11,0.48157904,"[269.985,355.377,319.759,414.023]",4013464,0.5632274876458243,4013464,True,MATCHED,MATCHED,True
401,1600938538550987,12,0.45113829,"[696.473,704.824,719.512,788.113]",4013449,0.0,,False,NO_GT_OVERLAP,NO_GT_OVERLAP,False
401,1600938538550987,13,0.30892283,"[268.485,312.47,330.622,393.872]",4013464,0.46691176012360164,,False,IOU_BELOW_0_5,IOU_BELOW_0_5,False
401,1600938538550987,14,0.16987741,"[449.632,109.0,476.358,135.339]",4013473,0.866916396551724,,False,LOW_CONF,LOW_CONF,False
401,1600938538550987,15,0.11331917,"[691.164,390.866,716.981,426.216]",4013449,0.0,,False,LOW_CONF,LOW_CONF,False
401,1600938538550987,16,0.10718264,"[268.481,322.666,320.349,414.408]",4013464,0.7483057831973746,,False,LOW_CONF,LOW_CONF,False
401,1600938538550987,17,0.07978947,"[686.555,400.758,714.974,430.513]",4013449,0.0,,False,LOW_CONF,LOW_CONF,False
401,1600938538550987,18,0.07482406,"[691.126,375.409,716.913,424.362]",4013479,0.03466323056816356,,False,LOW_CONF,LOW_CONF,False
401,1600938538550987,19,0.06355801,"[693.823,360.212,719.182,408.494]",4013479,0.09286607287865385,,False,LOW_CONF,LOW_CONF,False
401,1600938538550987,20,0.06299087,"[683.922,407.988,708.43,431.921]",4013474,0.0044824189323785695,,False,LOW_CONF,LOW_CONF,False
401,1600938538617621,0,0.91101551,"[629.366,605.854,720.0,703.495]",4013476,0.9582377070666631,4013476,True,MATCHED,MATCHED,True
401,1600938538617621,1,0.90778208,"[369.035,272.235,446.996,373.386]",4013472,0.9543064925641319,4013472,True,MATCHED,MATCHED,True
401,1600938538617621,2,0.89866507,"[234.368,187.487,297.905,259.219]",4013460,0.9317314057623906,4013460,True,MATCHED,MATCHED,True
401,1600938538617621,3,0.89498401,"[302.133,328.865,378.161,419.25]",4013468,0.8964184442181168,4013468,True,MATCHED,MATCHED,True
401,1600938538617621,4,0.88321942,"[634.298,296.324,710.01,386.604]",4013479,0.9266728573875309,4013479,True,MATCHED,MATCHED,True
401,1600938538617621,5,0.87856364,"[294.974,703.428,372.558,756.899]",4013449,0.8855807561429221,4013449,True,MATCHED,MATCHED,True
401,1600938538617621,6,0.87483978,"[274.174,469.756,364.484,558.081]",4013466,0.8335263352191222,4013466,True,MATCHED,MATCHED,True
401,1600938538617621,7,0.84978092,"[254.104,247.637,338.847,323.306]",4013462,0.7335184245024018,4013462,True,MATCHED,MATCHED,True
401,1600938538617621,8,0.82377183,"[605.552,419.0,675.62,506.843]",4013474,0.9429549856534785,4013474,True,MATCHED,MATCHED,True
401,1600938538617621,9,0.800713,"[372.657,196.578,415.571,243.084]",4013470,0.7720535721470027,4013470,True,MATCHED,MATCHED,True
401,1600938538617621,10,0.5076443,"[253.035,332.782,307.1,414.106]",4013464,0.8477809092653307,4013464,True,MATCHED,MATCHED,True
401,1600938538617621,11,0.33956257,"[435.589,106.92,462.845,134.425]",4013473,0.9180959484560488,4013473,True,MATCHED,MATCHED,True
401,1600938538617621,12,0.18820907,"[693.946,65.767,719.091,127.33]",4013449,0.0,,False,LOW_CONF,LOW_CONF,False
401,1600938538617621,13,0.17480005,"[252.979,294.263,334.664,367.455]",4013462,0.3399958888373027,,False,LOW_CONF,LOW_CONF,False
401,1600938538617621,14,0.14874965,"[254.407,303.288,326.28,393.392]",4013464,0.3795198591406184,,False,LOW_CONF,LOW_CONF,False
401,1600938538617621,15,0.14261349,"[679.633,389.787,716.763,430.648]",4013449,0.0,,False,LOW_CONF,LOW_CONF,False
401,1600938538617621,16,0.07127949,"[429.984,0.854,720.0,141.169]",4013473,0.0199540001123479,,False,LOW_CONF,LOW_CONF,False
401,1600938538617621,17,0.05636231,"[253.907,325.661,313.565,384.859]",4013464,0.4784354711583688,,False,LOW_CONF,LOW_CONF,False
401,1600938538684260,0,0.92975402,"[616.654,606.173,719.473,704.407]",4013476,0.9532916732902219,4013476,True,MATCHED,MATCHED,True
401,1600938538684260,1,0.90718722,"[355.646,271.669,433.979,372.887]",4013472,0.9676224419584318,4013472,True,MATCHED,MATCHED,True
401,1600938538684260,2,0.9046154,"[220.882,186.558,285.428,258.308]",4013460,0.9096074655142126,4013460,True,MATCHED,MATCHED,True
401,1600938538684260,3,0.89501208,"[287.989,330.001,368.838,415.733]",4013468,0.8669202914246272,4013468,True,MATCHED,MATCHED,True
401,1600938538684260,4,0.89052892,"[264.271,469.522,353.073,557.913]",4013466,0.8799348554327966,4013466,True,MATCHED,MATCHED,True
401,1600938538684260,5,0.88797301,"[622.264,296.94,697.396,386.394]",4013479,0.9293960587608815,4013479,True,MATCHED,MATCHED,True
401,1600938538684260,6,0.86973608,"[284.724,703.385,360.794,757.667]",4013449,0.8729876828752648,4013449,True,MATCHED,MATCHED,True
401,1600938538684260,7,0.84118629,"[597.024,419.44,678.972,503.775]",4013474,0.7194205815456416,4013474,True,MATCHED,MATCHED,True
401,1600938538684260,8,0.83743882,"[241.5,246.341,327.01,322.897]",4013462,0.7568856006474735,4013462,True,MATCHED,MATCHED,True
401,1600938538684260,9,0.80093813,"[359.175,195.925,402.848,244.16]",4013470,0.8100267957292143,4013470,True,MATCHED,MATCHED,True
401,1600938538684260,10,0.70034754,"[244.592,340.966,293.14,412.906]",4013464,0.6915130466510889,4013464,True,MATCHED,MATCHED,True
401,1600938538684260,11,0.50543594,"[423.442,107.42,450.399,135.755]",4013473,0.8839609096222798,4013473,True,MATCHED,MATCHED,True
401,1600938538684260,12,0.26101065,"[244.242,324.467,296.753,404.87]",4013464,0.6207666260585467,,False,LOW_CONF,LOW_CONF,False
401,1600938538684260,13,0.17119579,"[679.886,402.234,702.613,429.963]",4013449,0.0,,False,LOW_CONF,LOW_CONF,False
401,1600938538684260,14,0.09349716,"[243.1,313.65,308.287,400.297]",4013464,0.46397736384826094,,False,LOW_CONF,LOW_CONF,False
401,1600938538684260,15,0.09185682,"[694.646,687.069,719.143,737.615]",4013476,0.03864002729113476,,False,LOW_CONF,LOW_CONF,False
401,1600938538684260,16,0.07461996,"[243.155,305.926,312.187,373.772]",4013464,0.27158461609333545,,False,LOW_CONF,LOW_CONF,False
401,1600938538684260,17,0.06404633,"[667.315,403.919,701.421,432.361]",4013449,0.0,,False,LOW_CONF,LOW_CONF,False
401,1600938538750897,0,0.91307825,"[603.083,606.79,718.584,703.886]",4013476,0.933017275643228,4013476,True,MATCHED,MATCHED,True
401,1600938538750897,1,0.89770281,"[341.122,272.848,419.52,373.512]",4013472,0.9574776530546497,4013472,True,MATCHED,MATCHED,True
401,1600938538750897,2,0.89526254,"[206.373,187.536,274.645,259.949]",4013460,0.9651900692600492,4013460,True,MATCHED,MATCHED,True
401,1600938538750897,3,0.8934983,"[274.21,329.784,354.56,414.164]",4013468,0.8647458883412833,4013468,True,MATCHED,MATCHED,True
401,1600938538750897,4,0.88234907,"[608.521,296.93,683.692,386.595]",4013479,0.9215695048597198,4013479,True,MATCHED,MATCHED,True
401,1600938538750897,5,0.87570357,"[268.79,703.813,348.014,757.856]",4013449,0.8992316549146686,4013449,True,MATCHED,MATCHED,True
401,1600938538750897,6,0.87365186,"[246.286,469.944,339.055,558.951]",4013466,0.799852210531237,4013466,True,MATCHED,MATCHED,True
401,1600938538750897,7,0.86431426,"[227.597,247.712,314.779,325.986]",4013462,0.7975787597007946,4013462,True,MATCHED,MATCHED,True
401,1600938538750897,8,0.84056532,"[585.554,415.497,656.67,502.34]",4013474,0.7706713228411065,4013474,True,MATCHED,MATCHED,True
401,1600938538750897,9,0.80560756,"[343.864,191.575,388.745,245.589]",4013470,0.8833394446298739,4013470,True,MATCHED,MATCHED,True
401,1600938538750897,10,0.7353093,"[226.935,332.077,279.151,413.004]",4013464,0.8736440684608352,4013464,True,MATCHED,MATCHED,True
401,1600938538750897,11,0.40566003,"[408.889,108.781,437.888,135.58]",4013473,0.8657084285055435,4013473,True,MATCHED,MATCHED,True
401,1600938538750897,12,0.17841384,"[229.476,324.807,280.183,395.354]",4013464,0.5947182466078832,,False,LOW_CONF,LOW_CONF,False
401,1600938538750897,13,0.07838977,"[673.366,402.615,694.354,430.197]",4013449,0.0,,False,LOW_CONF,LOW_CONF,False
401,1600938538750897,14,0.07653838,"[667.229,401.803,691.445,430.516]",4013449,0.0,,False,LOW_CONF,LOW_CONF,False
401,1600938538750897,15,0.06837041,"[707.246,599.192,720.0,625.204]",4013476,0.014413316991053004,,False,LOW_CONF,LOW_CONF,False
401,1600938538750897,16,0.05358102,"[702.953,600.063,719.714,624.247]",4013476,0.02040480908462068,,False,LOW_CONF,LOW_CONF,False
401,1600938538817535,0,0.9157359,"[328.789,271.752,405.971,373.871]",4013472,0.9454466829736391,4013472,True,MATCHED,MATCHED,True
401,1600938538817535,1,0.90395945,"[587.99,607.54,703.69,704.246]",4013476,0.9372647363046938,4013476,True,MATCHED,MATCHED,True
401,1600938538817535,2,0.8724426,"[194.721,185.726,261.01,259.146]",4013460,0.9213587916691361,4013460,True,MATCHED,MATCHED,True
401,1600938538817535,3,0.87117946,"[255.334,702.847,337.135,757.977]",4013449,0.9102640258402191,4013449,True,MATCHED,MATCHED,True
401,1600938538817535,4,0.87036616,"[593.518,297.2,668.717,387.459]",4013479,0.9315625699179396,4013479,True,MATCHED,MATCHED,True
401,1600938538817535,5,0.86974859,"[258.681,327.324,345.407,410.895]",4013468,0.7921006581319052,4013468,True,MATCHED,MATCHED,True
401,1600938538817535,6,0.86943221,"[234.418,467.771,329.298,560.086]",4013466,0.7935108460880422,4013466,True,MATCHED,MATCHED,True
401,1600938538817535,7,0.85998857,"[213.296,246.967,300.815,321.621]",4013462,0.7795411270472387,4013462,True,MATCHED,MATCHED,True
401,1600938538817535,8,0.83306772,"[330.97,187.994,377.398,243.547]",4013470,0.9462512288789849,4013470,True,MATCHED,MATCHED,True
401,1600938538817535,9,0.82167393,"[570.212,417.145,644.049,501.713]",4013474,0.8220364582459355,4013474,True,MATCHED,MATCHED,True
401,1600938538817535,10,0.69647229,"[217.169,331.554,267.336,412.568]",4013464,0.8286444877558978,4013464,True,MATCHED,MATCHED,True
401,1600938538817535,11,0.39957607,"[397.787,108.028,425.291,134.919]",4013473,0.8926106573676164,4013473,True,MATCHED,MATCHED,True
401,1600938538817535,12,0.23202434,"[703.879,48.79,719.055,90.968]",4013449,0.0,,False,LOW_CONF,LOW_CONF,False
401,1600938538817535,13,0.21113975,"[661.262,400.757,680.277,432.121]",4013449,0.0,,False,LOW_CONF,LOW_CONF,False
401,1600938538817535,14,0.20012088,"[703.206,730.517,719.336,782.083]",4013449,0.0,,False,LOW_CONF,LOW_CONF,False
401,1600938538817535,15,0.18663676,"[694.934,595.106,718.927,630.964]",4013482,0.25754369419242007,,False,LOW_CONF,LOW_CONF,False
401,1600938538817535,16,0.16300024,"[708.927,47.575,720.0,92.447]",4013449,0.0,,False,LOW_CONF,LOW_CONF,False
401,1600938538817535,17,0.1233087,"[633.655,781.247,704.471,872.621]",4013449,0.0,,False,LOW_CONF,LOW_CONF,False
401,1600938538817535,18,0.0939589,"[678.845,692.942,719.231,732.087]",4013476,0.02347763867161093,,False,LOW_CONF,LOW_CONF,False
401,1600938538817535,19,0.08011992,"[684.721,686.758,719.284,724.973]",4013476,0.02641193765476885,,False,LOW_CONF,LOW_CONF,False
401,1600938538884172,0,0.91926646,"[319.202,270.466,393.669,372.23]",4013472,0.9072594324662583,4013472,True,MATCHED,MATCHED,True
401,1600938538884172,1,0.89292359,"[577.361,605.165,693.396,703.342]",4013476,0.944236757082851,4013476,True,MATCHED,MATCHED,True
401,1600938538884172,2,0.88632315,"[182.97,186.884,250.254,259.512]",4013460,0.9532695130109063,4013460,True,MATCHED,MATCHED,True
401,1600938538884172,3,0.88254732,"[582.853,295.093,657.209,384.923]",4013479,0.9429227263990819,4013479,True,MATCHED,MATCHED,True
401,1600938538884172,4,0.87347847,"[247.81,329.966,329.221,409.88]",4013468,0.8262569797203451,4013468,True,MATCHED,MATCHED,True
401,1600938538884172,5,0.87344903,"[241.48,703.933,324.156,758.655]",4013449,0.8965905810543002,4013449,True,MATCHED,MATCHED,True
401,1600938538884172,6,0.86921197,"[223.515,468.241,319.037,558.374]",4013466,0.8122715518479228,4013466,True,MATCHED,MATCHED,True
401,1600938538884172,7,0.84665722,"[206.319,246.905,294.735,324.705]",4013462,0.8711708206686931,4013462,True,MATCHED,MATCHED,True
401,1600938538884172,8,0.82289958,"[317.389,187.5,364.444,244.073]",4013470,0.9296837487881777,4013470,True,MATCHED,MATCHED,True
401,1600938538884172,9,0.7654317,"[561.354,413.386,635.387,498.941]",4013474,0.7579376310934322,4013474,True,MATCHED,MATCHED,True
401,1600938538884172,10,0.58053207,"[204.997,323.534,265.306,411.748]",4013464,0.6758204219837599,4013464,True,MATCHED,MATCHED,True
401,1600938538884172,11,0.30643535,"[685.081,578.582,718.98,627.514]",4013482,0.6047713684925429,4013482,True,MATCHED,MATCHED,True
401,1600938538884172,12,0.3029587,"[698.224,41.6,719.596,85.83]",4013449,0.0,,False,NO_GT_OVERLAP,NO_GT_OVERLAP,False
401,1600938538884172,13,0.21688251,"[385.208,106.418,412.395,134.009]",4013473,0.8733736707678287,,False,LOW_CONF,LOW_CONF,False
401,1600938538884172,14,0.21291238,"[354.439,251.397,371.018,268.506]",4013449,0.0,,False,LOW_CONF,LOW_CONF,False
401,1600938538884172,15,0.20098326,"[676.243,698.873,713.6,724.753]",4013476,0.007374057138998413,,False,LOW_CONF,LOW_CONF,False
401,1600938538884172,16,0.18228644,"[648.668,400.366,675.803,428.298]",4013449,0.0,,False,LOW_CONF,LOW_CONF,False
401,1600938538884172,17,0.13938482,"[205.302,314.293,273.176,391.413]",4013464,0.4257954390039482,,False,LOW_CONF,LOW_CONF,False
401,1600938538884172,18,0.11689331,"[652.84,401.19,680.7,428.872]",4013449,0.0,,False,LOW_CONF,LOW_CONF,False
401,1600938538884172,19,0.10332689,"[685.346,639.919,719.134,695.11]",4013476,0.024119345984311823,,False,LOW_CONF,LOW_CONF,False
401,1600938538884172,20,0.08200541,"[211.587,363.44,256.239,413.795]",4013464,0.4988286511055481,,False,LOW_CONF,LOW_CONF,False
401,1600938538884172,21,0.08164702,"[697.253,712.042,719.186,782.6]",4013449,0.0,,False,LOW_CONF,LOW_CONF,False
401,1600938538884172,22,0.06307581,"[679.233,647.988,719.33,702.731]",4013476,0.04979649001846486,,False,LOW_CONF,LOW_CONF,False
401,1600938538884172,23,0.06278228,"[676.447,682.266,716.872,722.464]",4013476,0.026093842171255533,,False,LOW_CONF,LOW_CONF,False
401,1600938538884172,24,0.05101781,"[696.806,734.008,719.86,781.125]",4013449,0.0,,False,LOW_CONF,LOW_CONF,False
401,1600938538950808,0,0.91160142,"[306.764,273.799,380.361,374.558]",4013472,0.9250665404138348,4013472,True,MATCHED,MATCHED,True
401,1600938538950808,1,0.90033901,"[563.857,607.67,678.632,705.548]",4013476,0.941409825777804,4013476,True,MATCHED,MATCHED,True
401,1600938538950808,2,0.89104587,"[170.517,191.122,236.929,264.652]",4013460,0.9274944133864483,4013460,True,MATCHED,MATCHED,True
401,1600938538950808,3,0.8826248,"[569.808,298.134,643.589,390.046]",4013479,0.9319823972343739,4013479,True,MATCHED,MATCHED,True
401,1600938538950808,4,0.86584646,"[227.872,704.003,313.59,760.871]",4013449,0.9361551904869607,4013449,True,MATCHED,MATCHED,True
401,1600938538950808,5,0.86402243,"[192.712,249.973,279.769,328.022]",4013462,0.8802580376991839,4013462,True,MATCHED,MATCHED,True
401,1600938538950808,6,0.85348135,"[209.326,469.877,305.676,564.101]",4013466,0.7488688655218718,4013466,True,MATCHED,MATCHED,True
401,1600938538950808,7,0.85160422,"[230.979,333.016,315.25,411.896]",4013468,0.8352078018234667,4013468,True,MATCHED,MATCHED,True
401,1600938538950808,8,0.80941516,"[304.826,192.725,352.262,247.427]",4013470,0.9336083817330372,4013470,True,MATCHED,MATCHED,True
401,1600938538950808,9,0.78379834,"[547.598,417.081,627.533,500.054]",4013474,0.7189346299630566,4013474,True,MATCHED,MATCHED,True
401,1600938538950808,10,0.74987829,"[677.258,540.981,719.476,629.26]",4013482,0.9242896764449146,4013482,True,MATCHED,MATCHED,True
401,1600938538950808,11,0.33901677,"[373.404,110.259,401.248,138.292]",4013473,0.8971848873563216,4013473,True,MATCHED,MATCHED,True
401,1600938538950808,12,0.2336846,"[621.045,786.469,678.663,868.926]",4013449,0.0,,False,LOW_CONF,LOW_CONF,False
401,1600938538950808,13,0.22924609,"[673.139,637.158,719.615,701.001]",4013476,0.008457347442919809,,False,LOW_CONF,LOW_CONF,False
401,1600938538950808,14,0.19374727,"[199.122,330.952,253.889,407.93]",4013464,0.6217461143870425,,False,LOW_CONF,LOW_CONF,False
401,1600938538950808,15,0.1444727,"[197.996,332.104,240.229,403.544]",4013464,0.680604270959089,,False,LOW_CONF,LOW_CONF,False
401,1600938538950808,16,0.11889566,"[198.178,312.942,267.336,398.867]",4013464,0.3969968307100075,,False,LOW_CONF,LOW_CONF,False
401,1600938538950808,17,0.11044342,"[637.196,404.303,662.356,433.902]",4013449,0.0,,False,LOW_CONF,LOW_CONF,False
401,1600938538950808,18,0.10801516,"[196.592,331.613,215.221,359.299]",4013464,0.10792934290151854,,False,LOW_CONF,LOW_CONF,False
401,1600938538950808,19,0.09707991,"[629.341,514.338,643.723,526.788]",4013449,0.0,,False,LOW_CONF,LOW_CONF,False
401,1600938538950808,20,0.08622859,"[201.682,338.308,246.229,413.006]",4013464,0.7059082556913004,,False,LOW_CONF,LOW_CONF,False
401,1600938539017445,0,0.91499066,"[548.582,609.131,661.295,706.394]",4013476,0.9600970861875955,4013476,True,MATCHED,MATCHED,True
401,1600938539017445,1,0.91334343,"[293.313,274.987,365.55,375.909]",4013472,0.9213618739605398,4013472,True,MATCHED,MATCHED,True
401,1600938539017445,2,0.89261323,"[156.091,189.548,225.617,262.268]",4013460,0.9393864561776165,4013460,True,MATCHED,MATCHED,True
401,1600938539017445,3,0.87796265,"[554.19,300.612,628.081,393.151]",4013479,0.8974890271587568,4013479,True,MATCHED,MATCHED,True
401,1600938539017445,4,0.87626338,"[666.87,535.939,719.668,629.96]",4013482,0.9427651397194305,4013482,True,MATCHED,MATCHED,True
401,1600938539017445,5,0.86945409,"[220.394,332.203,306.044,411.964]",4013468,0.8617503523925405,4013468,True,MATCHED,MATCHED,True
401,1600938539017445,6,0.8693738,"[198.929,470.671,295.348,564.689]",4013466,0.7954111021360667,4013466,True,MATCHED,MATCHED,True
401,1600938539017445,7,0.86013687,"[216.722,704.175,301.497,762.023]",4013449,0.918364082397005,4013449,True,MATCHED,MATCHED,True
401,1600938539017445,8,0.82620293,"[292.614,192.487,338.735,248.558]",4013470,0.8973376352435348,4013470,True,MATCHED,MATCHED,True
401,1600938539017445,9,0.82526654,"[179.034,249.778,269.072,329.018]",4013462,0.9053971876842941,4013462,True,MATCHED,MATCHED,True
401,1600938539017445,10,0.75220531,"[532.878,420.105,612.689,501.93]",4013474,0.75424085541234,4013474,True,MATCHED,MATCHED,True
401,1600938539017445,11,0.60263491,"[184.427,335.77,232.233,412.982]",4013464,0.8897775950725985,4013464,True,MATCHED,MATCHED,True
401,1600938539017445,12,0.52098256,"[359.105,111.393,388.613,141.041]",4013473,0.8757307435243559,4013473,True,MATCHED,MATCHED,True
401,1600938539017445,13,0.49923953,"[663.922,1253.402,720.0,1280.0]",4013449,0.0,,False,NO_GT_OVERLAP,NO_GT_OVERLAP,False
401,1600938539017445,14,0.45220754,"[658.486,637.327,719.901,703.777]",4013476,0.006720720659514917,,False,IOU_BELOW_0_5,IOU_BELOW_0_5,False
401,1600938539017445,15,0.16002168,"[182.938,329.886,216.919,379.166]",4013464,0.36876239978076414,,False,LOW_CONF,LOW_CONF,False
401,1600938539017445,16,0.11137734,"[613.622,515.477,627.275,527.951]",4013449,0.0,,False,LOW_CONF,LOW_CONF,False
401,1600938539017445,17,0.10808355,"[611.866,785.515,660.342,868.547]",4013449,0.0,,False,LOW_CONF,LOW_CONF,False
401,1600938539017445,18,0.07996628,"[180.57,305.837,243.417,401.414]",4013464,0.45940437685458435,,False,LOW_CONF,LOW_CONF,False
401,1600938539017445,19,0.07039179,"[666.497,631.551,719.81,689.044]",4013449,0.0,,False,LOW_CONF,LOW_CONF,False
401,1600938539017445,20,0.05583953,"[643.529,406.447,665.135,433.055]",4013449,0.0,,False,LOW_CONF,LOW_CONF,False
401,1600938539017445,21,0.05490494,"[660.561,513.478,681.589,528.98]",4013449,0.0,,False,LOW_CONF,LOW_CONF,False
402,1600938539084082,0,0.92052245,"[537.964,607.213,650.365,704.77]",4024742,0.9558087930845719,4024742,True,MATCHED,MATCHED,True
402,1600938539084082,1,0.91614288,"[660.326,532.818,719.748,628.048]",4024746,0.9591509942215445,4024746,True,MATCHED,MATCHED,True
402,1600938539084082,2,0.90173739,"[277.923,270.851,355.312,372.686]",4024737,0.972513607720109,4024737,True,MATCHED,MATCHED,True
402,1600938539084082,3,0.89831793,"[143.799,186.321,212.642,259.722]",4024721,0.9594835484260409,4024721,True,MATCHED,MATCHED,True
402,1600938539084082,4,0.87631822,"[544.826,296.066,617.976,389.065]",4024743,0.9199109378322528,4024743,True,MATCHED,MATCHED,True
402,1600938539084082,5,0.87415153,"[165.656,247.296,256.9,325.444]",4024724,0.878074997743491,4024724,True,MATCHED,MATCHED,True
402,1600938539084082,6,0.87087452,"[202.472,704.14,290.158,761.729]",4024719,0.890608298765433,4024719,True,MATCHED,MATCHED,True
402,1600938539084082,7,0.86612612,"[185.005,468.866,282.925,563.075]",4024731,0.7500954851272522,4024731,True,MATCHED,MATCHED,True
402,1600938539084082,8,0.84840888,"[204.049,330.05,290.429,407.335]",4024734,0.8318884054140141,4024734,True,MATCHED,MATCHED,True
402,1600938539084082,9,0.79829681,"[279.527,187.362,326.867,243.81]",4024728,0.9074032237590101,4024728,True,MATCHED,MATCHED,True
402,1600938539084082,10,0.79781353,"[521.807,416.38,604.371,497.773]",4024741,0.7302093658476957,4024741,True,MATCHED,MATCHED,True
402,1600938539084082,11,0.62838244,"[170.744,334.211,221.565,411.049]",4024726,0.8449360921800131,4024726,True,MATCHED,MATCHED,True
402,1600938539084082,12,0.56905156,"[654.511,1255.27,719.847,1280.0]",4024719,0.0,,False,NO_GT_OVERLAP,NO_GT_OVERLAP,False
402,1600938539084082,13,0.46153432,"[348.082,106.173,377.489,134.438]",4024735,0.924810260206533,4024735,True,MATCHED,MATCHED,True
402,1600938539084082,14,0.32213414,"[30.593,655.479,64.451,687.377]",4024719,0.0,,False,NO_GT_OVERLAP,NO_GT_OVERLAP,False
402,1600938539084082,15,0.2646153,"[645.228,631.78,720.0,711.378]",4024742,0.01636606803675574,,False,LOW_CONF,LOW_CONF,False
402,1600938539084082,16,0.23187467,"[281.671,762.037,308.015,802.511]",4024719,0.004120353792843473,,False,LOW_CONF,LOW_CONF,False
402,1600938539084082,17,0.09168313,"[662.076,508.712,683.355,532.671]",4024719,0.0,,False,LOW_CONF,LOW_CONF,False
402,1600938539084082,18,0.08353583,"[605.602,781.945,647.936,866.395]",4024719,0.0,,False,LOW_CONF,LOW_CONF,False
402,1600938539084082,19,0.06480478,"[651.055,626.625,720.0,671.813]",4024746,0.0025785626383492085,,False,LOW_CONF,LOW_CONF,False
402,1600938539084082,20,0.05041742,"[687.602,624.722,719.705,651.788]",4024746,0.011381345360083296,,False,LOW_CONF,LOW_CONF,False
402,1600938539150716,0,0.91273254,"[647.142,534.057,719.817,628.11]",4024746,0.9422718053385934,4024746,True,MATCHED,MATCHED,True
402,1600938539150716,1,0.90783042,"[523.581,608.778,635.71,706.061]",4024742,0.95329639538752,4024742,True,MATCHED,MATCHED,True
402,1600938539150716,2,0.90093386,"[260.579,273.679,341.07,375.326]",4024737,0.940787547599204,4024737,True,MATCHED,MATCHED,True
402,1600938539150716,3,0.89365262,"[529.674,297.846,605.224,389.845]",4024743,0.9495686329108579,4024743,True,MATCHED,MATCHED,True
402,1600938539150716,4,0.8787232,"[129.418,190.48,195.636,262.313]",4024721,0.8819047417600475,4024721,True,MATCHED,MATCHED,True
402,1600938539150716,5,0.87049645,"[172.636,470.025,271.278,567.049]",4024731,0.7702056907696719,4024731,True,MATCHED,MATCHED,True
402,1600938539150716,6,0.86755997,"[189.55,705.459,276.541,765.89]",4024719,0.8928249186480982,4024719,True,MATCHED,MATCHED,True
402,1600938539150716,7,0.85703754,"[190.929,332.097,275.868,409.888]",4024734,0.8285398701506885,4024734,True,MATCHED,MATCHED,True
402,1600938539150716,8,0.84975225,"[152.836,248.514,245.166,328.388]",4024724,0.9321323525828271,4024724,True,MATCHED,MATCHED,True
402,1600938539150716,9,0.83548486,"[264.856,191.386,313.893,248.189]",4024728,0.8698006307194929,4024728,True,MATCHED,MATCHED,True
402,1600938539150716,10,0.7379483,"[510.231,416.721,590.954,495.768]",4024741,0.6624608512922323,4024741,True,MATCHED,MATCHED,True
402,1600938539150716,11,0.55315739,"[158.413,333.44,208.055,411.879]",4024726,0.8192682242832311,4024726,True,MATCHED,MATCHED,True
402,1600938539150716,12,0.31271282,"[272.729,763.61,300.148,818.774]",4024719,0.0037338458018134225,,False,IOU_BELOW_0_5,IOU_BELOW_0_5,False
402,1600938539150716,13,0.16451843,"[335.974,109.851,362.836,137.604]",4024735,0.8507413309935534,,False,LOW_CONF,LOW_CONF,False
402,1600938539150716,14,0.15079598,"[631.1,1255.014,704.862,1279.816]",4024719,0.0,,False,LOW_CONF,LOW_CONF,False
402,1600938539150716,15,0.13109358,"[21.374,655.759,55.628,688.6]",4024719,0.0,,False,LOW_CONF,LOW_CONF,False
402,1600938539150716,16,0.10343663,"[149.557,142.981,165.119,158.092]",4024719,0.0,,False,LOW_CONF,LOW_CONF,False
402,1600938539150716,17,0.08512206,"[157.869,329.791,189.192,381.783]",4024726,0.3505982369456371,,False,LOW_CONF,LOW_CONF,False
402,1600938539150716,18,0.07198168,"[617.229,433.856,662.697,480.793]",4024719,0.0,,False,LOW_CONF,LOW_CONF,False
402,1600938539150716,19,0.06991278,"[589.878,511.319,606.396,525.328]",4024719,0.0,,False,LOW_CONF,LOW_CONF,False
402,1600938539150716,20,0.06180384,"[157.752,329.929,185.601,360.655]",4024726,0.1685654631135657,,False,LOW_CONF,LOW_CONF,False
402,1600938539150716,21,0.05384294,"[599.512,795.99,630.54,866.484]",4024719,0.0,,False,LOW_CONF,LOW_CONF,False
402,1600938539150716,22,0.05204695,"[591.223,510.978,612.156,525.914]",4024719,0.0,,False,LOW_CONF,LOW_CONF,False
402,1600938539217352,0,0.91803521,"[508.419,609.497,619.464,706.556]",4024742,0.9727068033826471,4024742,True,MATCHED,MATCHED,True
402,1600938539217352,1,0.90319949,"[632.135,534.502,719.405,630.802]",4024746,0.9489260111024196,4024746,True,MATCHED,MATCHED,True
402,1600938539217352,2,0.89651632,"[514.184,301.012,588.499,394.891]",4024743,0.8960377959564597,4024743,True,MATCHED,MATCHED,True
402,1600938539217352,3,0.89647317,"[247.853,275.674,325.63,376.034]",4024737,0.931134645128079,4024737,True,MATCHED,MATCHED,True
402,1600938539217352,4,0.88099992,"[116.037,190.86,184.281,264.537]",4024721,0.8774746283065108,4024721,True,MATCHED,MATCHED,True
402,1600938539217352,5,0.86808908,"[175.012,705.28,262.572,766.908]",4024719,0.8697852482269509,4024719,True,MATCHED,MATCHED,True
402,1600938539217352,6,0.84875232,"[140.725,250.392,227.261,326.985]",4024724,0.8536091642896592,4024724,True,MATCHED,MATCHED,True
402,1600938539217352,7,0.84381312,"[176.207,332.445,262.207,410.195]",4024734,0.8320750420794623,4024734,True,MATCHED,MATCHED,True
402,1600938539217352,8,0.83743721,"[159.222,471.6,257.322,561.597]",4024731,0.8008062245307451,4024731,True,MATCHED,MATCHED,True
402,1600938539217352,9,0.81402332,"[250.546,192.697,300.126,249.361]",4024728,0.9168747812412046,4024728,True,MATCHED,MATCHED,True
402,1600938539217352,10,0.76058257,"[495.345,420.029,558.882,495.94]",4024741,0.8843578196973737,4024741,True,MATCHED,MATCHED,True
402,1600938539217352,11,0.33836186,"[604.198,1253.629,685.739,1280.0]",4024719,0.0,,False,NO_GT_OVERLAP,NO_GT_OVERLAP,False
402,1600938539217352,12,0.29828072,"[145.307,336.589,198.206,416.038]",4024726,0.7878132544743256,,False,LOW_CONF,LOW_CONF,False
402,1600938539217352,13,0.06869339,"[627.744,510.057,659.862,533.354]",4024719,0.0,,False,LOW_CONF,LOW_CONF,False
402,1600938539217352,14,0.06299008,"[143.064,323.488,211.393,410.218]",4024726,0.4959470615548681,,False,LOW_CONF,LOW_CONF,False
402,1600938539217352,15,0.06011992,"[15.897,656.556,46.452,688.518]",4024719,0.0,,False,LOW_CONF,LOW_CONF,False
402,1600938539217352,16,0.05723109,"[320.361,110.882,348.987,139.783]",4024735,0.86440510284501,,False,LOW_CONF,LOW_CONF,False
402,1600938539283987,0,0.9176141,"[233.829,272.458,311.862,374.639]",4024737,0.9193669596457147,4024737,True,MATCHED,MATCHED,True
402,1600938539283987,1,0.91606522,"[497.586,608.196,605.845,705.862]",4024742,0.9456417913998343,4024742,True,MATCHED,MATCHED,True
402,1600938539283987,2,0.9062351,"[619.725,532.262,719.138,628.606]",4024746,0.9480712676550956,4024746,True,MATCHED,MATCHED,True
402,1600938539283987,3,0.88070834,"[502.173,298.152,578.241,393.276]",4024743,0.9121196952586207,4024743,True,MATCHED,MATCHED,True
402,1600938539283987,4,0.87695724,"[104.276,187.507,172.034,261.619]",4024721,0.91602124717766,4024721,True,MATCHED,MATCHED,True
402,1600938539283987,5,0.87212014,"[161.897,703.269,252.203,767.737]",4024719,0.9205957001897529,4024719,True,MATCHED,MATCHED,True
402,1600938539283987,6,0.87122488,"[148.502,469.76,245.028,562.748]",4024731,0.7833097727919072,4024731,True,MATCHED,MATCHED,True
402,1600938539283987,7,0.85261327,"[127.675,247.909,216.322,326.953]",4024724,0.882517806381297,4024724,True,MATCHED,MATCHED,True
402,1600938539283987,8,0.84472251,"[237.484,189.084,286.543,245.817]",4024728,0.9638923532434723,4024728,True,MATCHED,MATCHED,True
402,1600938539283987,9,0.83072478,"[158.617,330.1,251.123,408.773]",4024734,0.802215463362793,4024734,True,MATCHED,MATCHED,True
402,1600938539283987,10,0.72100329,"[243.623,761.266,284.937,825.616]",4024719,0.01026575657628966,,False,IOU_BELOW_0_5,IOU_BELOW_0_5,False
402,1600938539283987,11,0.71760941,"[482.985,418.025,557.456,493.137]",4024741,0.7316304847568437,4024741,True,MATCHED,MATCHED,True
402,1600938539283987,12,0.54340398,"[590.832,1256.023,668.192,1280.0]",4024719,0.0,,False,NO_GT_OVERLAP,NO_GT_OVERLAP,False
402,1600938539283987,13,0.42453304,"[308.413,105.693,337.829,135.876]",4024735,0.9051301529841154,4024735,True,MATCHED,MATCHED,True
402,1600938539283987,14,0.22442126,"[610.266,506.69,654.839,537.712]",4024746,0.012853313610381799,,False,LOW_CONF,LOW_CONF,False
402,1600938539283987,15,0.19328563,"[617.787,507.205,653.499,533.749]",4024719,0.0,,False,LOW_CONF,LOW_CONF,False
402,1600938539283987,16,0.19136155,"[594.118,411.183,640.782,484.496]",4024719,0.0,,False,LOW_CONF,LOW_CONF,False
402,1600938539283987,17,0.11998282,"[133.078,329.852,149.08,351.702]",4024726,0.06130478469727335,,False,LOW_CONF,LOW_CONF,False
402,1600938539283987,18,0.11137719,"[134.477,334.942,162.352,398.998]",4024726,0.5101912054113485,,False,LOW_CONF,LOW_CONF,False
402,1600938539283987,19,0.10956492,"[136.405,343.222,174.232,407.552]",4024726,0.7524461688311693,,False,LOW_CONF,LOW_CONF,False
402,1600938539283987,20,0.09304956,"[598.159,436.548,639.402,485.187]",4024719,0.0,,False,LOW_CONF,LOW_CONF,False
402,1600938539283987,21,0.07972899,"[700.772,456.511,719.349,491.3]",4024719,0.0,,False,LOW_CONF,LOW_CONF,False
402,1600938539283987,22,0.07448188,"[141.533,347.081,181.454,410.585]",4024726,0.6404306146497791,,False,LOW_CONF,LOW_CONF,False
402,1600938539283987,23,0.06939863,"[703.427,640.842,719.426,694.704]",4024719,0.0,,False,LOW_CONF,LOW_CONF,False
402,1600938539283987,24,0.06390995,"[692.533,502.85,718.795,538.82]",4024746,0.012396638927238746,,False,LOW_CONF,LOW_CONF,False
402,1600938539283987,25,0.05981059,"[564.932,510.069,582.155,525.792]",4024719,0.0,,False,LOW_CONF,LOW_CONF,False
402,1600938539283987,26,0.05347624,"[598.571,506.684,652.52,533.08]",4024719,0.0,,False,LOW_CONF,LOW_CONF,False
402,1600938539283987,27,0.05026119,"[1.417,444.838,30.539,510.138]",4024719,0.0,,False,LOW_CONF,LOW_CONF,False
402,1600938539350621,0,0.91558391,"[483.268,608.967,591.589,706.215]",4024742,0.9442084404100133,4024742,True,MATCHED,MATCHED,True
402,1600938539350621,1,0.91279858,"[605.173,533.262,710.696,628.753]",4024746,0.9401047934648039,4024746,True,MATCHED,MATCHED,True
402,1600938539350621,2,0.90374637,"[220.242,274.879,298.486,376.923]",4024737,0.9425081393939865,4024737,True,MATCHED,MATCHED,True
402,1600938539350621,3,0.88043809,"[90.818,191.498,159.462,263.871]",4024721,0.9361837863359422,4024721,True,MATCHED,MATCHED,True
402,1600938539350621,4,0.88026798,"[487.832,299.319,563.598,401.375]",4024743,0.84217334099627,4024743,True,MATCHED,MATCHED,True
402,1600938539350621,5,0.86744428,"[146.767,704.876,240.911,770.64]",4024719,0.9234122277100328,4024719,True,MATCHED,MATCHED,True
402,1600938539350621,6,0.86082751,"[137.45,471.36,234.426,562.524]",4024731,0.8175145218236004,4024731,True,MATCHED,MATCHED,True
402,1600938539350621,7,0.85764378,"[149.197,333.819,233.913,409.938]",4024734,0.8669476825198027,4024734,True,MATCHED,MATCHED,True
402,1600938539350621,8,0.8338455,"[223.532,191.865,272.2,248.649]",4024728,0.942511031920703,4024728,True,MATCHED,MATCHED,True
402,1600938539350621,9,0.82846987,"[231.101,763.185,274.499,827.12]",4024719,0.01039516517031351,,False,IOU_BELOW_0_5,IOU_BELOW_0_5,False
402,1600938539350621,10,0.82571769,"[114.987,250.767,203.761,332.779]",4024724,0.8841199367425484,4024724,True,MATCHED,MATCHED,True
402,1600938539350621,11,0.64258271,"[470.585,418.029,540.154,490.017]",4024741,0.7205427314911992,4024741,True,MATCHED,MATCHED,True
402,1600938539350621,12,0.39846814,"[573.496,1255.474,651.819,1280.0]",4024719,0.0,,False,NO_GT_OVERLAP,NO_GT_OVERLAP,False
402,1600938539350621,13,0.25178027,"[295.004,110.823,323.509,139.582]",4024735,0.8196852790160517,,False,LOW_CONF,LOW_CONF,False
402,1600938539350621,14,0.10569116,"[118.904,333.672,137.495,360.079]",4024726,0.0954096363114172,,False,LOW_CONF,LOW_CONF,False
402,1600938539350621,15,0.08438191,"[472.54,416.959,527.379,480.147]",4024741,0.7129207711672021,,False,LOW_CONF,LOW_CONF,False
402,1600938539350621,16,0.07374824,"[119.331,334.486,148.844,391.021]",4024726,0.41014456957009704,,False,LOW_CONF,LOW_CONF,False
402,1600938539350621,17,0.0667065,"[0.504,655.233,26.695,688.131]",4024719,0.0,,False,LOW_CONF,LOW_CONF,False
402,1600938539350621,18,0.05999435,"[554.139,195.922,565.342,209.55]",4024719,0.0,,False,LOW_CONF,LOW_CONF,False
402,1600938539350621,19,0.05921026,"[706.28,554.945,720.0,605.097]",4024746,0.03638536245765408,,False,LOW_CONF,LOW_CONF,False
402,1600938539350621,20,0.05889661,"[594.258,436.277,626.758,485.598]",4024719,0.0,,False,LOW_CONF,LOW_CONF,False
402,1600938539350621,21,0.05491838,"[122.575,336.349,166.521,398.655]",4024726,0.6676725606945296,,False,LOW_CONF,LOW_CONF,False
402,1600938539417256,0,0.91424757,"[207.002,274.214,287.185,376.76]",4024737,0.9491933308029504,4024737,True,MATCHED,MATCHED,True
402,1600938539417256,1,0.90465093,"[468.252,609.439,575.423,707.007]",4024742,0.9590930964238447,4024742,True,MATCHED,MATCHED,True
402,1600938539417256,2,0.89967024,"[590.846,535.53,694.084,629.694]",4024746,0.9455113926258673,4024746,True,MATCHED,MATCHED,True
402,1600938539417256,3,0.89844698,"[134.431,706.36,225.631,773.27]",4024719,0.8737388316151199,4024719,True,MATCHED,MATCHED,True
402,1600938539417256,4,0.88308799,"[77.741,191.286,145.798,263.134]",4024721,0.947699474214856,4024721,True,MATCHED,MATCHED,True
402,1600938539417256,5,0.87058783,"[473.486,300.495,548.099,390.03]",4024743,0.9393888255584347,4024743,True,MATCHED,MATCHED,True
402,1600938539417256,6,0.85492796,"[131.646,331.668,220.987,409.202]",4024734,0.8338428044055047,4024734,True,MATCHED,MATCHED,True
402,1600938539417256,7,0.85240948,"[123.979,471.599,222.151,562.263]",4024731,0.8269322783545818,4024731,True,MATCHED,MATCHED,True
402,1600938539417256,8,0.84300417,"[101.347,250.231,194.839,330.078]",4024724,0.9552553879275061,4024724,True,MATCHED,MATCHED,True
402,1600938539417256,9,0.83217889,"[209.5,192.293,258.539,247.872]",4024728,0.9716089672880124,4024728,True,MATCHED,MATCHED,True
402,1600938539417256,10,0.758654,"[217.42,763.154,269.018,827.085]",4024719,0.0159668944454526,,False,IOU_BELOW_0_5,IOU_BELOW_0_5,False
402,1600938539417256,11,0.53470767,"[463.715,417.913,528.766,462.979]",4024741,0.4489122718925682,,False,IOU_BELOW_0_5,IOU_BELOW_0_5,False
402,1600938539417256,12,0.37351847,"[281.553,111.193,310.622,140.346]",4024735,0.8907863081204301,4024735,True,MATCHED,MATCHED,True
402,1600938539417256,13,0.3705363,"[458.501,417.956,530.448,484.99]",4024741,0.6924080954014531,4024741,True,MATCHED,MATCHED,True
402,1600938539417256,14,0.12651192,"[582.597,440.529,616.953,487.324]",4024719,0.0,,False,LOW_CONF,LOW_CONF,False
402,1600938539417256,15,0.1041238,"[566.666,1255.771,631.778,1279.868]",4024719,0.0,,False,LOW_CONF,LOW_CONF,False
402,1600938539417256,16,0.06950047,"[609.327,508.944,634.804,533.081]",4024719,0.0,,False,LOW_CONF,LOW_CONF,False
402,1600938539417256,17,0.06314263,"[616.188,621.193,666.544,645.516]",4024746,0.04056271490089072,,False,LOW_CONF,LOW_CONF,False
402,1600938539483890,0,0.91532874,"[454.717,608.432,564.255,706.152]",4024742,0.9704048290320931,4024742,True,MATCHED,MATCHED,True
402,1600938539483890,1,0.89066076,"[193.518,272.532,272.5,374.232]",4024737,0.9591864944326446,4024737,True,MATCHED,MATCHED,True
402,1600938539483890,2,0.88649255,"[579.479,534.15,682.911,629.951]",4024746,0.940447253262479,4024746,True,MATCHED,MATCHED,True
402,1600938539483890,3,0.87770706,"[63.768,189.368,130.561,260.507]",4024721,0.9499087560360845,4024721,True,MATCHED,MATCHED,True
402,1600938539483890,4,0.86271399,"[115.469,330.564,208.814,408.744]",4024734,0.8229976625139815,4024734,True,MATCHED,MATCHED,True
402,1600938539483890,5,0.85662979,"[90.4,248.827,183.834,329.167]",4024724,0.9636055917843386,4024724,True,MATCHED,MATCHED,True
402,1600938539483890,6,0.85353136,"[461.283,298.638,536.933,393.279]",4024743,0.9070214944207499,4024743,True,MATCHED,MATCHED,True
402,1600938539483890,7,0.84655231,"[195.623,189.861,244.07,246.469]",4024728,0.9088028045584687,4024728,True,MATCHED,MATCHED,True
402,1600938539483890,8,0.84595793,"[109.695,468.043,210.166,559.368]",4024731,0.8184958379139009,4024731,True,MATCHED,MATCHED,True
402,1600938539483890,9,0.83447433,"[118.056,705.734,215.348,773.287]",4024719,0.8691142091676398,4024719,True,MATCHED,MATCHED,True
402,1600938539483890,10,0.57329375,"[449.082,417.578,513.179,467.655]",4024741,0.5239577963290389,4024741,True,MATCHED,MATCHED,True
402,1600938539483890,11,0.30645904,"[450.218,415.328,519.138,454.18]",4024741,0.358746876856787,,False,IOU_BELOW_0_5,IOU_BELOW_0_5,False
402,1600938539483890,12,0.29501137,"[555.43,1256.194,618.941,1280.0]",4024719,0.0,,False,LOW_CONF,LOW_CONF,False
402,1600938539483890,13,0.25247008,"[446.219,416.845,515.508,492.806]",4024741,0.7332690305527193,,False,LOW_CONF,LOW_CONF,False
402,1600938539483890,14,0.20292112,"[450.381,347.013,519.928,413.29]",4024738,0.708405654955174,,False,LOW_CONF,LOW_CONF,False
402,1600938539483890,15,0.1012692,"[269.695,108.302,298.168,136.867]",4024735,0.8745497258064514,,False,LOW_CONF,LOW_CONF,False
402,1600938539483890,16,0.09993882,"[450.996,361.94,508.461,414.783]",4024738,0.6379460073529418,,False,LOW_CONF,LOW_CONF,False
402,1600938539483890,17,0.08755009,"[440.668,352.748,497.593,414.345]",4024738,0.7366405934873955,,False,LOW_CONF,LOW_CONF,False
402,1600938539483890,18,0.05832614,"[597.227,507.97,625.854,531.747]",4024719,0.0,,False,LOW_CONF,LOW_CONF,False
402,1600938539483890,19,0.05267475,"[531.823,193.831,544.427,207.516]",4024719,0.0,,False,LOW_CONF,LOW_CONF,False
402,1600938539550524,0,0.91742653,"[441.255,608.997,549.326,706.0]",4024742,0.9746321981332157,4024742,True,MATCHED,MATCHED,True
402,1600938539550524,1,0.91491503,"[180.071,274.629,260.707,376.775]",4024737,0.9022087561993791,4024737,True,MATCHED,MATCHED,True
402,1600938539550524,2,0.90532935,"[567.342,532.492,670.064,628.241]",4024746,0.9177508632821487,4024746,True,MATCHED,MATCHED,True
402,1600938539550524,3,0.87215471,"[50.601,191.022,117.046,263.696]",4024721,0.9175530555278761,4024721,True,MATCHED,MATCHED,True
402,1600938539550524,4,0.86678302,"[447.644,299.507,522.751,392.626]",4024743,0.9340431987718972,4024743,True,MATCHED,MATCHED,True
402,1600938539550524,5,0.85588616,"[77.25,252.738,165.178,328.55]",4024724,0.8572527695473252,4024724,True,MATCHED,MATCHED,True
402,1600938539550524,6,0.85515136,"[102.461,332.188,192.211,410.1]",4024734,0.8768941107436706,4024734,True,MATCHED,MATCHED,True
402,1600938539550524,7,0.84096837,"[108.005,705.28,202.188,776.01]",4024719,0.8882084786666669,4024719,True,MATCHED,MATCHED,True
402,1600938539550524,8,0.8260693,"[97.573,471.782,196.231,557.954]",4024731,0.8304689120836029,4024731,True,MATCHED,MATCHED,True
402,1600938539550524,9,0.78386557,"[182.782,192.978,231.762,247.807]",4024728,0.9423737411661015,4024728,True,MATCHED,MATCHED,True
402,1600938539550524,10,0.37552303,"[531.627,1256.734,599.805,1279.921]",4024719,0.0,,False,NO_GT_OVERLAP,NO_GT_OVERLAP,False
402,1600938539550524,11,0.37399781,"[564.128,440.242,604.875,486.437]",4024719,0.0,,False,NO_GT_OVERLAP,NO_GT_OVERLAP,False
402,1600938539550524,12,0.18401532,"[200.431,762.978,251.01,826.98]",4024719,0.008907376126338821,,False,LOW_CONF,LOW_CONF,False
402,1600938539550524,13,0.17981189,"[439.935,366.911,499.084,415.054]",4024738,0.5495296946602128,,False,LOW_CONF,LOW_CONF,False
402,1600938539550524,14,0.14933889,"[430.343,356.427,502.335,415.357]",4024738,0.7534628796488536,,False,LOW_CONF,LOW_CONF,False
402,1600938539550524,15,0.1377387,"[548.005,606.695,569.506,637.068]",4024746,0.007755545647093173,,False,LOW_CONF,LOW_CONF,False
402,1600938539550524,16,0.0936572,"[439.661,423.19,489.459,445.997]",4024741,0.26528185485052286,,False,LOW_CONF,LOW_CONF,False
402,1600938539550524,17,0.08382986,"[519.516,194.767,530.09,208.972]",4024719,0.0,,False,LOW_CONF,LOW_CONF,False
402,1600938539550524,18,0.07845077,"[434.816,420.031,489.328,463.73]",4024741,0.5522103741575044,,False,LOW_CONF,LOW_CONF,False
402,1600938539550524,19,0.06817613,"[431.12,418.535,490.262,488.361]",4024741,0.9118289458869188,,False,LOW_CONF,LOW_CONF,False
402,1600938539550524,20,0.06175044,"[593.907,507.207,618.923,532.743]",4024719,0.0,,False,LOW_CONF,LOW_CONF,False
402,1600938539550524,21,0.05493269,"[682.166,167.979,699.874,227.739]",4024719,0.0,,False,LOW_CONF,LOW_CONF,False
402,1600938539617158,0,0.92374647,"[426.944,609.942,534.217,706.678]",4024742,0.9432270315850798,4024742,True,MATCHED,MATCHED,True
402,1600938539617158,1,0.90366304,"[552.266,533.51,655.909,628.05]",4024746,0.9487706016636759,4024746,True,MATCHED,MATCHED,True
402,1600938539617158,2,0.89643872,"[163.402,275.242,247.569,375.1]",4024737,0.9520529691134146,4024737,True,MATCHED,MATCHED,True
402,1600938539617158,3,0.87315953,"[37.861,191.303,104.347,264.147]",4024721,0.9322883902157946,4024721,True,MATCHED,MATCHED,True
402,1600938539617158,4,0.85939389,"[434.038,302.204,507.532,392.111]",4024743,0.9126358228599124,4024743,True,MATCHED,MATCHED,True
402,1600938539617158,5,0.85704595,"[89.357,331.752,181.841,410.857]",4024734,0.8419962790270801,4024734,True,MATCHED,MATCHED,True
402,1600938539617158,6,0.85442996,"[65.399,251.994,153.399,333.081]",4024724,0.8853640182854197,4024724,True,MATCHED,MATCHED,True
402,1600938539617158,7,0.84514803,"[95.002,707.684,192.868,778.138]",4024719,0.9102377774257433,4024719,True,MATCHED,MATCHED,True
402,1600938539617158,8,0.81317478,"[169.661,193.557,219.327,248.121]",4024728,0.915574943715503,4024728,True,MATCHED,MATCHED,True
402,1600938539617158,9,0.71812534,"[83.125,473.938,181.099,561.03]",4024731,0.7736425852898209,4024731,True,MATCHED,MATCHED,True
402,1600938539617158,10,0.32002699,"[243.092,109.893,272.503,139.375]",4024735,0.9097125203218328,4024735,True,MATCHED,MATCHED,True
402,1600938539617158,11,0.24356601,"[419.968,355.117,481.708,418.442]",4024738,0.7448164083623972,,False,LOW_CONF,LOW_CONF,False
402,1600938539617158,12,0.24295172,"[553.214,439.391,616.1,488.467]",4024719,0.0,,False,LOW_CONF,LOW_CONF,False
402,1600938539617158,13,0.1764057,"[423.889,371.024,483.057,418.721]",4024738,0.5262293861103784,,False,LOW_CONF,LOW_CONF,False
402,1600938539617158,14,0.09299517,"[193.884,763.206,242.383,827.55]",4024719,0.0,,False,LOW_CONF,LOW_CONF,False
402,1600938539617158,15,0.07771928,"[494.994,498.636,517.504,516.757]",4024719,0.0,,False,LOW_CONF,LOW_CONF,False
402,1600938539617158,16,0.06504148,"[434.89,423.835,472.478,444.556]",4024741,0.18679611566836102,,False,LOW_CONF,LOW_CONF,False
402,1600938539683797,0,0.92376179,"[415.463,609.135,521.077,706.14]",4024742,0.9541008168231419,4024742,True,MATCHED,MATCHED,False
402,1600938539683797,1,0.90464038,"[541.083,532.226,643.362,625.423]",4024746,0.9099396919885002,4024746,True,MATCHED,MATCHED,True
402,1600938539683797,2,0.8915661,"[150.327,273.509,230.186,374.599]",4024737,0.9409516230152398,4024737,True,MATCHED,MATCHED,True
402,1600938539683797,3,0.88752091,"[421.154,300.129,496.391,403.717]",4024743,0.8300963383527828,4024743,True,MATCHED,MATCHED,True
402,1600938539683797,4,0.8656618,"[76.307,331.306,166.151,408.797]",4024734,0.8694242860706664,4024734,True,MATCHED,MATCHED,True
402,1600938539683797,5,0.86513555,"[24.986,191.194,89.837,262.242]",4024721,0.9222669771778568,4024721,True,MATCHED,MATCHED,True
402,1600938539683797,6,0.8578065,"[79.935,708.678,179.304,779.603]",4024719,0.9003252842360749,4024719,True,MATCHED,MATCHED,True
402,1600938539683797,7,0.85418618,"[51.716,251.197,145.282,332.594]",4024724,0.9536851360463728,4024724,True,MATCHED,MATCHED,True
402,1600938539683797,8,0.8089506,"[155.55,192.101,204.999,246.39]",4024728,0.9643815423144178,4024728,True,MATCHED,MATCHED,True
402,1600938539683797,9,0.76254117,"[72.934,473.22,169.929,561.475]",4024731,0.8033578658281376,4024731,True,MATCHED,MATCHED,True
402,1600938539683797,10,0.37184227,"[229.434,107.837,259.594,138.982]",4024735,0.9097735500433772,4024735,True,MATCHED,MATCHED,True
402,1600938539683797,11,0.29451993,"[185.421,762.88,235.552,826.522]",4024719,0.0,,False,LOW_CONF,LOW_CONF,False
402,1600938539683797,12,0.18148439,"[220.15,286.134,244.656,337.625]",4024737,0.067409477315091,,False,LOW_CONF,LOW_CONF,False
402,1600938539683797,13,0.13652462,"[410.121,304.081,490.023,415.295]",4024743,0.5819142914106468,,False,LOW_CONF,LOW_CONF,False
402,1600938539683797,14,0.10089315,"[571.881,507.828,601.404,532.293]",4024719,0.0,,False,LOW_CONF,LOW_CONF,False
402,1600938539683797,15,0.08760659,"[471.254,496.288,498.318,515.37]",4024719,0.0,,False,LOW_CONF,LOW_CONF,False
402,1600938539683797,16,0.0862354,"[402.295,354.036,466.313,412.754]",4024738,0.75725401369863,,False,LOW_CONF,LOW_CONF,False
402,1600938539683797,17,0.06527542,"[407.451,340.577,482.894,414.184]",4024738,0.6840826332828774,,False,LOW_CONF,LOW_CONF,False
402,1600938539683797,18,0.05073489,"[545.508,438.74,604.545,487.253]",4024719,0.0,,False,LOW_CONF,LOW_CONF,False
402,1600938539750435,0,0.91654527,"[137.356,274.093,216.815,376.917]",4024737,0.9304633432095363,4024737,True,MATCHED,MATCHED,True
402,1600938539750435,1,0.91436166,"[403.037,609.589,509.618,706.889]",4024742,0.9075845796440628,4024742,True,MATCHED,MATCHED,True
402,1600938539750435,2,0.88581032,"[528.233,532.996,631.678,628.492]",4024746,0.9458079097355175,4024746,True,MATCHED,MATCHED,True
402,1600938539750435,3,0.86749488,"[406.301,300.417,483.786,391.695]",4024743,0.912382787934157,4024743,True,MATCHED,MATCHED,True
402,1600938539750435,4,0.85973471,"[39.246,254.031,128.135,331.17]",4024724,0.8710376741615853,4024724,True,MATCHED,MATCHED,True
402,1600938539750435,5,0.8552106,"[70.765,715.558,167.378,779.013]",4024719,0.7582656666666671,4024719,True,MATCHED,MATCHED,True
402,1600938539750435,6,0.84561431,"[12.516,191.644,76.072,263.817]",4024721,0.9045338109031832,4024721,True,MATCHED,MATCHED,True
402,1600938539750435,7,0.83047557,"[63.621,332.399,152.938,411.061]",4024734,0.868273782465686,4024734,True,MATCHED,MATCHED,True
402,1600938539750435,8,0.81045866,"[142.565,192.556,191.919,246.534]",4024728,0.9514393614285713,4024728,True,MATCHED,MATCHED,True
402,1600938539750435,9,0.77963173,"[58.762,473.928,156.943,559.082]",4024731,0.8234366838191961,4024731,True,MATCHED,MATCHED,True
402,1600938539750435,10,0.47103101,"[218.119,110.604,247.345,138.418]",4024735,0.8211029939393941,4024735,True,MATCHED,MATCHED,True
402,1600938539750435,11,0.31813335,"[459.276,491.651,489.346,516.616]",4024719,0.0,,False,NO_GT_OVERLAP,NO_GT_OVERLAP,False
402,1600938539750435,12,0.24777889,"[414.634,420.294,466.442,443.243]",4024741,0.31801771466924833,,False,LOW_CONF,LOW_CONF,False
402,1600938539750435,13,0.22602181,"[391.243,355.505,465.06,415.657]",4024738,0.775034667017187,,False,LOW_CONF,LOW_CONF,False
402,1600938539750435,14,0.12141617,"[394.78,320.082,473.155,415.518]",4024738,0.5307772581633752,,False,LOW_CONF,LOW_CONF,False
402,1600938539750435,15,0.11810867,"[561.642,507.496,596.314,532.649]",4024719,0.0,,False,LOW_CONF,LOW_CONF,False
402,1600938539750435,16,0.10245852,"[538.333,438.495,593.293,485.95]",4024719,0.0,,False,LOW_CONF,LOW_CONF,False
402,1600938539750435,17,0.06287678,"[178.638,763.288,226.199,827.391]",4024719,0.0,,False,LOW_CONF,LOW_CONF,False
402,1600938539817073,0,0.92026281,"[124.014,274.927,203.698,376.756]",4024737,0.9434813384110806,4024737,True,MATCHED,MATCHED,True
402,1600938539817073,1,0.91411448,"[387.882,609.647,494.893,707.51]",4024742,0.9356242485962863,4024742,True,MATCHED,MATCHED,True
402,1600938539817073,2,0.89871228,"[515.147,534.493,617.646,629.111]",4024746,0.9316233337331686,4024746,True,MATCHED,MATCHED,True
402,1600938539817073,3,0.85932165,"[49.062,333.105,139.007,410.828]",4024734,0.8350060980348084,4024734,True,MATCHED,MATCHED,True
402,1600938539817073,4,0.85451669,"[394.856,302.793,469.388,392.277]",4024743,0.9437398349793493,4024743,True,MATCHED,MATCHED,True
402,1600938539817073,5,0.85238892,"[52.573,713.507,156.461,781.297]",4024719,0.8775785071651102,4024719,True,MATCHED,MATCHED,True
402,1600938539817073,6,0.8342967,"[26.423,254.787,116.432,331.941]",4024724,0.893075409722222,4024724,True,MATCHED,MATCHED,True
402,1600938539817073,7,0.81406063,"[1.218,192.517,60.834,263.661]",4024721,0.9175320685232449,4024721,True,MATCHED,MATCHED,True
402,1600938539817073,8,0.80075896,"[45.886,475.528,150.465,561.092]",4024731,0.8331167496568557,4024731,True,MATCHED,MATCHED,True
402,1600938539817073,9,0.78551334,"[128.68,194.545,178.777,249.997]",4024728,0.8927517250334919,4024728,True,MATCHED,MATCHED,True
402,1600938539817073,10,0.4004297,"[376.22,355.712,453.061,418.249]",4024738,0.8448067926109053,4024738,True,MATCHED,MATCHED,True
402,1600938539817073,11,0.34275368,"[379.047,335.874,460.914,418.137]",4024738,0.6531879834253226,,False,GREEDY_MATCH_CONFLICT,GREEDY_MATCH_CONFLICT,False
402,1600938539817073,12,0.19529033,"[439.873,493.795,474.466,518.712]",4024741,0.04766046127445235,,False,LOW_CONF,LOW_CONF,False
402,1600938539817073,13,0.17638005,"[493.19,606.188,535.551,639.935]",4024746,0.04689462192572049,,False,LOW_CONF,LOW_CONF,False
402,1600938539817073,14,0.15572536,"[403.092,424.463,447.886,444.122]",4024741,0.1254423427350428,,False,LOW_CONF,LOW_CONF,False
402,1600938539817073,15,0.14961956,"[205.311,111.71,234.742,139.015]",4024735,0.8641004892473112,,False,LOW_CONF,LOW_CONF,False
402,1600938539817073,16,0.0962816,"[403.733,424.511,479.362,516.358]",4024741,0.554382529151677,,False,LOW_CONF,LOW_CONF,False
402,1600938539817073,17,0.08623153,"[426.878,445.853,478.91,518.403]",4024741,0.26375368134208793,,False,LOW_CONF,LOW_CONF,False
402,1600938539817073,18,0.07048783,"[463.012,196.047,475.849,211.329]",4024719,0.0,,False,LOW_CONF,LOW_CONF,False
402,1600938539817073,19,0.0630041,"[416.58,424.262,461.497,442.641]",4024741,0.1175968009971512,,False,LOW_CONF,LOW_CONF,False
402,1600938539817073,20,0.05642092,"[464.283,196.494,480.152,211.535]",4024719,0.0,,False,LOW_CONF,LOW_CONF,False
402,1600938539817073,21,0.05618376,"[380.995,376.1,447.774,418.727]",4024738,0.5588760786662317,,False,LOW_CONF,LOW_CONF,False
402,1600938539817073,22,0.053919,"[399.128,420.971,441.7,443.762]",4024741,0.1382134547008547,,False,LOW_CONF,LOW_CONF,False
402,1600938539883711,0,0.92103279,"[110.241,273.314,190.378,375.515]",4024737,0.945415206361304,4024737,True,MATCHED,MATCHED,True
402,1600938539883711,1,0.91056806,"[503.748,533.936,606.975,629.085]",4024746,0.9296000761914748,4024746,True,MATCHED,MATCHED,True
402,1600938539883711,2,0.90804631,"[375.039,609.683,480.061,706.959]",4024742,0.9541892774864883,4024742,True,MATCHED,MATCHED,True
402,1600938539883711,3,0.87822843,"[376.044,301.297,455.493,389.067]",4024743,0.8644366961538075,4024743,True,MATCHED,MATCHED,True
402,1600938539883711,4,0.85295951,"[34.088,331.611,127.565,409.963]",4024734,0.8088145542572569,4024734,True,MATCHED,MATCHED,True
402,1600938539883711,5,0.85254925,"[40.757,708.813,147.09,781.342]",4024719,0.8603407816654008,4024719,True,MATCHED,MATCHED,True
402,1600938539883711,6,0.83397025,"[14.377,254.792,99.722,328.544]",4024724,0.8011154944635356,4024724,True,MATCHED,MATCHED,True
402,1600938539883711,7,0.82214421,"[0.831,194.162,49.41,263.38]",4024721,0.8935648956338861,4024721,True,MATCHED,MATCHED,True
402,1600938539883711,8,0.79631352,"[115.393,192.522,164.915,248.342]",4024728,0.9336322419705966,4024728,True,MATCHED,MATCHED,True
402,1600938539883711,9,0.78485477,"[33.316,472.934,139.801,560.753]",4024731,0.8095676488303567,4024731,True,MATCHED,MATCHED,True
402,1600938539883711,10,0.5130533,"[366.808,367.162,433.25,416.348]",4024738,0.6602052953535359,,False,GREEDY_MATCH_CONFLICT,GREEDY_MATCH_CONFLICT,False
402,1600938539883711,11,0.32051218,"[365.386,353.977,444.621,416.217]",4024738,0.8217152174399739,4024738,True,MATCHED,MATCHED,True
402,1600938539883711,12,0.13324282,"[424.706,494.871,457.293,516.674]",4024741,0.07193791644208646,,False,LOW_CONF,LOW_CONF,False
402,1600938539883711,13,0.08090908,"[479.358,612.922,520.668,648.052]",4024746,0.028293618872376816,,False,LOW_CONF,LOW_CONF,False
402,1600938539883711,14,0.06933546,"[192.495,109.316,221.259,138.934]",4024735,0.916056077419354,,False,LOW_CONF,LOW_CONF,False
402,1600938539883711,15,0.06220312,"[476.085,613.206,541.573,699.402]",4024746,0.04618426043948298,,False,LOW_CONF,LOW_CONF,False
402,1600938539883711,16,0.05194917,"[418.246,458.989,461.644,516.395]",4024741,0.23394743941818533,,False,LOW_CONF,LOW_CONF,False
402,1600938539950348,0,0.9199068,"[491.674,532.863,593.136,627.469]",4024746,0.8714418616232765,4024746,True,MATCHED,MATCHED,True
402,1600938539950348,1,0.91369665,"[361.116,610.848,467.193,707.382]",4024742,0.9294376915526126,4024742,True,MATCHED,MATCHED,True
402,1600938539950348,2,0.90281725,"[95.429,275.795,177.55,377.765]",4024737,0.9536433681612564,4024737,True,MATCHED,MATCHED,True
402,1600938539950348,3,0.88027883,"[368.083,303.474,441.981,395.34]",4024743,0.9142342226892581,4024743,True,MATCHED,MATCHED,True
402,1600938539950348,4,0.87193739,"[27.496,707.134,132.592,783.379]",4024719,0.9267141963390009,4024719,True,MATCHED,MATCHED,True
402,1600938539950348,5,0.85317951,"[21.739,333.068,115.596,411.961]",4024734,0.7903130950125672,4024734,True,MATCHED,MATCHED,True
402,1600938539950348,6,0.80825835,"[102.511,194.955,152.299,251.546]",4024728,0.870886213184497,4024728,True,MATCHED,MATCHED,True
402,1600938539950348,7,0.79434943,"[2.57,257.508,86.71,335.125]",4024724,0.8278225606722871,4024724,True,MATCHED,MATCHED,True
402,1600938539950348,8,0.75650781,"[21.542,475.893,127.438,558.693]",4024731,0.8824425990334638,4024731,True,MATCHED,MATCHED,True
402,1600938539950348,9,0.57118845,"[0.918,196.086,35.959,263.878]",4024721,0.8960651868099191,4024721,True,MATCHED,MATCHED,True
402,1600938539950348,10,0.38832521,"[180.608,112.771,209.316,139.867]",4024735,0.7686089420347525,4024735,True,MATCHED,MATCHED,True
402,1600938539950348,11,0.21776153,"[411.538,492.591,442.886,517.437]",4024741,0.08998553439376084,,False,LOW_CONF,LOW_CONF,False
402,1600938539950348,12,0.17810762,"[385.819,434.516,446.207,515.298]",4024741,0.5660021972181317,,False,LOW_CONF,LOW_CONF,False
402,1600938539950348,13,0.17740411,"[354.099,370.643,419.85,418.973]",4024738,0.6000360399702553,,False,LOW_CONF,LOW_CONF,False
402,1600938539950348,14,0.08697266,"[405.323,449.59,445.213,516.809]",4024741,0.30008408404640213,,False,LOW_CONF,LOW_CONF,False
402,1600938539950348,15,0.07775001,"[442.935,195.921,452.65,210.611]",4024719,0.0,,False,LOW_CONF,LOW_CONF,False
402,1600938539950348,16,0.06965797,"[478.023,614.471,509.226,639.047]",4024746,0.03274282275240039,,False,LOW_CONF,LOW_CONF,False
402,1600938539950348,17,0.06534085,"[373.463,424.717,407.695,444.813]",4024741,0.0981629954337899,,False,LOW_CONF,LOW_CONF,False
402,1600938539950348,18,0.05379183,"[468.401,614.301,508.254,642.105]",4024746,0.030197545576624043,,False,LOW_CONF,LOW_CONF,False
402,1600938539950348,19,0.05007396,"[372.934,428.496,442.504,489.068]",4024741,0.5542402157570875,,False,LOW_CONF,LOW_CONF,False
402,1600938540016985,0,0.9197191,"[346.897,610.171,452.044,707.092]",4024742,0.957638329531187,4024742,True,MATCHED,MATCHED,True
402,1600938540016985,1,0.91475433,"[476.793,535.178,579.722,628.245]",4024746,0.8988716410062708,4024746,True,MATCHED,MATCHED,True
402,1600938540016985,2,0.90940183,"[83.26,275.5,162.954,377.3]",4024737,0.93280826203075,4024737,True,MATCHED,MATCHED,True
402,1600938540016985,3,0.875745,"[15.015,706.1,120.514,783.685]",4024719,0.9255056053805532,4024719,True,MATCHED,MATCHED,True
402,1600938540016985,4,0.84900498,"[338.845,304.129,428.775,410.849]",4024743,0.6410961825661075,4024743,True,MATCHED,MATCHED,True
402,1600938540016985,5,0.84712332,"[5.666,332.548,98.207,410.607]",4024734,0.8236957642184897,4024734,True,MATCHED,MATCHED,True
402,1600938540016985,6,0.81848669,"[0.649,256.712,81.347,334.096]",4024724,0.9507968853667107,4024724,True,MATCHED,MATCHED,True
402,1600938540016985,7,0.78393871,"[88.105,193.581,139.512,250.312]",4024728,0.9241604578358219,4024728,True,MATCHED,MATCHED,True
402,1600938540016985,8,0.6850059,"[10.497,475.437,117.779,558.321]",4024731,0.8706740559529976,4024731,True,MATCHED,MATCHED,True
402,1600938540016985,9,0.44478002,"[165.169,111.508,196.137,141.429]",4024735,0.844331167629728,4024735,True,MATCHED,MATCHED,True
402,1600938540016985,10,0.44159865,"[0.041,228.983,22.595,264.722]",4024721,0.8776859613318005,4024721,True,MATCHED,MATCHED,True
402,1600938540016985,11,0.36500874,"[396.544,489.784,428.311,517.698]",4024741,0.10873496566415339,,False,IOU_BELOW_0_5,IOU_BELOW_0_5,False
402,1600938540016985,12,0.11620466,"[2.231,479.073,76.111,577.826]",4024731,0.438845623198098,,False,LOW_CONF,LOW_CONF,False
402,1600938540016985,13,0.10235254,"[1.309,483.901,34.139,572.476]",4024731,0.12649455519609065,,False,LOW_CONF,LOW_CONF,False
402,1600938540016985,14,0.10031178,"[336.159,356.142,413.71,418.047]",4024738,0.9039760584060712,,False,LOW_CONF,LOW_CONF,False
402,1600938540016985,15,0.07971597,"[1.313,480.802,47.655,571.01]",4024731,0.23764974226482724,,False,LOW_CONF,LOW_CONF,False
402,1600938540016985,16,0.07664451,"[357.614,427.754,431.974,517.202]",4024741,0.8009021508041292,,False,LOW_CONF,LOW_CONF,False
402,1600938540016985,17,0.05597949,"[386.543,476.505,430.063,517.618]",4024741,0.21727853580782006,,False,LOW_CONF,LOW_CONF,False
402,1600938540016985,18,0.0531192,"[394.822,482.332,430.983,517.244]",4024741,0.1458472091118536,,False,LOW_CONF,LOW_CONF,False
402,1600938540083622,0,0.91040963,"[334.054,610.314,438.546,706.518]",4024742,0.9482427009233655,4024742,True,MATCHED,MATCHED,True
402,1600938540083622,1,0.90531021,"[464.995,535.274,566.049,628.808]",4024746,0.921441948775836,4024746,True,MATCHED,MATCHED,True
402,1600938540083622,2,0.89462519,"[68.989,275.05,150.332,376.493]",4024737,0.9242757856171527,4024737,True,MATCHED,MATCHED,True
402,1600938540083622,3,0.88080955,"[3.736,706.404,108.708,785.083]",4024719,0.9720115975974674,4024719,True,MATCHED,MATCHED,True
402,1600938540083622,4,0.85049325,"[334.452,303.207,416.357,399.725]",4024743,0.7999218178757331,4024743,True,MATCHED,MATCHED,True
402,1600938540083622,5,0.83875042,"[0.519,332.988,86.378,410.993]",4024734,0.9198957072203765,4024734,True,MATCHED,MATCHED,True
402,1600938540083622,6,0.76157707,"[75.752,192.809,126.335,248.461]",4024728,0.952455047276635,4024728,True,MATCHED,MATCHED,True
402,1600938540083622,7,0.75803548,"[2.115,477.931,103.309,579.813]",4024731,0.7343697744666301,4024731,True,MATCHED,MATCHED,True
402,1600938540083622,8,0.59146261,"[0.0,256.575,61.959,328.434]",4024724,0.7361626622023814,4024724,True,MATCHED,MATCHED,True
402,1600938540083622,9,0.40648124,"[153.848,111.952,183.771,141.4]",4024735,0.7988681476081249,4024735,True,MATCHED,MATCHED,True
402,1600938540083622,10,0.26542485,"[383.233,488.571,416.982,517.936]",4024741,0.11515634418218261,,False,LOW_CONF,LOW_CONF,False
402,1600938540083622,11,0.17657717,"[1.058,300.875,42.847,363.828]",4024724,0.19662345663685898,,False,LOW_CONF,LOW_CONF,False
402,1600938540083622,12,0.17262883,"[324.295,356.865,395.545,416.839]",4024738,0.8785253906249998,,False,LOW_CONF,LOW_CONF,False
402,1600938540083622,13,0.12765369,"[384.407,483.947,424.183,517.617]",4024741,0.12448429268616316,,False,LOW_CONF,LOW_CONF,False
402,1600938540083622,14,0.11295957,"[0.233,486.563,25.526,576.716]",4024731,0.17302141338149435,,False,LOW_CONF,LOW_CONF,False
402,1600938540083622,15,0.10876909,"[357.137,432.424,422.871,515.909]",4024741,0.6060466951153829,,False,LOW_CONF,LOW_CONF,False
402,1600938540083622,16,0.10051443,"[0.176,481.145,38.847,580.425]",4024731,0.29266207249186543,,False,LOW_CONF,LOW_CONF,False
402,1600938540083622,17,0.0889267,"[368.794,470.894,418.697,517.606]",4024741,0.27713155808811485,,False,LOW_CONF,LOW_CONF,False
402,1600938540083622,18,0.0742355,"[613.342,96.83,637.201,119.694]",4024747,0.567010646837964,,False,LOW_CONF,LOW_CONF,False
402,1600938540083622,19,0.06316105,"[479.577,630.527,525.75,682.228]",4024746,0.0019018690674383453,,False,LOW_CONF,LOW_CONF,False
402,1600938540150258,0,0.91458148,"[320.37,610.63,423.39,706.81]",4024742,0.9557166094060997,4024742,True,MATCHED,MATCHED,True
402,1600938540150258,1,0.90021002,"[451.999,533.757,551.226,628.685]",4024746,0.8941316087355028,4024746,True,MATCHED,MATCHED,True
402,1600938540150258,2,0.88486177,"[52.295,276.299,137.21,378.203]",4024737,0.9634738983112285,4024737,True,MATCHED,MATCHED,True
402,1600938540150258,3,0.87820756,"[2.118,707.222,96.28,786.754]",4024719,0.9468802872326899,4024719,True,MATCHED,MATCHED,True
402,1600938540150258,4,0.86637789,"[0.384,332.854,71.542,411.95]",4024734,0.9065994579404003,4024734,True,MATCHED,MATCHED,True
402,1600938540150258,5,0.85891712,"[321.17,302.579,402.038,396.385]",4024743,0.8258110633864402,4024743,True,MATCHED,MATCHED,True
402,1600938540150258,6,0.77272129,"[0.0,485.757,90.082,583.739]",4024731,0.7037126483180363,4024731,True,MATCHED,MATCHED,True
402,1600938540150258,7,0.72266543,"[62.61,196.537,112.384,250.524]",4024728,0.8763720333177111,4024728,True,MATCHED,MATCHED,True
402,1600938540150258,8,0.31319225,"[140.498,112.961,170.056,141.794]",4024735,0.8397701814996531,4024735,True,MATCHED,MATCHED,True
402,1600938540150258,9,0.28400716,"[350.56,434.285,408.726,514.475]",4024741,0.5841503696620189,,False,LOW_CONF,LOW_CONF,False
402,1600938540150258,10,0.28378081,"[467.21,628.413,517.229,681.41]",4024746,0.019717160186775946,,False,LOW_CONF,LOW_CONF,False
402,1600938540150258,11,0.21863174,"[368.751,486.016,402.767,517.355]",4024741,0.14234751095899117,,False,LOW_CONF,LOW_CONF,False
402,1600938540150258,12,0.21859182,"[0.0,266.134,54.59,333.205]",4024724,0.8619128742937849,,False,LOW_CONF,LOW_CONF,False
402,1600938540150258,13,0.18701179,"[1.512,307.559,31.717,348.846]",4024724,0.1853015350302812,,False,LOW_CONF,LOW_CONF,False
402,1600938540150258,14,0.11762518,"[64.421,207.237,108.859,255.007]",4024728,0.5935082695340248,,False,LOW_CONF,LOW_CONF,False
402,1600938540150258,15,0.11125666,"[544.941,580.104,571.891,628.442]",4024746,0.023803948503803598,,False,LOW_CONF,LOW_CONF,False
402,1600938540150258,16,0.08048957,"[369.943,477.875,408.908,515.991]",4024741,0.1831770861088374,,False,LOW_CONF,LOW_CONF,False
402,1600938540150258,17,0.05478311,"[311.386,305.92,397.53,419.293]",4024743,0.5462520437268971,,False,LOW_CONF,LOW_CONF,False
402,1600938540150258,18,0.05074853,"[354.876,466.219,404.609,516.954]",4024741,0.34134249932359284,,False,LOW_CONF,LOW_CONF,False
402,1600938540150258,19,0.05039239,"[355.841,485.94,402.237,518.731]",4024741,0.19285327768100663,,False,LOW_CONF,LOW_CONF,False
402,1600938540216893,0,0.91393352,"[305.643,610.643,411.068,708.191]",4024742,0.9312868588650717,4024742,True,MATCHED,MATCHED,True
402,1600938540216893,1,0.90088969,"[438.929,534.801,538.88,627.212]",4024746,0.8832671002487699,4024746,True,MATCHED,MATCHED,True
402,1600938540216893,2,0.89990997,"[40.73,275.607,123.934,376.442]",4024737,0.9276350828341766,4024737,True,MATCHED,MATCHED,True
402,1600938540216893,3,0.89453316,"[1.306,706.442,85.087,787.145]",4024719,0.9453136878728535,4024719,True,MATCHED,MATCHED,True
402,1600938540216893,4,0.87550068,"[309.996,302.933,389.525,388.163]",4024743,0.9003490025398615,4024743,True,MATCHED,MATCHED,True
402,1600938540216893,5,0.84589994,"[0.603,334.207,55.519,411.629]",4024734,0.951574454920547,4024734,True,MATCHED,MATCHED,True
402,1600938540216893,6,0.79262763,"[1.145,508.435,77.4,572.932]",4024731,0.6155046036882028,4024731,True,MATCHED,MATCHED,True
402,1600938540216893,7,0.76714277,"[48.38,194.596,99.104,252.857]",4024728,0.8525305181258448,4024728,True,MATCHED,MATCHED,True
402,1600938540216893,8,0.6322757,"[322.376,428.844,396.46,515.081]",4024741,0.8205821081901015,4024741,True,MATCHED,MATCHED,True
402,1600938540216893,9,0.37493956,"[456.87,635.098,502.913,681.381]",4024719,0.0,,False,NO_GT_OVERLAP,NO_GT_OVERLAP,False
402,1600938540216893,10,0.29718393,"[0.502,511.081,59.517,584.265]",4024731,0.44265458225922505,,False,LOW_CONF,LOW_CONF,False
402,1600938540216893,11,0.17381771,"[125.707,112.748,157.128,141.082]",4024735,0.8873891543845351,,False,LOW_CONF,LOW_CONF,False
402,1600938540216893,12,0.11615361,"[51.838,206.569,92.868,255.862]",4024728,0.5357495888674187,,False,LOW_CONF,LOW_CONF,False
402,1600938540216893,13,0.09840924,"[2.62,302.396,41.171,344.249]",4024724,0.4138473494424545,,False,LOW_CONF,LOW_CONF,False
402,1600938540216893,14,0.07718273,"[455.829,620.8,506.55,681.935]",4024746,0.04915525955811658,,False,LOW_CONF,LOW_CONF,False
402,1600938540216893,15,0.06541323,"[1.974,285.008,43.314,337.247]",4024724,0.7275544280862432,,False,LOW_CONF,LOW_CONF,False
402,1600938540216893,16,0.0524194,"[2.179,303.952,36.114,337.982]",4024724,0.3766751001789636,,False,LOW_CONF,LOW_CONF,False
402,1600938540283529,0,0.91817081,"[291.241,609.712,397.276,707.057]",4024742,0.9362736404148223,4024742,True,MATCHED,MATCHED,True
402,1600938540283529,1,0.91743046,"[428.345,534.305,526.98,624.786]",4024746,0.8620399566464231,4024746,True,MATCHED,MATCHED,True
402,1600938540283529,2,0.90756911,"[0.686,706.476,71.9,787.916]",4024719,0.9589398412698418,4024719,True,MATCHED,MATCHED,True
402,1600938540283529,3,0.8926276,"[26.058,277.042,110.581,377.325]",4024737,0.9179360713894759,4024737,True,MATCHED,MATCHED,True
402,1600938540283529,4,0.85584277,"[303.145,303.167,375.258,398.383]",4024743,0.8798942803261507,4024743,True,MATCHED,MATCHED,True
402,1600938540283529,5,0.82635468,"[0.0,337.977,42.363,413.978]",4024734,0.8748647478888842,4024734,True,MATCHED,MATCHED,True
402,1600938540283529,6,0.80142456,"[0.086,508.333,68.102,582.051]",4024731,0.5504583326687944,4024731,True,MATCHED,MATCHED,True
402,1600938540283529,7,0.79697287,"[35.342,196.316,87.139,254.32]",4024728,0.8270415191475043,4024728,True,MATCHED,MATCHED,True
402,1600938540283529,8,0.74753678,"[327.759,432.856,384.034,516.39]",4024741,0.5872870434248469,4024741,True,MATCHED,MATCHED,True
402,1600938540283529,9,0.65403157,"[0.0,280.414,32.34,337.816]",4024724,0.9513931932195226,4024724,True,MATCHED,MATCHED,True
402,1600938540283529,10,0.28703353,"[309.348,429.165,383.017,514.176]",4024741,0.8154010029921639,,False,LOW_CONF,LOW_CONF,False
402,1600938540283529,11,0.16078992,"[114.421,113.614,144.451,141.216]",4024735,0.8275637573966994,,False,LOW_CONF,LOW_CONF,False
402,1600938540283529,12,0.10845479,"[288.041,361.253,350.793,420.588]",4024738,0.715802206768768,,False,LOW_CONF,LOW_CONF,False
402,1600938540283529,13,0.0547081,"[306.847,425.103,341.538,443.957]",4024741,0.08734830582264957,,False,LOW_CONF,LOW_CONF,False
402,1600938540350165,0,0.92305797,"[279.511,611.681,382.559,707.97]",4024742,0.9444220789190457,4024742,True,MATCHED,MATCHED,True
402,1600938540350165,1,0.89897603,"[412.587,537.102,513.262,628.779]",4024746,0.9034410738439004,4024746,True,MATCHED,MATCHED,True
402,1600938540350165,2,0.89791274,"[12.384,277.106,97.021,377.616]",4024737,0.934003655255574,4024737,True,MATCHED,MATCHED,True
402,1600938540350165,3,0.89041287,"[0.147,706.257,59.582,788.11]",4024719,0.9742157237021721,4024719,True,MATCHED,MATCHED,True
402,1600938540350165,4,0.86342043,"[275.979,303.794,361.146,416.283]",4024743,0.6419448092406462,4024743,True,MATCHED,MATCHED,True
402,1600938540350165,5,0.80145824,"[0.694,506.684,55.035,560.015]",4024731,0.8276081395090314,4024731,True,MATCHED,MATCHED,True
402,1600938540350165,6,0.78952384,"[0.0,339.786,30.695,413.24]",4024734,0.8881324145486627,4024734,True,MATCHED,MATCHED,True
402,1600938540350165,7,0.62683052,"[21.623,201.118,71.916,253.334]",4024728,0.7600977619745278,4024728,True,MATCHED,MATCHED,True
402,1600938540350165,8,0.60070658,"[99.294,112.989,132.143,142.405]",4024735,0.9418149671858744,4024735,True,MATCHED,MATCHED,True
402,1600938540350165,9,0.55602103,"[313.976,443.343,368.55,516.504]",4024741,0.5332115937500002,,False,GREEDY_MATCH_CONFLICT,GREEDY_MATCH_CONFLICT,False
402,1600938540350165,10,0.55381858,"[301.533,432.229,369.549,514.246]",4024741,0.7345573956382191,4024741,True,MATCHED,MATCHED,True
402,1600938540350165,11,0.07487755,"[330.111,592.0,374.614,627.09]",4024742,0.0748505836660531,,False,LOW_CONF,LOW_CONF,False
402,1600938540350165,12,0.0720546,"[563.706,100.574,582.204,120.048]",4024747,0.4398413333333318,,False,LOW_CONF,LOW_CONF,False
402,1600938540350165,13,0.06672768,"[0.0,293.18,20.909,341.099]",4024724,0.4932282816623962,,False,LOW_CONF,LOW_CONF,False
402,1600938540416799,0,0.91892034,"[265.739,611.072,370.228,707.511]",4024742,0.9377081596815622,4024742,True,MATCHED,MATCHED,True
402,1600938540416799,1,0.9066847,"[400.543,536.549,500.136,626.861]",4024746,0.8891252618093465,4024746,True,MATCHED,MATCHED,True
402,1600938540416799,2,0.89696914,"[1.057,276.423,82.536,377.26]",4024737,0.9322932393868002,4024737,True,MATCHED,MATCHED,True
402,1600938540416799,3,0.88626707,"[0.046,705.118,49.927,784.684]",4024719,0.9658874655059271,4024719,True,MATCHED,MATCHED,True
402,1600938540416799,4,0.86654222,"[266.607,303.921,351.309,414.575]",4024743,0.6917114335775869,4024743,True,MATCHED,MATCHED,True
402,1600938540416799,5,0.76132542,"[290.197,435.649,357.122,514.148]",4024741,0.6835275681216337,4024741,True,MATCHED,MATCHED,True
402,1600938540416799,6,0.72634298,"[0.0,504.811,45.413,558.53]",4024731,0.8326319900099172,4024731,True,MATCHED,MATCHED,True
402,1600938540416799,7,0.70504564,"[8.114,198.168,60.076,250.965]",4024728,0.8184674070387483,4024728,True,MATCHED,MATCHED,True
402,1600938540416799,8,0.41104001,"[0.0,345.097,20.837,408.574]",4024734,0.6983392304759694,4024734,True,MATCHED,MATCHED,True
402,1600938540416799,9,0.39828086,"[87.77,112.928,119.059,142.074]",4024735,0.8580901176404298,4024735,True,MATCHED,MATCHED,True
402,1600938540416799,10,0.09890974,"[1.828,375.078,25.184,412.622]",4024734,0.334082045540068,,False,LOW_CONF,LOW_CONF,False
402,1600938540416799,11,0.07498382,"[549.562,97.757,570.922,119.339]",4024747,0.5112955583890932,,False,LOW_CONF,LOW_CONF,False
402,1600938540416799,12,0.07017788,"[347.551,192.591,361.991,210.655]",4024719,0.0,,False,LOW_CONF,LOW_CONF,False
402,1600938540416799,13,0.06639547,"[307.313,592.846,354.623,625.536]",4024742,0.0727044882527002,,False,LOW_CONF,LOW_CONF,False
402,1600938540416799,14,0.06466531,"[2.479,346.881,29.116,409.984]",4024734,0.4269120963146148,,False,LOW_CONF,LOW_CONF,False
402,1600938540416799,15,0.06448753,"[64.24,288.003,83.949,320.741]",4024737,0.07502712116279071,,False,LOW_CONF,LOW_CONF,False
402,1600938540416799,16,0.05122288,"[0.0,349.821,15.996,413.001]",4024734,0.8452563559895764,,False,LOW_CONF,LOW_CONF,False
402,1600938540483433,0,0.92467588,"[249.282,610.248,355.883,707.882]",4024742,0.91885437598169,4024742,True,MATCHED,MATCHED,True
402,1600938540483433,1,0.89538109,"[388.634,536.298,486.053,625.976]",4024746,0.9073076873942723,4024746,True,MATCHED,MATCHED,True
402,1600938540483433,2,0.87849367,"[0.0,706.283,37.386,782.561]",4024719,0.9658754463386069,4024719,True,MATCHED,MATCHED,True
402,1600938540483433,3,0.87682843,"[0.384,276.649,68.03,377.779]",4024737,0.9180851838845873,4024737,True,MATCHED,MATCHED,True
402,1600938540483433,4,0.86497796,"[255.298,302.435,336.15,394.714]",4024743,0.8575641150858315,4024743,True,MATCHED,MATCHED,True
402,1600938540483433,5,0.72080564,"[278.789,436.413,343.261,515.111]",4024741,0.6817200523240117,4024741,True,MATCHED,MATCHED,True
402,1600938540483433,6,0.68902224,"[0.0,497.571,33.413,556.859]",4024731,0.7333377130413421,4024731,True,MATCHED,MATCHED,True
402,1600938540483433,7,0.29785532,"[1.145,212.802,45.81,252.863]",4024728,0.5429929351146662,,False,LOW_CONF,LOW_CONF,False
402,1600938540483433,8,0.21418232,"[1.798,219.159,37.503,254.144]",4024728,0.35650444700668726,,False,LOW_CONF,LOW_CONF,False
402,1600938540483433,9,0.19363593,"[74.727,113.044,107.008,142.896]",4024735,0.8088587027077592,,False,LOW_CONF,LOW_CONF,False
402,1600938540483433,10,0.18332933,"[250.371,356.334,322.773,420.048]",4024738,0.9074661169232041,,False,LOW_CONF,LOW_CONF,False
402,1600938540483433,11,0.12370948,"[535.836,98.016,558.099,119.286]",4024747,0.44912454800068685,,False,LOW_CONF,LOW_CONF,False
402,1600938540483433,12,0.10301755,"[2.22,381.668,16.619,411.572]",4024719,0.0,,False,LOW_CONF,LOW_CONF,False
402,1600938540483433,13,0.08270928,"[2.994,200.061,45.156,250.631]",4024728,0.7180006857217487,,False,LOW_CONF,LOW_CONF,False
402,1600938540483433,14,0.077769,"[286.883,454.284,343.249,517.059]",4024741,0.4638127043840355,,False,LOW_CONF,LOW_CONF,False
402,1600938540483433,15,0.07700447,"[44.404,284.108,70.868,327.142]",4024737,0.1581738577777777,,False,LOW_CONF,LOW_CONF,False
402,1600938540483433,16,0.06976716,"[251.051,303.887,330.959,419.393]",4024743,0.6015268935897404,,False,LOW_CONF,LOW_CONF,False
402,1600938540550068,0,0.92022687,"[237.466,611.601,341.269,708.355]",4024742,0.9540661569345076,4024742,True,MATCHED,MATCHED,True
402,1600938540550068,1,0.89843506,"[375.739,536.125,473.034,627.774]",4024746,0.9143564885980191,4024746,True,MATCHED,MATCHED,True
402,1600938540550068,2,0.86572903,"[0.0,278.12,57.159,376.648]",4024737,0.9825794661836112,4024737,True,MATCHED,MATCHED,True
402,1600938540550068,3,0.86491543,"[240.991,305.115,322.271,405.254]",4024743,0.7705796366892667,4024743,True,MATCHED,MATCHED,True
402,1600938540550068,4,0.82814586,"[255.734,427.76,330.622,514.875]",4024741,0.8670434747214428,4024741,True,MATCHED,MATCHED,True
402,1600938540550068,5,0.80552226,"[0.0,707.119,24.463,775.761]",4024719,0.922452793493249,4024719,True,MATCHED,MATCHED,True
402,1600938540550068,6,0.65939206,"[0.383,487.124,20.771,556.092]",4024731,0.5732562440501805,4024731,True,MATCHED,MATCHED,True
402,1600938540550068,7,0.61656404,"[0.0,197.263,32.24,251.742]",4024728,0.7994628149527151,4024728,True,MATCHED,MATCHED,True
402,1600938540550068,8,0.32574263,"[61.356,113.22,93.626,142.336]",4024735,0.8948317333333339,4024735,True,MATCHED,MATCHED,True
402,1600938540550068,9,0.20234606,"[0.298,212.998,28.843,253.623]",4024728,0.4824857670626744,,False,LOW_CONF,LOW_CONF,False
402,1600938540550068,10,0.11190502,"[521.124,100.095,542.527,119.926]",4024747,0.4943716744522349,,False,LOW_CONF,LOW_CONF,False
402,1600938540616703,0,0.91600531,"[224.017,610.287,327.995,707.185]",4024742,0.9566354266461815,4024742,True,MATCHED,MATCHED,True
402,1600938540616703,1,0.90277576,"[364.177,535.805,460.523,629.663]",4024746,0.9563298903635679,4024746,True,MATCHED,MATCHED,True
402,1600938540616703,2,0.86103934,"[0.0,281.231,44.344,376.234]",4024737,0.9704552340614778,4024737,True,MATCHED,MATCHED,True
402,1600938540616703,3,0.82769167,"[231.383,302.876,309.202,394.193]",4024743,0.8685890107453281,4024743,True,MATCHED,MATCHED,True
402,1600938540616703,4,0.78354549,"[254.003,433.043,318.264,512.387]",4024741,0.6899825110499812,4024741,True,MATCHED,MATCHED,True
402,1600938540616703,5,0.54805207,"[50.201,112.616,81.247,141.88]",4024735,0.7748120951800676,4024735,True,MATCHED,MATCHED,True
402,1600938540616703,6,0.38126612,"[0.0,200.895,21.88,241.524]",4024728,0.7408020999999998,4024728,True,MATCHED,MATCHED,True
402,1600938540616703,7,0.13559757,"[0.0,708.098,12.712,759.122]",4024719,0.7271261664883795,,False,LOW_CONF,LOW_CONF,False
402,1600938540616703,8,0.13142063,"[269.789,588.411,334.151,641.411]",4024742,0.16146903100906335,,False,LOW_CONF,LOW_CONF,False
402,1600938540616703,9,0.09323374,"[259.936,584.513,320.508,627.454]",4024742,0.10228305010395737,,False,LOW_CONF,LOW_CONF,False
402,1600938540683342,0,0.92033434,"[209.674,610.448,312.852,707.821]",4024742,0.9795082061533018,4024742,True,MATCHED,MATCHED,True
402,1600938540683342,1,0.90276045,"[351.655,535.883,447.058,629.153]",4024746,0.9216316280070366,4024746,True,MATCHED,MATCHED,True
402,1600938540683342,2,0.82672042,"[220.361,304.69,295.792,395.065]",4024743,0.9010506032672049,4024743,True,MATCHED,MATCHED,True
402,1600938540683342,3,0.7998454,"[0.0,286.964,29.223,377.344]",4024737,0.9001074016590914,4024737,True,MATCHED,MATCHED,True
402,1600938540683342,4,0.79725009,"[238.773,433.493,305.039,515.91]",4024741,0.7435806147558979,4024741,True,MATCHED,MATCHED,True
402,1600938540683342,5,0.72332817,"[35.742,112.748,68.439,142.461]",4024735,0.8705429758064518,4024735,True,MATCHED,MATCHED,True
402,1600938540683342,6,0.10837063,"[264.366,599.229,321.833,643.091]",4024742,0.14754816875870355,,False,LOW_CONF,LOW_CONF,False
402,1600938540683342,7,0.0936859,"[499.029,98.39,518.315,119.768]",4024747,0.46055402889860386,,False,LOW_CONF,LOW_CONF,False
402,1600938540749981,0,0.90530515,"[196.858,611.336,299.544,705.608]",4024742,0.955775652534156,4024742,True,MATCHED,MATCHED,True
402,1600938540749981,1,0.89634866,"[338.917,536.481,435.705,630.133]",4024746,0.9002541707763217,4024746,True,MATCHED,MATCHED,True
402,1600938540749981,2,0.81971711,"[204.114,303.392,284.643,413.126]",4024743,0.743238754830736,4024743,True,MATCHED,MATCHED,True
402,1600938540749981,3,0.80740762,"[222.938,435.411,292.309,515.156]",4024741,0.7507697107461414,4024741,True,MATCHED,MATCHED,True
402,1600938540749981,4,0.70369625,"[21.83,113.598,56.264,142.333]",4024735,0.8626512554489976,4024735,True,MATCHED,MATCHED,True
402,1600938540749981,5,0.68544716,"[700.062,279.893,719.757,346.761]",4024749,0.48368777776264316,,False,IOU_BELOW_0_5,IOU_BELOW_0_5,False
402,1600938540749981,6,0.27901492,"[284.728,160.401,301.705,201.686]",4024749,0.0,,False,LOW_CONF,LOW_CONF,False
402,1600938540749981,7,0.26168013,"[0.0,290.496,15.123,344.906]",4024737,0.5852364366998579,,False,LOW_CONF,LOW_CONF,False
402,1600938540749981,8,0.13287641,"[698.468,650.63,718.709,682.026]",4024749,0.0,,False,LOW_CONF,LOW_CONF,False
402,1600938540749981,9,0.13036071,"[284.792,159.189,309.117,198.623]",4024749,0.0,,False,LOW_CONF,LOW_CONF,False
402,1600938540749981,10,0.12192869,"[0.015,291.669,16.918,362.666]",4024737,0.8535293677098152,,False,LOW_CONF,LOW_CONF,False
402,1600938540816619,0,0.92096907,"[184.228,610.582,287.791,706.352]",4024742,0.9586113957436639,4024742,True,MATCHED,MATCHED,True
402,1600938540816619,1,0.88228863,"[326.665,536.647,421.656,627.729]",4024746,0.9182866335265115,4024746,True,MATCHED,MATCHED,True
402,1600938540816619,2,0.85471654,"[689.541,277.783,719.795,349.41]",4024749,0.6049829390704147,4024749,True,MATCHED,MATCHED,True
402,1600938540816619,3,0.83825505,"[204.895,426.414,279.667,510.624]",4024741,0.8607724019138756,4024741,True,MATCHED,MATCHED,True
402,1600938540816619,4,0.81982839,"[193.42,302.01,272.134,405.519]",4024743,0.7871353910390076,4024743,True,MATCHED,MATCHED,True
402,1600938540816619,5,0.63079488,"[7.618,107.515,43.878,138.251]",4024735,0.7721186098944051,4024735,True,MATCHED,MATCHED,True
402,1600938540816619,6,0.45089886,"[703.838,350.073,719.148,398.13]",4024751,0.5966692184075696,4024751,True,MATCHED,MATCHED,True
402,1600938540816619,7,0.07371629,"[472.449,100.843,492.409,118.917]",4024747,0.6607271794871787,,False,LOW_CONF,LOW_CONF,False
402,1600938540883257,0,0.91794378,"[173.94,612.266,276.341,707.853]",4024742,0.937654826627885,4024742,True,MATCHED,MATCHED,True
402,1600938540883257,1,0.90273714,"[315.744,536.127,410.914,627.981]",4024746,0.9371430701766189,4024746,True,MATCHED,MATCHED,True
402,1600938540883257,2,0.86149627,"[680.7,272.468,719.754,343.91]",4024749,0.9413903259424758,4024749,True,MATCHED,MATCHED,True
402,1600938540883257,3,0.86087686,"[194.699,426.745,269.454,513.686]",4024741,0.8788442930738624,4024741,True,MATCHED,MATCHED,True
402,1600938540883257,4,0.83865207,"[184.105,304.826,262.598,403.549]",4024743,0.8339080515563213,4024743,True,MATCHED,MATCHED,True
402,1600938540883257,5,0.72458428,"[695.799,340.584,719.938,399.171]",4024751,0.7696200132646639,4024751,True,MATCHED,MATCHED,True
402,1600938540883257,6,0.41844186,"[1.121,113.215,33.519,144.761]",4024735,0.8155806672090374,4024735,True,MATCHED,MATCHED,True
402,1600938540883257,7,0.31413394,"[700.781,713.574,719.201,772.112]",4024751,0.0,,False,NO_GT_OVERLAP,NO_GT_OVERLAP,False
402,1600938540883257,8,0.15816095,"[407.315,204.982,422.919,219.646]",4024751,0.0,,False,LOW_CONF,LOW_CONF,False
402,1600938540883257,9,0.08040858,"[711.356,205.439,720.0,242.134]",4024753,0.8519604431785555,,False,LOW_CONF,LOW_CONF,False
402,1600938540883257,10,0.07842609,"[462.992,94.776,482.267,117.131]",4024747,0.6838567587978756,,False,LOW_CONF,LOW_CONF,False
402,1600938540883257,11,0.07662915,"[698.435,206.223,719.025,242.312]",4024753,0.34244153083726275,,False,LOW_CONF,LOW_CONF,False
402,1600938540883257,12,0.07313323,"[199.797,522.085,257.686,613.463]",4024742,0.01719247649538761,,False,LOW_CONF,LOW_CONF,False
402,1600938540949895,0,0.92005712,"[160.796,613.004,261.856,707.728]",4024742,0.95154325914399,4024742,True,MATCHED,MATCHED,True
402,1600938540949895,1,0.89686298,"[303.337,539.082,397.17,632.107]",4024746,0.9442849881237037,4024746,True,MATCHED,MATCHED,True
402,1600938540949895,2,0.8935439,"[665.777,278.576,720.0,348.953]",4024749,0.9311935004624141,4024749,True,MATCHED,MATCHED,True
402,1600938540949895,3,0.84539884,"[171.11,309.042,248.382,405.265]",4024743,0.7960731759941031,4024743,True,MATCHED,MATCHED,True
402,1600938540949895,4,0.8367154,"[680.154,347.379,719.806,413.124]",4024751,0.8707598255510178,4024751,True,MATCHED,MATCHED,True
402,1600938540949895,5,0.81098169,"[181.81,428.484,257.001,513.494]",4024741,0.8333504406469638,4024741,True,MATCHED,MATCHED,True
402,1600938540949895,6,0.63978201,"[695.725,213.624,719.814,255.834]",4024753,0.8617671148879298,4024753,True,MATCHED,MATCHED,True
402,1600938540949895,7,0.41208208,"[0.0,119.141,20.469,148.075]",4024735,0.9088446284553625,4024735,True,MATCHED,MATCHED,True
402,1600938540949895,8,0.22830334,"[696.86,712.438,719.612,761.199]",4024735,0.0,,False,LOW_CONF,LOW_CONF,False
402,1600938540949895,9,0.06257003,"[444.838,106.097,466.711,124.87]",4024747,0.7821300217518782,,False,LOW_CONF,LOW_CONF,False
403,1600938541416349,0,0.92761326,"[57.184,611.632,161.416,705.815]",4035125,0.9473804234068703,4035125,True,MATCHED,MATCHED,True
403,1600938541416349,1,0.89679605,"[86.423,424.923,163.106,507.945]",4035124,0.828006450586277,4035124,True,MATCHED,MATCHED,True
403,1600938541416349,2,0.89227712,"[209.413,535.815,302.339,629.429]",4035128,0.9600877069205342,4035128,True,MATCHED,MATCHED,True
403,1600938541416349,3,0.89189333,"[596.244,344.731,670.962,414.988]",4035143,0.8213835903614454,4035143,True,MATCHED,MATCHED,True
403,1600938541416349,4,0.86793274,"[578.073,275.579,639.911,343.65]",4035137,0.8350276726839904,4035137,True,MATCHED,MATCHED,True
403,1600938541416349,5,0.86093563,"[608.903,203.094,656.848,251.797]",4035134,0.9187540532218851,4035134,True,MATCHED,MATCHED,True
403,1600938541416349,6,0.80995846,"[72.125,301.622,150.819,390.19]",4035126,0.9371413741973961,4035126,True,MATCHED,MATCHED,True
403,1600938541416349,7,0.80600208,"[682.724,445.061,719.833,505.339]",4035140,0.8609817453030892,4035140,True,MATCHED,MATCHED,True
403,1600938541416349,8,0.78011364,"[683.783,495.007,719.571,584.846]",4035146,0.9360428152994655,4035146,True,MATCHED,MATCHED,True
403,1600938541416349,9,0.63123763,"[658.391,564.654,718.818,626.688]",4035146,0.09195327925418419,,False,IOU_BELOW_0_5,IOU_BELOW_0_5,False
403,1600938541416349,10,0.58356321,"[1.157,764.81,21.214,816.118]",4035124,0.0,,False,NO_GT_OVERLAP,NO_GT_OVERLAP,False
403,1600938541416349,11,0.22700563,"[619.969,120.693,641.237,141.361]",4035148,0.8644870503297846,,False,LOW_CONF,LOW_CONF,False
403,1600938541416349,12,0.1210885,"[73.814,1252.924,134.286,1279.502]",4035124,0.0,,False,LOW_CONF,LOW_CONF,False
403,1600938541416349,13,0.11598453,"[348.003,97.453,368.571,118.437]",4035131,0.7748723434852031,,False,LOW_CONF,LOW_CONF,False
403,1600938541416349,14,0.07729294,"[27.501,598.259,56.545,622.309]",4035125,0.0006729041235173815,,False,LOW_CONF,LOW_CONF,False
403,1600938541416349,15,0.06351293,"[147.025,315.499,165.793,333.586]",4035126,0.007869493292258582,,False,LOW_CONF,LOW_CONF,False
403,1600938541416349,16,0.06020373,"[654.608,560.633,720.0,655.082]",4035146,0.08412774422613929,,False,LOW_CONF,LOW_CONF,False
403,1600938541482983,0,0.92500198,"[43.094,612.438,147.628,707.032]",4035125,0.949245924242339,4035125,True,MATCHED,MATCHED,True
403,1600938541482983,1,0.90237635,"[583.187,343.166,658.401,416.438]",4035143,0.8521747729919089,4035143,True,MATCHED,MATCHED,True
403,1600938541482983,2,0.89191258,"[69.848,425.467,149.2,509.055]",4035124,0.8789023333691776,4035124,True,MATCHED,MATCHED,True
403,1600938541482983,3,0.89101171,"[195.524,536.545,287.564,631.84]",4035128,0.9531625436679507,4035128,True,MATCHED,MATCHED,True
403,1600938541482983,4,0.88056135,"[564.67,274.838,627.847,344.724]",4035137,0.8844870646350592,4035137,True,MATCHED,MATCHED,True
403,1600938541482983,5,0.84962136,"[675.014,442.625,720.0,501.321]",4035140,0.9022660620783047,4035140,True,MATCHED,MATCHED,True
403,1600938541482983,6,0.84932274,"[597.283,202.435,644.631,251.729]",4035134,0.9552921074193588,4035134,True,MATCHED,MATCHED,True
403,1600938541482983,7,0.84853047,"[669.89,493.636,720.0,588.246]",4035146,0.9010933793661554,4035146,True,MATCHED,MATCHED,True
403,1600938541482983,8,0.83254671,"[58.315,304.434,135.51,394.573]",4035126,0.9120212526530289,4035126,True,MATCHED,MATCHED,True
403,1600938541482983,9,0.75607795,"[649.842,564.413,717.181,658.236]",4035146,0.09339286661864422,,False,IOU_BELOW_0_5,IOU_BELOW_0_5,False
403,1600938541482983,10,0.24345534,"[0.0,768.417,14.315,809.504]",4035124,0.0,,False,LOW_CONF,LOW_CONF,False
403,1600938541482983,11,0.23360541,"[607.704,119.649,629.862,140.948]",4035148,0.6730940357919285,,False,LOW_CONF,LOW_CONF,False
403,1600938541482983,12,0.21268354,"[659.165,541.296,718.89,598.905]",4035146,0.3608394188212154,,False,LOW_CONF,LOW_CONF,False
403,1600938541482983,13,0.19946152,"[693.021,404.87,719.264,443.029]",4035140,0.0071330615323709585,,False,LOW_CONF,LOW_CONF,False
403,1600938541482983,14,0.05366034,"[19.072,603.645,48.305,622.953]",4035125,0.006993367066058148,,False,LOW_CONF,LOW_CONF,False
403,1600938541549618,0,0.92192322,"[26.348,612.037,133.052,706.277]",4035125,0.9509810951133131,4035125,True,MATCHED,MATCHED,True
403,1600938541549618,1,0.90477914,"[658.047,494.17,720.0,593.932]",4035146,0.9125030208402609,4035146,True,MATCHED,MATCHED,True
403,1600938541549618,2,0.89489138,"[551.097,276.697,613.902,346.309]",4035137,0.879674378269619,4035137,True,MATCHED,MATCHED,True
403,1600938541549618,3,0.8911854,"[182.16,536.123,274.673,630.915]",4035128,0.9470852992580097,4035128,True,MATCHED,MATCHED,True
403,1600938541549618,4,0.89053756,"[660.325,444.043,720.0,500.959]",4035140,0.9284471196992082,4035140,True,MATCHED,MATCHED,True
403,1600938541549618,5,0.88980556,"[569.285,347.001,643.927,419.506]",4035143,0.7931113911849099,4035143,True,MATCHED,MATCHED,True
403,1600938541549618,6,0.87416553,"[56.29,425.335,135.319,508.981]",4035124,0.9182180233976037,4035124,True,MATCHED,MATCHED,True
403,1600938541549618,7,0.85614288,"[583.147,204.943,630.405,254.041]",4035134,0.9352572500707356,4035134,True,MATCHED,MATCHED,True
403,1600938541549618,8,0.82981038,"[44.281,304.299,118.323,388.765]",4035126,0.9011021324309965,4035126,True,MATCHED,MATCHED,True
403,1600938541549618,9,0.30896428,"[699.165,647.221,719.769,694.26]",4035151,0.6112059558422811,4035151,True,MATCHED,MATCHED,True
403,1600938541549618,10,0.28463891,"[638.691,566.946,706.418,664.416]",4035146,0.09611234236355531,,False,LOW_CONF,LOW_CONF,False
403,1600938541549618,11,0.27077377,"[593.353,122.466,613.917,141.744]",4035148,0.7551100800000031,,False,LOW_CONF,LOW_CONF,False
403,1600938541549618,12,0.17302276,"[322.616,99.863,343.845,120.984]",4035131,0.6809611469105545,,False,LOW_CONF,LOW_CONF,False
403,1600938541549618,13,0.17182755,"[710.783,215.42,720.0,251.996]",4035124,0.0,,False,LOW_CONF,LOW_CONF,False
403,1600938541549618,14,0.15949655,"[703.887,217.007,718.714,248.389]",4035124,0.0,,False,LOW_CONF,LOW_CONF,False
403,1600938541549618,15,0.12840661,"[14.201,602.001,40.368,623.76]",4035125,0.017267769202514757,,False,LOW_CONF,LOW_CONF,False
403,1600938541549618,16,0.07275616,"[703.349,219.836,718.818,257.715]",4035124,0.0,,False,LOW_CONF,LOW_CONF,False
403,1600938541549618,17,0.0593687,"[639.274,568.005,702.265,632.999]",4035146,0.10592628450644884,,False,LOW_CONF,LOW_CONF,False
403,1600938541616279,0,0.92032212,"[14.343,612.299,118.248,706.376]",4035125,0.9337238563666533,4035125,True,MATCHED,MATCHED,True
403,1600938541616279,1,0.91502821,"[645.817,493.034,720.0,589.341]",4035146,0.970013788562235,4035146,True,MATCHED,MATCHED,True
403,1600938541616279,2,0.90392941,"[169.261,535.111,261.202,630.212]",4035128,0.9618833021444216,4035128,True,MATCHED,MATCHED,True
403,1600938541616279,3,0.89138323,"[539.628,274.5,600.873,343.574]",4035137,0.8511945935613683,4035137,True,MATCHED,MATCHED,True
403,1600938541616279,4,0.88719249,"[650.465,442.322,719.999,498.551]",4035140,0.8928406529257528,4035140,True,MATCHED,MATCHED,True
403,1600938541616279,5,0.87922204,"[556.044,344.254,631.257,417.427]",4035143,0.8389410648140929,4035143,True,MATCHED,MATCHED,True
403,1600938541616279,6,0.87869382,"[41.496,423.39,121.373,507.846]",4035124,0.9249682744517741,4035124,True,MATCHED,MATCHED,True
403,1600938541616279,7,0.86470789,"[571.36,202.258,618.296,251.22]",4035134,0.9496467446941385,4035134,True,MATCHED,MATCHED,True
403,1600938541616279,8,0.83264792,"[29.999,302.963,108.529,383.654]",4035126,0.9416951185862588,4035126,True,MATCHED,MATCHED,True
403,1600938541616279,9,0.70563966,"[632.012,565.663,717.291,664.41]",4035146,0.11569828710506151,,False,IOU_BELOW_0_5,IOU_BELOW_0_5,False
403,1600938541616279,10,0.48080233,"[690.667,646.113,719.635,702.052]",4035151,0.4696729645924731,,False,IOU_BELOW_0_5,IOU_BELOW_0_5,False
403,1600938541616279,11,0.2356178,"[581.915,119.846,605.871,141.003]",4035148,0.709407059010153,,False,LOW_CONF,LOW_CONF,False
403,1600938541616279,12,0.20066197,"[631.711,564.779,715.34,631.246]",4035146,0.147944622095895,,False,LOW_CONF,LOW_CONF,False
403,1600938541616279,13,0.15282947,"[105.654,255.474,116.56,268.341]",4035124,0.0,,False,LOW_CONF,LOW_CONF,False
403,1600938541616279,14,0.12377545,"[3.442,598.865,32.021,622.533]",4035125,0.025624102592344246,,False,LOW_CONF,LOW_CONF,False
403,1600938541616279,15,0.11978762,"[683.016,645.045,719.882,713.007]",4035151,0.40231697988727877,,False,LOW_CONF,LOW_CONF,False
403,1600938541616279,16,0.09804685,"[640.946,663.96,665.18,688.011]",4035124,0.0,,False,LOW_CONF,LOW_CONF,False
403,1600938541616279,17,0.08036384,"[308.019,96.353,329.901,118.962]",4035131,0.7451776627421705,,False,LOW_CONF,LOW_CONF,False
403,1600938541616279,18,0.07891112,"[695.606,729.043,718.837,778.199]",4035124,0.0,,False,LOW_CONF,LOW_CONF,False
403,1600938541616279,19,0.06339963,"[701.6,200.168,719.651,233.998]",4035124,0.0,,False,LOW_CONF,LOW_CONF,False
403,1600938541683041,0,0.91887748,"[632.165,493.125,720.0,588.465]",4035146,0.9723277053614833,4035146,True,MATCHED,MATCHED,True
403,1600938541683041,1,0.91745353,"[0.323,612.63,104.421,706.559]",4035125,0.9488869695837329,4035125,True,MATCHED,MATCHED,True
403,1600938541683041,2,0.88988113,"[155.229,536.112,246.426,630.78]",4035128,0.9435441721792008,4035128,True,MATCHED,MATCHED,True
403,1600938541683041,3,0.88772464,"[637.401,442.408,715.455,503.617]",4035140,0.9183494128894465,4035140,True,MATCHED,MATCHED,True
403,1600938541683041,4,0.88514394,"[26.371,421.688,107.369,509.352]",4035124,0.9712370727032176,4035124,True,MATCHED,MATCHED,True
403,1600938541683041,5,0.8821069,"[525.908,275.384,589.781,344.661]",4035137,0.9139873763629961,4035137,True,MATCHED,MATCHED,True
403,1600938541683041,6,0.8805266,"[556.465,202.933,605.404,252.355]",4035134,0.9319197257181807,4035134,True,MATCHED,MATCHED,True
403,1600938541683041,7,0.87889564,"[545.958,345.4,618.986,416.11]",4035143,0.8249794530522658,4035143,True,MATCHED,MATCHED,True
403,1600938541683041,8,0.80603868,"[17.179,304.401,92.072,388.771]",4035126,0.9227299695891503,4035126,True,MATCHED,MATCHED,True
403,1600938541683041,9,0.60320026,"[623.716,571.26,713.742,663.922]",4035151,0.09857545939561926,,False,IOU_BELOW_0_5,IOU_BELOW_0_5,False
403,1600938541683041,10,0.38106716,"[570.49,121.815,592.965,142.287]",4035148,0.7200591624145032,4035148,True,MATCHED,MATCHED,True
403,1600938541683041,11,0.22594973,"[2.275,1252.378,65.399,1279.632]",4035124,0.0,,False,LOW_CONF,LOW_CONF,False
403,1600938541683041,12,0.16585538,"[293.219,99.453,315.398,121.561]",4035131,0.7474624670574744,,False,LOW_CONF,LOW_CONF,False
403,1600938541683041,13,0.11285058,"[1.123,596.187,21.399,618.773]",4035125,0.018971872752604636,,False,LOW_CONF,LOW_CONF,False
403,1600938541683041,14,0.10570967,"[688.488,676.608,719.819,729.291]",4035151,0.25743710045710105,,False,LOW_CONF,LOW_CONF,False
403,1600938541683041,15,0.09181156,"[686.72,580.558,716.789,623.658]",4035146,0.027273978096564958,,False,LOW_CONF,LOW_CONF,False
403,1600938541683041,16,0.08821834,"[680.25,660.59,719.725,727.695]",4035151,0.4707441129193294,,False,LOW_CONF,LOW_CONF,False
403,1600938541683041,17,0.07941917,"[627.633,577.011,715.611,641.83]",4035146,0.07731540379160742,,False,LOW_CONF,LOW_CONF,False
403,1600938541749804,0,0.92270982,"[0.0,610.456,90.166,704.341]",4035125,0.9690058276098901,4035125,True,MATCHED,MATCHED,True
403,1600938541749804,1,0.90620625,"[619.179,493.744,713.797,591.071]",4035146,0.955934232261928,4035146,True,MATCHED,MATCHED,True
403,1600938541749804,2,0.88952708,"[531.377,346.294,605.785,416.907]",4035143,0.831819477813831,4035143,True,MATCHED,MATCHED,True
403,1600938541749804,3,0.88762063,"[625.494,442.146,703.728,502.072]",4035140,0.9404953576248557,4035140,True,MATCHED,MATCHED,True
403,1600938541749804,4,0.88126504,"[142.097,536.629,234.543,630.106]",4035128,0.9713074874961533,4035128,True,MATCHED,MATCHED,True
403,1600938541749804,5,0.87658226,"[513.501,275.941,575.775,344.936]",4035137,0.8765509087932591,4035137,True,MATCHED,MATCHED,True
403,1600938541749804,6,0.87141186,"[544.094,203.295,591.95,252.602]",4035134,0.8859824223106358,4035134,True,MATCHED,MATCHED,True
403,1600938541749804,7,0.85390431,"[10.082,421.438,94.594,506.969]",4035124,0.9527577181637512,4035124,True,MATCHED,MATCHED,True
403,1600938541749804,8,0.76644099,"[4.425,302.303,79.36,384.945]",4035126,0.8768471413166447,4035126,True,MATCHED,MATCHED,True
403,1600938541749804,9,0.45603135,"[557.372,120.86,580.54,143.328]",4035148,0.6479852607452917,4035148,True,MATCHED,MATCHED,True
403,1600938541749804,10,0.29715246,"[280.283,96.962,301.253,118.935]",4035131,0.7422484649239014,,False,LOW_CONF,LOW_CONF,False
403,1600938541749804,11,0.20916615,"[619.882,651.561,705.158,723.687]",4035151,0.3753875909062474,,False,LOW_CONF,LOW_CONF,False
403,1600938541749804,12,0.09420266,"[0.0,1250.261,43.65,1279.567]",4035124,0.0,,False,LOW_CONF,LOW_CONF,False
403,1600938541749804,13,0.06847004,"[615.747,581.405,701.813,666.102]",4035151,0.12132507004077045,,False,LOW_CONF,LOW_CONF,False
403,1600938541749804,14,0.05785552,"[667.71,585.059,703.522,623.48]",4035146,0.010421208941582912,,False,LOW_CONF,LOW_CONF,False
403,1600938541749804,15,0.0507705,"[701.785,427.785,719.885,466.938]",4035140,0.0010106237703695219,,False,LOW_CONF,LOW_CONF,False
403,1600938541816571,0,0.92160034,"[0.0,612.798,76.619,704.589]",4035125,0.9273384268196209,4035125,True,MATCHED,MATCHED,True
403,1600938541816571,1,0.91152829,"[606.004,492.544,702.88,590.158]",4035146,0.9342825679755251,4035146,True,MATCHED,MATCHED,True
403,1600938541816571,2,0.90731186,"[522.192,343.917,594.512,414.704]",4035143,0.8310577662337658,4035143,True,MATCHED,MATCHED,True
403,1600938541816571,3,0.88122702,"[502.222,274.14,563.267,344.502]",4035137,0.8767602143294564,4035137,True,MATCHED,MATCHED,True
403,1600938541816571,4,0.88113815,"[128.772,537.226,219.686,630.855]",4035128,0.9582600818713698,4035128,True,MATCHED,MATCHED,True
403,1600938541816571,5,0.8679266,"[612.52,440.784,691.764,500.313]",4035140,0.9344296479149046,4035140,True,MATCHED,MATCHED,True
403,1600938541816571,6,0.86646479,"[0.335,424.136,81.11,507.887]",4035124,0.9679469952982965,4035124,True,MATCHED,MATCHED,True
403,1600938541816571,7,0.85606813,"[534.312,202.47,580.933,250.73]",4035134,0.9417768236079249,4035134,True,MATCHED,MATCHED,True
403,1600938541816571,8,0.6142444,"[699.677,644.95,719.549,724.754]",4035151,0.2392473119882014,,False,IOU_BELOW_0_5,IOU_BELOW_0_5,False
403,1600938541816571,9,0.60939431,"[0.639,303.555,70.929,342.423]",4035126,0.5277950034926823,,False,GREEDY_MATCH_CONFLICT,GREEDY_MATCH_CONFLICT,False
403,1600938541816571,10,0.54402602,"[545.452,119.1,570.242,142.493]",4035148,0.7964942389899524,4035148,True,MATCHED,MATCHED,True
403,1600938541816571,11,0.49622133,"[0.151,303.686,71.763,377.432]",4035126,0.897529758965145,4035126,True,MATCHED,MATCHED,True
403,1600938541816571,12,0.21105343,"[608.131,649.289,692.847,716.017]",4035151,0.30901571950008827,,False,LOW_CONF,LOW_CONF,False
403,1600938541816571,13,0.13484186,"[600.056,657.316,639.49,689.199]",4035151,0.0,,False,LOW_CONF,LOW_CONF,False
403,1600938541816571,14,0.13384172,"[602.346,644.844,704.606,724.509]",4035151,0.35910435556754916,,False,LOW_CONF,LOW_CONF,False
403,1600938541816571,15,0.0997178,"[267.438,97.891,287.906,118.939]",4035131,0.7409554561135064,,False,LOW_CONF,LOW_CONF,False
403,1600938541816571,16,0.08902712,"[3.055,302.581,68.755,329.988]",4035126,0.3463662791258447,,False,LOW_CONF,LOW_CONF,False
403,1600938541816571,17,0.06638537,"[0.346,365.52,17.202,403.162]",4035126,0.02721839320499039,,False,LOW_CONF,LOW_CONF,False
403,1600938541816571,18,0.06529456,"[603.731,580.433,692.291,656.265]",4035151,0.07474215509667043,,False,LOW_CONF,LOW_CONF,False
403,1600938541816571,19,0.06371407,"[1.307,554.831,40.325,612.902]",4035125,0.01569963384014268,,False,LOW_CONF,LOW_CONF,False
403,1600938541816571,20,0.06161396,"[0.0,355.063,13.603,402.268]",4035126,0.050072607376913485,,False,LOW_CONF,LOW_CONF,False
403,1600938541816571,21,0.05607468,"[690.739,644.165,718.888,722.197]",4035151,0.35229840219712755,,False,LOW_CONF,LOW_CONF,False
403,1600938541816571,22,0.05467252,"[628.391,583.015,687.174,614.125]",4035146,0.02825586402044218,,False,LOW_CONF,LOW_CONF,False
403,1600938541883340,0,0.90639198,"[488.134,274.999,549.945,344.782]",4035137,0.8933802778110294,4035137,True,MATCHED,MATCHED,True
403,1600938541883340,1,0.89926332,"[0.0,614.617,62.946,703.107]",4035125,0.9314534347826086,4035125,True,MATCHED,MATCHED,True
403,1600938541883340,2,0.89360046,"[592.858,493.551,688.501,592.003]",4035146,0.94836108716409,4035146,True,MATCHED,MATCHED,True
403,1600938541883340,3,0.88957614,"[506.149,346.379,579.978,417.07]",4035143,0.8238581913541952,4035143,True,MATCHED,MATCHED,True
403,1600938541883340,4,0.87171966,"[115.471,537.47,205.0,631.794]",4035128,0.9590146769955914,4035128,True,MATCHED,MATCHED,True
403,1600938541883340,5,0.86901778,"[600.312,442.325,677.451,500.883]",4035140,0.9513387131080037,4035140,True,MATCHED,MATCHED,True
403,1600938541883340,6,0.86767435,"[520.436,203.262,567.428,252.515]",4035134,0.9219471081036241,4035134,True,MATCHED,MATCHED,True
403,1600938541883340,7,0.84847742,"[0.0,434.486,67.89,508.72]",4035124,0.9398363278103298,4035124,True,MATCHED,MATCHED,True
403,1600938541883340,8,0.72501862,"[0.0,303.824,51.774,336.656]",4035126,0.7183719185126468,4035126,True,MATCHED,MATCHED,True
403,1600938541883340,9,0.64642537,"[683.93,642.054,720.0,726.669]",4035151,0.4035908380895783,,False,IOU_BELOW_0_5,IOU_BELOW_0_5,False
403,1600938541883340,10,0.60441488,"[532.474,120.592,556.978,144.597]",4035148,0.581416579675188,4035148,True,MATCHED,MATCHED,True
403,1600938541883340,11,0.40632582,"[0.0,559.047,23.505,612.772]",4035151,0.0,,False,NO_GT_OVERLAP,NO_GT_OVERLAP,False
403,1600938541883340,12,0.20846362,"[624.752,727.854,693.112,785.525]",4035151,0.005459099090114002,,False,LOW_CONF,LOW_CONF,False
403,1600938541883340,13,0.11302455,"[0.746,419.577,20.409,443.067]",4035124,0.04353153160001219,,False,LOW_CONF,LOW_CONF,False
403,1600938541883340,14,0.09084672,"[254.576,100.438,273.807,121.179]",4035131,0.7766283169704159,,False,LOW_CONF,LOW_CONF,False
403,1600938541883340,15,0.06874546,"[2.406,554.806,29.181,610.762]",4035151,0.0,,False,LOW_CONF,LOW_CONF,False
403,1600938541883340,16,0.06300635,"[661.805,826.644,700.474,864.142]",4035151,0.0,,False,LOW_CONF,LOW_CONF,False
403,1600938541883340,17,0.06111909,"[0.0,704.483,27.695,750.476]",4035125,0.005825665104166786,,False,LOW_CONF,LOW_CONF,False
403,1600938541883340,18,0.05531432,"[661.946,824.841,692.02,851.461]",4035151,0.0,,False,LOW_CONF,LOW_CONF,False
403,1600938541950112,0,0.89357692,"[475.581,274.604,537.555,343.638]",4035137,0.874913171352524,4035137,True,MATCHED,MATCHED,True
403,1600938541950112,1,0.8834039,"[580.364,493.665,674.944,590.36]",4035146,0.9528520765590363,4035146,True,MATCHED,MATCHED,True
403,1600938541950112,2,0.87799615,"[589.634,442.416,665.138,499.86]",4035140,0.9554074138533248,4035140,True,MATCHED,MATCHED,True
403,1600938541950112,3,0.87768698,"[102.245,536.489,190.816,630.379]",4035128,0.9586625889614723,4035128,True,MATCHED,MATCHED,True
403,1600938541950112,4,0.87177086,"[494.323,346.06,566.102,416.081]",4035143,0.8032415354299636,4035143,True,MATCHED,MATCHED,True
403,1600938541950112,5,0.8667658,"[507.852,202.53,554.971,251.94]",4035134,0.8882444541207559,4035134,True,MATCHED,MATCHED,True
403,1600938541950112,6,0.85913402,"[0.119,618.812,48.28,701.139]",4035125,0.8671459553152264,4035125,True,MATCHED,MATCHED,True
403,1600938541950112,7,0.83910793,"[0.0,436.616,54.009,508.05]",4035124,0.9479309351351355,4035124,True,MATCHED,MATCHED,True
403,1600938541950112,8,0.73780441,"[668.982,639.715,718.089,727.75]",4035151,0.5401217822338837,4035151,True,MATCHED,MATCHED,True
403,1600938541950112,9,0.70839489,"[614.189,724.122,679.866,783.965]",4035151,0.019955044233345126,,False,IOU_BELOW_0_5,IOU_BELOW_0_5,False
403,1600938541950112,10,0.53519261,"[0.268,302.764,38.205,334.89]",4035126,0.8285679234005716,4035126,True,MATCHED,MATCHED,True
403,1600938541950112,11,0.32206866,"[521.445,120.155,544.721,142.807]",4035148,0.5555722398561797,4035148,True,MATCHED,MATCHED,True
403,1600938541950112,12,0.29785335,"[573.254,580.089,656.994,660.277]",4035151,0.041152921044762925,,False,LOW_CONF,LOW_CONF,False
403,1600938541950112,13,0.18787991,"[644.339,824.496,686.326,878.622]",4035124,0.0,,False,LOW_CONF,LOW_CONF,False
403,1600938541950112,14,0.14535628,"[648.144,825.443,686.827,864.886]",4035124,0.0,,False,LOW_CONF,LOW_CONF,False
403,1600938541950112,15,0.12606354,"[645.46,823.515,681.805,856.016]",4035124,0.0,,False,LOW_CONF,LOW_CONF,False
403,1600938541950112,16,0.0677055,"[582.64,655.342,623.604,687.353]",4035124,0.0,,False,LOW_CONF,LOW_CONF,False
403,1600938541950112,17,0.05518666,"[1.609,596.406,35.51,621.147]",4035125,0.04016483822098198,,False,LOW_CONF,LOW_CONF,False
403,1600938541950112,18,0.05477484,"[584.313,652.963,631.972,690.854]",4035124,0.0,,False,LOW_CONF,LOW_CONF,False
403,1600938542016887,0,0.89027435,"[89.016,536.794,180.231,631.557]",4035128,0.9679845460959622,4035128,True,MATCHED,MATCHED,True
403,1600938542016887,1,0.88740277,"[567.558,492.717,661.419,588.955]",4035146,0.9560846684983051,4035146,True,MATCHED,MATCHED,True
403,1600938542016887,2,0.88685638,"[483.827,345.583,555.604,414.376]",4035143,0.8221370564435563,4035143,True,MATCHED,MATCHED,True
403,1600938542016887,3,0.88488799,"[462.772,273.586,526.753,343.88]",4035137,0.9210017939246661,4035137,True,MATCHED,MATCHED,True
403,1600938542016887,4,0.87998807,"[495.151,202.616,541.808,251.533]",4035134,0.9253739905007186,4035134,True,MATCHED,MATCHED,True
403,1600938542016887,5,0.85990208,"[575.629,441.521,652.003,499.397]",4035140,0.9375095532540203,4035140,True,MATCHED,MATCHED,True
403,1600938542016887,6,0.81108582,"[0.0,619.965,34.533,694.023]",4035125,0.8217167614188249,4035125,True,MATCHED,MATCHED,True
403,1600938542016887,7,0.81035697,"[0.0,445.442,44.691,501.54]",4035124,0.7978946356913009,4035124,True,MATCHED,MATCHED,True
403,1600938542016887,8,0.76894355,"[657.238,640.02,710.684,727.058]",4035151,0.4894906463363136,,False,IOU_BELOW_0_5,IOU_BELOW_0_5,False
403,1600938542016887,9,0.51718962,"[613.04,726.375,667.919,782.285]",4035151,0.016285437783871367,,False,IOU_BELOW_0_5,IOU_BELOW_0_5,False
403,1600938542016887,10,0.37753195,"[0.806,305.43,33.774,336.011]",4035126,0.6368002732407522,4035126,True,MATCHED,MATCHED,True
403,1600938542016887,11,0.34591129,"[629.058,823.016,672.077,865.048]",4035151,0.0,,False,NO_GT_OVERLAP,NO_GT_OVERLAP,False
403,1600938542016887,12,0.34032267,"[509.434,119.15,531.387,139.604]",4035148,0.8545317323168564,4035148,True,MATCHED,MATCHED,True
403,1600938542016887,13,0.30753589,"[574.598,652.194,616.636,687.401]",4035151,0.0,,False,NO_GT_OVERLAP,NO_GT_OVERLAP,False
403,1600938542016887,14,0.25085524,"[567.293,582.486,653.022,657.739]",4035151,0.051338288748355304,,False,LOW_CONF,LOW_CONF,False
403,1600938542016887,15,0.11236698,"[627.577,823.826,672.361,895.268]",4035151,0.0,,False,LOW_CONF,LOW_CONF,False
403,1600938542016887,16,0.06149335,"[229.698,99.256,247.679,120.59]",4035131,0.646029569210506,,False,LOW_CONF,LOW_CONF,False
403,1600938542083666,0,0.89808136,"[553.608,492.92,646.403,588.601]",4035146,0.965638199253116,4035146,True,MATCHED,MATCHED,True
403,1600938542083666,1,0.88891506,"[75.516,537.578,166.672,631.49]",4035128,0.9442630099457164,4035128,True,MATCHED,MATCHED,True
403,1600938542083666,2,0.88718748,"[466.943,344.236,542.332,415.326]",4035143,0.9040829976383272,4035143,True,MATCHED,MATCHED,True
403,1600938542083666,3,0.88274693,"[449.73,274.649,512.409,344.244]",4035137,0.9134910814561676,4035137,True,MATCHED,MATCHED,True
403,1600938542083666,4,0.85817254,"[481.519,202.48,529.984,252.051]",4035134,0.8591199336484685,4035134,True,MATCHED,MATCHED,True
403,1600938542083666,5,0.84878927,"[566.112,441.915,639.383,500.116]",4035140,0.8943412203943811,4035140,True,MATCHED,MATCHED,True
403,1600938542083666,6,0.76836437,"[0.0,451.344,28.884,499.895]",4035124,0.5526420105813411,4035124,True,MATCHED,MATCHED,True
403,1600938542083666,7,0.74972105,"[642.262,640.347,693.648,724.61]",4035151,0.5111069639824846,4035151,True,MATCHED,MATCHED,True
403,1600938542083666,8,0.65819311,"[0.0,625.186,20.32,678.558]",4035125,0.6922233037924306,4035125,True,MATCHED,MATCHED,True
403,1600938542083666,9,0.57680345,"[603.673,728.243,656.703,776.981]",4035151,0.013356456978749792,,False,IOU_BELOW_0_5,IOU_BELOW_0_5,False
403,1600938542083666,10,0.52612376,"[496.741,119.85,519.711,141.051]",4035148,0.8871538791101291,4035148,True,MATCHED,MATCHED,True
403,1600938542083666,11,0.52477455,"[679.974,1097.904,719.301,1159.984]",4035153,0.8419085285189273,4035153,True,MATCHED,MATCHED,True
403,1600938542083666,12,0.32282883,"[619.802,823.517,660.396,864.617]",4035151,0.0,,False,NO_GT_OVERLAP,NO_GT_OVERLAP,False
403,1600938542083666,13,0.17360225,"[213.448,98.908,234.537,120.658]",4035131,0.6871573621694541,,False,LOW_CONF,LOW_CONF,False
403,1600938542083666,14,0.0900493,"[614.31,826.207,658.664,904.044]",4035151,0.0,,False,LOW_CONF,LOW_CONF,False
403,1600938542083666,15,0.06082644,"[612.833,823.656,659.577,879.568]",4035151,0.0,,False,LOW_CONF,LOW_CONF,False
403,1600938542083666,16,0.05997356,"[555.82,587.328,624.415,658.908]",4035151,0.029463930834791898,,False,LOW_CONF,LOW_CONF,False
403,1600938542150446,0,0.8991363,"[456.986,345.898,529.154,414.809]",4035143,0.8175520381390764,4035143,True,MATCHED,MATCHED,True
403,1600938542150446,1,0.8970474,"[540.002,493.235,632.037,588.179]",4035146,0.9844808299211465,4035146,True,MATCHED,MATCHED,True
403,1600938542150446,2,0.89188147,"[436.74,274.027,500.146,343.733]",4035137,0.9217887287507176,4035137,True,MATCHED,MATCHED,True
403,1600938542150446,3,0.88633233,"[553.731,441.493,625.563,499.568]",4035140,0.91918920452999,4035140,True,MATCHED,MATCHED,True
403,1600938542150446,4,0.88584787,"[60.465,536.951,151.829,630.504]",4035128,0.9602256164440266,4035128,True,MATCHED,MATCHED,True
403,1600938542150446,5,0.85002148,"[471.189,202.341,518.438,251.428]",4035134,0.8780459498929878,4035134,True,MATCHED,MATCHED,True
403,1600938542150446,6,0.74814045,"[631.499,639.318,678.809,726.167]",4035151,0.5247438246226668,4035151,True,MATCHED,MATCHED,True
403,1600938542150446,7,0.61013502,"[596.421,727.57,644.179,775.572]",4035151,0.016792976812154543,,False,IOU_BELOW_0_5,IOU_BELOW_0_5,False
403,1600938542150446,8,0.45712084,"[0.0,447.119,20.521,495.828]",4035124,0.4866423510877328,,False,IOU_BELOW_0_5,IOU_BELOW_0_5,False
403,1600938542150446,9,0.4482711,"[484.182,118.752,507.054,140.977]",4035148,0.8616470976484386,4035148,True,MATCHED,MATCHED,True
403,1600938542150446,10,0.43876687,"[665.278,1084.44,719.856,1166.865]",4035153,0.6971070601618182,4035153,True,MATCHED,MATCHED,True
403,1600938542150446,11,0.28028813,"[0.607,448.286,36.335,497.118]",4035124,0.8571176822388319,,False,LOW_CONF,LOW_CONF,False
403,1600938542150446,12,0.26662144,"[602.924,822.189,647.165,866.075]",4035151,0.0,,False,LOW_CONF,LOW_CONF,False
403,1600938542150446,13,0.13995488,"[545.104,581.275,623.165,657.85]",4035151,0.04127472748803895,,False,LOW_CONF,LOW_CONF,False
403,1600938542150446,14,0.12400343,"[198.412,98.334,219.235,118.96]",4035131,0.7670699302800092,,False,LOW_CONF,LOW_CONF,False
403,1600938542150446,15,0.11043058,"[2.879,315.672,25.092,335.968]",4035151,0.0,,False,LOW_CONF,LOW_CONF,False
403,1600938542150446,16,0.08713543,"[598.072,823.191,646.59,901.543]",4035151,0.0,,False,LOW_CONF,LOW_CONF,False
403,1600938542217230,0,0.91052544,"[424.056,274.213,486.787,343.822]",4035137,0.9109382728906179,4035137,True,MATCHED,MATCHED,True
403,1600938542217230,1,0.89320004,"[527.42,492.175,618.723,587.987]",4035146,0.9689101240887134,4035146,True,MATCHED,MATCHED,True
403,1600938542217230,2,0.88702577,"[46.541,537.613,135.987,630.905]",4035128,0.9464197157906974,4035128,True,MATCHED,MATCHED,True
403,1600938542217230,3,0.8850016,"[445.853,345.636,516.349,414.656]",4035143,0.8207884480431852,4035143,True,MATCHED,MATCHED,True
403,1600938542217230,4,0.8799091,"[542.076,441.352,616.085,501.234]",4035140,0.8383343260022126,4035140,True,MATCHED,MATCHED,True
403,1600938542217230,5,0.87275755,"[456.942,202.631,503.555,251.243]",4035134,0.9278554028092233,4035134,True,MATCHED,MATCHED,True
403,1600938542217230,6,0.76786703,"[650.071,1069.344,719.598,1168.043]",4035153,0.5036252439468122,4035153,True,MATCHED,MATCHED,True
403,1600938542217230,7,0.74393141,"[614.359,639.301,666.18,728.054]",4035151,0.5711801668484963,4035151,True,MATCHED,MATCHED,True
403,1600938542217230,8,0.46736759,"[472.287,118.886,496.267,140.326]",4035148,0.7939945056065993,4035148,True,MATCHED,MATCHED,True
403,1600938542217230,9,0.38263473,"[595.759,822.87,636.195,864.319]",4035151,0.0,,False,NO_GT_OVERLAP,NO_GT_OVERLAP,False
403,1600938542217230,10,0.31616655,"[589.821,728.222,632.712,774.882]",4035151,0.01731358450325683,,False,IOU_BELOW_0_5,IOU_BELOW_0_5,False
403,1600938542217230,11,0.31398234,"[11.469,449.24,30.345,472.381]",4035124,0.7745401633177941,4035124,True,MATCHED,MATCHED,True
403,1600938542217230,12,0.08149441,"[534.484,582.263,607.503,655.237]",4035146,0.03624437991163454,,False,LOW_CONF,LOW_CONF,False
403,1600938542217230,13,0.06270272,"[416.18,742.32,631.932,888.014]",4035151,0.0,,False,LOW_CONF,LOW_CONF,False
403,1600938542217230,14,0.05639356,"[185.197,100.832,205.585,119.588]",4035131,0.7826893861967392,,False,LOW_CONF,LOW_CONF,False
403,1600938542284016,0,0.90122193,"[410.032,275.293,472.345,344.065]",4035137,0.9001929285916916,4035137,True,MATCHED,MATCHED,True
403,1600938542284016,1,0.88667136,"[516.14,493.331,606.69,590.189]",4035146,0.9238848334997607,4035146,True,MATCHED,MATCHED,True
403,1600938542284016,2,0.87956607,"[528.273,441.641,604.238,501.301]",4035140,0.8234729311149419,4035140,True,MATCHED,MATCHED,True
403,1600938542284016,3,0.87810826,"[34.718,537.316,121.081,630.378]",4035128,0.9302953592581263,4035128,True,MATCHED,MATCHED,True
403,1600938542284016,4,0.87631446,"[431.818,346.541,500.867,414.816]",4035143,0.7952632380229421,4035143,True,MATCHED,MATCHED,True
403,1600938542284016,5,0.86499435,"[443.366,203.386,489.853,252.066]",4035134,0.8825479572646671,4035134,True,MATCHED,MATCHED,True
403,1600938542284016,6,0.73493755,"[600.136,638.934,650.042,725.386]",4035151,0.6095966457742985,4035151,True,MATCHED,MATCHED,True
403,1600938542284016,7,0.42299268,"[583.422,822.693,622.292,863.627]",4035151,0.0,,False,NO_GT_OVERLAP,NO_GT_OVERLAP,False
403,1600938542284016,8,0.38676095,"[459.007,119.246,482.972,140.94]",4035148,0.9233830349235074,4035148,True,MATCHED,MATCHED,True
403,1600938542284016,9,0.29710984,"[0.37,446.408,23.597,473.113]",4035124,0.47398175881201243,,False,LOW_CONF,LOW_CONF,False
403,1600938542284016,10,0.12908162,"[632.295,1098.344,693.809,1167.45]",4035153,0.8539194405022719,,False,LOW_CONF,LOW_CONF,False
403,1600938542284016,11,0.06751996,"[171.126,99.882,191.466,120.039]",4035131,0.8059084437458766,,False,LOW_CONF,LOW_CONF,False
403,1600938542284016,12,0.06265009,"[631.411,1092.54,714.214,1168.089]",4035153,0.5802722913723993,,False,LOW_CONF,LOW_CONF,False
403,1600938542350805,0,0.89660859,"[502.001,492.375,592.433,588.104]",4035146,0.9660474299256878,4035146,True,MATCHED,MATCHED,True
403,1600938542350805,1,0.89465678,"[398.634,274.547,460.617,343.553]",4035137,0.914278436190661,4035137,True,MATCHED,MATCHED,True
403,1600938542350805,2,0.87726998,"[431.629,202.91,478.715,250.855]",4035134,0.8816554077267774,4035134,True,MATCHED,MATCHED,True
403,1600938542350805,3,0.87403101,"[19.942,539.428,105.784,631.155]",4035128,0.8793973423931711,4035128,True,MATCHED,MATCHED,True
403,1600938542350805,4,0.86989808,"[419.132,343.471,489.313,412.184]",4035143,0.8134863449730094,4035143,True,MATCHED,MATCHED,True
403,1600938542350805,5,0.85776252,"[516.443,440.588,589.55,500.332]",4035140,0.9193605974993976,4035140,True,MATCHED,MATCHED,True
403,1600938542350805,6,0.69616091,"[596.187,639.887,636.601,728.867]",4035151,0.4870518941272568,,False,IOU_BELOW_0_5,IOU_BELOW_0_5,False
403,1600938542350805,7,0.37620497,"[0.0,449.078,14.072,470.946]",4035124,0.8067050781956808,4035124,True,MATCHED,MATCHED,True
403,1600938542350805,8,0.23744208,"[447.678,118.358,473.672,140.008]",4035148,0.7089928907026145,,False,LOW_CONF,LOW_CONF,False
403,1600938542350805,9,0.14698248,"[575.832,823.522,609.701,859.72]",4035151,0.0,,False,LOW_CONF,LOW_CONF,False
403,1600938542350805,10,0.06581848,"[420.292,247.225,444.183,271.191]",4035134,0.011910328886778968,,False,LOW_CONF,LOW_CONF,False
403,1600938542350805,11,0.05028279,"[455.642,340.45,491.115,380.933]",4035143,0.24224923397435907,,False,LOW_CONF,LOW_CONF,False
403,1600938542417597,0,0.89279091,"[486.488,492.639,579.579,588.699]",4035146,0.9348802810763647,4035146,True,MATCHED,MATCHED,True
403,1600938542417597,1,0.88319451,"[384.94,274.313,447.48,343.504]",4035137,0.9348858309238867,4035137,True,MATCHED,MATCHED,True
403,1600938542417597,2,0.87792367,"[402.836,343.971,476.364,413.761]",4035143,0.8543987878787878,4035143,True,MATCHED,MATCHED,True
403,1600938542417597,3,0.8766163,"[503.606,441.047,577.463,499.751]",4035140,0.9557160571581668,4035140,True,MATCHED,MATCHED,True
403,1600938542417597,4,0.86659837,"[418.388,202.847,464.386,251.459]",4035134,0.8922334932735482,4035134,True,MATCHED,MATCHED,True
403,1600938542417597,5,0.85252976,"[7.469,539.753,91.856,630.702]",4035128,0.8935186478718276,4035128,True,MATCHED,MATCHED,False
403,1600938542417597,6,0.64946115,"[580.152,641.311,622.09,729.105]",4035151,0.5137100018153765,4035151,True,MATCHED,MATCHED,True
403,1600938542417597,7,0.58327335,"[433.26,118.684,458.562,141.338]",4035148,0.6961024272536845,4035148,True,MATCHED,MATCHED,True
403,1600938542417597,8,0.25828615,"[567.385,821.999,595.635,855.488]",4035151,0.0,,False,LOW_CONF,LOW_CONF,False
403,1600938542484392,0,0.90328449,"[474.154,491.789,565.223,588.775]",4035146,0.9465131708914317,4035146,True,MATCHED,MATCHED,True
403,1600938542484392,1,0.89641315,"[371.719,274.482,434.863,343.82]",4035137,0.9394998915114254,4035137,True,MATCHED,MATCHED,True
403,1600938542484392,2,0.8957026,"[392.796,345.029,464.473,414.342]",4035143,0.8386649318378525,4035143,True,MATCHED,MATCHED,True
403,1600938542484392,3,0.88658935,"[491.908,441.435,559.638,498.967]",4035140,0.8943975726587244,4035140,True,MATCHED,MATCHED,True
403,1600938542484392,4,0.86109304,"[407.133,202.155,452.859,251.722]",4035134,0.8811798225535087,4035134,True,MATCHED,MATCHED,True
403,1600938542484392,5,0.84179884,"[0.0,538.837,76.724,630.021]",4035128,0.960457607820051,4035128,True,MATCHED,MATCHED,True
403,1600938542484392,6,0.65689838,"[556.809,637.905,610.926,727.603]",4035151,0.8072274922092578,4035151,True,MATCHED,MATCHED,True
403,1600938542484392,7,0.30110681,"[423.289,118.766,447.658,139.92]",4035148,0.7254412928561608,4035148,True,MATCHED,MATCHED,True
403,1600938542484392,8,0.1163144,"[557.159,821.668,579.475,854.096]",4035151,0.0,,False,LOW_CONF,LOW_CONF,False
403,1600938542484392,9,0.06162888,"[131.055,98.056,150.436,119.781]",4035131,0.7120467504936999,,False,LOW_CONF,LOW_CONF,False
403,1600938542551189,0,0.91017967,"[461.584,491.591,551.891,589.486]",4035146,0.945636771223397,4035146,True,MATCHED,MATCHED,True
403,1600938542551189,1,0.90208095,"[359.18,273.217,422.785,343.317]",4035137,0.9565500006483074,4035137,True,MATCHED,MATCHED,True
403,1600938542551189,2,0.89718676,"[378.035,343.033,451.208,412.451]",4035143,0.8637257833948246,4035143,True,MATCHED,MATCHED,True
403,1600938542551189,3,0.8876676,"[392.847,201.636,439.185,249.719]",4035134,0.9030042108548266,4035134,True,MATCHED,MATCHED,True
403,1600938542551189,4,0.87972349,"[480.336,440.594,551.27,499.531]",4035140,0.9217997708122524,4035140,True,MATCHED,MATCHED,True
403,1600938542551189,5,0.82137424,"[0.0,563.316,61.117,630.341]",4035128,0.789157116941634,4035128,True,MATCHED,MATCHED,True
403,1600938542551189,6,0.43471137,"[552.061,638.558,595.805,728.634]",4035151,0.7011853799830301,4035151,True,MATCHED,MATCHED,True
403,1600938542551189,7,0.30032998,"[410.127,117.729,433.657,138.628]",4035148,0.6588667284849063,4035148,True,MATCHED,MATCHED,True
403,1600938542551189,8,0.24218079,"[0.833,486.742,34.323,528.412]",4035151,0.0,,False,LOW_CONF,LOW_CONF,False
403,1600938542551189,9,0.23366997,"[0.0,485.588,28.44,523.035]",4035151,0.0,,False,LOW_CONF,LOW_CONF,False
403,1600938542551189,10,0.18219151,"[558.83,637.763,594.847,678.861]",4035151,0.2748039678906981,,False,LOW_CONF,LOW_CONF,False
403,1600938542551189,11,0.08986224,"[565.953,416.781,590.699,438.512]",4035151,0.0,,False,LOW_CONF,LOW_CONF,False
403,1600938542551189,12,0.07702922,"[56.374,186.5,70.322,213.996]",4035151,0.0,,False,LOW_CONF,LOW_CONF,False
403,1600938542551189,13,0.0759761,"[557.39,649.025,590.528,729.053]",4035151,0.5075536581818189,,False,LOW_CONF,LOW_CONF,False
403,1600938542551189,14,0.07484905,"[565.797,418.354,596.422,440.806]",4035151,0.0,,False,LOW_CONF,LOW_CONF,False
403,1600938542551189,15,0.05560344,"[59.183,195.291,72.329,220.674]",4035151,0.0,,False,LOW_CONF,LOW_CONF,False
403,1600938542617959,0,0.90852898,"[345.889,273.784,408.565,343.566]",4035137,0.9286623826373146,4035137,True,MATCHED,MATCHED,True
403,1600938542617959,1,0.90708238,"[447.446,491.839,538.638,589.668]",4035146,0.9469554553077463,4035146,True,MATCHED,MATCHED,True
403,1600938542617959,2,0.88528347,"[365.394,343.836,436.354,413.057]",4035143,0.8505492917748918,4035143,True,MATCHED,MATCHED,True
403,1600938542617959,3,0.88121295,"[467.327,441.776,536.732,500.071]",4035140,0.8898836812134019,4035140,True,MATCHED,MATCHED,True
403,1600938542617959,4,0.87017995,"[379.198,202.261,426.23,250.584]",4035134,0.8833029752072294,4035134,True,MATCHED,MATCHED,True
403,1600938542617959,5,0.73340762,"[0.051,580.31,47.341,629.606]",4035128,0.9013058131481059,4035128,True,MATCHED,MATCHED,True
403,1600938542617959,6,0.50196069,"[536.605,823.02,633.18,865.339]",4035151,0.0,,False,NO_GT_OVERLAP,NO_GT_OVERLAP,False
403,1600938542617959,7,0.43057883,"[544.699,638.787,584.697,728.027]",4035151,0.5831769092463024,4035151,True,MATCHED,MATCHED,True
403,1600938542617959,8,0.39459184,"[397.741,118.27,420.197,140.124]",4035148,0.696887649224022,4035148,True,MATCHED,MATCHED,True
403,1600938542617959,9,0.27397922,"[545.057,637.788,581.232,678.058]",4035151,0.2765246201001467,,False,LOW_CONF,LOW_CONF,False
403,1600938542617959,10,0.14046574,"[555.164,417.081,575.3,440.002]",4035151,0.0,,False,LOW_CONF,LOW_CONF,False
403,1600938542617959,11,0.09801691,"[39.442,184.924,54.969,212.539]",4035151,0.0,,False,LOW_CONF,LOW_CONF,False
403,1600938542617959,12,0.07786264,"[42.845,200.294,57.158,220.708]",4035151,0.0,,False,LOW_CONF,LOW_CONF,False
403,1600938542617959,13,0.07577728,"[535.621,638.147,580.529,723.763]",4035151,0.7358551823923447,,False,LOW_CONF,LOW_CONF,False
403,1600938542617959,14,0.07294121,"[38.684,181.902,52.136,202.218]",4035151,0.0,,False,LOW_CONF,LOW_CONF,False
403,1600938542617959,15,0.06998227,"[546.72,689.293,579.864,730.567]",4035151,0.26181539827751205,,False,LOW_CONF,LOW_CONF,False
403,1600938542617959,16,0.05844949,"[556.572,227.22,584.556,439.018]",4035151,0.0,,False,LOW_CONF,LOW_CONF,False
403,1600938542617959,17,0.05710363,"[561.268,826.568,635.863,866.952]",4035151,0.0,,False,LOW_CONF,LOW_CONF,False
403,1600938542617959,18,0.05315754,"[556.6,418.777,580.126,442.07]",4035151,0.0,,False,LOW_CONF,LOW_CONF,False
403,1600938542684620,0,0.90080309,"[333.227,273.709,396.915,343.092]",4035137,0.968643876222117,4035137,True,MATCHED,MATCHED,True
403,1600938542684620,1,0.89609432,"[434.334,491.558,524.449,589.351]",4035146,0.9586256581550815,4035146,True,MATCHED,MATCHED,True
403,1600938542684620,2,0.89082682,"[366.447,201.306,412.304,249.995]",4035134,0.9342624118092508,4035134,True,MATCHED,MATCHED,True
403,1600938542684620,3,0.8812511,"[353.623,342.287,423.774,411.816]",4035143,0.8495720720190525,4035143,True,MATCHED,MATCHED,True
403,1600938542684620,4,0.87778974,"[454.558,440.527,524.955,500.402]",4035140,0.907875521577113,4035140,True,MATCHED,MATCHED,True
403,1600938542684620,5,0.44994417,"[385.396,118.043,409.335,140.585]",4035148,0.6781625712310787,4035148,True,MATCHED,MATCHED,True
403,1600938542684620,6,0.43178356,"[0.0,592.325,31.753,628.169]",4035128,0.8843469557109543,4035128,True,MATCHED,MATCHED,True
403,1600938542684620,7,0.42716944,"[555.545,824.707,626.575,866.17]",4035151,0.0,,False,NO_GT_OVERLAP,NO_GT_OVERLAP,False
403,1600938542684620,8,0.2983149,"[523.732,636.764,565.034,663.942]",4035151,0.22294056722939434,,False,LOW_CONF,LOW_CONF,False
403,1600938542684620,9,0.24846391,"[526.057,638.506,566.267,728.009]",4035151,0.7066793643534368,,False,LOW_CONF,LOW_CONF,False
403,1600938542684620,10,0.24408188,"[545.432,416.772,568.56,442.848]",4035151,0.0,,False,LOW_CONF,LOW_CONF,False
403,1600938542684620,11,0.18682787,"[528.589,637.176,566.484,657.018]",4035151,0.14714913825830364,,False,LOW_CONF,LOW_CONF,False
403,1600938542684620,12,0.13447227,"[524.761,636.162,564.826,684.243]",4035151,0.3825948887785508,,False,LOW_CONF,LOW_CONF,False
403,1600938542684620,13,0.11764102,"[533.287,689.724,561.647,731.11]",4035151,0.23234608404294319,,False,LOW_CONF,LOW_CONF,False
403,1600938542684620,14,0.0845498,"[544.44,223.55,578.318,439.33]",4035151,0.0,,False,LOW_CONF,LOW_CONF,False
403,1600938542684620,15,0.0832692,"[516.06,636.792,564.98,716.729]",4035151,0.776666939424033,,False,LOW_CONF,LOW_CONF,False
403,1600938542684620,16,0.08075982,"[530.812,667.866,562.546,730.005]",4035151,0.3916423090367433,,False,LOW_CONF,LOW_CONF,False
403,1600938542684620,17,0.07173014,"[542.928,420.37,566.355,441.788]",4035151,0.0,,False,LOW_CONF,LOW_CONF,False
403,1600938542684620,18,0.05898652,"[52.281,295.7,71.08,327.539]",4035151,0.0,,False,LOW_CONF,LOW_CONF,False
403,1600938542751279,0,0.90376019,"[421.581,490.917,511.414,589.682]",4035146,0.9315451016360758,4035146,True,MATCHED,MATCHED,True
403,1600938542751279,1,0.89537644,"[320.63,272.132,384.009,342.575]",4035137,0.9575638444043021,4035137,True,MATCHED,MATCHED,True
403,1600938542751279,2,0.89040244,"[354.32,200.668,400.302,249.14]",4035134,0.9146847804221496,4035134,True,MATCHED,MATCHED,True
403,1600938542751279,3,0.88452512,"[341.017,342.341,411.19,412.095]",4035143,0.8433622308364581,4035143,True,MATCHED,MATCHED,True
403,1600938542751279,4,0.87897688,"[443.105,440.364,516.141,500.474]",4035140,0.9451423697273693,4035140,True,MATCHED,MATCHED,True
403,1600938542751279,5,0.23609164,"[527.812,707.646,565.099,763.828]",4035151,0.09552834530283977,,False,LOW_CONF,LOW_CONF,False
403,1600938542751279,6,0.22388259,"[511.439,637.065,552.931,718.453]",4035151,0.6835932987854247,,False,LOW_CONF,LOW_CONF,False
403,1600938542751279,7,0.179958,"[537.873,417.403,563.532,443.492]",4035151,0.0,,False,LOW_CONF,LOW_CONF,False
403,1600938542751279,8,0.17531845,"[513.22,636.406,553.425,675.468]",4035151,0.30726629776768905,,False,LOW_CONF,LOW_CONF,False
403,1600938542751279,9,0.16750035,"[534.838,224.797,575.156,444.163]",4035151,0.0,,False,LOW_CONF,LOW_CONF,False
403,1600938542751279,10,0.12760904,"[518.436,636.973,553.866,653.741]",4035151,0.11676748227336474,,False,LOW_CONF,LOW_CONF,False
403,1600938542751279,11,0.11907881,"[0.158,607.177,26.093,627.637]",4035128,0.6108732249614004,,False,LOW_CONF,LOW_CONF,False
403,1600938542751279,12,0.09441587,"[71.492,97.573,93.812,118.506]",4035131,0.8186018540844471,,False,LOW_CONF,LOW_CONF,False
403,1600938542751279,13,0.09113812,"[524.254,698.991,563.038,752.63]",4035151,0.15628481215770232,,False,LOW_CONF,LOW_CONF,False
403,1600938542751279,14,0.0857692,"[40.33,292.481,59.146,325.137]",4035151,0.0,,False,LOW_CONF,LOW_CONF,False
403,1600938542751279,15,0.08462083,"[374.569,117.783,394.799,138.395]",4035148,0.7062421830934102,,False,LOW_CONF,LOW_CONF,False
403,1600938542751279,16,0.07405887,"[531.335,231.664,566.763,438.368]",4035151,0.0,,False,LOW_CONF,LOW_CONF,False
403,1600938542751279,17,0.07269721,"[0.0,605.617,19.89,626.666]",4035128,0.8030859806384163,,False,LOW_CONF,LOW_CONF,False
403,1600938542751279,18,0.05184178,"[522.598,697.998,556.403,737.606]",4035151,0.19708017504264524,,False,LOW_CONF,LOW_CONF,False
403,1600938542817939,0,0.90389162,"[407.56,491.114,497.588,589.441]",4035146,0.9413210087713874,4035146,True,MATCHED,MATCHED,True
403,1600938542817939,1,0.89601052,"[327.081,342.926,398.456,412.527]",4035143,0.8499063269392046,4035143,True,MATCHED,MATCHED,True
403,1600938542817939,2,0.88577479,"[307.203,273.07,371.288,342.433]",4035137,0.9631913011917665,4035137,True,MATCHED,MATCHED,True
403,1600938542817939,3,0.8851158,"[431.035,440.459,501.137,498.876]",4035140,0.9233842049487493,4035140,True,MATCHED,MATCHED,True
403,1600938542817939,4,0.8612656,"[341.72,200.977,389.092,249.478]",4035134,0.8573859162009676,4035134,True,MATCHED,MATCHED,True
403,1600938542817939,5,0.21558894,"[359.644,116.805,382.381,139.707]",4035148,0.6567794171414533,,False,LOW_CONF,LOW_CONF,False
403,1600938542817939,6,0.12756322,"[515.152,721.254,553.938,762.694]",4035151,0.03736776439032364,,False,LOW_CONF,LOW_CONF,False
403,1600938542817939,7,0.08959088,"[56.926,99.419,79.598,119.579]",4035131,0.812680791492444,,False,LOW_CONF,LOW_CONF,False
403,1600938542817939,8,0.08562804,"[0.0,1201.188,40.027,1279.865]",4035151,0.0,,False,LOW_CONF,LOW_CONF,False
403,1600938542817939,9,0.08397471,"[529.005,418.178,552.611,443.323]",4035151,0.0,,False,LOW_CONF,LOW_CONF,False
403,1600938542817939,10,0.07382345,"[2.035,666.288,16.391,694.507]",4035151,0.0,,False,LOW_CONF,LOW_CONF,False
403,1600938542817939,11,0.06388859,"[490.661,634.262,538.026,660.639]",4035151,0.23684805276828363,,False,LOW_CONF,LOW_CONF,False
403,1600938542884599,0,0.91532427,"[395.122,491.161,483.826,589.181]",4035146,0.9657723217337512,4035146,True,MATCHED,MATCHED,True
403,1600938542884599,1,0.8990984,"[312.876,342.708,385.908,413.184]",4035143,0.8633556839318183,4035143,True,MATCHED,MATCHED,True
403,1600938542884599,2,0.89543313,"[418.327,440.583,486.167,499.554]",4035140,0.8684140173552046,4035140,True,MATCHED,MATCHED,True
403,1600938542884599,3,0.8917563,"[293.512,272.075,357.404,342.899]",4035137,0.9551793999099325,4035137,True,MATCHED,MATCHED,True
403,1600938542884599,4,0.87989771,"[328.007,201.397,374.149,249.512]",4035134,0.8799481587098269,4035134,True,MATCHED,MATCHED,True
403,1600938542884599,5,0.21688981,"[348.608,117.923,370.456,139.478]",4035148,0.7709101629668773,,False,LOW_CONF,LOW_CONF,False
403,1600938542884599,6,0.15730013,"[6.821,293.045,36.659,331.411]",4035151,0.0,,False,LOW_CONF,LOW_CONF,False
403,1600938542884599,7,0.1369392,"[40.723,97.853,64.526,119.091]",4035131,0.7044102819642,,False,LOW_CONF,LOW_CONF,False
403,1600938542884599,8,0.05959268,"[519.616,419.981,540.703,445.514]",4035151,0.0,,False,LOW_CONF,LOW_CONF,False
403,1600938542951259,0,0.90988714,"[379.959,489.823,471.421,587.933]",4035146,0.9414558006081845,4035146,True,MATCHED,MATCHED,True
403,1600938542951259,1,0.89317411,"[301.413,341.67,372.134,411.251]",4035143,0.8408813911483248,4035143,True,MATCHED,MATCHED,True
403,1600938542951259,2,0.88958758,"[280.569,271.505,343.992,342.237]",4035137,0.9540630169558759,4035137,True,MATCHED,MATCHED,True
403,1600938542951259,3,0.87441593,"[314.411,200.733,360.393,249.369]",4035134,0.8845035602681525,4035134,True,MATCHED,MATCHED,True
403,1600938542951259,4,0.8451131,"[406.209,437.293,478.725,499.144]",4035140,0.9159357366036321,4035140,True,MATCHED,MATCHED,True
403,1600938542951259,5,0.17366357,"[31.8,96.701,51.812,118.946]",4035131,0.6733626825667413,,False,LOW_CONF,LOW_CONF,False
403,1600938542951259,6,0.08792954,"[241.231,460.634,475.96,680.831]",4035146,0.16344655031342184,,False,LOW_CONF,LOW_CONF,False
403,1600938542951259,7,0.0610356,"[246.309,657.619,267.691,679.744]",4035151,0.0,,False,LOW_CONF,LOW_CONF,False
403,1600938542951259,8,0.06060064,"[336.079,116.419,355.201,137.159]",4035148,0.8468107729052088,,False,LOW_CONF,LOW_CONF,False
403,1600938542951259,9,0.05480018,"[6.298,524.844,22.778,541.04]",4035151,0.0,,False,LOW_CONF,LOW_CONF,False
403,1600938542951259,10,0.05109524,"[551.882,58.38,571.782,83.913]",4035151,0.0,,False,LOW_CONF,LOW_CONF,False
403,1600938543017919,0,0.9042514,"[268.316,271.903,331.133,342.464]",4035137,0.958987899612906,4035137,True,MATCHED,MATCHED,True
403,1600938543017919,1,0.89966059,"[368.531,490.182,457.135,587.987]",4035146,0.9528115964662507,4035146,True,MATCHED,MATCHED,True
403,1600938543017919,2,0.89237779,"[301.554,200.848,348.375,249.225]",4035134,0.8815383038801462,4035134,True,MATCHED,MATCHED,True
403,1600938543017919,3,0.891725,"[287.493,340.487,359.381,410.892]",4035143,0.8648794668489399,4035143,True,MATCHED,MATCHED,True
403,1600938543017919,4,0.86630148,"[393.392,438.704,465.71,500.134]",4035140,0.9051035446719009,4035140,True,MATCHED,MATCHED,True
403,1600938543017919,5,0.35492682,"[324.134,118.444,343.742,138.13]",4035148,0.8416829902594679,4035148,True,MATCHED,MATCHED,True
403,1600938543017919,6,0.22442025,"[489.292,815.89,583.877,864.22]",4035151,0.0,,False,LOW_CONF,LOW_CONF,False
403,1600938543017919,7,0.18697561,"[17.816,98.281,39.47,119.865]",4035131,0.7417865326600116,,False,LOW_CONF,LOW_CONF,False
403,1600938543017919,8,0.08610904,"[536.417,57.415,560.79,85.757]",4035151,0.0,,False,LOW_CONF,LOW_CONF,False
403,1600938543084579,0,0.90643871,"[254.159,271.719,317.745,342.519]",4035137,0.9823767132696494,4035137,True,MATCHED,MATCHED,True
403,1600938543084579,1,0.90480828,"[356.692,491.074,443.977,588.687]",4035146,0.9315142349495841,4035146,True,MATCHED,MATCHED,True
403,1600938543084579,2,0.89687383,"[273.55,341.262,346.753,412.624]",4035143,0.8612024861225106,4035143,True,MATCHED,MATCHED,True
403,1600938543084579,3,0.89560425,"[287.232,200.879,334.627,248.717]",4035134,0.8916816708994415,4035134,True,MATCHED,MATCHED,True
403,1600938543084579,4,0.87016153,"[379.935,440.538,448.955,501.313]",4035140,0.8355900591985701,4035140,True,MATCHED,MATCHED,True
403,1600938543084579,5,0.39117059,"[309.589,118.429,329.603,137.827]",4035148,0.8442353438347054,4035148,True,MATCHED,MATCHED,True
403,1600938543084579,6,0.3577621,"[441.479,561.499,500.968,621.876]",4035146,0.0011047305220230122,,False,IOU_BELOW_0_5,IOU_BELOW_0_5,False
403,1600938543084579,7,0.16543156,"[2.546,97.188,24.272,118.971]",4035131,0.7881425001979787,,False,LOW_CONF,LOW_CONF,False
403,1600938543084579,8,0.10064401,"[482.165,817.824,571.823,863.151]",4035151,0.0,,False,LOW_CONF,LOW_CONF,False
403,1600938543084579,9,0.08281549,"[489.432,60.692,562.864,437.62]",4035155,0.009538062632047827,,False,LOW_CONF,LOW_CONF,False
403,1600938543151239,0,0.90327632,"[342.117,489.336,429.291,587.898]",4035146,0.9489232377991393,4035146,True,MATCHED,MATCHED,True
403,1600938543151239,1,0.90220457,"[241.315,271.342,304.195,341.221]",4035137,0.9687257477420664,4035137,True,MATCHED,MATCHED,True
403,1600938543151239,2,0.89465648,"[260.184,341.749,333.067,411.498]",4035143,0.8559357799736769,4035143,True,MATCHED,MATCHED,True
403,1600938543151239,3,0.88022071,"[275.281,200.617,321.321,247.765]",4035134,0.8817036989859653,4035134,True,MATCHED,MATCHED,True
403,1600938543151239,4,0.87489754,"[368.013,439.742,434.434,498.658]",4035140,0.8754657673929387,4035140,True,MATCHED,MATCHED,True
403,1600938543151239,5,0.27048078,"[0.0,1244.571,14.718,1279.034]",4035151,0.0,,False,LOW_CONF,LOW_CONF,False
403,1600938543151239,6,0.16487883,"[470.318,813.961,563.483,863.374]",4035151,0.0,,False,LOW_CONF,LOW_CONF,False
403,1600938543151239,7,0.10094031,"[481.4,64.621,543.924,437.969]",4035155,0.009031812628407285,,False,LOW_CONF,LOW_CONF,False
403,1600938543151239,8,0.06904121,"[296.508,116.449,314.828,136.619]",4035148,0.887049544218299,,False,LOW_CONF,LOW_CONF,False
403,1600938543151239,9,0.06703562,"[471.182,824.923,553.209,862.242]",4035151,0.0,,False,LOW_CONF,LOW_CONF,False
403,1600938543217898,0,0.90141201,"[327.95,488.886,416.218,587.909]",4035146,0.9665282211246107,4035146,True,MATCHED,MATCHED,True
403,1600938543217898,1,0.89964747,"[244.928,340.925,320.266,411.89]",4035143,0.9074427485548153,4035143,True,MATCHED,MATCHED,True
403,1600938543217898,2,0.89752358,"[227.872,271.866,291.295,341.747]",4035137,0.9646425027550548,4035137,True,MATCHED,MATCHED,True
403,1600938543217898,3,0.88543099,"[262.735,200.543,309.07,248.265]",4035134,0.8530645723864317,4035134,True,MATCHED,MATCHED,True
403,1600938543217898,4,0.8818748,"[355.956,439.343,420.026,498.75]",4035140,0.8357004737084902,4035140,True,MATCHED,MATCHED,True
403,1600938543217898,5,0.07767088,"[477.844,81.751,537.921,442.997]",4035155,0.0020386926628054537,,False,LOW_CONF,LOW_CONF,False
403,1600938543217898,6,0.06763871,"[284.68,117.659,302.763,136.351]",4035148,0.8419302567440876,,False,LOW_CONF,LOW_CONF,False
403,1600938543284559,0,0.91451299,"[314.145,490.539,404.902,587.829]",4035146,0.9536856759600878,4035146,True,MATCHED,MATCHED,True
403,1600938543284559,1,0.8906613,"[232.947,341.319,307.142,411.755]",4035143,0.8897979199430869,4035143,True,MATCHED,MATCHED,True
403,1600938543284559,2,0.88504577,"[248.066,200.027,295.059,248.59]",4035134,0.9066304211401602,4035134,True,MATCHED,MATCHED,True
403,1600938543284559,3,0.87121093,"[214.586,272.032,278.032,342.255]",4035137,0.9474766381759598,4035137,True,MATCHED,MATCHED,True
403,1600938543284559,4,0.83997411,"[343.177,439.705,412.012,499.88]",4035140,0.8930533078953187,4035140,True,MATCHED,MATCHED,True
403,1600938543284559,5,0.08741678,"[454.613,810.626,551.455,873.957]",4035151,0.0,,False,LOW_CONF,LOW_CONF,False
403,1600938543351219,0,0.90403676,"[200.823,270.316,265.507,340.543]",4035137,0.9735205018528773,4035137,True,MATCHED,MATCHED,True
403,1600938543351219,1,0.90315741,"[299.32,489.029,390.621,588.448]",4035146,0.9403932033557597,4035146,True,MATCHED,MATCHED,True
403,1600938543351219,2,0.89614654,"[218.403,339.011,293.638,411.245]",4035143,0.9256761287118417,4035143,True,MATCHED,MATCHED,True
403,1600938543351219,3,0.88468349,"[235.113,199.108,281.965,248.66]",4035134,0.9232148232723137,4035134,True,MATCHED,MATCHED,True
403,1600938543351219,4,0.83906698,"[330.629,438.332,399.68,499.915]",4035140,0.8928415581025021,4035140,True,MATCHED,MATCHED,True
403,1600938543351219,5,0.05994285,"[702.545,707.749,719.422,746.103]",4035151,0.0,,False,LOW_CONF,LOW_CONF,False
403,1600938543417878,0,0.90421015,"[286.911,487.885,376.019,587.063]",4035146,0.9681503736460014,4035146,True,MATCHED,MATCHED,True
403,1600938543417878,1,0.89412117,"[187.609,271.685,251.091,341.191]",4035137,0.9800944456390093,4035137,True,MATCHED,MATCHED,True
403,1600938543417878,2,0.88346297,"[205.875,340.123,280.206,411.625]",4035143,0.8934786429689611,4035143,True,MATCHED,MATCHED,True
403,1600938543417878,3,0.87828803,"[223.436,199.394,267.185,248.704]",4035134,0.8924225794298705,4035134,True,MATCHED,MATCHED,True
403,1600938543417878,4,0.85501146,"[318.363,439.021,386.853,500.715]",4035140,0.8962950398372934,4035140,True,MATCHED,MATCHED,True
403,1600938543417878,5,0.41069871,"[441.006,809.346,532.694,878.33]",4035151,0.0,,False,NO_GT_OVERLAP,NO_GT_OVERLAP,False
403,1600938543417878,6,0.06927801,"[419.186,76.703,483.402,410.029]",4035155,0.011773025918243302,,False,LOW_CONF,LOW_CONF,False
403,1600938543484538,0,0.90421295,"[275.711,488.3,361.516,586.808]",4035146,0.9462051333836473,4035146,True,MATCHED,MATCHED,True
403,1600938543484538,1,0.90312266,"[174.379,271.598,237.671,340.883]",4035137,0.969783106472065,4035137,True,MATCHED,MATCHED,True
403,1600938543484538,2,0.89913446,"[209.926,199.566,254.548,248.333]",4035134,0.8628774330075116,4035134,True,MATCHED,MATCHED,True
403,1600938543484538,3,0.89210427,"[191.108,338.879,268.071,409.679]",4035143,0.9423452215939168,4035143,True,MATCHED,MATCHED,True
403,1600938543484538,4,0.88106441,"[305.727,439.228,373.746,501.562]",4035140,0.9042871077387751,4035140,True,MATCHED,MATCHED,True
403,1600938543484538,5,0.11493745,"[692.269,687.621,718.936,739.972]",4035159,0.5113461577851734,,False,LOW_CONF,LOW_CONF,False
403,1600938543484538,6,0.08502416,"[694.323,559.07,719.887,579.617]",4035151,0.0,,False,LOW_CONF,LOW_CONF,False
403,1600938543484538,7,0.08139453,"[698.491,784.874,719.345,859.091]",4035156,0.794498577617461,,False,LOW_CONF,LOW_CONF,False
403,1600938543484538,8,0.07924723,"[436.556,54.846,457.347,83.758]",4035151,0.0,,False,LOW_CONF,LOW_CONF,False
403,1600938543484538,9,0.06992327,"[414.815,83.641,476.493,389.908]",4035155,0.008248642303541371,,False,LOW_CONF,LOW_CONF,False
403,1600938543484538,10,0.06668537,"[702.786,558.353,720.0,578.402]",4035151,0.0,,False,LOW_CONF,LOW_CONF,False
403,1600938543551199,0,0.90806043,"[160.684,270.16,223.61,340.014]",4035137,0.9580655553936374,4035137,True,MATCHED,MATCHED,True
403,1600938543551199,1,0.90483904,"[259.016,488.104,349.214,586.861]",4035146,0.9552486717848889,4035146,True,MATCHED,MATCHED,True
403,1600938543551199,2,0.90295964,"[177.255,339.247,254.991,410.867]",4035143,0.9166943683034646,4035143,True,MATCHED,MATCHED,True
403,1600938543551199,3,0.87004602,"[293.645,439.555,359.152,500.213]",4035140,0.8527580316137967,4035140,True,MATCHED,MATCHED,True
403,1600938543551199,4,0.86336321,"[197.379,199.286,242.615,248.173]",4035134,0.8790505025864129,4035134,True,MATCHED,MATCHED,True
403,1600938543551199,5,0.74312615,"[681.851,781.174,719.374,870.411]",4035156,0.870238828500257,4035156,True,MATCHED,MATCHED,True
403,1600938543551199,6,0.74249178,"[693.065,679.987,719.597,745.647]",4035159,0.7639031260654328,4035159,True,MATCHED,MATCHED,True
403,1600938543551199,7,0.12456622,"[681.497,678.716,719.849,745.944]",4035159,0.7329996759397377,,False,LOW_CONF,LOW_CONF,False
403,1600938543551199,8,0.11700331,"[692.425,561.041,717.092,582.273]",4035151,0.0,,False,LOW_CONF,LOW_CONF,False
403,1600938543551199,9,0.10717581,"[414.926,72.642,469.558,409.11]",4035151,0.0,,False,LOW_CONF,LOW_CONF,False
403,1600938543551199,10,0.0841085,"[710.569,515.549,720.0,544.584]",4035151,0.0,,False,LOW_CONF,LOW_CONF,False
403,1600938543551199,11,0.07947874,"[692.423,637.428,719.15,659.929]",4035151,0.0,,False,LOW_CONF,LOW_CONF,False
403,1600938543551199,12,0.07335125,"[395.878,63.983,432.201,104.247]",4035155,0.18828463809769982,,False,LOW_CONF,LOW_CONF,False
403,1600938543551199,13,0.07284711,"[394.782,74.161,421.593,102.495]",4035155,0.3925691625902577,,False,LOW_CONF,LOW_CONF,False
403,1600938543551199,14,0.05283449,"[423.525,808.332,514.816,865.42]",4035151,0.0,,False,LOW_CONF,LOW_CONF,False
403,1600938543551199,15,0.05143468,"[421.54,58.137,441.469,96.384]",4035151,0.0,,False,LOW_CONF,LOW_CONF,False
403,1600938543617858,0,0.90055853,"[247.042,488.65,335.13,586.527]",4035146,0.978110722116409,4035146,True,MATCHED,MATCHED,True
403,1600938543617858,1,0.89927548,"[147.1,270.482,211.194,340.409]",4035137,0.9828526844888336,4035137,True,MATCHED,MATCHED,True
403,1600938543617858,2,0.8923189,"[162.66,338.098,240.804,410.385]",4035143,0.9448373704354136,4035143,True,MATCHED,MATCHED,True
403,1600938543617858,3,0.86649704,"[668.374,778.769,719.708,871.447]",4035156,0.9085470808685079,4035156,True,MATCHED,MATCHED,True
403,1600938543617858,4,0.86387438,"[184.451,199.485,228.963,248.127]",4035134,0.8306561672414202,4035134,True,MATCHED,MATCHED,True
403,1600938543617858,5,0.85156548,"[279.156,438.375,347.149,501.262]",4035140,0.9070021299965042,4035140,True,MATCHED,MATCHED,True
403,1600938543617858,6,0.83447039,"[675.219,678.151,719.668,748.151]",4035159,0.8710927438842642,4035159,True,MATCHED,MATCHED,True
403,1600938543617858,7,0.38953769,"[692.447,877.584,719.412,920.435]",4035151,0.0,,False,NO_GT_OVERLAP,NO_GT_OVERLAP,False
403,1600938543617858,8,0.27641788,"[412.903,54.695,437.995,92.811]",4035151,0.0,,False,LOW_CONF,LOW_CONF,False
403,1600938543617858,9,0.13080293,"[377.716,78.343,395.522,101.157]",4035155,0.7299130209443516,,False,LOW_CONF,LOW_CONF,False
403,1600938543617858,10,0.11733122,"[399.054,56.39,437.728,101.988]",4035151,0.0,,False,LOW_CONF,LOW_CONF,False
403,1600938543617858,11,0.09524956,"[676.165,559.543,714.889,581.558]",4035151,0.0,,False,LOW_CONF,LOW_CONF,False
403,1600938543617858,12,0.08695188,"[410.135,55.679,438.761,103.089]",4035151,0.0,,False,LOW_CONF,LOW_CONF,False
403,1600938543617858,13,0.07887716,"[681.531,559.365,717.695,585.299]",4035151,0.0,,False,LOW_CONF,LOW_CONF,False
403,1600938543617858,14,0.07329012,"[695.521,634.461,718.707,658.83]",4035151,0.0,,False,LOW_CONF,LOW_CONF,False
403,1600938543617858,15,0.0560211,"[343.083,396.319,404.133,570.537]",4035140,0.01582866322415213,,False,LOW_CONF,LOW_CONF,False
403,1600938543684518,0,0.90474796,"[232.63,487.875,321.791,586.806]",4035146,0.9650967698899849,4035146,True,MATCHED,MATCHED,True
403,1600938543684518,1,0.903,"[652.328,780.085,720.0,875.047]",4035156,0.8997902956976769,4035156,True,MATCHED,MATCHED,True
403,1600938543684518,2,0.88562703,"[149.511,338.791,226.133,409.36]",4035143,0.9242970800000003,4035143,True,MATCHED,MATCHED,True
403,1600938543684518,3,0.87653369,"[134.15,269.954,197.138,339.827]",4035137,0.9812750115963771,4035137,True,MATCHED,MATCHED,True
403,1600938543684518,4,0.86408943,"[170.431,199.013,213.783,247.703]",4035134,0.8080603802577556,4035134,True,MATCHED,MATCHED,True
403,1600938543684518,5,0.86303228,"[663.005,678.953,719.85,756.65]",4035159,0.8385732286076915,4035159,True,MATCHED,MATCHED,True
403,1600938543684518,6,0.8247509,"[266.463,437.728,331.455,499.488]",4035140,0.9126388369591841,4035140,True,MATCHED,MATCHED,True
403,1600938543684518,7,0.47172254,"[684.844,877.954,719.003,920.407]",4035151,0.0,,False,NO_GT_OVERLAP,NO_GT_OVERLAP,False
403,1600938543684518,8,0.26464,"[359.718,77.387,386.213,102.405]",4035155,0.6285181842120872,,False,LOW_CONF,LOW_CONF,False
403,1600938543684518,9,0.18352945,"[358.285,1059.868,405.084,1133.049]",4035153,0.9101481463131708,,False,LOW_CONF,LOW_CONF,False
403,1600938543684518,10,0.13682714,"[396.061,51.16,421.599,95.395]",4035151,0.0,,False,LOW_CONF,LOW_CONF,False
403,1600938543684518,11,0.13353859,"[358.53,72.425,392.372,102.803]",4035155,0.4279937998016742,,False,LOW_CONF,LOW_CONF,False
403,1600938543684518,12,0.11863536,"[376.627,54.417,419.205,100.953]",4035155,0.03747295665922899,,False,LOW_CONF,LOW_CONF,False
403,1600938543684518,13,0.09889103,"[365.698,56.457,416.47,103.665]",4035155,0.12092597069810267,,False,LOW_CONF,LOW_CONF,False
403,1600938543684518,14,0.0921658,"[699.41,636.714,719.082,659.598]",4035151,0.0,,False,LOW_CONF,LOW_CONF,False
403,1600938543684518,15,0.08141413,"[386.827,50.974,420.199,96.289]",4035151,0.0,,False,LOW_CONF,LOW_CONF,False
403,1600938543684518,16,0.0658009,"[262.367,350.36,351.546,501.383]",4035140,0.2885340721351162,,False,LOW_CONF,LOW_CONF,False
403,1600938543684518,17,0.05691573,"[235.77,346.02,343.7,499.931]",4035140,0.23393271395515672,,False,LOW_CONF,LOW_CONF,False
403,1600938543684518,18,0.05636028,"[691.226,447.24,719.49,498.217]",4035151,0.0,,False,LOW_CONF,LOW_CONF,False
403,1600938543684518,19,0.05576657,"[667.596,560.299,699.213,582.84]",4035151,0.0,,False,LOW_CONF,LOW_CONF,False
403,1600938543751179,0,0.90615827,"[217.692,487.395,309.624,587.026]",4035146,0.9531319898188317,4035146,True,MATCHED,MATCHED,True
403,1600938543751179,1,0.90435147,"[639.26,778.615,720.0,875.08]",4035156,0.9282548374519363,4035156,True,MATCHED,MATCHED,True
403,1600938543751179,2,0.90284353,"[120.311,269.895,183.021,339.732]",4035137,0.9468003793912506,4035137,True,MATCHED,MATCHED,True
403,1600938543751179,3,0.89522934,"[651.518,676.583,719.98,754.557]",4035159,0.849777741115689,4035159,True,MATCHED,MATCHED,True
403,1600938543751179,4,0.88819259,"[137.55,339.172,213.778,408.833]",4035143,0.8962225667510548,4035143,True,MATCHED,MATCHED,True
403,1600938543751179,5,0.88530505,"[157.451,199.084,200.528,247.785]",4035134,0.7845770922178845,4035134,True,MATCHED,MATCHED,True
403,1600938543751179,6,0.83958989,"[254.413,438.145,326.571,501.277]",4035140,0.8268866946004155,4035140,True,MATCHED,MATCHED,True
403,1600938543751179,7,0.76687229,"[341.601,1058.849,389.202,1134.628]",4035153,0.9092694396952314,4035153,True,MATCHED,MATCHED,True
403,1600938543751179,8,0.31090072,"[679.265,873.328,720.0,931.717]",4035151,0.0,,False,NO_GT_OVERLAP,NO_GT_OVERLAP,False
403,1600938543751179,9,0.13704106,"[258.413,352.359,341.324,504.036]",4035140,0.278377853506058,,False,LOW_CONF,LOW_CONF,False
403,1600938543751179,10,0.10679308,"[346.186,77.996,367.287,102.086]",4035155,0.7005658877100767,,False,LOW_CONF,LOW_CONF,False
403,1600938543751179,11,0.10224771,"[382.851,54.618,405.298,92.937]",4035151,0.0,,False,LOW_CONF,LOW_CONF,False
403,1600938543751179,12,0.06602131,"[611.406,875.358,706.1,931.623]",4035151,0.0,,False,LOW_CONF,LOW_CONF,False
403,1600938543751179,13,0.06191812,"[379.724,57.282,402.933,99.389]",4035151,0.0,,False,LOW_CONF,LOW_CONF,False
403,1600938543817839,0,0.91010374,"[205.219,489.644,294.228,586.403]",4035146,0.9578596297938222,4035146,True,MATCHED,MATCHED,True
403,1600938543817839,1,0.8990491,"[107.14,271.263,170.128,340.311]",4035137,0.9228941263757326,4035137,True,MATCHED,MATCHED,True
403,1600938543817839,2,0.89698702,"[637.087,674.67,719.773,754.966]",4035159,0.9012964956010219,4035159,True,MATCHED,MATCHED,True
403,1600938543817839,3,0.89228284,"[627.897,779.917,719.728,875.326]",4035156,0.902011788220081,4035156,True,MATCHED,MATCHED,True
403,1600938543817839,4,0.88218915,"[122.012,338.589,200.795,408.07]",4035143,0.9246489228040538,4035143,True,MATCHED,MATCHED,True
403,1600938543817839,5,0.88125879,"[144.11,199.443,188.281,247.633]",4035134,0.8002560239157112,4035134,True,MATCHED,MATCHED,True
403,1600938543817839,6,0.87099171,"[242.339,438.33,312.757,506.125]",4035140,0.7652388089802243,4035140,True,MATCHED,MATCHED,True
403,1600938543817839,7,0.78144628,"[320.44,1058.816,375.984,1142.694]",4035153,0.8868247510286134,4035153,True,MATCHED,MATCHED,True
403,1600938543817839,8,0.32306302,"[686.709,852.269,718.323,907.048]",4035162,0.2787163180948823,,False,IOU_BELOW_0_5,IOU_BELOW_0_5,False
403,1600938543817839,9,0.19288713,"[702.544,450.276,719.354,493.365]",4035151,0.0,,False,LOW_CONF,LOW_CONF,False
403,1600938543817839,10,0.15474138,"[225.744,343.514,325.496,506.433]",4035140,0.23554754462431138,,False,LOW_CONF,LOW_CONF,False
403,1600938543817839,11,0.14256184,"[657.605,559.465,678.306,582.536]",4035151,0.0,,False,LOW_CONF,LOW_CONF,False
403,1600938543817839,12,0.12087847,"[330.501,78.159,352.025,101.591]",4035155,0.7380796276762425,,False,LOW_CONF,LOW_CONF,False
403,1600938543817839,13,0.11660556,"[170.365,117.596,199.063,139.611]",4035148,0.5092493666689126,,False,LOW_CONF,LOW_CONF,False
403,1600938543817839,14,0.10994022,"[179.564,119.662,200.426,140.817]",4035148,0.27395733140587364,,False,LOW_CONF,LOW_CONF,False
403,1600938543817839,15,0.10345591,"[704.748,458.88,720.0,492.079]",4035151,0.0,,False,LOW_CONF,LOW_CONF,False
403,1600938543817839,16,0.10259826,"[331.5,75.771,364.63,104.587]",4035155,0.4885523249123313,,False,LOW_CONF,LOW_CONF,False
403,1600938543817839,17,0.08202197,"[198.808,338.084,317.501,508.571]",4035140,0.18917143291467506,,False,LOW_CONF,LOW_CONF,False
403,1600938543817839,18,0.07581641,"[337.239,66.103,374.912,110.239]",4035155,0.19571138856492462,,False,LOW_CONF,LOW_CONF,False
403,1600938543817839,19,0.06545431,"[675.835,853.944,717.81,912.244]",4035162,0.1991156718371605,,False,LOW_CONF,LOW_CONF,False
403,1600938543817839,20,0.05687777,"[333.628,78.824,371.145,106.676]",4035155,0.3240675680855317,,False,LOW_CONF,LOW_CONF,False
403,1600938543817839,21,0.05409906,"[168.827,117.227,191.916,138.538]",4035148,0.6663968172414468,,False,LOW_CONF,LOW_CONF,False
403,1600938543884499,0,0.91372144,"[190.687,487.302,282.523,586.426]",4035146,0.9690461924986633,4035146,True,MATCHED,MATCHED,True
403,1600938543884499,1,0.90385872,"[94.123,270.549,156.452,339.234]",4035137,0.9439007694827728,4035137,True,MATCHED,MATCHED,True
403,1600938543884499,2,0.8988542,"[608.184,777.932,711.65,875.915]",4035156,0.9142431970388525,4035156,True,MATCHED,MATCHED,True
403,1600938543884499,3,0.88199723,"[109.569,337.504,186.468,407.207]",4035143,0.9168817990078681,4035143,True,MATCHED,MATCHED,True
403,1600938543884499,4,0.86784428,"[131.684,198.864,173.777,247.538]",4035134,0.7731451630188678,4035134,True,MATCHED,MATCHED,True
403,1600938543884499,5,0.8541742,"[622.871,673.988,712.141,754.907]",4035159,0.9000591638464949,4035159,True,MATCHED,MATCHED,True
403,1600938543884499,6,0.83330762,"[228.358,437.58,293.349,501.253]",4035140,0.8937511047703894,4035140,True,MATCHED,MATCHED,True
403,1600938543884499,7,0.79643691,"[304.412,1058.415,360.58,1141.641]",4035153,0.8843465586638118,4035153,True,MATCHED,MATCHED,True
403,1600938543884499,8,0.74794477,"[694.027,849.388,719.433,938.897]",4035162,0.8332800792118398,4035162,True,MATCHED,MATCHED,True
403,1600938543884499,9,0.15192716,"[654.367,633.478,679.278,658.261]",4035151,0.0,,False,LOW_CONF,LOW_CONF,False
403,1600938543884499,10,0.13227126,"[703.317,555.418,719.654,586.212]",4035151,0.0,,False,LOW_CONF,LOW_CONF,False
403,1600938543884499,11,0.12645929,"[676.233,847.32,719.991,934.02]",4035162,0.5279440808213303,,False,LOW_CONF,LOW_CONF,False
403,1600938543884499,12,0.11424258,"[230.419,340.73,313.597,504.363]",4035140,0.2693132772818961,,False,LOW_CONF,LOW_CONF,False
403,1600938543884499,13,0.1113359,"[647.229,632.09,676.856,657.296]",4035151,0.0,,False,LOW_CONF,LOW_CONF,False
403,1600938543884499,14,0.08055834,"[328.551,72.283,365.307,445.136]",4035155,0.01218346311155842,,False,LOW_CONF,LOW_CONF,False
403,1600938543884499,15,0.07510568,"[690.849,453.944,717.042,492.803]",4035151,0.0,,False,LOW_CONF,LOW_CONF,False
403,1600938543884499,16,0.07319939,"[327.884,60.612,371.603,109.559]",4035155,0.0752012524328909,,False,LOW_CONF,LOW_CONF,False
403,1600938543884499,17,0.07210492,"[344.972,36.018,404.481,422.075]",4035151,0.0,,False,LOW_CONF,LOW_CONF,False
403,1600938543884499,18,0.06112598,"[202.487,319.418,306.715,502.319]",4035140,0.19776109857385132,,False,LOW_CONF,LOW_CONF,False
403,1600938543884499,19,0.05894413,"[688.783,462.495,712.337,492.862]",4035151,0.0,,False,LOW_CONF,LOW_CONF,False
403,1600938543884499,20,0.05694822,"[363.111,80.148,399.944,279.546]",4035151,0.0,,False,LOW_CONF,LOW_CONF,False
403,1600938543884499,21,0.05374258,"[360.76,92.332,395.364,397.855]",4035151,0.0,,False,LOW_CONF,LOW_CONF,False
403,1600938543884499,22,0.05336037,"[343.027,58.77,375.399,112.075]",4035151,0.0,,False,LOW_CONF,LOW_CONF,False
403,1600938543951159,0,0.91163397,"[595.778,777.081,696.869,873.104]",4035156,0.9498002879547351,4035156,True,MATCHED,MATCHED,True
403,1600938543951159,1,0.90637678,"[178.747,487.317,269.185,586.461]",4035146,0.9676094781646776,4035146,True,MATCHED,MATCHED,True
403,1600938543951159,2,0.90301806,"[81.338,270.658,143.675,340.014]",4035137,0.9792228086478056,4035137,True,MATCHED,MATCHED,True
403,1600938543951159,3,0.89093149,"[97.415,338.203,174.963,407.041]",4035143,0.9248526029106031,4035143,True,MATCHED,MATCHED,True
403,1600938543951159,4,0.87258834,"[608.752,671.857,695.277,752.087]",4035159,0.9367713721707227,4035159,True,MATCHED,MATCHED,True
403,1600938543951159,5,0.85872084,"[118.711,199.627,165.857,248.012]",4035134,0.8181324022636626,4035134,True,MATCHED,MATCHED,True
403,1600938543951159,6,0.81372547,"[670.332,846.841,720.0,943.919]",4035162,0.7444954894947072,4035162,True,MATCHED,MATCHED,True
403,1600938543951159,7,0.81142175,"[287.954,1058.254,347.088,1145.86]",4035153,0.8956676164380116,4035153,True,MATCHED,MATCHED,True
403,1600938543951159,8,0.80641294,"[215.519,437.64,281.525,501.483]",4035140,0.8974383936309439,4035140,True,MATCHED,MATCHED,True
403,1600938543951159,9,0.41851142,"[698.026,650.58,719.963,688.717]",4035151,0.0,,False,NO_GT_OVERLAP,NO_GT_OVERLAP,False
403,1600938543951159,10,0.25388646,"[636.206,558.332,658.898,581.639]",4035151,0.0,,False,LOW_CONF,LOW_CONF,False
403,1600938543951159,11,0.16227733,"[637.608,633.943,663.95,657.679]",4035151,0.0,,False,LOW_CONF,LOW_CONF,False
403,1600938543951159,12,0.14094344,"[208.687,335.415,297.714,502.592]",4035140,0.25767192491712315,,False,LOW_CONF,LOW_CONF,False
403,1600938543951159,13,0.13647999,"[301.379,78.358,319.662,98.592]",4035155,0.8388621814058936,,False,LOW_CONF,LOW_CONF,False
403,1600938543951159,14,0.10147774,"[330.133,82.263,361.078,426.64]",4035151,0.0,,False,LOW_CONF,LOW_CONF,False
403,1600938543951159,15,0.09820712,"[0.0,438.784,16.283,483.382]",4035151,0.0,,False,LOW_CONF,LOW_CONF,False
403,1600938543951159,16,0.08434846,"[323.385,58.469,359.447,112.102]",4035151,0.0,,False,LOW_CONF,LOW_CONF,False
403,1600938543951159,17,0.07834314,"[338.321,59.081,358.235,89.607]",4035151,0.0,,False,LOW_CONF,LOW_CONF,False
403,1600938543951159,18,0.0688736,"[699.104,621.169,719.218,650.4]",4035151,0.0,,False,LOW_CONF,LOW_CONF,False
403,1600938543951159,19,0.06601034,"[310.893,63.013,351.433,112.065]",4035155,0.10619895338799942,,False,LOW_CONF,LOW_CONF,False
403,1600938543951159,20,0.05908044,"[302.165,29.479,339.781,466.481]",4035155,0.025301693189806337,,False,LOW_CONF,LOW_CONF,False
403,1600938543951159,21,0.05586259,"[314.705,75.042,346.857,112.97]",4035155,0.10163766336419124,,False,LOW_CONF,LOW_CONF,False
403,1600938543951159,22,0.05276931,"[332.122,73.958,368.747,400.174]",4035151,0.0,,False,LOW_CONF,LOW_CONF,False
403,1600938543951159,23,0.0517236,"[315.834,57.507,386.516,452.936]",4035155,0.004581754427488243,,False,LOW_CONF,LOW_CONF,False
403,1600938543951159,24,0.05159931,"[699.143,724.014,719.148,759.297]",4035151,0.0,,False,LOW_CONF,LOW_CONF,False
403,1600938544017819,0,0.90850371,"[165.087,486.807,254.657,585.02]",4035146,0.9680062713262458,4035146,True,MATCHED,MATCHED,True
403,1600938544017819,1,0.90805918,"[580.101,777.225,680.828,874.729]",4035156,0.9117788728264249,4035156,True,MATCHED,MATCHED,True
403,1600938544017819,2,0.88385916,"[66.989,269.801,130.798,339.065]",4035137,0.9679463204827966,4035137,True,MATCHED,MATCHED,True
403,1600938544017819,3,0.88021028,"[82.321,336.019,161.721,406.753]",4035143,0.9360466,4035143,True,MATCHED,MATCHED,True
403,1600938544017819,4,0.86182868,"[592.399,671.736,679.943,751.963]",4035159,0.9711731931076762,4035159,True,MATCHED,MATCHED,True
403,1600938544017819,5,0.85465485,"[104.731,199.232,150.282,247.209]",4035134,0.8193800226390976,4035134,True,MATCHED,MATCHED,True
403,1600938544017819,6,0.85136807,"[663.185,845.926,720.0,955.119]",4035162,0.9094993234040393,4035162,True,MATCHED,MATCHED,True
403,1600938544017819,7,0.80435956,"[267.727,1058.208,329.297,1139.446]",4035153,0.9427559624545432,4035153,True,MATCHED,MATCHED,True
403,1600938544017819,8,0.73454076,"[202.172,438.284,268.805,502.943]",4035140,0.8537476836885256,4035140,True,MATCHED,MATCHED,True
403,1600938544017819,9,0.172194,"[688.076,649.645,719.888,691.124]",4035151,0.0,,False,LOW_CONF,LOW_CONF,False
403,1600938544017819,10,0.16186394,"[634.095,562.261,674.718,589.855]",4035151,0.0,,False,LOW_CONF,LOW_CONF,False
403,1600938544017819,11,0.16076219,"[646.371,562.649,673.707,590.7]",4035151,0.0,,False,LOW_CONF,LOW_CONF,False
403,1600938544017819,12,0.15871747,"[625.416,560.409,650.84,583.083]",4035151,0.0,,False,LOW_CONF,LOW_CONF,False
403,1600938544017819,13,0.13769895,"[200.268,340.559,283.724,504.26]",4035140,0.2717059004365397,,False,LOW_CONF,LOW_CONF,False
403,1600938544017819,14,0.1274862,"[285.134,78.069,304.727,99.415]",4035155,0.8186375149324001,,False,LOW_CONF,LOW_CONF,False
403,1600938544017819,15,0.11627257,"[323.297,52.283,340.033,78.663]",4035151,0.0,,False,LOW_CONF,LOW_CONF,False
403,1600938544017819,16,0.10902102,"[323.007,54.583,342.798,82.569]",4035151,0.0,,False,LOW_CONF,LOW_CONF,False
403,1600938544017819,17,0.0910479,"[179.932,322.259,280.345,506.746]",4035140,0.20037902371421779,,False,LOW_CONF,LOW_CONF,False
403,1600938544017819,18,0.08903833,"[692.924,638.746,718.628,654.291]",4035151,0.0,,False,LOW_CONF,LOW_CONF,False
403,1600938544017819,19,0.08098972,"[692.688,766.912,719.325,833.934]",4035151,0.0,,False,LOW_CONF,LOW_CONF,False
403,1600938544017819,20,0.07456952,"[625.089,561.203,670.933,587.409]",4035151,0.0,,False,LOW_CONF,LOW_CONF,False
403,1600938544017819,21,0.07265376,"[644.911,635.993,669.248,658.245]",4035151,0.0,,False,LOW_CONF,LOW_CONF,False
403,1600938544017819,22,0.06669112,"[690.678,727.727,718.477,761.023]",4035151,0.0,,False,LOW_CONF,LOW_CONF,False
403,1600938544017819,23,0.05671132,"[300.543,81.67,336.012,363.435]",4035155,0.00578614399505327,,False,LOW_CONF,LOW_CONF,False
403,1600938544017819,24,0.05498512,"[302.709,64.302,364.286,467.502]",4035155,0.0010237083884742876,,False,LOW_CONF,LOW_CONF,False
403,1600938544017819,25,0.05427641,"[699.309,650.595,720.0,691.962]",4035151,0.0,,False,LOW_CONF,LOW_CONF,False
404,1600938544951051,0,0.92502648,"[444.937,837.057,547.909,953.64]",4044701,0.9597227918776449,4044701,True,MATCHED,MATCHED,True
404,1600938544951051,1,0.90697145,"[371.933,772.677,466.222,866.462]",4044698,0.9441435516202216,4044698,True,MATCHED,MATCHED,True
404,1600938544951051,2,0.89822,"[389.313,671.662,469.51,745.948]",4044700,0.875946641961653,4044700,True,MATCHED,MATCHED,True
404,1600938544951051,3,0.89073145,"[20.895,1053.853,117.076,1147.895]",4044695,0.9350154547630931,4044695,True,MATCHED,MATCHED,True
404,1600938544951051,4,0.86730117,"[0.349,486.403,65.398,581.954]",4044693,0.9839819802956253,4044693,True,MATCHED,MATCHED,True
404,1600938544951051,5,0.83675927,"[629.595,731.717,701.293,833.925]",4044706,0.9057789923433857,4044706,True,MATCHED,MATCHED,True
404,1600938544951051,6,0.81006938,"[693.078,511.831,719.738,579.367]",4044704,0.7820007596070998,4044704,True,MATCHED,MATCHED,True
404,1600938544951051,7,0.58558011,"[93.906,625.716,149.364,712.372]",4044690,0.9223414375498066,4044690,True,MATCHED,MATCHED,True
404,1600938544951051,8,0.45092189,"[697.844,614.472,718.487,641.305]",4044690,0.0,,False,NO_GT_OVERLAP,NO_GT_OVERLAP,False
404,1600938544951051,9,0.29561087,"[76.786,77.152,96.671,95.402]",4044708,0.6574298007246379,,False,LOW_CONF,LOW_CONF,False
404,1600938544951051,10,0.29374477,"[658.7,443.975,689.398,480.782]",4044709,0.6419893670454534,,False,LOW_CONF,LOW_CONF,False
404,1600938544951051,11,0.26821265,"[20.479,440.436,102.054,507.11]",4044691,0.8803199591655088,,False,LOW_CONF,LOW_CONF,False
404,1600938544951051,12,0.13838001,"[697.391,592.191,718.535,640.995]",4044690,0.0,,False,LOW_CONF,LOW_CONF,False
404,1600938544951051,13,0.11913435,"[702.72,837.548,719.505,896.317]",4044690,0.0,,False,LOW_CONF,LOW_CONF,False
404,1600938544951051,14,0.10199604,"[18.808,443.679,60.59,495.136]",4044691,0.41568422104972436,,False,LOW_CONF,LOW_CONF,False
404,1600938544951051,15,0.09292303,"[103.868,87.75,130.704,458.876]",4044690,0.0,,False,LOW_CONF,LOW_CONF,False
404,1600938544951051,16,0.08719826,"[80.362,476.635,102.591,506.739]",4044691,0.09466673656199528,,False,LOW_CONF,LOW_CONF,False
404,1600938544951051,17,0.08364164,"[72.282,103.129,106.183,507.099]",4044691,0.09200382415837656,,False,LOW_CONF,LOW_CONF,False
404,1600938544951051,18,0.08276639,"[697.599,653.258,719.367,717.573]",4044690,0.0,,False,LOW_CONF,LOW_CONF,False
404,1600938544951051,19,0.07728574,"[66.725,477.245,102.372,508.552]",4044691,0.16594182858054746,,False,LOW_CONF,LOW_CONF,False
404,1600938544951051,20,0.07376254,"[91.465,58.426,150.584,467.812]",4044708,0.005395251535166611,,False,LOW_CONF,LOW_CONF,False
404,1600938544951051,21,0.0666724,"[682.673,512.24,719.932,580.609]",4044704,0.5527289760347001,,False,LOW_CONF,LOW_CONF,False
404,1600938544951051,22,0.06227218,"[20.921,443.557,77.859,499.398]",4044691,0.6625189551050983,,False,LOW_CONF,LOW_CONF,False
404,1600938544951051,23,0.05608111,"[80.474,81.518,112.405,510.066]",4044691,0.059729692058852146,,False,LOW_CONF,LOW_CONF,False
404,1600938544951051,24,0.0559604,"[35.979,112.124,99.768,504.549]",4044691,0.1467797976457978,,False,LOW_CONF,LOW_CONF,False
404,1600938544951051,25,0.05559904,"[99.544,109.209,130.09,518.474]",4044690,0.0,,False,LOW_CONF,LOW_CONF,False
404,1600938545017709,0,0.92005974,"[355.792,770.786,451.016,867.011]",4044698,0.9584685030539649,4044698,True,MATCHED,MATCHED,True
404,1600938545017709,1,0.91295505,"[428.905,836.693,531.135,952.138]",4044701,0.9659493449741393,4044701,True,MATCHED,MATCHED,True
404,1600938545017709,2,0.89778304,"[1.746,1053.622,101.308,1149.251]",4044695,0.9114322342797286,4044695,True,MATCHED,MATCHED,True
404,1600938545017709,3,0.89418644,"[375.379,668.462,453.681,745.842]",4044700,0.9308222771971436,4044700,True,MATCHED,MATCHED,True
404,1600938545017709,4,0.86502576,"[0.48,494.43,51.539,578.787]",4044693,0.9193710863943042,4044693,True,MATCHED,MATCHED,True
404,1600938545017709,5,0.85082734,"[679.532,512.639,719.785,577.418]",4044704,0.9065769019569995,4044704,True,MATCHED,MATCHED,True
404,1600938545017709,6,0.8234219,"[614.721,730.494,683.457,834.09]",4044706,0.8816550076339909,4044706,True,MATCHED,MATCHED,True
404,1600938545017709,7,0.71914059,"[7.639,426.166,88.121,507.315]",4044691,0.7065604924600136,4044691,True,MATCHED,MATCHED,True
404,1600938545017709,8,0.62523186,"[81.722,626.003,139.135,713.513]",4044690,0.8995086544303912,4044690,True,MATCHED,MATCHED,True
404,1600938545017709,9,0.44559881,"[637.654,442.264,674.985,480.959]",4044709,0.6878681166666668,4044709,True,MATCHED,MATCHED,True
404,1600938545017709,10,0.09507781,"[62.497,77.799,80.968,95.4]",4044708,0.7099715056111257,,False,LOW_CONF,LOW_CONF,False
404,1600938545017709,11,0.08412236,"[699.705,573.941,719.289,595.89]",4044704,0.02841194616344133,,False,LOW_CONF,LOW_CONF,False
404,1600938545017709,12,0.06258605,"[34.166,113.042,87.404,506.224]",4044691,0.13518372567414877,,False,LOW_CONF,LOW_CONF,False
404,1600938545017709,13,0.0580224,"[0.575,778.596,36.645,818.577]",4044690,0.0,,False,LOW_CONF,LOW_CONF,False
404,1600938545017709,14,0.05582239,"[66.275,124.014,99.571,509.22]",4044691,0.06858003446556746,,False,LOW_CONF,LOW_CONF,False
404,1600938545084367,0,0.9207502,"[413.716,836.22,514.974,951.571]",4044701,0.9633828870596777,4044701,True,MATCHED,MATCHED,True
404,1600938545084367,1,0.91415751,"[340.266,770.84,435.88,866.849]",4044701,0.03545179305126044,,False,IOU_BELOW_0_5,IOU_BELOW_0_5,False
404,1600938545084367,2,0.90764517,"[0.0,1053.785,84.715,1148.654]",4044695,0.9288181703951183,4044695,True,MATCHED,MATCHED,True
404,1600938545084367,3,0.88603145,"[360.566,667.06,439.42,746.064]",4044700,0.9380766211530823,4044700,True,MATCHED,MATCHED,True
404,1600938545084367,4,0.84714663,"[660.883,511.865,709.824,577.597]",4044704,0.8523006607125749,4044704,True,MATCHED,MATCHED,True
404,1600938545084367,5,0.83830649,"[0.0,495.807,36.336,573.353]",4044693,0.9303635706800161,4044693,True,MATCHED,MATCHED,True
404,1600938545084367,6,0.78913802,"[598.365,729.933,669.395,832.973]",4044706,0.9252103495149564,4044706,True,MATCHED,MATCHED,True
404,1600938545084367,7,0.78615606,"[69.408,626.351,125.242,717.664]",4044690,0.9327521394826721,4044690,True,MATCHED,MATCHED,True
404,1600938545084367,8,0.70384914,"[0.0,416.763,75.599,505.287]",4044691,0.6724119660905765,4044691,True,MATCHED,MATCHED,True
404,1600938545084367,9,0.68569279,"[623.911,442.966,658.994,482.191]",4044709,0.5983176847826096,4044709,True,MATCHED,MATCHED,True
404,1600938545084367,10,0.15499184,"[48.099,77.943,67.618,95.155]",4044698,0.6883168287436888,,False,LOW_CONF,LOW_CONF,False
404,1600938545084367,11,0.10088187,"[42.839,92.957,77.004,517.116]",4044691,0.11309871550097034,,False,LOW_CONF,LOW_CONF,False
404,1600938545084367,12,0.0755636,"[691.736,313.766,708.621,328.461]",4044690,0.0,,False,LOW_CONF,LOW_CONF,False
404,1600938545084367,13,0.07502646,"[688.665,573.519,716.475,595.06]",4044704,0.0289839305960113,,False,LOW_CONF,LOW_CONF,False
404,1600938545084367,14,0.06753381,"[44.201,32.357,87.026,501.268]",4044691,0.07730081389746887,,False,LOW_CONF,LOW_CONF,False
404,1600938545084367,15,0.06319728,"[70.902,81.426,97.675,489.29]",4044691,0.012183055017286117,,False,LOW_CONF,LOW_CONF,False
404,1600938545084367,16,0.06259777,"[50.372,471.63,76.383,507.67]",4044691,0.171803701511155,,False,LOW_CONF,LOW_CONF,False
404,1600938545084367,17,0.05791905,"[61.85,118.424,98.236,518.183]",4044691,0.04321717413928377,,False,LOW_CONF,LOW_CONF,False
404,1600938545084367,18,0.05531591,"[691.464,308.188,714.392,327.489]",4044690,0.0,,False,LOW_CONF,LOW_CONF,False
404,1600938545084367,19,0.05445671,"[13.461,438.418,78.337,508.593]",4044691,0.6888265697955758,,False,LOW_CONF,LOW_CONF,False
404,1600938545151025,0,0.92311734,"[396.164,835.933,497.622,949.458]",4044701,0.9646681201567346,4044701,True,MATCHED,MATCHED,True
404,1600938545151025,1,0.91033274,"[326.834,770.223,419.834,865.183]",4044698,0.9786444657531796,4044698,True,MATCHED,MATCHED,True
404,1600938545151025,2,0.88779962,"[0.318,1051.331,70.385,1144.629]",4044695,0.9826587234002008,4044695,True,MATCHED,MATCHED,True
404,1600938545151025,3,0.88438934,"[345.894,668.033,425.16,744.976]",4044700,0.9037344098737807,4044700,True,MATCHED,MATCHED,True
404,1600938545151025,4,0.85624951,"[645.725,512.7,693.739,577.605]",4044704,0.7666968818969263,4044704,True,MATCHED,MATCHED,True
404,1600938545151025,5,0.80042946,"[584.685,729.941,651.977,832.703]",4044706,0.9593124611216544,4044706,True,MATCHED,MATCHED,True
404,1600938545151025,6,0.75882542,"[50.233,626.244,111.935,717.254]",4044690,0.8587410783172092,4044690,True,MATCHED,MATCHED,True
404,1600938545151025,7,0.72730643,"[0.45,426.545,61.534,508.395]",4044691,0.5993886322301526,4044691,True,MATCHED,MATCHED,True
404,1600938545151025,8,0.67002654,"[0.0,504.552,23.717,561.15]",4044693,0.7719028019156376,4044693,True,MATCHED,MATCHED,True
404,1600938545151025,9,0.66221267,"[605.729,441.717,644.001,483.941]",4044709,0.7526834690706304,4044709,True,MATCHED,MATCHED,True
404,1600938545151025,10,0.2557742,"[0.0,778.887,21.504,817.763]",4044695,0.0,,False,LOW_CONF,LOW_CONF,False
404,1600938545151025,11,0.10041498,"[46.116,60.258,75.696,547.831]",4044691,0.05046565252990791,,False,LOW_CONF,LOW_CONF,False
404,1600938545151025,12,0.09453034,"[33.007,76.322,52.313,94.543]",4044708,0.881640666666667,,False,LOW_CONF,LOW_CONF,False
404,1600938545151025,13,0.06400313,"[518.735,752.175,560.402,779.477]",4044695,0.0,,False,LOW_CONF,LOW_CONF,False
404,1600938545217683,0,0.92322695,"[383.153,834.594,482.366,948.158]",4044701,0.9679771596634464,4044701,True,MATCHED,MATCHED,True
404,1600938545217683,1,0.90752208,"[311.129,770.601,405.768,864.792]",4044698,0.9542982382426869,4044698,True,MATCHED,MATCHED,True
404,1600938545217683,2,0.88474768,"[0.492,1049.426,54.966,1139.258]",4044695,0.9550155716451806,4044695,True,MATCHED,MATCHED,True
404,1600938545217683,3,0.88208759,"[330.666,667.635,408.661,745.086]",4044700,0.9181131975419858,4044700,True,MATCHED,MATCHED,True
404,1600938545217683,4,0.86996979,"[40.287,626.313,99.089,719.441]",4044690,0.8999625418299829,4044690,True,MATCHED,MATCHED,True
404,1600938545217683,5,0.86893111,"[634.714,512.916,679.15,576.923]",4044704,0.7692698365667553,4044704,True,MATCHED,MATCHED,True
404,1600938545217683,6,0.80257374,"[570.661,729.688,637.51,832.086]",4044706,0.9289911015942256,4044706,True,MATCHED,MATCHED,True
404,1600938545217683,7,0.59574223,"[0.781,435.176,51.641,507.931]",4044691,0.5537451997608543,4044691,True,MATCHED,MATCHED,True
404,1600938545217683,8,0.59107244,"[590.889,440.918,630.687,484.679]",4044709,0.767499282995129,4044709,True,MATCHED,MATCHED,True
404,1600938545217683,9,0.32528475,"[697.413,624.703,719.533,664.427]",4044690,0.0,,False,NO_GT_OVERLAP,NO_GT_OVERLAP,False
404,1600938545217683,10,0.23694314,"[0.0,495.673,14.63,541.667]",4044693,0.3849056242617872,,False,LOW_CONF,LOW_CONF,False
404,1600938545217683,11,0.20906672,"[2.372,471.104,51.199,508.289]",4044691,0.7015362949463869,,False,LOW_CONF,LOW_CONF,False
404,1600938545217683,12,0.1028197,"[17.489,77.069,37.982,95.646]",4044708,0.7664886824797931,,False,LOW_CONF,LOW_CONF,False
404,1600938545217683,13,0.05254738,"[0.482,480.625,25.816,520.196]",4044691,0.24849993850884955,,False,LOW_CONF,LOW_CONF,False
404,1600938545284341,0,0.92191988,"[364.443,835.041,465.658,948.576]",4044701,0.959157454870022,4044701,True,MATCHED,MATCHED,True
404,1600938545284341,1,0.92106938,"[296.368,769.738,390.652,864.938]",4044698,0.9626116410916457,4044698,True,MATCHED,MATCHED,True
404,1600938545284341,2,0.87221563,"[316.082,670.086,392.716,744.661]",4044700,0.9120334986421761,4044700,True,MATCHED,MATCHED,True
404,1600938545284341,3,0.85215569,"[0.0,1050.86,40.039,1136.377]",4044695,0.9708642072778025,4044695,True,MATCHED,MATCHED,True
404,1600938545284341,4,0.84053421,"[617.663,513.646,663.51,577.255]",4044704,0.8204562620711265,4044704,True,MATCHED,MATCHED,True
404,1600938545284341,5,0.80302507,"[25.531,626.726,84.81,720.591]",4044690,0.9175057235002,4044690,True,MATCHED,MATCHED,True
404,1600938545284341,6,0.80058759,"[551.007,730.044,622.335,832.986]",4044706,0.8806554565608498,4044706,True,MATCHED,MATCHED,True
404,1600938545284341,7,0.40953913,"[2.682,436.662,38.053,509.001]",4044691,0.3126584336767879,,False,IOU_BELOW_0_5,IOU_BELOW_0_5,False
404,1600938545284341,8,0.31324217,"[6.216,475.33,37.054,508.432]",4044691,0.7274326466246448,4044691,True,MATCHED,MATCHED,True
404,1600938545284341,9,0.17762914,"[2.706,77.592,23.867,97.757]",4044708,0.822846236472031,,False,LOW_CONF,LOW_CONF,False
404,1600938545284341,10,0.15306114,"[576.061,442.108,617.802,486.525]",4044709,0.7890454769489572,,False,LOW_CONF,LOW_CONF,False
404,1600938545284341,11,0.11341163,"[683.413,623.462,716.626,665.402]",4044695,0.0,,False,LOW_CONF,LOW_CONF,False
404,1600938545284341,12,0.05555165,"[84.102,547.735,99.341,564.814]",4044695,0.0,,False,LOW_CONF,LOW_CONF,False
404,1600938545284341,13,0.05491806,"[583.454,621.561,603.314,649.78]",4044695,0.0,,False,LOW_CONF,LOW_CONF,False
404,1600938545350999,0,0.92273229,"[349.273,833.697,449.76,947.051]",4044701,0.9566466813085965,4044701,True,MATCHED,MATCHED,True
404,1600938545350999,1,0.91932541,"[280.31,769.726,374.297,864.76]",4044698,0.975445892705289,4044698,True,MATCHED,MATCHED,True
404,1600938545350999,2,0.88804245,"[300.028,668.006,376.868,743.79]",4044700,0.9270149343550147,4044700,True,MATCHED,MATCHED,True
404,1600938545350999,3,0.87875938,"[6.722,625.876,73.649,720.727]",4044690,0.8364991352491535,4044690,True,MATCHED,MATCHED,True
404,1600938545350999,4,0.82005328,"[605.519,512.76,647.999,577.148]",4044704,0.839426045512451,4044704,True,MATCHED,MATCHED,True
404,1600938545350999,5,0.62624985,"[538.361,729.562,604.846,830.206]",4044706,0.8806726207984011,4044706,True,MATCHED,MATCHED,True
404,1600938545350999,6,0.48778298,"[0.0,1050.399,26.41,1119.556]",4044695,0.8655395037876574,4044695,True,MATCHED,MATCHED,True
404,1600938545350999,7,0.34911904,"[558.07,440.973,600.384,487.334]",4044709,0.8009649462478258,4044709,True,MATCHED,MATCHED,True
404,1600938545350999,8,0.34756455,"[0.689,473.323,23.048,506.465]",4044691,0.866549689806138,4044691,True,MATCHED,MATCHED,True
404,1600938545350999,9,0.18678376,"[0.889,437.597,22.365,507.023]",4044691,0.4309639028073545,,False,LOW_CONF,LOW_CONF,False
404,1600938545350999,10,0.05449931,"[8.35,40.639,38.414,513.081]",4044691,0.02925873793736393,,False,LOW_CONF,LOW_CONF,False
404,1600938545417657,0,0.91773659,"[331.319,833.644,434.067,947.631]",4044701,0.9422728741819693,4044701,True,MATCHED,MATCHED,True
404,1600938545417657,1,0.91718382,"[266.181,769.719,359.532,863.587]",4044698,0.954705468583793,4044698,True,MATCHED,MATCHED,True
404,1600938545417657,2,0.89219344,"[0.935,626.146,59.457,719.605]",4044690,0.9635380346792204,4044690,True,MATCHED,MATCHED,True
404,1600938545417657,3,0.87164158,"[285.92,666.211,362.985,743.439]",4044700,0.9536493770613055,4044700,True,MATCHED,MATCHED,True
404,1600938545417657,4,0.85521865,"[590.878,514.393,634.041,576.727]",4044704,0.7612824904747311,4044704,True,MATCHED,MATCHED,True
404,1600938545417657,5,0.78510273,"[525.565,728.911,593.025,829.834]",4044706,0.8941014519193864,4044706,True,MATCHED,MATCHED,True
404,1600938545417657,6,0.41983411,"[544.785,440.03,584.142,487.675]",4044709,0.782110984701262,4044709,True,MATCHED,MATCHED,True
404,1600938545417657,7,0.08591922,"[613.568,313.753,625.673,328.568]",4044710,0.7369478340433068,,False,LOW_CONF,LOW_CONF,False
404,1600938545417657,8,0.07804124,"[665.13,483.311,710.326,517.04]",4044690,0.0,,False,LOW_CONF,LOW_CONF,False
404,1600938545417657,9,0.07169966,"[8.562,47.977,38.071,215.978]",4044690,0.0,,False,LOW_CONF,LOW_CONF,False
404,1600938545417657,10,0.05976902,"[613.747,310.432,625.724,326.626]",4044710,0.5475489643886853,,False,LOW_CONF,LOW_CONF,False
404,1600938545484315,0,0.9284175,"[318.578,833.237,418.843,946.676]",4044701,0.9380424328531946,4044701,True,MATCHED,MATCHED,True
404,1600938545484315,1,0.91165727,"[250.81,768.968,344.371,864.638]",4044698,0.9770931512824176,4044698,True,MATCHED,MATCHED,True
404,1600938545484315,2,0.89746094,"[270.994,665.536,348.096,743.884]",4044700,0.9561090597257876,4044700,True,MATCHED,MATCHED,True
404,1600938545484315,3,0.87210345,"[0.718,625.131,46.617,717.196]",4044690,0.9731592257356154,4044690,True,MATCHED,MATCHED,True
404,1600938545484315,4,0.84158099,"[576.835,515.71,617.203,576.807]",4044704,0.7804777451674536,4044704,True,MATCHED,MATCHED,True
404,1600938545484315,5,0.7456193,"[513.579,727.89,573.483,828.984]",4044706,0.9488420563962315,4044706,True,MATCHED,MATCHED,True
404,1600938545484315,6,0.11599836,"[527.133,440.516,567.538,487.761]",4044709,0.7529475488977058,,False,LOW_CONF,LOW_CONF,False
404,1600938545484315,7,0.10903887,"[640.205,665.968,678.043,702.028]",4044700,0.0,,False,LOW_CONF,LOW_CONF,False
404,1600938545484315,8,0.05668821,"[292.997,598.972,308.394,614.049]",4044700,0.0,,False,LOW_CONF,LOW_CONF,False
404,1600938545484315,9,0.05183459,"[597.837,313.601,609.139,328.505]",4044710,0.7476800372450579,,False,LOW_CONF,LOW_CONF,False
404,1600938545550972,0,0.92088687,"[235.204,768.183,329.853,863.892]",4044698,0.9704731986625286,4044698,True,MATCHED,MATCHED,True
404,1600938545550972,1,0.91857916,"[302.21,832.179,402.451,947.113]",4044701,0.9401181811240589,4044701,True,MATCHED,MATCHED,True
404,1600938545550972,2,0.8909393,"[255.211,667.794,334.268,743.94]",4044700,0.9060650263270958,4044700,True,MATCHED,MATCHED,True
404,1600938545550972,3,0.85257983,"[0.236,626.436,35.493,710.551]",4044690,0.9210253850431003,4044690,True,MATCHED,MATCHED,True
404,1600938545550972,4,0.82583016,"[561.623,516.24,600.151,576.495]",4044704,0.8077242409900188,4044704,True,MATCHED,MATCHED,False
404,1600938545550972,5,0.63634735,"[499.429,727.992,562.297,828.658]",4044706,0.8574563460260178,4044706,True,MATCHED,MATCHED,True
404,1600938545550972,6,0.05328751,"[693.704,470.493,719.149,496.566]",4044700,0.0,,False,LOW_CONF,LOW_CONF,False
404,1600938545617631,0,0.92456561,"[287.529,832.388,387.452,946.417]",4044701,0.9348494367092762,4044701,True,MATCHED,MATCHED,True
404,1600938545617631,1,0.92284405,"[218.933,765.962,315.92,863.933]",4044698,0.9293382169626857,4044698,True,MATCHED,MATCHED,True
404,1600938545617631,2,0.90083522,"[239.736,668.852,318.519,742.803]",4044700,0.8941218243360853,4044700,True,MATCHED,MATCHED,True
404,1600938545617631,3,0.78709239,"[0.0,628.057,22.603,705.788]",4044690,0.9261025833402274,4044690,True,MATCHED,MATCHED,True
404,1600938545617631,4,0.65903944,"[543.164,519.639,583.554,579.248]",4044704,0.7202170589673894,4044704,True,MATCHED,MATCHED,False
404,1600938545617631,5,0.41063058,"[496.901,440.097,532.625,486.626]",4044709,0.758283026203668,4044709,True,MATCHED,MATCHED,True
404,1600938545617631,6,0.4044939,"[486.689,727.67,539.873,828.226]",4044706,0.9398875329550482,4044706,True,MATCHED,MATCHED,True
404,1600938545617631,7,0.0898447,"[524.5,519.166,583.903,580.472]",4044704,0.47614336161263027,,False,LOW_CONF,LOW_CONF,False
404,1600938545617631,8,0.07536425,"[568.429,312.251,581.817,328.402]",4044710,0.6070177601573696,,False,LOW_CONF,LOW_CONF,False
404,1600938545684291,0,0.91777927,"[206.343,768.857,301.752,863.692]",4044698,0.9568803216468168,4044698,True,MATCHED,MATCHED,True
404,1600938545684291,1,0.91417134,"[270.695,832.666,371.429,946.622]",4044701,0.9462276762316814,4044701,True,MATCHED,MATCHED,True
404,1600938545684291,2,0.90904814,"[226.533,664.894,304.914,742.494]",4044700,0.9529525564839624,4044700,True,MATCHED,MATCHED,True
404,1600938545684291,3,0.67110676,"[520.442,521.669,567.788,580.133]",4044704,0.5909107763189179,4044704,True,MATCHED,MATCHED,True
404,1600938545684291,4,0.41387317,"[472.285,727.492,527.567,822.336]",4044706,0.8466753758595573,4044706,True,MATCHED,MATCHED,True
404,1600938545684291,5,0.08718831,"[0.0,639.931,14.05,698.096]",4044690,0.7077313138853017,,False,LOW_CONF,LOW_CONF,False
404,1600938545750951,0,0.92212296,"[199.466,774.65,293.934,869.29]",4044698,0.916581672353512,4044698,True,MATCHED,MATCHED,True
404,1600938545750951,1,0.91485167,"[262.164,838.614,361.866,951.376]",4044701,0.9423188779503178,4044701,True,MATCHED,MATCHED,True
404,1600938545750951,2,0.9084475,"[218.992,670.641,296.153,748.495]",4044700,0.8999353947678402,4044700,True,MATCHED,MATCHED,True
404,1600938545750951,3,0.72246504,"[516.785,528.994,554.958,581.531]",4044704,0.6362939578951793,4044704,True,MATCHED,MATCHED,True
404,1600938545750951,4,0.36856726,"[462.415,730.603,513.839,824.469]",4044706,0.876013020822552,4044706,True,MATCHED,MATCHED,True
404,1600938545750951,5,0.16033046,"[470.147,444.589,505.564,493.2]",4044709,0.6665504590599236,,False,LOW_CONF,LOW_CONF,False
404,1600938545750951,6,0.08671647,"[461.727,729.618,552.07,823.725]",4044706,0.5100852452881215,,False,LOW_CONF,LOW_CONF,False
404,1600938545750951,7,0.0560616,"[561.962,614.641,589.944,646.518]",4044700,0.0,,False,LOW_CONF,LOW_CONF,False
404,1600938545750951,8,0.05062344,"[541.948,318.526,554.563,332.415]",4044710,0.7750426120362001,,False,LOW_CONF,LOW_CONF,False
404,1600938545817612,0,0.91759646,"[251.142,835.006,354.997,948.843]",4044701,0.9530555802811392,4044701,True,MATCHED,MATCHED,True
404,1600938545817612,1,0.91754055,"[186.323,769.357,282.587,865.7]",4044698,0.9611818294180033,4044698,True,MATCHED,MATCHED,True
404,1600938545817612,2,0.91025203,"[207.883,666.212,286.721,745.574]",4044700,0.9311741299573347,4044700,True,MATCHED,MATCHED,True
404,1600938545817612,3,0.76495147,"[515.988,526.489,552.906,582.223]",4044704,0.801909882230585,4044704,True,MATCHED,MATCHED,True
404,1600938545817612,4,0.19542819,"[709.045,328.089,720.0,374.681]",4044700,0.0,,False,LOW_CONF,LOW_CONF,False
404,1600938545817612,5,0.13527,"[456.221,731.628,521.56,822.87]",4044706,0.6915537965417291,,False,LOW_CONF,LOW_CONF,False
404,1600938545817612,6,0.11087929,"[703.916,327.723,719.359,374.277]",4044700,0.0,,False,LOW_CONF,LOW_CONF,False
404,1600938545817612,7,0.10833202,"[535.935,317.443,550.512,331.205]",4044710,0.9199029931758805,,False,LOW_CONF,LOW_CONF,False
404,1600938545817612,8,0.0892149,"[454.209,731.011,547.347,824.357]",4044706,0.5367128865758021,,False,LOW_CONF,LOW_CONF,False
404,1600938545817612,9,0.06401855,"[455.24,732.111,504.486,816.727]",4044706,0.8094404693084688,,False,LOW_CONF,LOW_CONF,False
404,1600938545884272,0,0.91745305,"[230.429,830.139,334.98,944.142]",4044701,0.9674863099367242,4044701,True,MATCHED,MATCHED,True
404,1600938545884272,1,0.91008681,"[168.1,765.293,263.65,860.372]",4044698,0.9613724431039963,4044698,True,MATCHED,MATCHED,True
404,1600938545884272,2,0.88787693,"[190.135,662.425,266.889,740.804]",4044700,0.9481827787061332,4044700,True,MATCHED,MATCHED,True
404,1600938545884272,3,0.56954008,"[501.291,523.721,537.653,579.821]",4044704,0.7580265931233233,4044704,True,MATCHED,MATCHED,True
404,1600938545884272,4,0.19345224,"[519.232,306.709,534.887,321.922]",4044710,0.5135747241987876,,False,LOW_CONF,LOW_CONF,False
404,1600938545884272,5,0.14044927,"[696.206,310.016,719.186,362.21]",4044700,0.0,,False,LOW_CONF,LOW_CONF,False
404,1600938545950931,0,0.91249633,"[215.917,835.264,317.769,948.582]",4044701,0.9681879756121125,4044701,True,MATCHED,MATCHED,True
404,1600938545950931,1,0.90972245,"[153.619,770.978,247.986,865.821]",4044698,0.9611307324957054,4044698,True,MATCHED,MATCHED,True
404,1600938545950931,2,0.9086073,"[175.755,671.138,252.674,745.979]",4044700,0.9071407137368978,4044700,True,MATCHED,MATCHED,True
404,1600938545950931,3,0.5565213,"[479.27,535.25,519.778,587.963]",4044704,0.65522126233982,4044704,True,MATCHED,MATCHED,False
404,1600938545950931,4,0.07279966,"[184.31,862.918,218.391,910.836]",4044701,0.016097697346310978,,False,LOW_CONF,LOW_CONF,False
404,1600938545950931,5,0.06797879,"[500.545,290.101,529.469,325.45]",4044710,0.06377348191613115,,False,LOW_CONF,LOW_CONF,False
404,1600938546017592,0,0.91499716,"[199.04,830.624,302.899,943.509]",4044701,0.9398560281086676,4044701,True,MATCHED,MATCHED,True
404,1600938546017592,1,0.90148699,"[136.171,765.549,232.688,861.851]",4044698,0.955047438696018,4044698,True,MATCHED,MATCHED,True
404,1600938546017592,2,0.88771075,"[158.174,662.611,235.076,742.305]",4044700,0.9563630448212209,4044700,True,MATCHED,MATCHED,True
404,1600938546017592,3,0.62703657,"[449.636,532.912,506.686,584.666]",4044704,0.4726774295861675,,False,IOU_BELOW_0_5,IOU_BELOW_0_5,False
404,1600938546017592,4,0.27904272,"[696.076,464.369,719.59,519.567]",4044700,0.0,,False,LOW_CONF,LOW_CONF,False
404,1600938546017592,5,0.07136662,"[434.577,897.382,460.005,916.91]",4044700,0.0,,False,LOW_CONF,LOW_CONF,False
404,1600938546017592,6,0.06814042,"[483.148,314.597,497.227,329.323]",4044710,0.88338937249319,,False,LOW_CONF,LOW_CONF,False
404,1600938546084253,0,0.91848016,"[122.761,766.849,221.303,865.259]",4044698,0.9509011154227716,4044698,True,MATCHED,MATCHED,True
404,1600938546084253,1,0.91450411,"[186.09,833.931,288.501,947.608]",4044701,0.9521236088379015,4044701,True,MATCHED,MATCHED,True
404,1600938546084253,2,0.91142964,"[145.481,665.546,224.329,743.861]",4044700,0.9240208188100243,4044700,True,MATCHED,MATCHED,True
404,1600938546084253,3,0.75663126,"[441.027,529.5,496.734,583.555]",4044704,0.4491474304955536,,False,IOU_BELOW_0_5,IOU_BELOW_0_5,False
404,1600938546084253,4,0.35381424,"[472.02,309.717,489.844,328.192]",4044710,0.5831505368210762,4044710,True,MATCHED,MATCHED,True
404,1600938546084253,5,0.12897888,"[693.93,454.921,719.658,515.959]",4044700,0.0,,False,LOW_CONF,LOW_CONF,False
404,1600938546084253,6,0.09384469,"[384.035,788.852,426.615,863.38]",4044706,0.04562913330920396,,False,LOW_CONF,LOW_CONF,False
404,1600938546150912,0,0.91079986,"[104.215,766.047,202.7,862.379]",4044698,0.9258657683102866,4044698,True,MATCHED,MATCHED,True
404,1600938546150912,1,0.90939087,"[162.58,831.885,268.128,944.861]",4044701,0.9170433161853113,4044701,True,MATCHED,MATCHED,True
404,1600938546150912,2,0.88163954,"[127.99,668.728,205.867,742.066]",4044700,0.9155768543323278,4044700,True,MATCHED,MATCHED,True
404,1600938546150912,3,0.75522119,"[433.589,531.876,478.555,583.845]",4044704,0.45167202614417956,,False,IOU_BELOW_0_5,IOU_BELOW_0_5,False
404,1600938546150912,4,0.08184058,"[363.794,790.115,425.431,912.988]",4044700,0.0,,False,LOW_CONF,LOW_CONF,False
404,1600938546150912,5,0.07119522,"[454.356,312.945,469.905,328.792]",4044710,0.748645432720329,,False,LOW_CONF,LOW_CONF,False
404,1600938546150912,6,0.06852648,"[378.5,440.408,404.379,490.399]",4044709,0.45027818597667424,,False,LOW_CONF,LOW_CONF,False
404,1600938546150912,7,0.06679496,"[379.916,439.656,402.9,475.782]",4044709,0.5996073741657844,,False,LOW_CONF,LOW_CONF,False
404,1600938546150912,8,0.06070689,"[366.564,788.934,414.603,856.127]",4044700,0.0,,False,LOW_CONF,LOW_CONF,False
404,1600938546217573,0,0.91679788,"[89.865,769.217,188.156,864.736]",4044698,0.955047047036044,4044698,True,MATCHED,MATCHED,True
404,1600938546217573,1,0.90977365,"[149.635,834.205,252.617,947.063]",4044701,0.9717508400412098,4044701,True,MATCHED,MATCHED,True
404,1600938546217573,2,0.8978644,"[113.125,664.641,193.776,743.784]",4044700,0.9501835702332478,4044700,True,MATCHED,MATCHED,True
404,1600938546217573,3,0.76588553,"[414.864,533.192,460.409,585.718]",4044704,0.3939445970831864,,False,IOU_BELOW_0_5,IOU_BELOW_0_5,False
404,1600938546217573,4,0.32144335,"[359.271,547.733,406.908,594.514]",4044700,0.0,,False,NO_GT_OVERLAP,NO_GT_OVERLAP,False
404,1600938546217573,5,0.07443666,"[437.485,317.189,451.766,331.666]",4044710,0.7615789370950864,,False,LOW_CONF,LOW_CONF,False
404,1600938546217573,6,0.064386,"[436.717,288.568,464.015,324.948]",4044710,0.11721970174885073,,False,LOW_CONF,LOW_CONF,False
404,1600938546284234,0,0.91668117,"[127.155,831.006,237.567,944.514]",4044701,0.9046499573441106,4044701,True,MATCHED,MATCHED,True
404,1600938546284234,1,0.90640825,"[72.83,766.463,174.797,863.265]",4044698,0.9298182619131157,4044698,True,MATCHED,MATCHED,True
404,1600938546284234,2,0.89297384,"[98.216,661.391,178.237,742.21]",4044700,0.947666489378601,4044700,True,MATCHED,MATCHED,True
404,1600938546284234,3,0.75307888,"[407.987,528.34,451.226,579.079]",4044704,0.5227746202174594,4044704,True,MATCHED,MATCHED,True
404,1600938546284234,4,0.38976789,"[352.15,557.397,393.653,589.572]",4044700,0.0,,False,NO_GT_OVERLAP,NO_GT_OVERLAP,False
404,1600938546284234,5,0.06409958,"[425.016,313.684,439.556,328.84]",4044710,0.7625385023797151,,False,LOW_CONF,LOW_CONF,False
404,1600938546284234,6,0.06030364,"[423.798,305.346,443.89,327.869]",4044710,0.4098669502852965,,False,LOW_CONF,LOW_CONF,False
404,1600938546284234,7,0.05815338,"[2.447,394.937,17.722,452.73]",4044700,0.0,,False,LOW_CONF,LOW_CONF,False
404,1600938546350893,0,0.90849739,"[115.392,833.673,220.144,946.269]",4044701,0.9718059240031152,4044701,True,MATCHED,MATCHED,True
404,1600938546350893,1,0.90565795,"[59.316,768.926,159.082,866.404]",4044698,0.9612865687655744,4044698,True,MATCHED,MATCHED,True
404,1600938546350893,2,0.89661551,"[84.112,664.571,163.567,743.478]",4044700,0.954200971460509,4044700,True,MATCHED,MATCHED,True
404,1600938546350893,3,0.41269392,"[397.182,514.785,444.663,576.538]",4044704,0.7956836344640439,4044704,True,MATCHED,MATCHED,True
404,1600938546350893,4,0.38850471,"[358.035,517.48,439.312,577.635]",4044704,0.41586694407078617,,False,IOU_BELOW_0_5,IOU_BELOW_0_5,False
404,1600938546350893,5,0.29427004,"[392.591,523.726,438.03,577.567]",4044704,0.5539854740332183,,False,LOW_CONF,LOW_CONF,False
404,1600938546350893,6,0.18260297,"[343.536,559.377,383.43,590.285]",4044700,0.0,,False,LOW_CONF,LOW_CONF,False
404,1600938546350893,7,0.16678108,"[402.897,737.842,434.363,772.556]",4044700,0.0,,False,LOW_CONF,LOW_CONF,False
404,1600938546350893,8,0.13269226,"[408.276,315.935,423.26,329.512]",4044710,0.7728134502263763,,False,LOW_CONF,LOW_CONF,False
404,1600938546350893,9,0.0625205,"[408.08,292.654,430.821,329.013]",4044710,0.24823746655198684,,False,LOW_CONF,LOW_CONF,False
404,1600938546350893,10,0.06233967,"[389.222,244.712,400.771,260.178]",4044700,0.0,,False,LOW_CONF,LOW_CONF,False
404,1600938546350893,11,0.05170977,"[386.828,731.284,434.133,772.102]",4044700,0.0,,False,LOW_CONF,LOW_CONF,False
404,1600938546350893,12,0.05101441,"[379.609,513.722,442.195,579.167]",4044704,0.5811412316010633,,False,LOW_CONF,LOW_CONF,False
404,1600938546350893,13,0.05101395,"[407.418,287.883,436.383,325.765]",4044710,0.14241591008880922,,False,LOW_CONF,LOW_CONF,False
404,1600938546417554,0,0.91470784,"[100.577,832.904,207.533,945.503]",4044701,0.949006922530173,4044701,True,MATCHED,MATCHED,True
404,1600938546417554,1,0.91106218,"[43.372,768.988,143.49,865.256]",4044698,0.9691312603065181,4044698,True,MATCHED,MATCHED,True
404,1600938546417554,2,0.89573133,"[67.646,664.537,148.326,743.529]",4044700,0.9540376659774816,4044700,True,MATCHED,MATCHED,True
404,1600938546417554,3,0.76490086,"[380.938,512.744,433.099,577.521]",4044704,0.9526118480869864,4044704,True,MATCHED,MATCHED,True
404,1600938546417554,4,0.20855474,"[390.992,288.549,421.168,330.068]",4044710,0.13293026978394012,,False,LOW_CONF,LOW_CONF,False
404,1600938546417554,5,0.20677772,"[334.852,556.076,370.736,589.692]",4044700,0.0,,False,LOW_CONF,LOW_CONF,False
404,1600938546417554,6,0.16172385,"[390.97,317.022,408.678,331.132]",4044710,0.7016412967025821,,False,LOW_CONF,LOW_CONF,False
404,1600938546417554,7,0.07276362,"[386.931,738.717,417.187,771.523]",4044700,0.0,,False,LOW_CONF,LOW_CONF,False
404,1600938546417554,8,0.05134669,"[333.926,887.643,367.36,916.774]",4044700,0.0,,False,LOW_CONF,LOW_CONF,False
404,1600938546484215,0,0.91164458,"[29.046,769.323,129.474,865.779]",4044698,0.9639854427082636,4044698,True,MATCHED,MATCHED,True
404,1600938546484215,1,0.90672106,"[85.914,833.846,193.15,945.908]",4044701,0.9695647696465897,4044701,True,MATCHED,MATCHED,True
404,1600938546484215,2,0.88493007,"[53.718,666.872,133.953,743.2]",4044700,0.934506563110199,4044700,True,MATCHED,MATCHED,True
404,1600938546484215,3,0.74458957,"[366.127,513.711,414.799,576.394]",4044704,0.7535036421187552,4044704,True,MATCHED,MATCHED,True
404,1600938546484215,4,0.42367339,"[331.092,558.236,356.91,589.641]",4044700,0.0,,False,NO_GT_OVERLAP,NO_GT_OVERLAP,False
404,1600938546484215,5,0.23743105,"[357.687,731.418,405.367,776.931]",4044700,0.0,,False,LOW_CONF,LOW_CONF,False
404,1600938546484215,6,0.21040055,"[332.764,727.92,404.491,777.54]",4044706,0.050128125735277265,,False,LOW_CONF,LOW_CONF,False
404,1600938546484215,7,0.17130609,"[375.855,285.991,401.725,325.117]",4044710,0.11661213383430942,,False,LOW_CONF,LOW_CONF,False
404,1600938546484215,8,0.08729509,"[376.624,315.912,392.162,329.055]",4044710,0.7089101391423449,,False,LOW_CONF,LOW_CONF,False
404,1600938546550876,0,0.91267663,"[67.75,833.235,178.248,945.598]",4044701,0.949503484696494,4044701,True,MATCHED,MATCHED,True
404,1600938546550876,1,0.91020614,"[11.252,769.864,114.405,865.948]",4044698,0.9606385580663371,4044698,True,MATCHED,MATCHED,True
404,1600938546550876,2,0.87021905,"[37.116,665.498,119.317,743.03]",4044700,0.9425712029381025,4044700,True,MATCHED,MATCHED,True
404,1600938546550876,3,0.8246485,"[352.781,511.877,404.118,574.111]",4044704,0.7982701114952404,4044704,True,MATCHED,MATCHED,True
404,1600938546550876,4,0.71716702,"[321.737,557.669,345.489,588.135]",4044700,0.0,,False,NO_GT_OVERLAP,NO_GT_OVERLAP,False
404,1600938546550876,5,0.24155812,"[358.541,737.51,390.73,775.658]",4044700,0.0,,False,LOW_CONF,LOW_CONF,False
404,1600938546550876,6,0.13227147,"[0.185,567.657,24.976,604.507]",4044700,0.0,,False,LOW_CONF,LOW_CONF,False
404,1600938546550876,7,0.08061098,"[41.241,634.8,67.219,667.701]",4044700,0.013737770480020131,,False,LOW_CONF,LOW_CONF,False
404,1600938546550876,8,0.07200966,"[362.282,314.534,377.229,328.841]",4044710,0.6701169712517515,,False,LOW_CONF,LOW_CONF,False
404,1600938546550876,9,0.05421359,"[269.419,850.347,329.999,910.28]",4044700,0.0,,False,LOW_CONF,LOW_CONF,False
404,1600938546550876,10,0.05212161,"[42.98,638.047,75.532,668.896]",4044700,0.022495214522011513,,False,LOW_CONF,LOW_CONF,False
404,1600938546617535,0,0.90867126,"[0.312,768.718,98.443,865.151]",4044698,0.986810365541273,4044698,True,MATCHED,MATCHED,True
404,1600938546617535,1,0.90113831,"[54.648,834.779,162.903,946.433]",4044701,0.9571634586738867,4044701,True,MATCHED,MATCHED,True
404,1600938546617535,2,0.86318022,"[23.933,664.786,104.365,744.115]",4044700,0.9677473448155625,4044700,True,MATCHED,MATCHED,True
404,1600938546617535,3,0.82246894,"[341.43,512.35,391.461,575.653]",4044704,0.891893098563785,4044704,True,MATCHED,MATCHED,True
404,1600938546617535,4,0.46033323,"[312.05,550.752,335.33,587.431]",4044700,0.0,,False,NO_GT_OVERLAP,NO_GT_OVERLAP,False
404,1600938546617535,5,0.23785502,"[1.428,668.133,28.131,745.774]",4044700,0.04797521386233102,,False,LOW_CONF,LOW_CONF,False
404,1600938546617535,6,0.21451463,"[306.858,728.911,374.359,779.768]",4044706,0.03139212038500123,,False,LOW_CONF,LOW_CONF,False
404,1600938546617535,7,0.11993732,"[710.078,226.346,720.0,243.653]",4044711,0.581475749028499,,False,LOW_CONF,LOW_CONF,False
404,1600938546617535,8,0.11930209,"[325.92,732.201,375.372,778.651]",4044700,0.0,,False,LOW_CONF,LOW_CONF,False
404,1600938546617535,9,0.10893837,"[345.036,314.693,361.142,329.639]",4044710,0.5849369454247328,,False,LOW_CONF,LOW_CONF,False
404,1600938546617535,10,0.10773506,"[695.818,401.806,719.558,431.83]",4044700,0.0,,False,LOW_CONF,LOW_CONF,False
404,1600938546617535,11,0.10318854,"[0.0,566.1,13.439,605.568]",4044700,0.0,,False,LOW_CONF,LOW_CONF,False
404,1600938546617535,12,0.09394587,"[344.687,297.004,365.74,329.77]",4044710,0.2490357020704302,,False,LOW_CONF,LOW_CONF,False
404,1600938546617535,13,0.09043518,"[303.047,892.89,324.143,912.644]",4044700,0.0,,False,LOW_CONF,LOW_CONF,False
404,1600938546617535,14,0.07133093,"[0.0,674.306,24.464,760.69]",4044700,0.012071932960075594,,False,LOW_CONF,LOW_CONF,False
404,1600938546617535,15,0.07007512,"[286.746,904.843,321.963,925.278]",4044700,0.0,,False,LOW_CONF,LOW_CONF,False
404,1600938546617535,16,0.06679127,"[285.323,891.413,322.021,916.452]",4044700,0.0,,False,LOW_CONF,LOW_CONF,False
404,1600938546617535,17,0.06537762,"[291.286,727.255,374.986,785.871]",4044706,0.06732037952776361,,False,LOW_CONF,LOW_CONF,False
404,1600938546617535,18,0.06150626,"[311.768,545.93,343.749,588.158]",4044704,0.018315879171630467,,False,LOW_CONF,LOW_CONF,False
404,1600938546617535,19,0.05967995,"[0.283,583.582,16.715,605.533]",4044700,0.0,,False,LOW_CONF,LOW_CONF,False
404,1600938546617535,20,0.05452647,"[703.566,227.063,718.745,243.559]",4044711,0.6474570699303734,,False,LOW_CONF,LOW_CONF,False
404,1600938546684195,0,0.9143244,"[0.0,768.729,88.636,864.803]",4044698,0.9661429332947175,4044698,True,MATCHED,MATCHED,True
404,1600938546684195,1,0.90603173,"[40.756,833.568,147.317,945.572]",4044701,0.9710230145892988,4044701,True,MATCHED,MATCHED,True
404,1600938546684195,2,0.88622546,"[5.961,664.938,93.608,744.859]",4044700,0.8602599979850604,4044700,True,MATCHED,MATCHED,True
404,1600938546684195,3,0.83189231,"[328.827,510.856,379.499,576.967]",4044704,0.8943625922272499,4044704,True,MATCHED,MATCHED,True
404,1600938546684195,4,0.48969749,"[703.055,259.723,719.717,317.908]",4044712,0.8204931156579657,4044712,True,MATCHED,MATCHED,True
404,1600938546684195,5,0.15973552,"[329.675,734.206,366.42,783.01]",4044700,0.0,,False,LOW_CONF,LOW_CONF,False
404,1600938546684195,6,0.12490673,"[696.512,226.683,715.378,244.675]",4044711,0.5817625843721017,,False,LOW_CONF,LOW_CONF,False
404,1600938546684195,7,0.07301005,"[259.329,866.078,297.979,910.903]",4044700,0.0,,False,LOW_CONF,LOW_CONF,False
404,1600938546684195,8,0.06608193,"[333.075,313.471,347.443,328.699]",4044710,0.5616717464235528,,False,LOW_CONF,LOW_CONF,False
404,1600938546684195,9,0.06604204,"[291.98,890.849,314.264,916.201]",4044700,0.0,,False,LOW_CONF,LOW_CONF,False
404,1600938546684195,10,0.05484475,"[324.131,337.019,339.951,359.484]",4044700,0.0,,False,LOW_CONF,LOW_CONF,False
404,1600938546684195,11,0.05047997,"[688.812,399.22,719.21,433.276]",4044700,0.0,,False,LOW_CONF,LOW_CONF,False
404,1600938546750855,0,0.90392494,"[24.646,835.321,134.23,946.885]",4044701,0.9908191992271242,4044701,True,MATCHED,MATCHED,True
404,1600938546750855,1,0.89579743,"[0.0,664.568,79.927,745.721]",4044700,0.9621794810194771,4044700,True,MATCHED,MATCHED,True
404,1600938546750855,2,0.87230998,"[0.0,772.25,74.348,865.005]",4044698,0.9382968645195808,4044698,True,MATCHED,MATCHED,True
404,1600938546750855,3,0.82507348,"[305.168,512.947,364.982,583.458]",4044704,0.6934371253053987,4044704,True,MATCHED,MATCHED,True
404,1600938546750855,4,0.79036963,"[692.25,254.359,720.0,320.647]",4044712,0.827346601777666,4044712,True,MATCHED,MATCHED,True
404,1600938546750855,5,0.58303171,"[694.777,328.86,720.0,386.514]",4044713,0.539626654962493,4044713,True,MATCHED,MATCHED,True
404,1600938546750855,6,0.28448826,"[696.135,326.909,719.497,421.566]",4044713,0.7038419787457755,,False,LOW_CONF,LOW_CONF,False
404,1600938546750855,7,0.28343144,"[682.906,228.611,698.022,245.321]",4044711,0.7438241963844251,,False,LOW_CONF,LOW_CONF,False
404,1600938546750855,8,0.12718201,"[684.504,227.993,703.909,248.367]",4044711,0.406455680859616,,False,LOW_CONF,LOW_CONF,False
404,1600938546750855,9,0.12705591,"[0.339,730.966,29.764,769.057]",4044700,0.05495970762429965,,False,LOW_CONF,LOW_CONF,False
404,1600938546750855,10,0.07608275,"[0.239,732.096,40.401,770.885]",4044700,0.06530589042206991,,False,LOW_CONF,LOW_CONF,False
404,1600938546750855,11,0.07502401,"[315.71,736.142,356.936,795.399]",4044700,0.0,,False,LOW_CONF,LOW_CONF,False
404,1600938546750855,12,0.06960515,"[687.426,390.867,718.682,433.821]",4044713,0.20663019113096984,,False,LOW_CONF,LOW_CONF,False
404,1600938546750855,13,0.06839778,"[251.352,882.439,287.69,915.001]",4044700,0.0,,False,LOW_CONF,LOW_CONF,False
404,1600938546750855,14,0.05575141,"[246.839,878.38,279.628,913.923]",4044700,0.0,,False,LOW_CONF,LOW_CONF,False
404,1600938546750855,15,0.05540845,"[311.964,340.167,326.202,362.352]",4044700,0.0,,False,LOW_CONF,LOW_CONF,False
404,1600938546750855,16,0.0543395,"[686.518,228.262,717.147,255.371]",4044711,0.16422598698620114,,False,LOW_CONF,LOW_CONF,False
404,1600938546817514,0,0.91689849,"[9.156,834.076,117.995,946.898]",4044701,0.9633836524556952,4044701,True,MATCHED,MATCHED,True
404,1600938546817514,1,0.90151519,"[0.0,666.3,65.932,744.825]",4044700,0.9209752901728944,4044700,True,MATCHED,MATCHED,True
404,1600938546817514,2,0.87975913,"[0.0,775.195,61.609,860.866]",4044698,0.7853807857462499,4044698,True,MATCHED,MATCHED,True
404,1600938546817514,3,0.86927176,"[676.118,255.959,719.772,324.547]",4044712,0.9302860779641533,4044712,True,MATCHED,MATCHED,True
404,1600938546817514,4,0.80388874,"[299.962,510.707,356.724,583.94]",4044704,0.8573796683765422,4044704,True,MATCHED,MATCHED,True
404,1600938546817514,5,0.74024844,"[678.194,334.76,719.872,407.961]",4044713,0.8438368318929317,4044713,True,MATCHED,MATCHED,True
404,1600938546817514,6,0.52616322,"[304.064,737.864,337.743,782.915]",4044700,0.0,,False,NO_GT_OVERLAP,NO_GT_OVERLAP,False
404,1600938546817514,7,0.37252504,"[295.96,578.872,332.844,623.25]",4044700,0.0,,False,NO_GT_OVERLAP,NO_GT_OVERLAP,False
404,1600938546817514,8,0.19013974,"[0.0,735.292,22.162,771.038]",4044700,0.026682513602617447,,False,LOW_CONF,LOW_CONF,False
404,1600938546817514,9,0.100238,"[702.31,409.802,718.994,441.527]",4044713,0.013501058132783432,,False,LOW_CONF,LOW_CONF,False
404,1600938546817514,10,0.08245204,"[689.561,337.278,719.854,412.094]",4044713,0.622196294808541,,False,LOW_CONF,LOW_CONF,False
404,1600938546817514,11,0.06616152,"[16.487,645.763,39.132,667.773]",4044700,0.011707496646951,,False,LOW_CONF,LOW_CONF,False
404,1600938546817514,12,0.06542996,"[0.849,738.8,49.151,774.713]",4044698,0.0368300438451733,,False,LOW_CONF,LOW_CONF,False
404,1600938546817514,13,0.06023536,"[2.72,539.823,33.017,564.091]",4044700,0.0,,False,LOW_CONF,LOW_CONF,False
404,1600938546884173,0,0.91264147,"[0.0,833.307,104.324,946.129]",4044701,0.9842485345384269,4044701,True,MATCHED,MATCHED,True
404,1600938546884173,1,0.88826102,"[664.489,255.432,719.757,323.883]",4044712,0.9427560435288658,4044712,True,MATCHED,MATCHED,True
404,1600938546884173,2,0.8695392,"[0.0,773.534,48.537,842.163]",4044698,0.8929124533366686,4044698,True,MATCHED,MATCHED,True
404,1600938546884173,3,0.86720622,"[0.0,665.593,53.5,741.454]",4044700,0.9468209961391081,4044700,True,MATCHED,MATCHED,True
404,1600938546884173,4,0.86250758,"[287.973,509.638,343.929,582.256]",4044704,0.8737834642267245,4044704,True,MATCHED,MATCHED,True
404,1600938546884173,5,0.80046296,"[664.852,337.328,720.0,408.893]",4044713,0.8846061699313394,4044713,True,MATCHED,MATCHED,True
404,1600938546884173,6,0.5882259,"[290.122,734.284,329.473,799.268]",4044700,0.0,,False,NO_GT_OVERLAP,NO_GT_OVERLAP,False
404,1600938546884173,7,0.39604923,"[283.284,579.751,320.255,622.521]",4044700,0.0,,False,NO_GT_OVERLAP,NO_GT_OVERLAP,False
404,1600938546884173,8,0.3929798,"[700.221,622.837,719.284,696.775]",4044716,0.6106777232878033,4044716,True,MATCHED,MATCHED,True
404,1600938546884173,9,0.11427683,"[281.659,328.209,296.011,356.284]",4044700,0.0,,False,LOW_CONF,LOW_CONF,False
404,1600938546884173,10,0.09276833,"[0.0,631.642,25.833,666.235]",4044700,0.011929317698682943,,False,LOW_CONF,LOW_CONF,False
404,1600938546884173,11,0.07757434,"[240.554,591.858,264.941,639.215]",4044700,0.0,,False,LOW_CONF,LOW_CONF,False
404,1600938546884173,12,0.07116137,"[0.0,628.193,16.443,663.907]",4044700,0.0,,False,LOW_CONF,LOW_CONF,False
404,1600938546950833,0,0.9100098,"[0.0,835.261,87.196,945.801]",4044701,0.977947021103897,4044701,True,MATCHED,MATCHED,True
404,1600938546950833,1,0.9074378,"[653.199,252.636,711.58,322.369]",4044712,0.8861949718662839,4044712,True,MATCHED,MATCHED,True
404,1600938546950833,2,0.85368115,"[647.432,333.473,717.657,409.825]",4044713,0.8821637997555068,4044713,True,MATCHED,MATCHED,True
404,1600938546950833,3,0.85114652,"[0.0,668.151,39.976,740.731]",4044700,0.8671502157287753,4044700,True,MATCHED,MATCHED,True
404,1600938546950833,4,0.83817905,"[272.627,511.673,328.057,583.94]",4044704,0.8312469339813664,4044704,True,MATCHED,MATCHED,True
404,1600938546950833,5,0.83619016,"[0.0,776.706,34.348,837.714]",4044698,0.8611829152511999,4044698,True,MATCHED,MATCHED,True
404,1600938546950833,6,0.76573926,"[693.752,634.612,719.84,723.48]",4044716,0.6665610835633552,4044716,True,MATCHED,MATCHED,True
404,1600938546950833,7,0.5360046,"[259.141,730.797,315.193,801.944]",4044706,0.020030285151675004,,False,IOU_BELOW_0_5,IOU_BELOW_0_5,False
404,1600938546950833,8,0.47565696,"[698.24,510.722,719.498,592.92]",4044717,0.7845893282775669,4044717,True,MATCHED,MATCHED,True
404,1600938546950833,9,0.27189428,"[693.935,529.434,719.214,603.6]",4044717,0.6617718495780675,,False,LOW_CONF,LOW_CONF,False
404,1600938546950833,10,0.1400027,"[242.973,726.582,311.28,797.989]",4044706,0.09443271899951551,,False,LOW_CONF,LOW_CONF,False
404,1600938546950833,11,0.08321612,"[37.951,808.903,82.996,840.932]",4044701,0.02422209006004854,,False,LOW_CONF,LOW_CONF,False
404,1600938546950833,12,0.06879371,"[135.805,791.273,161.699,810.854]",4044700,0.0,,False,LOW_CONF,LOW_CONF,False
404,1600938546950833,13,0.06582699,"[263.617,323.335,280.232,358.121]",4044700,0.0,,False,LOW_CONF,LOW_CONF,False
404,1600938546950833,14,0.06489393,"[266.416,321.509,281.972,355.269]",4044710,0.014672868558571726,,False,LOW_CONF,LOW_CONF,False
404,1600938546950833,15,0.05720256,"[40.091,808.699,93.727,844.419]",4044701,0.03986131055214849,,False,LOW_CONF,LOW_CONF,False
404,1600938546950833,16,0.05262271,"[0.235,540.98,17.976,563.724]",4044700,0.0,,False,LOW_CONF,LOW_CONF,False
404,1600938546950833,17,0.05054777,"[33.462,808.618,86.43,848.83]",4044701,0.06509564437326834,,False,LOW_CONF,LOW_CONF,False
404,1600938547017492,0,0.9052096,"[0.0,835.314,73.978,943.964]",4044700,0.0,,False,NO_GT_OVERLAP,NO_GT_OVERLAP,False
404,1600938547017492,1,0.88552535,"[635.46,257.194,693.954,326.562]",4044712,0.9502603728337222,4044712,True,MATCHED,MATCHED,True
404,1600938547017492,2,0.86831158,"[632.88,337.256,697.736,409.068]",4044713,0.849306127992284,4044713,True,MATCHED,MATCHED,True
404,1600938547017492,3,0.84475821,"[680.49,505.037,720.0,606.394]",4044717,0.9141486571562142,4044717,True,MATCHED,MATCHED,True
404,1600938547017492,4,0.84014881,"[676.25,637.334,719.802,743.116]",4044716,0.9209804748167313,4044716,True,MATCHED,MATCHED,True
404,1600938547017492,5,0.83376932,"[258.485,511.384,316.151,584.328]",4044704,0.8539664535345445,4044704,True,MATCHED,MATCHED,True
404,1600938547017492,6,0.76193315,"[0.0,672.06,30.595,736.516]",4044700,0.6498504734494583,4044700,True,MATCHED,MATCHED,True
404,1600938547017492,7,0.62231183,"[0.0,778.786,20.728,834.702]",4044698,0.7073779314115238,4044698,True,MATCHED,MATCHED,True
404,1600938547017492,8,0.59372085,"[218.952,592.996,255.764,638.406]",4044700,0.0,,False,NO_GT_OVERLAP,NO_GT_OVERLAP,False
404,1600938547017492,9,0.54621428,"[253.993,734.917,296.722,798.526]",4044700,0.0,,False,NO_GT_OVERLAP,NO_GT_OVERLAP,False
404,1600938547017492,10,0.46960044,"[24.718,804.476,78.051,845.775]",4044700,0.0,,False,NO_GT_OVERLAP,NO_GT_OVERLAP,False
404,1600938547017492,11,0.08102678,"[248.493,325.905,263.848,365.484]",4044700,0.0,,False,LOW_CONF,LOW_CONF,False
404,1600938547017492,12,0.05456537,"[626.369,231.041,640.568,246.088]",4044711,0.744889708894847,,False,LOW_CONF,LOW_CONF,False
404,1600938547017492,13,0.05332932,"[247.518,332.52,260.003,369.827]",4044700,0.0,,False,LOW_CONF,LOW_CONF,False
404,1600938547084151,0,0.89879793,"[665.068,635.076,720.0,745.693]",4044716,0.9081538826351322,4044716,True,MATCHED,MATCHED,True
404,1600938547084151,1,0.89297897,"[621.342,256.948,680.54,326.264]",4044712,0.9506495115167463,4044712,True,MATCHED,MATCHED,True
404,1600938547084151,2,0.88862973,"[0.0,835.057,57.043,941.42]",4044700,0.0,,False,NO_GT_OVERLAP,NO_GT_OVERLAP,False
404,1600938547084151,3,0.88241613,"[670.854,503.749,719.958,609.505]",4044717,0.9383464676194615,4044717,True,MATCHED,MATCHED,True
404,1600938547084151,4,0.87076694,"[616.711,337.258,683.585,411.074]",4044713,0.9212240601633754,4044713,True,MATCHED,MATCHED,True
404,1600938547084151,5,0.80724806,"[246.935,509.987,306.016,581.563]",4044704,0.8453971594697063,4044704,True,MATCHED,MATCHED,True
404,1600938547084151,6,0.66743815,"[17.741,805.169,67.585,849.41]",4044700,0.0,,False,NO_GT_OVERLAP,NO_GT_OVERLAP,False
404,1600938547084151,7,0.62666667,"[247.388,737.373,286.366,802.732]",4044700,0.0,,False,NO_GT_OVERLAP,NO_GT_OVERLAP,False
404,1600938547084151,8,0.59865916,"[211.265,594.689,236.571,636.291]",4044700,0.0,,False,NO_GT_OVERLAP,NO_GT_OVERLAP,False
404,1600938547084151,9,0.21292228,"[199.956,595.078,236.404,636.091]",4044700,0.0,,False,LOW_CONF,LOW_CONF,False
404,1600938547084151,10,0.09438515,"[614.864,230.761,628.706,246.856]",4044711,0.6896394894515451,,False,LOW_CONF,LOW_CONF,False
404,1600938547084151,11,0.08187383,"[0.867,704.436,49.881,781.921]",4044700,0.027487654376874057,,False,LOW_CONF,LOW_CONF,False
404,1600938547084151,12,0.06720314,"[615.531,232.115,630.692,248.59]",4044711,0.6375053564786965,,False,LOW_CONF,LOW_CONF,False
404,1600938547150811,0,0.92395663,"[649.434,633.307,720.0,745.785]",4044716,0.9404022454075646,4044716,True,MATCHED,MATCHED,True
404,1600938547150811,1,0.91932583,"[658.155,502.323,720.0,608.104]",4044717,0.9517902242104024,4044717,True,MATCHED,MATCHED,True
404,1600938547150811,2,0.89627129,"[609.061,253.264,667.949,324.342]",4044712,0.9339426561418823,4044712,True,MATCHED,MATCHED,True
404,1600938547150811,3,0.88633108,"[0.0,837.149,43.282,936.464]",4044706,0.0,,False,NO_GT_OVERLAP,NO_GT_OVERLAP,False
404,1600938547150811,4,0.88058281,"[602.153,335.316,672.066,408.61]",4044713,0.8794001796635591,4044713,True,MATCHED,MATCHED,True
404,1600938547150811,5,0.81844419,"[232.325,511.42,289.626,577.133]",4044704,0.9110428271446219,4044704,True,MATCHED,MATCHED,True
404,1600938547150811,6,0.77838916,"[3.804,804.273,56.171,854.142]",4044706,0.0,,False,NO_GT_OVERLAP,NO_GT_OVERLAP,False
404,1600938547150811,7,0.72807479,"[232.93,737.146,273.471,807.23]",4044706,0.0,,False,NO_GT_OVERLAP,NO_GT_OVERLAP,False
404,1600938547150811,8,0.41820642,"[188.449,596.632,224.297,637.585]",4044706,0.0,,False,NO_GT_OVERLAP,NO_GT_OVERLAP,False
404,1600938547150811,9,0.05221519,"[604.483,229.746,617.381,244.067]",4044711,0.6790142248776176,,False,LOW_CONF,LOW_CONF,False
404,1600938547150811,10,0.0504555,"[198.797,595.519,225.636,636.809]",4044706,0.0,,False,LOW_CONF,LOW_CONF,False
404,1600938547217470,0,0.92477041,"[642.206,503.027,719.839,609.635]",4044717,0.9354463505176398,4044717,True,MATCHED,MATCHED,True
404,1600938547217470,1,0.91771734,"[634.351,634.651,719.296,746.052]",4044716,0.921487768484423,4044716,True,MATCHED,MATCHED,True
404,1600938547217470,2,0.88945466,"[593.769,255.971,651.608,326.329]",4044712,0.8818009245571422,4044712,True,MATCHED,MATCHED,True
404,1600938547217470,3,0.87880874,"[586.411,338.056,655.924,411.301]",4044713,0.8608800061690064,4044713,True,MATCHED,MATCHED,True
404,1600938547217470,4,0.79003149,"[218.171,513.44,279.353,578.382]",4044704,0.9043099146997644,4044704,True,MATCHED,MATCHED,True
404,1600938547217470,5,0.77216029,"[217.923,737.498,267.047,812.33]",4044706,0.0,,False,NO_GT_OVERLAP,NO_GT_OVERLAP,False
404,1600938547217470,6,0.71995139,"[0.0,838.359,31.091,924.627]",4044706,0.0,,False,NO_GT_OVERLAP,NO_GT_OVERLAP,False
404,1600938547217470,7,0.51071715,"[0.681,804.454,47.019,859.515]",4044706,0.0,,False,NO_GT_OVERLAP,NO_GT_OVERLAP,False
404,1600938547217470,8,0.48056719,"[0.0,823.31,42.142,923.444]",4044706,0.0,,False,NO_GT_OVERLAP,NO_GT_OVERLAP,False
404,1600938547217470,9,0.42990953,"[184.13,599.537,222.008,637.106]",4044706,0.0,,False,NO_GT_OVERLAP,NO_GT_OVERLAP,False
404,1600938547217470,10,0.3783865,"[1.977,803.984,46.956,882.773]",4044706,0.0,,False,NO_GT_OVERLAP,NO_GT_OVERLAP,False
404,1600938547217470,11,0.10223344,"[219.73,319.371,236.47,335.642]",4044710,0.6218640301870592,,False,LOW_CONF,LOW_CONF,False
404,1600938547217470,12,0.06570303,"[324.51,618.135,399.137,739.426]",4044706,0.0,,False,LOW_CONF,LOW_CONF,False
405,1600938547284129,0,0.93489188,"[628.681,504.011,720.0,609.193]",4054958,0.9780596269318811,4054958,True,MATCHED,MATCHED,True
405,1600938547284129,1,0.90231073,"[620.597,634.958,706.774,744.41]",4054959,0.9275949386516112,4054959,True,MATCHED,MATCHED,True
405,1600938547284129,2,0.88901275,"[571.146,337.547,640.379,411.09]",4054957,0.8991735132857109,4054957,True,MATCHED,MATCHED,True
405,1600938547284129,3,0.8846851,"[581.396,256.973,637.418,326.509]",4054955,0.8972579018854958,4054955,True,MATCHED,MATCHED,True
405,1600938547284129,4,0.82580578,"[205.732,512.581,262.308,577.264]",4054949,0.959794934363007,4054949,True,MATCHED,MATCHED,True
405,1600938547284129,5,0.65225631,"[183.238,734.817,244.977,808.938]",4054962,0.7097659482342972,4054962,True,MATCHED,MATCHED,True
405,1600938547284129,6,0.50897956,"[0.674,805.992,34.58,854.224]",4054947,0.0,,False,NO_GT_OVERLAP,NO_GT_OVERLAP,False
405,1600938547284129,7,0.42428851,"[322.53,616.841,388.899,739.082]",4054947,0.0,,False,NO_GT_OVERLAP,NO_GT_OVERLAP,False
405,1600938547284129,8,0.33280456,"[199.139,278.155,235.149,323.735]",4054948,0.0296907374931795,,False,IOU_BELOW_0_5,IOU_BELOW_0_5,False
405,1600938547284129,9,0.14470714,"[327.836,616.374,387.484,694.618]",4054947,0.0,,False,LOW_CONF,LOW_CONF,False
405,1600938547284129,10,0.09074879,"[171.735,445.866,203.01,488.883]",4054947,0.6604224995253347,,False,LOW_CONF,LOW_CONF,False
405,1600938547284129,11,0.07655055,"[195.26,267.14,233.077,324.954]",4054948,0.028651823040289806,,False,LOW_CONF,LOW_CONF,False
405,1600938547284129,12,0.05495713,"[183.859,243.781,195.224,261.574]",4054947,0.0,,False,LOW_CONF,LOW_CONF,False
405,1600938547350789,0,0.92455471,"[615.744,503.699,709.717,609.05]",4054958,0.9539193167875301,4054958,True,MATCHED,MATCHED,True
405,1600938547350789,1,0.90622121,"[606.488,633.87,691.265,743.02]",4054959,0.9104270323249382,4054959,True,MATCHED,MATCHED,True
405,1600938547350789,2,0.88391322,"[566.632,256.304,625.12,325.036]",4054955,0.861101998157751,4054955,True,MATCHED,MATCHED,True
405,1600938547350789,3,0.87699801,"[557.651,336.237,626.387,411.748]",4054957,0.8960383728276713,4054957,True,MATCHED,MATCHED,True
405,1600938547350789,4,0.84336889,"[191.588,511.915,248.864,576.311]",4054949,0.8742481994228875,4054949,True,MATCHED,MATCHED,True
405,1600938547350789,5,0.74612093,"[186.644,737.42,232.927,818.09]",4054962,0.5043691563108375,4054962,True,MATCHED,MATCHED,True
405,1600938547350789,6,0.58301812,"[180.88,266.516,216.659,324.497]",4054948,0.020632867924884533,,False,IOU_BELOW_0_5,IOU_BELOW_0_5,False
405,1600938547350789,7,0.37109467,"[0.514,807.957,23.275,859.657]",4054947,0.0,,False,NO_GT_OVERLAP,NO_GT_OVERLAP,False
405,1600938547350789,8,0.17374389,"[308.331,616.109,375.016,738.963]",4054947,0.0,,False,LOW_CONF,LOW_CONF,False
405,1600938547350789,9,0.15858166,"[168.189,735.52,230.814,817.409]",4054962,0.6503431611297953,,False,LOW_CONF,LOW_CONF,False
405,1600938547350789,10,0.11048768,"[318.567,615.626,374.0,676.373]",4054947,0.0,,False,LOW_CONF,LOW_CONF,False
405,1600938547350789,11,0.10063012,"[155.524,599.512,202.154,639.438]",4054947,0.0,,False,LOW_CONF,LOW_CONF,False
405,1600938547350789,12,0.06871808,"[155.146,442.578,199.253,490.126]",4054947,0.5261771840808256,,False,LOW_CONF,LOW_CONF,False
405,1600938547350789,13,0.05301006,"[321.614,615.491,373.222,657.318]",4054947,0.0,,False,LOW_CONF,LOW_CONF,False
405,1600938547350789,14,0.05016208,"[606.377,365.214,647.135,416.217]",4054957,0.13486925673266345,,False,LOW_CONF,LOW_CONF,False
405,1600938547417448,0,0.92553574,"[600.295,505.004,696.294,610.457]",4054958,0.9536028934175228,4054958,True,MATCHED,MATCHED,True
405,1600938547417448,1,0.90674859,"[594.306,634.658,676.462,742.195]",4054959,0.9327033658820574,4054959,True,MATCHED,MATCHED,True
405,1600938547417448,2,0.90283155,"[540.839,338.964,610.436,413.039]",4054957,0.9095936077018089,4054957,True,MATCHED,MATCHED,True
405,1600938547417448,3,0.89154232,"[551.525,257.548,609.468,327.793]",4054955,0.9018346554428122,4054955,True,MATCHED,MATCHED,True
405,1600938547417448,4,0.85927266,"[177.405,514.632,237.529,578.056]",4054949,0.9261886024269832,4054949,True,MATCHED,MATCHED,True
405,1600938547417448,5,0.59575164,"[144.837,734.885,216.269,817.731]",4054962,0.7580133659034015,4054962,True,MATCHED,MATCHED,True
405,1600938547417448,6,0.5285548,"[145.878,598.241,192.877,638.427]",4054947,0.0,,False,NO_GT_OVERLAP,NO_GT_OVERLAP,False
405,1600938547417448,7,0.44537076,"[144.947,449.764,173.571,490.863]",4054947,0.8362321123047829,4054947,True,MATCHED,MATCHED,True
405,1600938547417448,8,0.43534705,"[169.624,737.801,216.709,817.483]",4054962,0.5433981830187705,,False,GREEDY_MATCH_CONFLICT,GREEDY_MATCH_CONFLICT,False
405,1600938547417448,9,0.20874891,"[174.478,278.231,206.703,325.992]",4054948,0.0367792787066008,,False,LOW_CONF,LOW_CONF,False
405,1600938547417448,10,0.10807905,"[164.347,268.851,202.303,325.171]",4054948,0.0231264084926433,,False,LOW_CONF,LOW_CONF,False
405,1600938547417448,11,0.08058392,"[149.168,443.029,186.591,490.538]",4054947,0.5266037119520935,,False,LOW_CONF,LOW_CONF,False
405,1600938547417448,12,0.07702719,"[297.179,618.218,366.147,739.887]",4054947,0.0,,False,LOW_CONF,LOW_CONF,False
405,1600938547484107,0,0.92528278,"[585.779,505.468,681.622,611.504]",4054958,0.9410131338879381,4054958,True,MATCHED,MATCHED,True
405,1600938547484107,1,0.90661192,"[577.355,635.061,661.399,742.977]",4054959,0.9098115305754798,4054959,True,MATCHED,MATCHED,True
405,1600938547484107,2,0.90264094,"[537.073,257.472,594.526,327.732]",4054955,0.9387640275350916,4054955,True,MATCHED,MATCHED,True
405,1600938547484107,3,0.88912463,"[526.368,339.538,595.718,413.698]",4054957,0.9407345893543059,4054957,True,MATCHED,MATCHED,True
405,1600938547484107,4,0.84992975,"[165.517,512.97,224.633,577.517]",4054949,0.9779960299753649,4054949,True,MATCHED,MATCHED,True
405,1600938547484107,5,0.71373796,"[140.663,735.811,202.227,815.357]",4054962,0.7076240758587855,4054962,True,MATCHED,MATCHED,True
405,1600938547484107,6,0.58336955,"[131.251,447.938,164.339,493.368]",4054947,0.7795138986181245,4054947,True,MATCHED,MATCHED,True
405,1600938547484107,7,0.50793034,"[137.598,593.314,191.302,641.4]",4054947,0.0,,False,NO_GT_OVERLAP,NO_GT_OVERLAP,False
405,1600938547484107,8,0.05705167,"[102.916,898.278,127.843,917.45]",4054947,0.0,,False,LOW_CONF,LOW_CONF,False
405,1600938547550767,0,0.92216402,"[572.545,504.795,666.696,611.928]",4054958,0.9563107858023636,4054958,True,MATCHED,MATCHED,True
405,1600938547550767,1,0.90422904,"[568.041,635.04,647.636,745.135]",4054959,0.9261917305321712,4054959,True,MATCHED,MATCHED,True
405,1600938547550767,2,0.89756882,"[523.64,257.152,580.741,329.142]",4054955,0.9043479435150639,4054955,True,MATCHED,MATCHED,True
405,1600938547550767,3,0.88854212,"[511.905,341.153,581.576,413.301]",4054957,0.8934519063832354,4054957,True,MATCHED,MATCHED,True
405,1600938547550767,4,0.85030895,"[150.858,513.017,210.729,577.261]",4054949,0.9203826346786428,4054949,True,MATCHED,MATCHED,True
405,1600938547550767,5,0.79725605,"[150.154,737.436,191.019,813.651]",4054962,0.45248975726523544,,False,IOU_BELOW_0_5,IOU_BELOW_0_5,False
405,1600938547550767,6,0.71184325,"[114.503,441.371,167.194,494.348]",4054947,0.519917367754791,4054947,True,MATCHED,MATCHED,True
405,1600938547550767,7,0.70315713,"[153.834,592.868,182.287,640.704]",4054947,0.0,,False,NO_GT_OVERLAP,NO_GT_OVERLAP,False
405,1600938547550767,8,0.10778742,"[150.952,290.974,175.335,323.405]",4054948,0.0384001592358177,,False,LOW_CONF,LOW_CONF,False
405,1600938547550767,9,0.09854896,"[281.637,617.641,345.217,734.034]",4054947,0.0,,False,LOW_CONF,LOW_CONF,False
405,1600938547550767,10,0.07579502,"[286.356,617.05,343.606,671.405]",4054947,0.0,,False,LOW_CONF,LOW_CONF,False
405,1600938547550767,11,0.05125729,"[151.474,319.104,164.406,333.604]",4054948,0.6932815683095653,,False,LOW_CONF,LOW_CONF,False
405,1600938547550767,12,0.05096589,"[694.163,827.421,719.571,868.26]",4054965,0.7625832778062211,,False,LOW_CONF,LOW_CONF,False
405,1600938547617427,0,0.92762977,"[559.152,506.111,649.987,610.737]",4054958,0.9670734912586184,4054958,True,MATCHED,MATCHED,True
405,1600938547617427,1,0.91094643,"[553.414,635.568,633.757,744.507]",4054959,0.9558836663469623,4054959,True,MATCHED,MATCHED,True
405,1600938547617427,2,0.9034968,"[509.995,257.877,566.023,328.693]",4054955,0.9244911962151341,4054955,True,MATCHED,MATCHED,True
405,1600938547617427,3,0.88686419,"[497.285,340.575,567.066,416.068]",4054957,0.9346805250312671,4054957,True,MATCHED,MATCHED,True
405,1600938547617427,4,0.8542006,"[138.314,512.693,199.268,577.083]",4054949,0.9589044248463034,4054949,True,MATCHED,MATCHED,True
405,1600938547617427,5,0.72328442,"[124.637,738.217,175.786,816.885]",4054962,0.5490046380792452,4054962,True,MATCHED,MATCHED,True
405,1600938547617427,6,0.72044337,"[99.147,445.22,136.994,493.372]",4054947,0.8145350912016993,4054947,True,MATCHED,MATCHED,True
405,1600938547617427,7,0.50830609,"[138.064,595.917,171.329,641.68]",4054947,0.0,,False,NO_GT_OVERLAP,NO_GT_OVERLAP,False
405,1600938547617427,8,0.35402894,"[699.654,454.039,718.631,490.141]",4054947,0.0,,False,NO_GT_OVERLAP,NO_GT_OVERLAP,False
405,1600938547617427,9,0.10265298,"[104.937,736.622,172.006,817.981]",4054962,0.684285890814018,,False,LOW_CONF,LOW_CONF,False
405,1600938547617427,10,0.08547413,"[683.438,826.54,719.894,867.7]",4054965,0.8101262506534088,,False,LOW_CONF,LOW_CONF,False
405,1600938547617427,11,0.06476991,"[696.302,826.432,720.0,867.119]",4054965,0.537151558692698,,False,LOW_CONF,LOW_CONF,False
405,1600938547617427,12,0.05353993,"[618.197,897.913,639.821,921.423]",4054947,0.0,,False,LOW_CONF,LOW_CONF,False
405,1600938547684085,0,0.92712259,"[544.6,506.298,635.446,611.188]",4054958,0.9474418979433272,4054958,True,MATCHED,MATCHED,True
405,1600938547684085,1,0.91213703,"[495.255,258.331,551.613,329.76]",4054955,0.9316155820242473,4054955,True,MATCHED,MATCHED,True
405,1600938547684085,2,0.90112513,"[538.999,635.932,622.344,744.472]",4054959,0.9310439915143193,4054959,True,MATCHED,MATCHED,True
405,1600938547684085,3,0.88289613,"[482.421,340.807,552.169,415.996]",4054957,0.9051627503616708,4054957,True,MATCHED,MATCHED,True
405,1600938547684085,4,0.85644656,"[123.636,514.022,181.138,577.099]",4054949,0.9019315408249888,4054949,True,MATCHED,MATCHED,True
405,1600938547684085,5,0.73549658,"[84.125,443.921,134.215,494.808]",4054947,0.6364166956397389,4054947,True,MATCHED,MATCHED,False
405,1600938547684085,6,0.68971229,"[117.732,737.528,163.718,817.17]",4054962,0.5053487944714897,,False,GREEDY_MATCH_CONFLICT,GREEDY_MATCH_CONFLICT,False
405,1600938547684085,7,0.52026069,"[82.697,734.687,164.472,817.423]",4054962,0.8289607992566232,4054962,True,MATCHED,MATCHED,True
405,1600938547684085,8,0.1881258,"[687.387,450.683,719.942,492.529]",4054947,0.0,,False,LOW_CONF,LOW_CONF,False
405,1600938547684085,9,0.13300498,"[119.401,597.246,160.148,642.124]",4054947,0.0,,False,LOW_CONF,LOW_CONF,False
405,1600938547684085,10,0.06890669,"[675.166,827.309,719.068,866.336]",4054965,0.7788253297840149,,False,LOW_CONF,LOW_CONF,False
405,1600938547684085,11,0.05167766,"[122.677,320.387,135.563,333.733]",4054948,0.5723289081252373,,False,LOW_CONF,LOW_CONF,False
405,1600938547750744,0,0.92955506,"[531.344,506.024,621.459,610.647]",4054958,0.8506874203911071,4054958,True,MATCHED,MATCHED,True
405,1600938547750744,1,0.91240728,"[525.991,636.32,607.672,744.621]",4054959,0.9210533049251286,4054959,True,MATCHED,MATCHED,True
405,1600938547750744,2,0.90535045,"[482.633,258.932,537.906,328.902]",4054955,0.9425129635440131,4054955,True,MATCHED,MATCHED,True
405,1600938547750744,3,0.88914496,"[466.733,339.9,538.391,414.704]",4054957,0.9189499110367694,4054957,True,MATCHED,MATCHED,True
405,1600938547750744,4,0.8530907,"[112.017,513.332,174.214,577.268]",4054949,0.9246624790928772,4054949,True,MATCHED,MATCHED,True
405,1600938547750744,5,0.75548625,"[65.972,442.274,106.038,493.079]",4054947,0.7909003807129102,4054947,True,MATCHED,MATCHED,True
405,1600938547750744,6,0.74023473,"[69.792,734.948,146.826,814.973]",4054962,0.7953159042736906,4054962,True,MATCHED,MATCHED,True
405,1600938547750744,7,0.61270732,"[93.482,737.327,147.366,814.919]",4054962,0.5821642480831551,,False,GREEDY_MATCH_CONFLICT,GREEDY_MATCH_CONFLICT,False
405,1600938547750744,8,0.14471345,"[121.177,605.063,149.097,643.384]",4054947,0.0,,False,LOW_CONF,LOW_CONF,False
405,1600938547750744,9,0.13291159,"[702.69,925.436,719.664,1003.092]",4054967,0.5234676844553574,,False,LOW_CONF,LOW_CONF,False
405,1600938547750744,10,0.05862598,"[117.939,596.432,148.926,641.793]",4054947,0.0,,False,LOW_CONF,LOW_CONF,False
405,1600938547750744,11,0.05093861,"[108.982,319.095,122.094,333.106]",4054948,0.5681842122949913,,False,LOW_CONF,LOW_CONF,False
405,1600938547817404,0,0.93109924,"[517.196,506.132,608.64,611.267]",4054958,0.9547780083752301,4054958,True,MATCHED,MATCHED,True
405,1600938547817404,1,0.91057724,"[512.801,636.17,593.66,745.65]",4054959,0.9491303206600569,4054959,True,MATCHED,MATCHED,True
405,1600938547817404,2,0.90445036,"[469.021,259.17,524.464,329.331]",4054955,0.9285326298388151,4054955,True,MATCHED,MATCHED,True
405,1600938547817404,3,0.90153283,"[451.453,340.475,524.597,415.04]",4054957,0.918335115844335,4054957,True,MATCHED,MATCHED,True
405,1600938547817404,4,0.85708588,"[97.062,513.487,157.492,576.453]",4054949,0.9014631573812488,4054949,True,MATCHED,MATCHED,True
405,1600938547817404,5,0.77768081,"[85.147,739.713,134.432,817.303]",4054962,0.5446631879126612,4054962,True,MATCHED,MATCHED,True
405,1600938547817404,6,0.69759423,"[50.482,443.328,97.404,493.981]",4054947,0.7416918273931528,4054947,True,MATCHED,MATCHED,True
405,1600938547817404,7,0.62626904,"[694.611,925.011,719.764,999.488]",4054967,0.8247607532341601,4054967,True,MATCHED,MATCHED,True
405,1600938547817404,8,0.28744325,"[654.459,826.426,719.209,871.258]",4054965,0.8349764110375983,,False,LOW_CONF,LOW_CONF,False
405,1600938547817404,9,0.09694473,"[684.984,925.276,720.0,1003.212]",4054967,0.6383274265400781,,False,LOW_CONF,LOW_CONF,False
405,1600938547817404,10,0.08361588,"[696.817,495.749,719.592,519.693]",4054947,0.0,,False,LOW_CONF,LOW_CONF,False
405,1600938547884062,0,0.93274122,"[504.348,506.927,593.546,611.958]",4054958,0.9677454165803705,4054958,True,MATCHED,MATCHED,True
405,1600938547884062,1,0.91088533,"[500.056,635.696,579.961,747.083]",4054959,0.9464766302709835,4054959,True,MATCHED,MATCHED,True
405,1600938547884062,2,0.90045935,"[437.955,340.6,510.131,415.981]",4054957,0.9036501134257969,4054957,True,MATCHED,MATCHED,True
405,1600938547884062,3,0.89702547,"[454.449,259.557,510.626,329.795]",4054955,0.9290289111400881,4054955,True,MATCHED,MATCHED,True
405,1600938547884062,4,0.83586007,"[84.816,513.758,145.32,576.351]",4054949,0.90366669355536,4054949,True,MATCHED,MATCHED,True
405,1600938547884062,5,0.74001676,"[37.127,443.817,82.758,493.561]",4054947,0.7904124699869297,4054947,True,MATCHED,MATCHED,True
405,1600938547884062,6,0.73103642,"[78.014,740.552,121.849,819.919]",4054962,0.4935081601013787,,False,IOU_BELOW_0_5,IOU_BELOW_0_5,False
405,1600938547884062,7,0.66543669,"[672.983,928.582,716.34,1000.594]",4054967,0.8151617187414003,4054967,True,MATCHED,MATCHED,True
405,1600938547884062,8,0.22058502,"[53.227,738.665,120.656,819.847]",4054962,0.7285085957852125,,False,LOW_CONF,LOW_CONF,False
405,1600938547884062,9,0.19710721,"[454.794,233.628,469.066,248.79]",4054952,0.6544017108870135,,False,LOW_CONF,LOW_CONF,False
405,1600938547884062,10,0.18470372,"[674.403,837.093,718.915,876.95]",4054965,0.3641450706075537,,False,LOW_CONF,LOW_CONF,False
405,1600938547884062,11,0.12245607,"[644.899,825.723,717.86,875.211]",4054965,0.7411112413793113,,False,LOW_CONF,LOW_CONF,False
405,1600938547884062,12,0.09173454,"[84.041,320.719,96.37,333.786]",4054948,0.6140325206523183,,False,LOW_CONF,LOW_CONF,False
405,1600938547950722,0,0.92810559,"[489.751,507.351,580.665,612.098]",4054958,0.9551181096274908,4054958,True,MATCHED,MATCHED,True
405,1600938547950722,1,0.91195291,"[484.629,635.726,564.867,746.062]",4054959,0.9571324390734794,4054959,True,MATCHED,MATCHED,True
405,1600938547950722,2,0.90532517,"[422.247,341.817,496.06,416.449]",4054957,0.9160945532774795,4054957,True,MATCHED,MATCHED,True
405,1600938547950722,3,0.9035095,"[439.943,260.201,496.209,329.909]",4054955,0.9620965156417882,4054955,True,MATCHED,MATCHED,True
405,1600938547950722,4,0.83279908,"[69.916,513.728,131.587,576.557]",4054949,0.9212508288739151,4054949,True,MATCHED,MATCHED,True
405,1600938547950722,5,0.74617708,"[23.675,444.91,69.776,496.36]",4054947,0.7690049032283852,4054947,True,MATCHED,MATCHED,True
405,1600938547950722,6,0.70390874,"[50.873,738.35,108.157,818.469]",4054962,0.619557305962064,,False,GREEDY_MATCH_CONFLICT,GREEDY_MATCH_CONFLICT,False
405,1600938547950722,7,0.63075334,"[659.583,929.974,704.236,1001.45]",4054967,0.8854589703009155,4054967,True,MATCHED,MATCHED,True
405,1600938547950722,8,0.56222796,"[26.722,733.084,106.24,819.927]",4054962,0.7765971441111569,4054962,True,MATCHED,MATCHED,True
405,1600938547950722,9,0.11254422,"[441.267,234.487,455.71,249.073]",4054952,0.6600685526197689,,False,LOW_CONF,LOW_CONF,False
405,1600938547950722,10,0.07570462,"[629.414,825.359,708.763,877.811]",4054965,0.8160811270588241,,False,LOW_CONF,LOW_CONF,False
405,1600938547950722,11,0.05718327,"[59.633,340.571,75.967,360.345]",4054947,0.0,,False,LOW_CONF,LOW_CONF,False
405,1600938548017382,0,0.92039144,"[476.233,507.115,566.792,612.163]",4054958,0.9410076240828034,4054958,True,MATCHED,MATCHED,True
405,1600938548017382,1,0.91953468,"[473.77,636.117,549.167,745.259]",4054959,0.9526008604841681,4054959,True,MATCHED,MATCHED,True
405,1600938548017382,2,0.90686613,"[408.065,340.959,481.595,416.559]",4054957,0.9258607594936715,4054957,True,MATCHED,MATCHED,True
405,1600938548017382,3,0.89775038,"[424.613,259.674,482.826,330.232]",4054955,0.9825824529525359,4054955,True,MATCHED,MATCHED,True
405,1600938548017382,4,0.8417207,"[55.811,514.992,118.861,576.674]",4054949,0.9151832892852817,4054949,True,MATCHED,MATCHED,True
405,1600938548017382,5,0.79062313,"[21.093,738.937,94.34,821.466]",4054962,0.7244276461280308,4054962,True,MATCHED,MATCHED,True
405,1600938548017382,6,0.75912392,"[9.72,444.87,62.079,496.468]",4054947,0.6640460949973194,4054947,True,MATCHED,MATCHED,True
405,1600938548017382,7,0.70598298,"[645.269,931.078,691.538,1004.285]",4054967,0.828290624661545,4054967,True,MATCHED,MATCHED,True
405,1600938548017382,8,0.18882939,"[623.211,825.932,692.635,877.828]",4054965,0.7064368439215679,,False,LOW_CONF,LOW_CONF,False
405,1600938548084040,0,0.92114788,"[462.869,508.218,553.252,612.317]",4054958,0.9509423482770468,4054958,True,MATCHED,MATCHED,True
405,1600938548084040,1,0.91214311,"[459.458,636.667,537.035,744.128]",4054959,0.966116857026261,4054959,True,MATCHED,MATCHED,True
405,1600938548084040,2,0.90560275,"[412.048,260.232,468.343,331.125]",4054955,0.9689780361249098,4054955,True,MATCHED,MATCHED,True
405,1600938548084040,3,0.90236199,"[393.229,341.74,468.666,417.657]",4054957,0.9136956982808543,4054957,True,MATCHED,MATCHED,True
405,1600938548084040,4,0.84889114,"[43.451,515.775,103.173,576.895]",4054949,0.8913818412698412,4054949,True,MATCHED,MATCHED,True
405,1600938548084040,5,0.82532871,"[0.0,445.036,41.0,496.113]",4054947,0.7563902801938918,4054947,True,MATCHED,MATCHED,True
405,1600938548084040,6,0.82045835,"[20.576,743.339,82.673,823.473]",4054962,0.6766541951593914,4054962,True,MATCHED,MATCHED,True
405,1600938548084040,7,0.81043541,"[632.176,931.937,677.97,1001.328]",4054967,0.8726901525348085,4054967,True,MATCHED,MATCHED,True
405,1600938548084040,8,0.2514151,"[615.67,827.468,682.091,877.859]",4054965,0.653204646955505,,False,LOW_CONF,LOW_CONF,False
405,1600938548084040,9,0.17516023,"[622.47,841.35,682.913,879.012]",4054965,0.44426312763465936,,False,LOW_CONF,LOW_CONF,False
405,1600938548084040,10,0.11746621,"[406.479,560.813,471.595,635.839]",4054958,0.024328536454097067,,False,LOW_CONF,LOW_CONF,False
405,1600938548084040,11,0.07885063,"[37.091,271.611,59.681,317.802]",4054947,0.0,,False,LOW_CONF,LOW_CONF,False
405,1600938548150699,0,0.92557508,"[447.746,508.768,539.596,613.113]",4054958,0.8972208434375527,4054958,True,MATCHED,MATCHED,True
405,1600938548150699,1,0.91540474,"[446.547,638.131,522.589,746.59]",4054959,0.9520115127059444,4054959,True,MATCHED,MATCHED,True
405,1600938548150699,2,0.91291553,"[397.432,261.837,453.077,331.902]",4054955,0.9370172252513492,4054955,True,MATCHED,MATCHED,True
405,1600938548150699,3,0.88841742,"[377.41,342.997,454.016,418.322]",4054957,0.9603703482611173,4054957,True,MATCHED,MATCHED,True
405,1600938548150699,4,0.85649878,"[31.985,514.401,94.525,576.393]",4054949,0.8878648151662833,4054949,True,MATCHED,MATCHED,True
405,1600938548150699,5,0.79420012,"[15.194,741.694,67.991,816.112]",4054962,0.6939225083679806,4054962,True,MATCHED,MATCHED,True
405,1600938548150699,6,0.78084207,"[0.0,448.612,35.65,499.848]",4054947,0.5124377286876548,4054947,True,MATCHED,MATCHED,True
405,1600938548150699,7,0.69456172,"[617.305,932.961,664.277,1002.277]",4054967,0.8507686591243323,4054967,True,MATCHED,MATCHED,True
405,1600938548150699,8,0.14461851,"[0.092,781.591,19.033,828.034]",4054962,0.13526972667831574,,False,LOW_CONF,LOW_CONF,False
405,1600938548217359,0,0.92372763,"[434.247,638.167,509.593,746.087]",4054959,0.9497974219546237,4054959,True,MATCHED,MATCHED,True
405,1600938548217359,1,0.92234319,"[436.19,508.148,524.273,612.483]",4054958,0.9244751471858548,4054958,True,MATCHED,MATCHED,True
405,1600938548217359,2,0.91008061,"[383.383,261.441,439.398,330.959]",4054955,0.954936949788938,4054955,True,MATCHED,MATCHED,True
405,1600938548217359,3,0.89383477,"[362.948,342.366,439.355,417.512]",4054957,0.9317884488802342,4054957,True,MATCHED,MATCHED,True
405,1600938548217359,4,0.86587441,"[16.624,514.746,83.911,575.787]",4054949,0.8863390292819776,4054949,True,MATCHED,MATCHED,True
405,1600938548217359,5,0.78053194,"[4.871,740.699,53.082,819.831]",4054962,0.8227976328839219,4054962,True,MATCHED,MATCHED,True
405,1600938548217359,6,0.77225202,"[605.251,933.006,654.18,1000.848]",4054967,0.8725624499521875,4054967,True,MATCHED,MATCHED,True
405,1600938548217359,7,0.38121179,"[0.125,448.159,21.561,495.574]",4054947,0.2853783616101867,,False,IOU_BELOW_0_5,IOU_BELOW_0_5,False
405,1600938548217359,8,0.15681063,"[387.856,235.797,400.602,249.065]",4054952,0.6864596591353576,,False,LOW_CONF,LOW_CONF,False
405,1600938548217359,9,0.14398891,"[0.973,445.234,31.363,497.684]",4054947,0.159512845894967,,False,LOW_CONF,LOW_CONF,False
405,1600938548217359,10,0.12878835,"[600.282,836.469,657.828,879.771]",4054965,0.48631086885245745,,False,LOW_CONF,LOW_CONF,False
405,1600938548217359,11,0.07199539,"[589.778,827.396,657.634,877.989]",4054965,0.6699919219359884,,False,LOW_CONF,LOW_CONF,False
405,1600938548217359,12,0.06055727,"[615.925,843.454,657.287,880.239]",4054965,0.29693621584699575,,False,LOW_CONF,LOW_CONF,False
405,1600938548284017,0,0.92078102,"[421.582,508.805,515.892,614.346]",4054958,0.9026188746180427,4054958,True,MATCHED,MATCHED,True
405,1600938548284017,1,0.91166806,"[370.446,262.191,425.828,331.877]",4054955,0.9505788305418716,4054955,True,MATCHED,MATCHED,True
405,1600938548284017,2,0.90994656,"[419.475,638.011,496.472,744.219]",4054959,0.971484668421206,4054959,True,MATCHED,MATCHED,True
405,1600938548284017,3,0.87840039,"[348.53,342.304,424.575,418.448]",4054957,0.9517374227481922,4054957,True,MATCHED,MATCHED,True
405,1600938548284017,4,0.81669438,"[0.194,739.836,41.442,816.792]",4054962,0.7863197778658724,4054962,True,MATCHED,MATCHED,True
405,1600938548284017,5,0.80368465,"[588.961,933.456,640.191,1001.414]",4054967,0.8325803797616296,4054967,True,MATCHED,MATCHED,True
405,1600938548284017,6,0.79695809,"[1.703,511.277,64.494,576.242]",4054949,0.8491644100723235,4054949,True,MATCHED,MATCHED,True
405,1600938548284017,7,0.32274857,"[373.814,236.715,385.916,250.07]",4054952,0.6923781304953425,4054952,True,MATCHED,MATCHED,True
405,1600938548284017,8,0.28030971,"[567.633,826.515,644.21,879.774]",4054965,0.779960689041882,,False,LOW_CONF,LOW_CONF,False
405,1600938548284017,9,0.08871353,"[2.692,442.891,21.628,468.596]",4054949,0.0,,False,LOW_CONF,LOW_CONF,False
405,1600938548350676,0,0.91572833,"[407.636,509.125,499.356,614.052]",4054958,0.9278439075959994,4054958,True,MATCHED,MATCHED,True
405,1600938548350676,1,0.91435248,"[403.431,637.834,482.128,744.821]",4054959,0.9480676198959183,4054959,True,MATCHED,MATCHED,True
405,1600938548350676,2,0.90685833,"[356.465,262.129,412.072,332.218]",4054955,0.9855563011010394,4054955,True,MATCHED,MATCHED,True
405,1600938548350676,3,0.88188398,"[333.642,342.132,411.04,418.028]",4054957,0.9645356003029546,4054957,True,MATCHED,MATCHED,True
405,1600938548350676,4,0.83652729,"[0.0,514.479,53.416,573.965]",4054949,0.9504342904744086,4054949,True,MATCHED,MATCHED,True
405,1600938548350676,5,0.80223376,"[575.265,932.555,627.433,1002.167]",4054967,0.8360850680923672,4054967,True,MATCHED,MATCHED,True
405,1600938548350676,6,0.62328285,"[0.0,743.62,27.239,797.925]",4054962,0.7301175331374241,4054962,True,MATCHED,MATCHED,True
405,1600938548350676,7,0.38848412,"[358.99,235.712,372.227,250.671]",4054952,0.7476289330135324,4054952,True,MATCHED,MATCHED,True
405,1600938548350676,8,0.13289307,"[558.106,831.226,632.914,879.761]",4054965,0.7003870138888884,,False,LOW_CONF,LOW_CONF,False
405,1600938548350676,9,0.08741952,"[571.586,841.396,633.835,880.204]",4054965,0.46600293055555564,,False,LOW_CONF,LOW_CONF,False
405,1600938548350676,10,0.05190795,"[601.397,853.586,634.129,880.73]",4054965,0.17059769891817353,,False,LOW_CONF,LOW_CONF,False
405,1600938548417336,0,0.92365956,"[393.522,509.289,482.91,613.519]",4054958,0.9460509222437954,4054958,True,MATCHED,MATCHED,True
405,1600938548417336,1,0.92097515,"[393.618,637.197,468.191,744.598]",4054959,0.9492319016034308,4054959,True,MATCHED,MATCHED,True
405,1600938548417336,2,0.89672238,"[342.944,261.346,398.022,332.138]",4054955,0.9707623050873205,4054955,True,MATCHED,MATCHED,True
405,1600938548417336,3,0.89278418,"[319.142,341.58,398.386,418.589]",4054957,0.9719898348619416,4054957,True,MATCHED,MATCHED,True
405,1600938548417336,4,0.76265997,"[563.756,933.238,613.88,1004.037]",4054967,0.7910404630510964,4054967,True,MATCHED,MATCHED,True
405,1600938548417336,5,0.61411738,"[0.0,515.896,38.164,561.294]",4054949,0.8003455138386879,4054949,True,MATCHED,MATCHED,True
405,1600938548417336,6,0.33114529,"[345.65,235.355,359.358,251.066]",4054952,0.7789012030959779,4054952,True,MATCHED,MATCHED,True
405,1600938548417336,7,0.14545238,"[708.938,580.899,720.0,606.44]",4054949,0.0,,False,LOW_CONF,LOW_CONF,False
405,1600938548417336,8,0.08983081,"[559.327,846.569,621.339,881.249]",4054965,0.4034852082551606,,False,LOW_CONF,LOW_CONF,False
405,1600938548417336,9,0.06991637,"[550.377,829.322,619.936,877.904]",4054965,0.6340178870544096,,False,LOW_CONF,LOW_CONF,False
405,1600938548417336,10,0.06699808,"[345.022,230.676,359.924,252.129]",4054952,0.6960025726033615,,False,LOW_CONF,LOW_CONF,False
405,1600938548417336,11,0.05756324,"[703.868,580.531,719.758,606.869]",4054949,0.0,,False,LOW_CONF,LOW_CONF,False
405,1600938548483994,0,0.9285543,"[380.59,509.269,468.249,613.73]",4054958,0.9670960381611383,4054958,True,MATCHED,MATCHED,True
405,1600938548483994,1,0.91389185,"[328.694,262.882,385.31,332.784]",4054955,0.9673682996163248,4054955,True,MATCHED,MATCHED,True
405,1600938548483994,2,0.9107973,"[380.251,638.236,454.524,746.399]",4054959,0.9215442092645298,4054959,True,MATCHED,MATCHED,True
405,1600938548483994,3,0.90663779,"[304.872,341.705,384.476,418.448]",4054957,0.9765387410559343,4054957,True,MATCHED,MATCHED,True
405,1600938548483994,4,0.79842752,"[548.391,933.241,600.903,1002.356]",4054967,0.829205822728957,4054967,True,MATCHED,MATCHED,True
405,1600938548483994,5,0.2593236,"[333.614,235.269,345.145,250.944]",4054952,0.6563853621895683,,False,LOW_CONF,LOW_CONF,False
405,1600938548483994,6,0.24683188,"[536.291,828.82,604.662,878.822]",4054965,0.6414046420262656,,False,LOW_CONF,LOW_CONF,False
405,1600938548483994,7,0.09500632,"[541.492,842.228,606.625,881.024]",4054965,0.47409003151970064,,False,LOW_CONF,LOW_CONF,False
405,1600938548483994,8,0.07631876,"[0.275,518.362,21.089,543.157]",4054949,0.5954191404704072,,False,LOW_CONF,LOW_CONF,False
405,1600938548483994,9,0.07276246,"[700.343,582.024,720.0,608.735]",4054949,0.0,,False,LOW_CONF,LOW_CONF,False
405,1600938548483994,10,0.05105898,"[332.87,230.95,345.042,252.365]",4054952,0.6024084857440863,,False,LOW_CONF,LOW_CONF,False
405,1600938548483994,11,0.0508088,"[332.988,237.028,345.445,254.543]",4054952,0.726615036275526,,False,LOW_CONF,LOW_CONF,False
405,1600938548550654,0,0.9220562,"[366.613,509.927,454.864,614.014]",4054958,0.9478986646968749,4054958,True,MATCHED,MATCHED,True
405,1600938548550654,1,0.92093688,"[314.722,263.112,370.942,333.198]",4054955,0.9531954649067017,4054955,True,MATCHED,MATCHED,True
405,1600938548550654,2,0.91720474,"[291.015,343.408,368.762,419.205]",4054957,0.9512965483912216,4054957,True,MATCHED,MATCHED,True
405,1600938548550654,3,0.90296799,"[366.174,638.697,442.057,745.48]",4054959,0.9433381004036444,4054959,True,MATCHED,MATCHED,True
405,1600938548550654,4,0.7726168,"[537.383,932.975,588.919,1002.113]",4054967,0.7309742460694675,4054967,True,MATCHED,MATCHED,True
405,1600938548550654,5,0.60639328,"[518.378,829.445,593.328,879.478]",4054965,0.7122456505223151,4054965,True,MATCHED,MATCHED,True
405,1600938548550654,6,0.11687145,"[319.75,235.207,331.605,250.44]",4054952,0.6470144495759835,,False,LOW_CONF,LOW_CONF,False
405,1600938548617313,0,0.92745715,"[352.618,509.235,441.481,613.616]",4054958,0.9643905736554708,4054958,True,MATCHED,MATCHED,True
405,1600938548617313,1,0.91518241,"[353.552,638.824,427.598,744.939]",4054959,0.9327387571225071,4054959,True,MATCHED,MATCHED,True
405,1600938548617313,2,0.90972966,"[301.454,261.906,357.997,332.495]",4054955,0.9393392248330873,4054955,True,MATCHED,MATCHED,True
405,1600938548617313,3,0.89355028,"[278.205,342.684,355.517,418.87]",4054957,0.9558734229146378,4054957,True,MATCHED,MATCHED,True
405,1600938548617313,4,0.8041988,"[512.511,927.858,575.002,1001.732]",4054967,0.8229061744610087,4054967,True,MATCHED,MATCHED,True
405,1600938548617313,5,0.38728404,"[511.135,830.523,581.013,877.831]",4054965,0.5441627035390949,4054965,True,MATCHED,MATCHED,True
405,1600938548617313,6,0.2140719,"[306.318,235.87,320.126,250.674]",4054952,0.6773972358839886,,False,LOW_CONF,LOW_CONF,False
405,1600938548617313,7,0.10360957,"[303.914,235.236,318.213,249.839]",4054952,0.7260671500490656,,False,LOW_CONF,LOW_CONF,False
405,1600938548617313,8,0.08999942,"[308.046,237.061,318.192,253.746]",4054952,0.6244819910450007,,False,LOW_CONF,LOW_CONF,False
405,1600938548683973,0,0.93621123,"[344.835,508.648,430.953,612.602]",4054958,0.952420152006405,4054958,True,MATCHED,MATCHED,True
405,1600938548683973,1,0.90598005,"[340.886,637.913,418.835,743.048]",4054959,0.9700328232787516,4054959,True,MATCHED,MATCHED,True
405,1600938548683973,2,0.90506566,"[290.017,261.219,346.211,331.055]",4054955,0.948565966851955,4054955,True,MATCHED,MATCHED,True
405,1600938548683973,3,0.88787675,"[266.758,341.092,343.1,417.704]",4054957,0.9491582771827339,4054957,True,MATCHED,MATCHED,True
405,1600938548683973,4,0.73846138,"[503.129,925.019,563.438,1002.523]",4054967,0.8548648873515737,4054967,True,MATCHED,MATCHED,True
405,1600938548683973,5,0.65551889,"[499.069,829.818,572.674,883.592]",4054965,0.6346056228956226,4054965,True,MATCHED,MATCHED,True
405,1600938548683973,6,0.14650483,"[296.113,234.452,308.676,249.693]",4054952,0.6204499197861644,,False,LOW_CONF,LOW_CONF,False
405,1600938548750633,0,0.93466896,"[328.119,511.153,417.558,616.615]",4054958,0.9459971849530299,4054958,True,MATCHED,MATCHED,True
405,1600938548750633,1,0.90660232,"[327.894,640.033,403.953,745.575]",4054959,0.9716423502664435,4054959,True,MATCHED,MATCHED,True
405,1600938548750633,2,0.88431841,"[252.922,344.158,330.221,422.162]",4054957,0.9482248954151509,4054957,True,MATCHED,MATCHED,True
405,1600938548750633,3,0.87363005,"[276.998,265.12,333.761,335.398]",4054955,0.9358638538726045,4054955,True,MATCHED,MATCHED,True
405,1600938548750633,4,0.77023697,"[487.77,921.23,547.602,1001.593]",4054967,0.8243615501317384,4054967,True,MATCHED,MATCHED,True
405,1600938548750633,5,0.40024129,"[491.079,836.235,559.375,881.922]",4054965,0.49370875822784815,,False,IOU_BELOW_0_5,IOU_BELOW_0_5,False
405,1600938548750633,6,0.16432334,"[281.84,237.764,295.772,253.637]",4054952,0.7878463451127292,,False,LOW_CONF,LOW_CONF,False
405,1600938548750633,7,0.09862001,"[94.542,620.163,146.87,675.117]",4054952,0.0,,False,LOW_CONF,LOW_CONF,False
405,1600938548817294,0,0.9288466,"[315.071,512.049,402.53,617.582]",4054958,0.9263669513332364,4054958,True,MATCHED,MATCHED,True
405,1600938548817294,1,0.91052878,"[236.996,345.744,314.795,423.511]",4054957,0.9690532404512968,4054957,True,MATCHED,MATCHED,True
405,1600938548817294,2,0.89556044,"[314.883,640.726,388.965,747.316]",4054959,0.9442358623378717,4054959,True,MATCHED,MATCHED,True
405,1600938548817294,3,0.87895888,"[261.144,267.886,317.9,336.339]",4054955,0.9510148233171645,4054955,True,MATCHED,MATCHED,True
405,1600938548817294,4,0.75074452,"[470.548,920.864,537.351,1001.653]",4054967,0.885637247921531,4054967,True,MATCHED,MATCHED,True
405,1600938548817294,5,0.33377874,"[478.953,824.36,551.106,882.589]",4054965,0.6325499905149058,4054965,True,MATCHED,MATCHED,True
405,1600938548817294,6,0.10062218,"[266.603,241.501,278.985,255.672]",4054952,0.7830871783998549,,False,LOW_CONF,LOW_CONF,False
405,1600938548883955,0,0.92094249,"[301.019,508.188,388.742,613.563]",4054958,0.9641988043772577,4054958,True,MATCHED,MATCHED,True
405,1600938548883955,1,0.91022468,"[223.877,341.344,301.615,415.802]",4054957,0.8827536989476897,4054957,True,MATCHED,MATCHED,True
405,1600938548883955,2,0.89812028,"[303.719,638.048,376.512,743.276]",4054959,0.917788378145219,4054959,True,MATCHED,MATCHED,True
405,1600938548883955,3,0.8919856,"[247.124,261.755,304.336,330.917]",4054955,0.9801704978788558,4054955,True,MATCHED,MATCHED,True
405,1600938548883955,4,0.52606177,"[460.289,926.227,527.603,998.63]",4054967,0.8388529332185883,4054967,True,MATCHED,MATCHED,True
405,1600938548883955,5,0.12906317,"[473.784,819.098,541.287,881.444]",4054965,0.6415460423780492,,False,LOW_CONF,LOW_CONF,False
405,1600938548883955,6,0.09077645,"[477.941,848.333,537.461,881.844]",4054965,0.30405102439024484,,False,LOW_CONF,LOW_CONF,False
405,1600938548883955,7,0.06027803,"[472.752,840.657,536.079,879.926]",4054965,0.3790835309451216,,False,LOW_CONF,LOW_CONF,False
405,1600938548950614,0,0.92325753,"[286.352,509.063,374.298,614.548]",4054958,0.963300057259179,4054958,True,MATCHED,MATCHED,True
405,1600938548950614,1,0.91112781,"[287.088,638.871,362.297,742.932]",4054959,0.9290507774216528,4054959,True,MATCHED,MATCHED,True
405,1600938548950614,2,0.9095943,"[209.366,343.908,286.58,419.694]",4054957,0.9144772939521797,4054957,True,MATCHED,MATCHED,True
405,1600938548950614,3,0.90139014,"[231.675,262.742,289.614,332.799]",4054955,0.9625436984501228,4054955,True,MATCHED,MATCHED,True
405,1600938548950614,4,0.80585009,"[441.399,914.461,516.866,1000.121]",4054967,0.9322063706994965,4054967,True,MATCHED,MATCHED,True
405,1600938548950614,5,0.59326416,"[457.571,816.87,528.684,882.05]",4054965,0.6893434473527652,4054965,True,MATCHED,MATCHED,True
405,1600938548950614,6,0.13026932,"[242.759,238.169,256.204,251.84]",4054952,0.5516299122507697,,False,LOW_CONF,LOW_CONF,False
405,1600938548950614,7,0.07460336,"[239.837,238.366,253.781,251.03]",4054952,0.7580871766660093,,False,LOW_CONF,LOW_CONF,False
405,1600938549017275,0,0.91746056,"[217.874,265.342,275.727,335.64]",4054955,0.9582622123279894,4054955,True,MATCHED,MATCHED,True
405,1600938549017275,1,0.91619551,"[271.715,510.603,360.934,616.509]",4054958,0.9025458531885504,4054958,True,MATCHED,MATCHED,True
405,1600938549017275,2,0.91367966,"[194.802,344.372,272.523,422.315]",4054957,0.9628794200075356,4054957,True,MATCHED,MATCHED,True
405,1600938549017275,3,0.90257037,"[272.92,640.114,348.649,745.094]",4054959,0.9615421407837446,4054959,True,MATCHED,MATCHED,True
405,1600938549017275,4,0.74988312,"[427.118,918.112,503.37,999.585]",4054967,0.9274609379992563,4054967,True,MATCHED,MATCHED,True
405,1600938549017275,5,0.63761032,"[454.281,815.962,516.232,883.383]",4054965,0.632717564150727,4054965,True,MATCHED,MATCHED,True
405,1600938549017275,6,0.24235034,"[226.594,239.205,240.473,253.485]",4054952,0.7949437279555053,,False,LOW_CONF,LOW_CONF,False
405,1600938549017275,7,0.09731657,"[701.712,570.81,719.072,629.638]",4054952,0.0,,False,LOW_CONF,LOW_CONF,False
405,1600938549017275,8,0.0767381,"[508.238,676.72,538.168,705.751]",4054952,0.0,,False,LOW_CONF,LOW_CONF,False
405,1600938549083935,0,0.93821126,"[259.6,508.885,345.863,613.898]",4054958,0.9620578185004249,4054958,True,MATCHED,MATCHED,True
405,1600938549083935,1,0.9043014,"[203.936,261.801,261.853,332.176]",4054955,0.9827077646870359,4054955,True,MATCHED,MATCHED,True
405,1600938549083935,2,0.90136063,"[179.938,342.661,258.281,419.368]",4054957,0.964543985039028,4054957,True,MATCHED,MATCHED,True
405,1600938549083935,3,0.8971926,"[257.704,639.08,336.205,741.634]",4054959,0.9019935659415469,4054959,True,MATCHED,MATCHED,True
405,1600938549083935,4,0.82568979,"[414.024,914.271,491.33,998.671]",4054967,0.9702897820322112,4054967,True,MATCHED,MATCHED,True
405,1600938549083935,5,0.7171067,"[443.056,818.237,505.668,882.258]",4054965,0.6072879625419398,4054965,True,MATCHED,MATCHED,True
405,1600938549083935,6,0.15386707,"[213.224,236.117,226.176,250.657]",4054952,0.835479911898976,,False,LOW_CONF,LOW_CONF,False
405,1600938549083935,7,0.07427696,"[699.476,562.868,719.02,619.436]",4054952,0.0,,False,LOW_CONF,LOW_CONF,False
405,1600938549150595,0,0.92915559,"[245.221,509.898,332.015,615.66]",4054958,0.9716397074384159,4054958,True,MATCHED,MATCHED,True
405,1600938549150595,1,0.90581483,"[189.51,264.161,247.017,333.602]",4054955,0.9662493964164266,4054955,True,MATCHED,MATCHED,True
405,1600938549150595,2,0.9023459,"[165.463,344.78,243.799,420.714]",4054957,0.9645395566771632,4054957,True,MATCHED,MATCHED,True
405,1600938549150595,3,0.89506173,"[243.061,639.686,322.384,742.604]",4054959,0.9435630634872201,4054959,True,MATCHED,MATCHED,True
405,1600938549150595,4,0.82171226,"[398.8,915.049,478.542,997.018]",4054967,0.9441067949146539,4054967,True,MATCHED,MATCHED,True
405,1600938549150595,5,0.68502378,"[433.192,821.165,493.433,882.42]",4054965,0.6288388701467846,4054965,True,MATCHED,MATCHED,True
405,1600938549150595,6,0.23555577,"[197.787,236.661,212.789,253.205]",4054952,0.8461154244553342,,False,LOW_CONF,LOW_CONF,False
405,1600938549217256,0,0.93659806,"[231.071,511.211,317.71,616.08]",4054958,0.9392565016471887,4054958,True,MATCHED,MATCHED,True
405,1600938549217256,1,0.90529358,"[174.381,264.611,232.334,334.939]",4054955,0.968918309909982,4054955,True,MATCHED,MATCHED,True
405,1600938549217256,2,0.89698577,"[230.749,639.48,307.847,741.056]",4054959,0.9351930317649869,4054959,True,MATCHED,MATCHED,True
405,1600938549217256,3,0.89262086,"[150.717,344.688,229.225,421.324]",4054957,0.9752392699776148,4054957,True,MATCHED,MATCHED,True
405,1600938549217256,4,0.8108086,"[393.334,927.577,466.583,998.852]",4054967,0.7477199958182049,4054967,True,MATCHED,MATCHED,True
405,1600938549217256,5,0.74324739,"[428.935,828.067,479.411,884.7]",4054965,0.5333222589552242,4054965,True,MATCHED,MATCHED,True
405,1600938549217256,6,0.0787002,"[695.754,609.328,719.17,669.193]",4054952,0.0,,False,LOW_CONF,LOW_CONF,False
405,1600938549283917,0,0.92973518,"[218.955,509.15,305.325,614.146]",4054958,0.9200778908089465,4054958,True,MATCHED,MATCHED,True
405,1600938549283917,1,0.90463412,"[160.197,262.16,219.516,333.102]",4054955,0.960994282155592,4054955,True,MATCHED,MATCHED,True
405,1600938549283917,2,0.89510268,"[219.243,638.043,293.929,741.719]",4054959,0.9246651225220923,4054959,True,MATCHED,MATCHED,True
405,1600938549283917,3,0.88432503,"[136.835,343.422,215.882,418.889]",4054957,0.9684155761363633,4054957,True,MATCHED,MATCHED,True
405,1600938549283917,4,0.83607173,"[374.362,918.958,453.197,998.117]",4054967,0.924623819080761,4054967,True,MATCHED,MATCHED,True
405,1600938549283917,5,0.66280031,"[411.762,828.068,468.186,884.018]",4054965,0.5915249773570357,4054965,True,MATCHED,MATCHED,True
405,1600938549350576,0,0.91328692,"[203.879,511.349,291.748,617.019]",4054958,0.9518547678613258,4054958,True,MATCHED,MATCHED,True
405,1600938549350576,1,0.89568216,"[203.918,639.269,280.876,735.106]",4054959,0.8880203315662762,4054959,True,MATCHED,MATCHED,True
405,1600938549350576,2,0.89394802,"[146.467,264.3,206.016,335.859]",4054955,0.9597167569686724,4054955,True,MATCHED,MATCHED,True
405,1600938549350576,3,0.88134325,"[122.53,344.401,201.577,420.737]",4054957,0.9484539515741748,4054957,True,MATCHED,MATCHED,True
405,1600938549350576,4,0.82032597,"[366.511,924.802,440.896,997.193]",4054967,0.8051086655178882,4054967,True,MATCHED,MATCHED,True
405,1600938549350576,5,0.75067627,"[402.523,832.222,455.161,885.209]",4054965,0.664935348907992,4054965,True,MATCHED,MATCHED,True
405,1600938549350576,6,0.26016682,"[158.939,236.523,171.708,253.433]",4054952,0.8061851698269138,,False,LOW_CONF,LOW_CONF,False
405,1600938549350576,7,0.09248666,"[358.094,764.645,445.602,885.159]",4054965,0.27013711591081513,,False,LOW_CONF,LOW_CONF,False
405,1600938549350576,8,0.08049401,"[702.68,877.2,718.118,924.872]",4054957,0.0,,False,LOW_CONF,LOW_CONF,False
405,1600938549350576,9,0.0741131,"[692.644,713.601,716.665,736.209]",4054957,0.0,,False,LOW_CONF,LOW_CONF,False
405,1600938549350576,10,0.05913425,"[706.672,874.637,720.0,913.697]",4054957,0.0,,False,LOW_CONF,LOW_CONF,False
405,1600938549350576,11,0.05851584,"[160.822,237.217,176.078,253.452]",4054952,0.5746117589825627,,False,LOW_CONF,LOW_CONF,False
405,1600938549417237,0,0.90948606,"[189.595,510.747,276.681,615.846]",4054958,0.8761309069689914,4054958,True,MATCHED,MATCHED,True
405,1600938549417237,1,0.90839398,"[191.444,639.674,266.951,742.605]",4054959,0.9489634941391949,4054959,True,MATCHED,MATCHED,True
405,1600938549417237,2,0.89540201,"[132.886,263.388,191.457,333.746]",4054955,0.9502114843646414,4054955,True,MATCHED,MATCHED,True
405,1600938549417237,3,0.87971044,"[351.62,920.284,428.011,995.795]",4054967,0.8928663358830377,4054967,True,MATCHED,MATCHED,True
405,1600938549417237,4,0.87438732,"[108.073,343.206,190.114,419.763]",4054957,0.9507984273233397,4054957,True,MATCHED,MATCHED,True
405,1600938549417237,5,0.68023241,"[700.101,840.223,720.0,913.538]",4054970,0.5628376004804791,4054970,True,MATCHED,MATCHED,True
405,1600938549417237,6,0.64961898,"[388.335,836.766,443.679,884.47]",4054965,0.6672155240672075,4054965,True,MATCHED,MATCHED,True
405,1600938549417237,7,0.26361975,"[146.566,236.638,160.716,252.144]",4054952,0.8075499602747385,,False,LOW_CONF,LOW_CONF,False
405,1600938549417237,8,0.10794953,"[687.111,580.888,718.626,611.922]",4054957,0.0,,False,LOW_CONF,LOW_CONF,False
405,1600938549483898,0,0.91426456,"[172.146,510.286,265.48,615.038]",4054958,0.9211465251317109,4054958,True,MATCHED,MATCHED,True
405,1600938549483898,1,0.8991949,"[179.913,639.653,254.215,743.654]",4054959,0.9557801239332094,4054959,True,MATCHED,MATCHED,True
405,1600938549483898,2,0.8987627,"[118.716,262.445,179.565,333.941]",4054955,0.9613173214848335,4054955,True,MATCHED,MATCHED,True
405,1600938549483898,3,0.89205426,"[94.802,342.594,176.522,418.774]",4054957,0.9311723752271925,4054957,True,MATCHED,MATCHED,True
405,1600938549483898,4,0.86086255,"[339.919,921.784,418.253,993.987]",4054967,0.9001249940709086,4054967,True,MATCHED,MATCHED,True
405,1600938549483898,5,0.79957163,"[693.243,833.092,720.0,934.007]",4054970,0.8615647623482909,4054970,True,MATCHED,MATCHED,True
405,1600938549483898,6,0.72204536,"[377.72,835.851,431.994,883.674]",4054965,0.6554959038994621,4054965,True,MATCHED,MATCHED,True
405,1600938549483898,7,0.32994387,"[131.529,235.764,146.618,252.484]",4054952,0.704326570867005,4054952,True,MATCHED,MATCHED,False
405,1600938549483898,8,0.1342573,"[680.223,831.246,720.0,937.798]",4054970,0.6646572687312928,,False,LOW_CONF,LOW_CONF,False
405,1600938549483898,9,0.08403646,"[127.67,235.11,144.992,251.728]",4054952,0.47275016036777007,,False,LOW_CONF,LOW_CONF,False
405,1600938549483898,10,0.08399349,"[669.468,583.956,716.791,612.59]",4054957,0.0,,False,LOW_CONF,LOW_CONF,False
405,1600938549550557,0,0.92365509,"[164.631,511.23,250.893,615.333]",4054958,0.962707224056603,4054958,True,MATCHED,MATCHED,True
405,1600938549550557,1,0.91458827,"[103.858,264.119,165.375,335.221]",4054955,0.9545711915549787,4054955,True,MATCHED,MATCHED,True
405,1600938549550557,2,0.89877552,"[80.884,343.318,161.962,420.125]",4054957,0.9363516119359048,4054957,True,MATCHED,MATCHED,True
405,1600938549550557,3,0.89670223,"[166.971,639.389,242.338,736.199]",4054959,0.8812231161699807,4054959,True,MATCHED,MATCHED,True
405,1600938549550557,4,0.87077874,"[678.205,832.729,719.903,949.895]",4054970,0.8931174871969221,4054970,True,MATCHED,MATCHED,True
405,1600938549550557,5,0.82516569,"[333.045,923.406,405.423,994.95]",4054967,0.8001047831052859,4054967,True,MATCHED,MATCHED,True
405,1600938549550557,6,0.66193438,"[365.727,838.403,420.246,883.969]",4054965,0.6463192600909695,4054965,True,MATCHED,MATCHED,True
405,1600938549550557,7,0.48104098,"[697.929,607.247,719.464,673.71]",4054957,0.0,,False,NO_GT_OVERLAP,NO_GT_OVERLAP,False
405,1600938549550557,8,0.30427501,"[118.342,237.198,133.154,252.65]",4054952,0.6772262717491182,4054952,True,MATCHED,MATCHED,True
405,1600938549550557,9,0.09553137,"[351.617,533.992,377.786,557.227]",4054957,0.0,,False,LOW_CONF,LOW_CONF,False
405,1600938549550557,10,0.05986851,"[702.514,759.733,716.174,804.831]",4054957,0.0,,False,LOW_CONF,LOW_CONF,False
405,1600938549550557,11,0.05855907,"[357.322,847.938,417.364,882.1]",4054965,0.566930570480929,,False,LOW_CONF,LOW_CONF,False
405,1600938549550557,12,0.05147627,"[345.924,534.539,377.082,565.098]",4054957,0.0,,False,LOW_CONF,LOW_CONF,False
405,1600938549617218,0,0.92263091,"[149.046,510.47,237.579,615.393]",4054958,0.9773530830826487,4054958,True,MATCHED,MATCHED,True
405,1600938549617218,1,0.91419625,"[89.607,262.71,150.467,332.966]",4054955,0.9256578577516608,4054955,True,MATCHED,MATCHED,True
405,1600938549617218,2,0.90746242,"[150.839,638.165,228.214,741.094]",4054959,0.9518174088779068,4054959,True,MATCHED,MATCHED,True
405,1600938549617218,3,0.8976537,"[662.244,833.185,720.0,965.476]",4054970,0.9290240290968012,4054970,True,MATCHED,MATCHED,True
405,1600938549617218,4,0.89722562,"[66.35,343.117,147.165,419.763]",4054957,0.952797740113816,4054957,True,MATCHED,MATCHED,True
405,1600938549617218,5,0.84690195,"[319.862,922.025,390.796,994.425]",4054967,0.849847045545906,4054967,True,MATCHED,MATCHED,True
405,1600938549617218,6,0.74333781,"[350.058,838.896,408.533,885.062]",4054965,0.6970846372545972,4054965,True,MATCHED,MATCHED,True
405,1600938549617218,7,0.371746,"[105.834,234.743,120.639,253.364]",4054952,0.8321753679267386,4054952,True,MATCHED,MATCHED,True
405,1600938549617218,8,0.05312498,"[669.592,728.849,714.414,805.42]",4054957,0.0,,False,LOW_CONF,LOW_CONF,False
405,1600938549683879,0,0.93022591,"[135.64,509.889,225.06,615.037]",4054958,0.9636721117891891,4054958,True,MATCHED,MATCHED,True
405,1600938549683879,1,0.91729891,"[646.651,832.367,720.0,963.794]",4054970,0.970209962652126,4054970,True,MATCHED,MATCHED,False
405,1600938549683879,2,0.90573442,"[76.849,263.047,137.011,334.22]",4054955,0.9795669679375961,4054955,True,MATCHED,MATCHED,True
405,1600938549683879,3,0.89236194,"[138.367,638.38,214.608,740.372]",4054959,0.9374288212176008,4054959,True,MATCHED,MATCHED,True
405,1600938549683879,4,0.88986635,"[51.521,344.066,132.637,419.559]",4054957,0.9311804574928114,4054957,True,MATCHED,MATCHED,True
405,1600938549683879,5,0.86022705,"[306.13,923.183,379.997,993.745]",4054967,0.8622058140046047,4054967,True,MATCHED,MATCHED,True
405,1600938549683879,6,0.72460848,"[339.341,838.35,394.58,884.436]",4054965,0.663836945796024,4054965,True,MATCHED,MATCHED,True
405,1600938549683879,7,0.64859635,"[699.787,358.168,719.433,428.62]",4054957,0.0,,False,NO_GT_OVERLAP,NO_GT_OVERLAP,False
405,1600938549683879,8,0.39842814,"[92.064,236.364,107.962,253.852]",4054952,0.5179404798914209,4054952,True,MATCHED,MATCHED,True
405,1600938549683879,9,0.05471448,"[696.163,509.446,719.112,561.142]",4054957,0.0,,False,LOW_CONF,LOW_CONF,False
405,1600938549750538,0,0.91780245,"[121.756,510.33,210.29,615.136]",4054958,0.9771889164873226,4054958,True,MATCHED,MATCHED,True
405,1600938549750538,1,0.91754806,"[629.628,833.205,720.0,964.349]",4054970,0.9712810526143884,4054970,True,MATCHED,MATCHED,True
405,1600938549750538,2,0.9033227,"[61.285,263.423,123.33,333.998]",4054955,0.9461435481008201,4054955,True,MATCHED,MATCHED,True
405,1600938549750538,3,0.89894336,"[124.328,639.212,201.721,740.032]",4054959,0.9406585003013869,4054959,True,MATCHED,MATCHED,True
405,1600938549750538,4,0.88608217,"[292.452,920.494,367.178,994.131]",4054967,0.8733390116970092,4054967,True,MATCHED,MATCHED,True
405,1600938549750538,5,0.88496786,"[36.92,344.488,119.248,419.276]",4054957,0.9233289680682526,4054957,True,MATCHED,MATCHED,True
405,1600938549750538,6,0.68936259,"[326.281,840.446,385.152,884.019]",4054965,0.6490758022623068,4054965,True,MATCHED,MATCHED,True
405,1600938549750538,7,0.67953688,"[683.863,357.72,719.569,432.874]",4054957,0.0,,False,NO_GT_OVERLAP,NO_GT_OVERLAP,False
405,1600938549750538,8,0.18871965,"[79.074,235.313,94.394,253.065]",4054952,0.5736124168556149,,False,LOW_CONF,LOW_CONF,False
405,1600938549750538,9,0.11921053,"[81.192,238.196,96.09,253.079]",4054952,0.5922867474525036,,False,LOW_CONF,LOW_CONF,False
405,1600938549750538,10,0.08665343,"[72.729,228.855,92.593,251.553]",4054952,0.33017045138322265,,False,LOW_CONF,LOW_CONF,False
405,1600938549750538,11,0.07089387,"[77.783,237.336,92.597,254.209]",4054952,0.6241082902776635,,False,LOW_CONF,LOW_CONF,False
405,1600938549817198,0,0.92576832,"[614.629,831.759,715.58,963.359]",4054970,0.9646315701190599,4054970,True,MATCHED,MATCHED,True
405,1600938549817198,1,0.91938674,"[107.093,510.364,196.606,613.773]",4054958,0.9574199605383876,4054958,True,MATCHED,MATCHED,True
405,1600938549817198,2,0.90484023,"[111.419,638.83,188.851,742.134]",4054959,0.9407063193839406,4054959,True,MATCHED,MATCHED,True
405,1600938549817198,3,0.90179259,"[48.179,262.563,109.984,333.522]",4054955,0.9550901656514609,4054955,True,MATCHED,MATCHED,True
405,1600938549817198,4,0.87995386,"[22.655,343.09,105.696,418.112]",4054957,0.9354156850057591,4054957,True,MATCHED,MATCHED,True
405,1600938549817198,5,0.85491979,"[285.382,922.005,356.438,992.602]",4054967,0.7910063273357635,4054967,True,MATCHED,MATCHED,True
405,1600938549817198,6,0.67434168,"[315.561,840.091,372.489,884.036]",4054965,0.6636297237260271,4054965,True,MATCHED,MATCHED,True
405,1600938549817198,7,0.39734304,"[65.824,235.79,80.776,253.044]",4054952,0.6046938007349723,4054952,True,MATCHED,MATCHED,False
405,1600938549817198,8,0.35584965,"[703.577,454.586,719.073,492.885]",4054975,0.7835124659630404,4054975,True,MATCHED,MATCHED,True
405,1600938549817198,9,0.05420746,"[306.723,522.626,352.4,580.949]",4054957,0.0,,False,LOW_CONF,LOW_CONF,False
405,1600938549817198,10,0.05329958,"[610.719,590.21,642.885,614.91]",4054957,0.0,,False,LOW_CONF,LOW_CONF,False
405,1600938549817198,11,0.05129763,"[699.942,295.069,716.908,313.609]",4054973,0.6676211741968623,,False,LOW_CONF,LOW_CONF,False
405,1600938549883859,0,0.9166339,"[599.461,831.931,699.868,964.373]",4054970,0.968891692688744,4054970,True,MATCHED,MATCHED,True
405,1600938549883859,1,0.90898532,"[91.884,510.881,183.774,614.09]",4054958,0.9555556608464354,4054958,True,MATCHED,MATCHED,True
405,1600938549883859,2,0.89537889,"[33.529,264.096,95.345,334.058]",4054955,0.9545135840626092,4054955,True,MATCHED,MATCHED,True
405,1600938549883859,3,0.89373678,"[97.709,639.266,175.604,743.713]",4054959,0.9568247957270904,4054959,True,MATCHED,MATCHED,True
405,1600938549883859,4,0.87900203,"[8.832,343.224,90.862,417.948]",4054957,0.9245263529411762,4054957,True,MATCHED,MATCHED,True
405,1600938549883859,5,0.86102045,"[275.852,918.333,341.767,993.645]",4054967,0.8288969685175442,4054967,True,MATCHED,MATCHED,True
405,1600938549883859,6,0.70590442,"[693.048,452.774,719.695,499.731]",4054975,0.8072878960589387,4054975,True,MATCHED,MATCHED,True
405,1600938549883859,7,0.70537496,"[308.083,836.791,361.226,884.006]",4054965,0.6137750770444912,4054965,True,MATCHED,MATCHED,True
405,1600938549883859,8,0.51984411,"[302.815,524.154,345.066,578.616]",4054978,0.0,,False,NO_GT_OVERLAP,NO_GT_OVERLAP,False
405,1600938549883859,9,0.43924555,"[49.545,236.395,66.025,254.119]",4054952,0.4919492462579135,,False,IOU_BELOW_0_5,IOU_BELOW_0_5,False
405,1600938549883859,10,0.31101605,"[293.507,572.285,311.277,594.189]",4054978,0.0,,False,NO_GT_OVERLAP,NO_GT_OVERLAP,False
405,1600938549883859,11,0.17662895,"[700.931,625.638,719.809,681.106]",4054978,0.4593530324439712,,False,LOW_CONF,LOW_CONF,False
405,1600938549883859,12,0.0858427,"[285.469,572.078,311.492,602.617]",4054978,0.0,,False,LOW_CONF,LOW_CONF,False
405,1600938549883859,13,0.06655727,"[54.813,198.504,188.829,594.733]",4054958,0.1417555283922193,,False,LOW_CONF,LOW_CONF,False
405,1600938549883859,14,0.05929752,"[693.048,571.367,719.448,620.521]",4054978,0.0,,False,LOW_CONF,LOW_CONF,False
405,1600938549883859,15,0.05524773,"[44.639,229.808,64.964,252.645]",4054952,0.28300933805525175,,False,LOW_CONF,LOW_CONF,False
406,1600938551350383,0,0.92335051,"[373.408,434.186,451.368,523.256]",4062832,0.9034417538334661,4062832,True,MATCHED,MATCHED,True
406,1600938551350383,1,0.9097324,"[264.47,829.298,358.149,963.522]",4062840,0.9462203570343416,4062840,True,MATCHED,MATCHED,True
406,1600938551350383,2,0.88045824,"[658.808,454.9,719.716,527.973]",4062846,0.9371584385226052,4062846,True,MATCHED,MATCHED,True
406,1600938551350383,3,0.85931039,"[16.012,917.687,78.538,990.413]",4062834,0.8084028223999999,4062834,True,MATCHED,MATCHED,True
406,1600938551350383,4,0.74353367,"[43.778,807.145,106.06,888.15]",4062837,0.6591525228638621,4062837,True,MATCHED,MATCHED,False
406,1600938551350383,5,0.74025488,"[676.887,631.56,718.9,700.485]",4062826,0.0,,False,NO_GT_OVERLAP,NO_GT_OVERLAP,False
406,1600938551350383,6,0.73794842,"[698.921,382.946,720.0,430.161]",4062845,0.6677867966372865,4062845,True,MATCHED,MATCHED,True
406,1600938551350383,7,0.69759262,"[675.032,361.523,707.861,391.323]",4062842,0.7441448171233469,4062842,True,MATCHED,MATCHED,True
406,1600938551350383,8,0.68105268,"[0.014,455.414,22.064,493.458]",4062829,0.9092052391663344,4062829,True,MATCHED,MATCHED,True
406,1600938551350383,9,0.46519551,"[313.789,156.896,337.827,181.619]",4062831,0.5115335038442764,4062831,True,MATCHED,MATCHED,True
406,1600938551350383,10,0.1924333,"[697.488,966.574,719.7,1001.103]",4062826,0.0,,False,LOW_CONF,LOW_CONF,False
406,1600938551350383,11,0.17331007,"[702.555,576.484,719.267,614.617]",4062826,0.0,,False,LOW_CONF,LOW_CONF,False
406,1600938551350383,12,0.14581941,"[700.724,386.683,719.975,443.043]",4062845,0.8886892877577113,,False,LOW_CONF,LOW_CONF,False
406,1600938551350383,13,0.13337475,"[5.583,507.902,40.035,532.088]",4062841,0.5544514051858004,,False,LOW_CONF,LOW_CONF,False
406,1600938551350383,14,0.12661508,"[296.119,1240.1,409.995,1279.339]",4062826,0.0,,False,LOW_CONF,LOW_CONF,False
406,1600938551350383,15,0.1156124,"[695.345,952.482,719.21,1001.215]",4062826,0.0,,False,LOW_CONF,LOW_CONF,False
406,1600938551350383,16,0.09970333,"[308.06,154.423,336.867,183.803]",4062831,0.35514346689659293,,False,LOW_CONF,LOW_CONF,False
406,1600938551350383,17,0.08668543,"[695.135,935.061,719.775,998.148]",4062826,0.0,,False,LOW_CONF,LOW_CONF,False
406,1600938551350383,18,0.08249039,"[343.799,219.779,385.429,254.88]",4062826,0.0,,False,LOW_CONF,LOW_CONF,False
406,1600938551350383,19,0.06448664,"[290.45,1244.43,379.811,1280.0]",4062826,0.0,,False,LOW_CONF,LOW_CONF,False
406,1600938551417043,0,0.92267227,"[354.052,430.881,432.585,522.517]",4062832,0.9301820905183901,4062832,True,MATCHED,MATCHED,True
406,1600938551417043,1,0.92240131,"[243.374,828.653,340.162,963.067]",4062840,0.97575324517537,4062840,True,MATCHED,MATCHED,True
406,1600938551417043,2,0.87021589,"[645.206,455.128,718.074,526.045]",4062846,0.9060793842484229,4062846,True,MATCHED,MATCHED,True
406,1600938551417043,3,0.85562015,"[0.954,916.589,65.649,989.47]",4062834,0.9654046468058968,4062834,True,MATCHED,MATCHED,True
406,1600938551417043,4,0.82640964,"[684.62,382.344,719.929,440.862]",4062845,0.7518744605468571,4062845,True,MATCHED,MATCHED,True
406,1600938551417043,5,0.74955297,"[29.48,805.989,91.279,888.707]",4062837,0.6530495728448666,4062837,True,MATCHED,MATCHED,True
406,1600938551417043,6,0.57659829,"[672.234,632.947,718.173,697.746]",4062826,0.0,,False,NO_GT_OVERLAP,NO_GT_OVERLAP,False
406,1600938551417043,7,0.45912963,"[296.017,155.967,318.642,178.001]",4062831,0.4358695884065794,,False,IOU_BELOW_0_5,IOU_BELOW_0_5,False
406,1600938551417043,8,0.4133386,"[664.996,362.24,694.606,390.705]",4062842,0.6833967165991192,4062842,True,MATCHED,MATCHED,True
406,1600938551417043,9,0.33614928,"[702.77,220.955,719.338,270.878]",4062826,0.0,,False,NO_GT_OVERLAP,NO_GT_OVERLAP,False
406,1600938551417043,10,0.17306754,"[691.837,964.142,718.584,1009.882]",4062848,0.39234669571906916,,False,LOW_CONF,LOW_CONF,False
406,1600938551417043,11,0.13609841,"[688.011,576.595,719.684,624.909]",4062826,0.0,,False,LOW_CONF,LOW_CONF,False
406,1600938551417043,12,0.13391626,"[0.583,506.331,25.592,532.0]",4062841,0.6231277545151891,,False,LOW_CONF,LOW_CONF,False
406,1600938551417043,13,0.13088602,"[315.158,221.066,361.429,260.654]",4062826,0.0,,False,LOW_CONF,LOW_CONF,False
406,1600938551417043,14,0.11698509,"[313.99,231.458,358.672,265.052]",4062826,0.0,,False,LOW_CONF,LOW_CONF,False
406,1600938551417043,15,0.10071421,"[321.59,1239.582,410.08,1279.752]",4062826,0.0,,False,LOW_CONF,LOW_CONF,False
406,1600938551417043,16,0.08472572,"[295.262,1240.98,381.026,1279.428]",4062826,0.0,,False,LOW_CONF,LOW_CONF,False
406,1600938551483703,0,0.92713726,"[233.652,827.955,326.689,960.622]",4062840,0.9214771549260403,4062840,True,MATCHED,MATCHED,True
406,1600938551483703,1,0.9210813,"[341.774,429.725,419.773,521.707]",4062832,0.9303126815059485,4062832,True,MATCHED,MATCHED,True
406,1600938551483703,2,0.89304417,"[631.25,452.021,704.084,523.958]",4062846,0.8678717648557631,4062846,True,MATCHED,MATCHED,True
406,1600938551483703,3,0.86783135,"[670.382,380.408,719.361,435.43]",4062845,0.8888274502284792,4062845,True,MATCHED,MATCHED,True
406,1600938551483703,4,0.85303307,"[0.855,917.378,55.214,984.868]",4062834,0.9065206103286387,4062834,True,MATCHED,MATCHED,True
406,1600938551483703,5,0.6831553,"[22.157,806.839,84.257,871.74]",4062837,0.6086306402899423,4062837,True,MATCHED,MATCHED,True
406,1600938551483703,6,0.62637621,"[284.138,153.174,307.854,174.763]",4062831,0.43749596341614994,,False,IOU_BELOW_0_5,IOU_BELOW_0_5,False
406,1600938551483703,7,0.60328746,"[652.577,360.01,678.983,388.215]",4062842,0.8206102896686563,4062842,True,MATCHED,MATCHED,True
406,1600938551483703,8,0.39412513,"[693.507,959.66,719.406,1006.441]",4062848,0.3737903151725516,,False,IOU_BELOW_0_5,IOU_BELOW_0_5,False
406,1600938551483703,9,0.26479992,"[302.296,228.363,349.418,265.179]",4062826,0.0,,False,LOW_CONF,LOW_CONF,False
406,1600938551483703,10,0.26179796,"[689.198,204.546,719.28,278.746]",4062826,0.0,,False,LOW_CONF,LOW_CONF,False
406,1600938551483703,11,0.19609873,"[296.222,1239.722,395.383,1279.947]",4062826,0.0,,False,LOW_CONF,LOW_CONF,False
406,1600938551483703,12,0.15310843,"[0.0,504.851,15.081,530.324]",4062841,0.7690362800827122,,False,LOW_CONF,LOW_CONF,False
406,1600938551483703,13,0.10327825,"[660.755,636.929,702.313,696.569]",4062826,0.0,,False,LOW_CONF,LOW_CONF,False
406,1600938551483703,14,0.0933652,"[439.948,592.561,486.864,635.479]",4062826,0.8474498686868688,,False,LOW_CONF,LOW_CONF,False
406,1600938551483703,15,0.09101062,"[302.889,234.282,342.292,265.433]",4062826,0.0,,False,LOW_CONF,LOW_CONF,False
406,1600938551483703,16,0.08964673,"[273.505,1239.121,376.522,1280.0]",4062826,0.0,,False,LOW_CONF,LOW_CONF,False
406,1600938551483703,17,0.07687152,"[682.596,958.561,719.629,1004.125]",4062848,0.44803408722986166,,False,LOW_CONF,LOW_CONF,False
406,1600938551483703,18,0.06410047,"[0.0,662.333,20.931,699.163]",4062826,0.0,,False,LOW_CONF,LOW_CONF,False
406,1600938551483703,19,0.0513349,"[701.035,461.987,717.784,491.661]",4062826,0.0,,False,LOW_CONF,LOW_CONF,False
406,1600938551550363,0,0.9465642,"[222.127,827.601,316.077,961.709]",4062840,0.926339744375842,4062840,True,MATCHED,MATCHED,True
406,1600938551550363,1,0.9124217,"[329.013,428.878,408.9,521.443]",4062832,0.9248976569967878,4062832,True,MATCHED,MATCHED,True
406,1600938551550363,2,0.90073037,"[622.722,451.816,696.2,523.748]",4062846,0.8907674919828396,4062846,True,MATCHED,MATCHED,True
406,1600938551550363,3,0.86492711,"[664.533,378.909,718.062,436.173]",4062845,0.8433148272021365,4062845,True,MATCHED,MATCHED,True
406,1600938551550363,4,0.84023094,"[0.768,915.898,46.878,980.459]",4062834,0.959673665377175,4062834,True,MATCHED,MATCHED,True
406,1600938551550363,5,0.77328694,"[642.34,359.873,673.028,387.46]",4062842,0.7825689714626286,4062842,True,MATCHED,MATCHED,True
406,1600938551550363,6,0.50205576,"[0.993,805.685,73.246,891.57]",4062837,0.9413791855710311,4062837,True,MATCHED,MATCHED,True
406,1600938551550363,7,0.42170393,"[273.664,151.254,296.223,172.106]",4062831,0.7653056864329839,4062831,True,MATCHED,MATCHED,True
406,1600938551550363,8,0.40503427,"[659.061,635.718,699.676,696.4]",4062826,0.0,,False,NO_GT_OVERLAP,NO_GT_OVERLAP,False
406,1600938551550363,9,0.31839222,"[253.308,1242.904,354.004,1279.622]",4062826,0.0,,False,NO_GT_OVERLAP,NO_GT_OVERLAP,False
406,1600938551550363,10,0.15720823,"[691.032,966.369,719.103,1005.553]",4062848,0.24001573902521872,,False,LOW_CONF,LOW_CONF,False
406,1600938551550363,11,0.11543744,"[2.045,807.49,60.401,914.49]",4062837,0.6223272830447834,,False,LOW_CONF,LOW_CONF,False
406,1600938551550363,12,0.08246621,"[12.117,806.302,73.915,876.87]",4062837,0.6750714030959751,,False,LOW_CONF,LOW_CONF,False
406,1600938551550363,13,0.08195395,"[215.452,11.041,296.536,176.977]",4062831,0.026756340792558772,,False,LOW_CONF,LOW_CONF,False
406,1600938551617024,0,0.93570787,"[205.97,829.919,300.823,962.861]",4062840,0.9312173533533145,4062840,True,MATCHED,MATCHED,True
406,1600938551617024,1,0.92033696,"[313.403,430.599,395.535,523.316]",4062832,0.9703675428596508,4062832,True,MATCHED,MATCHED,True
406,1600938551617024,2,0.89203882,"[612.577,454.277,685.149,525.285]",4062846,0.9114653293236127,4062846,True,MATCHED,MATCHED,True
406,1600938551617024,3,0.88495713,"[654.946,380.7,706.349,439.02]",4062845,0.880639062154624,4062845,True,MATCHED,MATCHED,True
406,1600938551617024,4,0.75717151,"[0.223,917.713,32.413,972.717]",4062834,0.8250600000000002,4062834,True,MATCHED,MATCHED,True
406,1600938551617024,5,0.6356948,"[635.937,360.307,663.951,388.652]",4062842,0.8500651017635606,4062842,True,MATCHED,MATCHED,True
406,1600938551617024,6,0.33374089,"[1.119,806.596,59.249,889.865]",4062837,0.8681546163888371,4062837,True,MATCHED,MATCHED,True
406,1600938551617024,7,0.25736424,"[259.443,156.791,279.224,177.769]",4062831,0.6349351326222121,,False,LOW_CONF,LOW_CONF,False
406,1600938551617024,8,0.20121843,"[682.888,464.741,718.935,507.609]",4062826,0.0,,False,LOW_CONF,LOW_CONF,False
406,1600938551617024,9,0.1457624,"[5.262,807.149,60.027,845.043]",4062837,0.37561355837104077,,False,LOW_CONF,LOW_CONF,False
406,1600938551617024,10,0.13598284,"[685.891,966.006,719.557,1004.275]",4062848,0.13701289379537843,,False,LOW_CONF,LOW_CONF,False
406,1600938551617024,11,0.13536647,"[13.771,807.166,61.156,836.195]",4062837,0.2489663647058823,,False,LOW_CONF,LOW_CONF,False
406,1600938551617024,12,0.13274445,"[611.357,441.663,647.921,466.499]",4062846,0.07987351183148753,,False,LOW_CONF,LOW_CONF,False
406,1600938551617024,13,0.13191111,"[3.004,807.218,60.752,862.848]",4062837,0.5814518081447964,,False,LOW_CONF,LOW_CONF,False
406,1600938551617024,14,0.10299645,"[680.784,464.234,719.99,523.934]",4062846,0.0018030950110764507,,False,LOW_CONF,LOW_CONF,False
406,1600938551617024,15,0.08736962,"[685.989,465.909,717.947,494.82]",4062826,0.0,,False,LOW_CONF,LOW_CONF,False
406,1600938551617024,16,0.0868521,"[651.488,637.099,693.555,697.1]",4062826,0.0,,False,LOW_CONF,LOW_CONF,False
406,1600938551617024,17,0.06657671,"[702.996,318.55,719.508,351.554]",4062826,0.0,,False,LOW_CONF,LOW_CONF,False
406,1600938551617024,18,0.05800062,"[682.85,955.101,718.612,1002.82]",4062848,0.13775874824775547,,False,LOW_CONF,LOW_CONF,False
406,1600938551617024,19,0.05512952,"[1.049,810.836,33.152,891.988]",4062837,0.47153351239819036,,False,LOW_CONF,LOW_CONF,False
406,1600938551683679,0,0.92551798,"[190.178,831.419,284.553,962.478]",4062840,0.9175868494254139,4062840,True,MATCHED,MATCHED,True
406,1600938551683679,1,0.92001927,"[298.001,432.786,378.697,524.009]",4062832,0.9481997742233603,4062832,True,MATCHED,MATCHED,True
406,1600938551683679,2,0.87743044,"[593.469,454.913,664.396,526.826]",4062846,0.9154532316348025,4062846,True,MATCHED,MATCHED,True
406,1600938551683679,3,0.87599719,"[636.587,383.079,689.098,442.28]",4062845,0.7643057109600506,4062845,True,MATCHED,MATCHED,True
406,1600938551683679,4,0.69500321,"[617.951,365.643,645.686,390.956]",4062842,0.8699660544721727,4062842,True,MATCHED,MATCHED,True
406,1600938551683679,5,0.64273036,"[0.0,917.464,22.444,967.428]",4062834,0.941686747304255,4062834,True,MATCHED,MATCHED,True
406,1600938551683679,6,0.28272036,"[2.349,806.665,45.526,836.092]",4062837,0.2976042777582072,,False,LOW_CONF,LOW_CONF,False
406,1600938551683679,7,0.19608776,"[685.322,463.456,719.12,536.286]",4062826,0.0,,False,LOW_CONF,LOW_CONF,False
406,1600938551683679,8,0.16447426,"[243.197,155.054,261.9,177.578]",4062831,0.6088661142808456,,False,LOW_CONF,LOW_CONF,False
406,1600938551683679,9,0.15939878,"[668.172,461.128,719.994,532.562]",4062826,0.0,,False,LOW_CONF,LOW_CONF,False
406,1600938551683679,10,0.14786625,"[693.404,482.077,719.073,536.46]",4062826,0.0,,False,LOW_CONF,LOW_CONF,False
406,1600938551683679,11,0.14448591,"[673.174,971.346,713.939,1011.375]",4062848,0.07345182761549529,,False,LOW_CONF,LOW_CONF,False
406,1600938551683679,12,0.12383581,"[636.072,445.455,665.3,466.744]",4062846,0.04456285410201588,,False,LOW_CONF,LOW_CONF,False
406,1600938551683679,13,0.05362666,"[395.637,594.685,449.086,642.76]",4062826,0.8217335065558053,,False,LOW_CONF,LOW_CONF,False
406,1600938551683679,14,0.05083307,"[237.536,152.014,259.735,177.654]",4062831,0.3975054903698849,,False,LOW_CONF,LOW_CONF,False
406,1600938551750335,0,0.9311263,"[171.882,828.114,268.464,959.991]",4062840,0.9176034037715103,4062840,True,MATCHED,MATCHED,True
406,1600938551750335,1,0.90272295,"[281.259,429.489,362.002,521.312]",4062832,0.9220527095740375,4062832,True,MATCHED,MATCHED,True
406,1600938551750335,2,0.88668919,"[583.372,452.481,653.386,524.857]",4062846,0.8880977022098602,4062846,True,MATCHED,MATCHED,True
406,1600938551750335,3,0.88634282,"[625.601,380.694,675.902,438.072]",4062845,0.9132775355408719,4062845,True,MATCHED,MATCHED,True
406,1600938551750335,4,0.64116216,"[607.004,359.713,635.952,387.845]",4062842,0.8872513585035704,4062842,True,MATCHED,MATCHED,True
406,1600938551750335,5,0.60951281,"[670.024,463.36,716.555,533.348]",4062826,0.0,,False,NO_GT_OVERLAP,NO_GT_OVERLAP,False
406,1600938551750335,6,0.41063485,"[656.315,970.192,698.009,1010.893]",4062848,0.09074904826611531,,False,IOU_BELOW_0_5,IOU_BELOW_0_5,False
406,1600938551750335,7,0.36734232,"[693.692,597.941,719.06,633.389]",4062826,0.0,,False,NO_GT_OVERLAP,NO_GT_OVERLAP,False
406,1600938551750335,8,0.28088847,"[1.155,804.469,33.175,825.796]",4062837,0.7357856267863652,,False,LOW_CONF,LOW_CONF,False
406,1600938551750335,9,0.19692875,"[693.06,606.762,717.701,633.839]",4062826,0.0,,False,LOW_CONF,LOW_CONF,False
406,1600938551750335,10,0.12351334,"[646.065,314.181,663.008,339.435]",4062826,0.0,,False,LOW_CONF,LOW_CONF,False
406,1600938551750335,11,0.09873159,"[378.088,590.12,438.212,646.182]",4062826,0.8949657863353904,,False,LOW_CONF,LOW_CONF,False
406,1600938551750335,12,0.08628764,"[214.688,1240.678,316.875,1279.999]",4062826,0.0,,False,LOW_CONF,LOW_CONF,False
406,1600938551750335,13,0.06902392,"[699.511,708.405,719.034,787.736]",4062826,0.0,,False,LOW_CONF,LOW_CONF,False
406,1600938551750335,14,0.0655802,"[226.702,148.437,241.947,169.072]",4062831,0.6447487490614732,,False,LOW_CONF,LOW_CONF,False
406,1600938551750335,15,0.05309124,"[663.829,462.993,714.84,514.089]",4062826,0.0,,False,LOW_CONF,LOW_CONF,False
406,1600938551750335,16,0.05269816,"[289.856,353.301,307.896,376.746]",4062826,0.0,,False,LOW_CONF,LOW_CONF,False
406,1600938551816991,0,0.92332143,"[154.773,830.402,251.671,962.331]",4062840,0.9225577769310936,4062840,True,MATCHED,MATCHED,True
406,1600938551816991,1,0.91509706,"[267.156,432.602,349.157,522.721]",4062832,0.8750685281369512,4062832,True,MATCHED,MATCHED,True
406,1600938551816991,2,0.89326453,"[568.573,451.679,640.31,524.134]",4062846,0.9027062136653834,4062846,True,MATCHED,MATCHED,True
406,1600938551816991,3,0.88596678,"[611.339,379.325,662.144,437.636]",4062845,0.9097076030818001,4062845,True,MATCHED,MATCHED,True
406,1600938551816991,4,0.75751525,"[592.284,357.854,622.736,386.948]",4062842,0.7336587491388314,4062842,True,MATCHED,MATCHED,True
406,1600938551816991,5,0.32452968,"[680.28,585.235,717.832,632.174]",4062850,0.15591158057335827,,False,IOU_BELOW_0_5,IOU_BELOW_0_5,False
406,1600938551816991,6,0.32276702,"[700.923,555.69,719.146,623.761]",4062850,0.5707570069413256,4062850,True,MATCHED,MATCHED,True
406,1600938551816991,7,0.27235535,"[680.495,560.031,718.474,630.71]",4062850,0.2335120295892555,,False,LOW_CONF,LOW_CONF,False
406,1600938551816991,8,0.18806478,"[707.405,554.478,720.0,614.01]",4062850,0.8296335730284783,,False,LOW_CONF,LOW_CONF,False
406,1600938551816991,9,0.1442934,"[368.456,1005.536,402.568,1055.52]",4062826,0.0,,False,LOW_CONF,LOW_CONF,False
406,1600938551816991,10,0.08410256,"[635.711,312.283,650.929,336.132]",4062826,0.0,,False,LOW_CONF,LOW_CONF,False
406,1600938551816991,11,0.08224206,"[663.406,462.039,715.538,527.585]",4062826,0.0,,False,LOW_CONF,LOW_CONF,False
406,1600938551816991,12,0.07876948,"[679.486,614.808,716.492,632.932]",4062850,0.00827454338519,,False,LOW_CONF,LOW_CONF,False
406,1600938551816991,13,0.05743166,"[642.912,969.411,675.894,1003.452]",4062848,0.1353830490849538,,False,LOW_CONF,LOW_CONF,False
406,1600938551816991,14,0.05711688,"[370.774,974.401,396.224,1006.35]",4062826,0.0,,False,LOW_CONF,LOW_CONF,False
406,1600938551883646,0,0.90344757,"[136.219,829.981,233.477,961.83]",4062840,0.9288390228549387,4062840,True,MATCHED,MATCHED,True
406,1600938551883646,1,0.89997709,"[249.319,431.33,332.465,523.076]",4062832,0.9544506461132314,4062832,True,MATCHED,MATCHED,True
406,1600938551883646,2,0.8955875,"[554.924,454.965,624.374,527.63]",4062846,0.9212209342906502,4062846,True,MATCHED,MATCHED,True
406,1600938551883646,3,0.88672888,"[597.894,382.581,646.965,440.333]",4062845,0.893527543318992,4062845,True,MATCHED,MATCHED,True
406,1600938551883646,4,0.73700696,"[694.736,547.117,719.779,622.271]",4062850,0.7440591307913806,4062850,True,MATCHED,MATCHED,True
406,1600938551883646,5,0.48998633,"[581.841,362.81,609.761,391.628]",4062842,0.8401705317493998,4062842,True,MATCHED,MATCHED,True
406,1600938551883646,6,0.37497628,"[358.903,1006.294,391.71,1060.776]",4062826,0.0,,False,NO_GT_OVERLAP,NO_GT_OVERLAP,False
406,1600938551883646,7,0.33733732,"[665.92,598.36,702.615,634.933]",4062850,0.0857464798688508,,False,IOU_BELOW_0_5,IOU_BELOW_0_5,False
406,1600938551883646,8,0.26096529,"[685.448,545.837,720.0,627.847]",4062850,0.6002944258882921,,False,LOW_CONF,LOW_CONF,False
406,1600938551883646,9,0.24977377,"[700.089,462.16,719.074,518.048]",4062852,0.7140933948756827,,False,LOW_CONF,LOW_CONF,False
406,1600938551883646,10,0.20495847,"[702.998,614.584,718.667,670.305]",4062851,0.6430902139339651,,False,LOW_CONF,LOW_CONF,False
406,1600938551883646,11,0.13400875,"[665.419,591.092,708.768,635.447]",4062850,0.16062062210261974,,False,LOW_CONF,LOW_CONF,False
406,1600938551883646,12,0.12420844,"[652.878,466.093,695.102,529.719]",4062826,0.0,,False,LOW_CONF,LOW_CONF,False
406,1600938551883646,13,0.1119052,"[706.585,457.123,720.0,519.298]",4062852,0.6648808341263215,,False,LOW_CONF,LOW_CONF,False
406,1600938551883646,14,0.10535423,"[622.814,310.201,636.478,331.125]",4062826,0.0,,False,LOW_CONF,LOW_CONF,False
406,1600938551883646,15,0.09680347,"[622.624,307.307,637.937,327.514]",4062826,0.0,,False,LOW_CONF,LOW_CONF,False
406,1600938551883646,16,0.09643672,"[635.896,972.241,663.519,1003.785]",4062826,0.0,,False,LOW_CONF,LOW_CONF,False
406,1600938551883646,17,0.08144303,"[667.652,553.769,717.866,633.185]",4062850,0.4014444070068676,,False,LOW_CONF,LOW_CONF,False
406,1600938551883646,18,0.07141595,"[654.562,466.787,691.569,499.421]",4062826,0.0,,False,LOW_CONF,LOW_CONF,False
406,1600938551883646,19,0.06449415,"[625.464,781.409,653.702,814.65]",4062826,0.0,,False,LOW_CONF,LOW_CONF,False
406,1600938551883646,20,0.0549017,"[654.985,491.577,680.622,534.442]",4062826,0.0,,False,LOW_CONF,LOW_CONF,False
406,1600938551883646,21,0.0521205,"[375.151,980.721,395.764,1006.591]",4062826,0.0,,False,LOW_CONF,LOW_CONF,False
406,1600938551950302,0,0.90769178,"[120.97,829.765,219.523,961.25]",4062840,0.9263092901176347,4062840,True,MATCHED,MATCHED,True
406,1600938551950302,1,0.90458888,"[233.188,432.405,318.246,521.873]",4062832,0.9461286009648552,4062832,True,MATCHED,MATCHED,True
406,1600938551950302,2,0.89163291,"[542.69,452.952,612.065,525.213]",4062846,0.8448473463764555,4062846,True,MATCHED,MATCHED,True
406,1600938551950302,3,0.88845313,"[583.087,381.349,633.334,439.625]",4062845,0.9225461192718706,4062845,True,MATCHED,MATCHED,True
406,1600938551950302,4,0.80965555,"[688.287,457.774,720.0,548.826]",4062852,0.8637133491015121,4062852,True,MATCHED,MATCHED,True
406,1600938551950302,5,0.77807683,"[692.313,604.955,719.683,710.107]",4062851,0.9206802776113866,4062851,True,MATCHED,MATCHED,True
406,1600938551950302,6,0.76835996,"[657.015,544.858,719.73,632.978]",4062850,0.45997013125506425,,False,IOU_BELOW_0_5,IOU_BELOW_0_5,False
406,1600938551950302,7,0.68174994,"[569.444,362.566,597.745,388.875]",4062842,0.8617720011574095,4062842,True,MATCHED,MATCHED,True
406,1600938551950302,8,0.30808929,"[363.168,978.05,386.456,1006.369]",4062826,0.0,,False,NO_GT_OVERLAP,NO_GT_OVERLAP,False
406,1600938551950302,9,0.30620816,"[342.167,1005.707,385.533,1061.558]",4062826,0.0,,False,NO_GT_OVERLAP,NO_GT_OVERLAP,False
406,1600938551950302,10,0.23967643,"[368.625,979.702,388.937,1005.587]",4062826,0.0,,False,LOW_CONF,LOW_CONF,False
406,1600938551950302,11,0.14989018,"[610.185,306.34,624.543,322.929]",4062826,0.0,,False,LOW_CONF,LOW_CONF,False
406,1600938551950302,12,0.08834911,"[327.745,591.839,398.771,663.958]",4062826,0.9289890042540777,,False,LOW_CONF,LOW_CONF,False
406,1600938551950302,13,0.08008908,"[679.787,543.31,720.0,627.304]",4062850,0.6969312096784882,,False,LOW_CONF,LOW_CONF,False
406,1600938551950302,14,0.06503041,"[610.516,310.876,624.743,329.508]",4062826,0.0,,False,LOW_CONF,LOW_CONF,False
406,1600938551950302,15,0.06479851,"[676.134,601.522,719.996,710.363]",4062851,0.6099727262132466,,False,LOW_CONF,LOW_CONF,False
406,1600938551950302,16,0.05037222,"[199.175,154.4,217.994,171.517]",4062831,0.7078895675057156,,False,LOW_CONF,LOW_CONF,False
406,1600938552016958,0,0.9129765,"[102.813,831.033,202.096,964.812]",4062840,0.9574668726211074,4062840,True,MATCHED,MATCHED,True
406,1600938552016958,1,0.90764326,"[218.0,429.893,301.546,522.503]",4062832,0.9263750880656746,4062832,True,MATCHED,MATCHED,True
406,1600938552016958,2,0.90333265,"[530.758,450.649,600.537,524.083]",4062846,0.8344353368262579,4062846,True,MATCHED,MATCHED,True
406,1600938552016958,3,0.89064586,"[572.027,379.072,623.059,438.46]",4062845,0.8653792356024127,4062845,True,MATCHED,MATCHED,True
406,1600938552016958,4,0.86174923,"[677.475,601.684,719.707,711.005]",4062851,0.9307113539627807,4062851,True,MATCHED,MATCHED,True
406,1600938552016958,5,0.85949868,"[675.446,452.66,719.371,550.957]",4062852,0.8743501181865226,4062852,True,MATCHED,MATCHED,True
406,1600938552016958,6,0.8560586,"[665.493,546.497,719.827,618.111]",4062850,0.9212959894283863,4062850,True,MATCHED,MATCHED,True
406,1600938552016958,7,0.84872091,"[309.66,589.222,383.389,666.518]",4062826,0.9518431358873475,4062826,True,MATCHED,MATCHED,True
406,1600938552016958,8,0.71805644,"[557.764,358.477,585.934,386.466]",4062842,0.7943735351335018,4062842,True,MATCHED,MATCHED,True
406,1600938552016958,9,0.23326379,"[610.857,970.787,636.475,1003.154]",4062826,0.0,,False,LOW_CONF,LOW_CONF,False
406,1600938552016958,10,0.12951311,"[179.633,155.923,202.603,175.702]",4062831,0.5483619479631304,,False,LOW_CONF,LOW_CONF,False
406,1600938552016958,11,0.08981615,"[628.249,462.01,675.006,522.935]",4062858,0.07758005755123881,,False,LOW_CONF,LOW_CONF,False
406,1600938552016958,12,0.0625957,"[600.053,303.977,616.833,320.366]",4062826,0.0,,False,LOW_CONF,LOW_CONF,False
406,1600938552016958,13,0.05517048,"[629.719,461.916,672.751,494.756]",4062858,0.15638590005477648,,False,LOW_CONF,LOW_CONF,False
406,1600938552083612,0,0.91004628,"[202.708,431.526,287.897,523.27]",4062832,0.9193396554578167,4062832,True,MATCHED,MATCHED,True
406,1600938552083612,1,0.9019475,"[661.28,603.564,719.994,715.57]",4062851,0.9381327844177607,4062851,True,MATCHED,MATCHED,True
406,1600938552083612,2,0.90128034,"[86.856,833.052,187.249,965.163]",4062840,0.9377134914451355,4062840,True,MATCHED,MATCHED,True
406,1600938552083612,3,0.8982662,"[657.504,446.86,720.0,570.051]",4062852,0.9431755071353775,4062852,True,MATCHED,MATCHED,True
406,1600938552083612,4,0.87857312,"[557.173,381.757,606.229,441.499]",4062845,0.9270801411741965,4062845,True,MATCHED,MATCHED,True
406,1600938552083612,5,0.87555158,"[515.263,452.849,583.913,525.686]",4062846,0.8190588197222595,4062846,True,MATCHED,MATCHED,True
406,1600938552083612,6,0.84626049,"[647.254,546.355,717.904,625.582]",4062850,0.9336045753954483,4062850,True,MATCHED,MATCHED,True
406,1600938552083612,7,0.32679805,"[544.499,363.371,571.695,390.19]",4062842,0.8032685077098836,4062842,True,MATCHED,MATCHED,True
406,1600938552083612,8,0.22679068,"[162.312,156.692,190.957,180.537]",4062831,0.8556434274971263,,False,LOW_CONF,LOW_CONF,False
406,1600938552083612,9,0.2047421,"[294.487,591.246,369.207,669.995]",4062826,0.9668004677832751,,False,LOW_CONF,LOW_CONF,False
406,1600938552083612,10,0.11955623,"[592.154,972.271,620.459,1002.844]",4062826,0.0,,False,LOW_CONF,LOW_CONF,False
406,1600938552150268,0,0.9097724,"[645.044,602.692,720.0,713.491]",4062851,0.9461310491099031,4062851,True,MATCHED,MATCHED,True
406,1600938552150268,1,0.89837247,"[70.312,831.899,173.063,964.78]",4062840,0.9770808856023881,4062840,True,MATCHED,MATCHED,True
406,1600938552150268,2,0.89834738,"[637.816,444.708,720.0,577.195]",4062852,0.8910472393967515,4062852,True,MATCHED,MATCHED,True
406,1600938552150268,3,0.8969028,"[187.828,431.583,272.406,522.244]",4062832,0.9137067206503308,4062832,True,MATCHED,MATCHED,True
406,1600938552150268,4,0.87807852,"[543.956,381.228,592.293,439.78]",4062845,0.9488948571326258,4062845,True,MATCHED,MATCHED,True
406,1600938552150268,5,0.85316551,"[503.784,451.576,571.777,525.471]",4062846,0.8391736847947631,4062846,True,MATCHED,MATCHED,True
406,1600938552150268,6,0.83832711,"[633.786,546.133,701.343,619.853]",4062850,0.8334706082452789,4062850,True,MATCHED,MATCHED,True
406,1600938552150268,7,0.76019812,"[277.468,588.364,356.38,673.789]",4062826,0.9229161829579761,4062826,True,MATCHED,MATCHED,True
406,1600938552150268,8,0.67394489,"[702.324,300.065,719.91,349.732]",4062860,0.8115985090987624,4062860,True,MATCHED,MATCHED,True
406,1600938552150268,9,0.24978395,"[529.381,360.022,557.67,388.785]",4062842,0.7629395132462085,,False,LOW_CONF,LOW_CONF,False
406,1600938552150268,10,0.15511847,"[148.022,154.943,175.496,178.098]",4062831,0.8208522193548393,,False,LOW_CONF,LOW_CONF,False
406,1600938552150268,11,0.12592779,"[236.747,331.919,253.878,349.446]",4062855,0.7002054897387735,,False,LOW_CONF,LOW_CONF,False
406,1600938552150268,12,0.07938889,"[578.103,969.806,604.913,1001.421]",4062826,0.0,,False,LOW_CONF,LOW_CONF,False
406,1600938552216924,0,0.91007805,"[631.167,601.164,720.0,712.628]",4062851,0.9358362760699649,4062851,True,MATCHED,MATCHED,True
406,1600938552216924,1,0.90398526,"[53.883,831.77,156.534,964.977]",4062840,0.9717309044903454,4062840,True,MATCHED,MATCHED,True
406,1600938552216924,2,0.90261298,"[175.141,431.373,257.781,522.36]",4062832,0.876934662816501,4062832,True,MATCHED,MATCHED,True
406,1600938552216924,3,0.89852625,"[627.822,444.461,720.0,571.325]",4062852,0.9636924558786868,4062852,True,MATCHED,MATCHED,True
406,1600938552216924,4,0.89155459,"[490.281,451.919,558.993,525.473]",4062846,0.8625355925508417,4062846,True,MATCHED,MATCHED,True
406,1600938552216924,5,0.86857104,"[532.167,380.246,582.069,438.952]",4062845,0.9620588589929847,4062845,True,MATCHED,MATCHED,True
406,1600938552216924,6,0.83988637,"[620.187,544.49,690.158,614.18]",4062850,0.7928908926829263,4062850,True,MATCHED,MATCHED,True
406,1600938552216924,7,0.79731524,"[689.187,298.395,719.343,346.873]",4062860,0.8857210792371962,4062860,True,MATCHED,MATCHED,True
406,1600938552216924,8,0.74825788,"[262.683,588.065,343.381,678.243]",4062826,0.8994795459609759,4062826,True,MATCHED,MATCHED,True
406,1600938552216924,9,0.33251017,"[519.804,361.428,545.859,388.139]",4062842,0.7979670216733719,4062842,True,MATCHED,MATCHED,True
406,1600938552216924,10,0.31219876,"[703.884,218.013,719.67,280.793]",4062858,0.8717057385085639,4062858,True,MATCHED,MATCHED,True
406,1600938552216924,11,0.16005272,"[697.713,562.411,716.11,582.752]",4062852,0.016294369914454966,,False,LOW_CONF,LOW_CONF,False
406,1600938552216924,12,0.15530021,"[222.747,331.121,242.016,350.42]",4062855,0.743899316239919,,False,LOW_CONF,LOW_CONF,False
406,1600938552216924,13,0.10290499,"[132.613,156.385,162.594,181.735]",4062831,0.8329032746393884,,False,LOW_CONF,LOW_CONF,False
406,1600938552216924,14,0.07143438,"[696.928,219.847,719.25,301.185]",4062858,0.446171058063443,,False,LOW_CONF,LOW_CONF,False
406,1600938552283579,0,0.92183733,"[610.355,444.487,719.496,574.488]",4062852,0.9846125096137687,4062852,True,MATCHED,MATCHED,True
406,1600938552283579,1,0.92129928,"[612.841,600.996,720.0,712.756]",4062851,0.9467409079012044,4062851,True,MATCHED,MATCHED,True
406,1600938552283579,2,0.90234154,"[155.814,431.19,242.743,522.561]",4062832,0.9208697306134527,4062832,True,MATCHED,MATCHED,True
406,1600938552283579,3,0.8953473,"[37.014,833.133,139.139,964.971]",4062840,0.9498381481481479,4062840,True,MATCHED,MATCHED,True
406,1600938552283579,4,0.85720366,"[245.697,588.638,328.782,678.476]",4062826,0.9185685766293187,4062826,True,MATCHED,MATCHED,True
406,1600938552283579,5,0.85647804,"[518.108,381.011,566.922,440.253]",4062845,0.9393158345356598,4062845,True,MATCHED,MATCHED,True
406,1600938552283579,6,0.81734222,"[604.513,546.112,669.401,613.753]",4062850,0.7610697430206346,4062850,True,MATCHED,MATCHED,True
406,1600938552283579,7,0.77980959,"[690.677,211.546,719.809,285.275]",4062858,0.9225054469529932,4062858,True,MATCHED,MATCHED,True
406,1600938552283579,8,0.77390832,"[673.774,297.775,713.286,347.756]",4062860,0.8456621041505006,4062860,True,MATCHED,MATCHED,True
406,1600938552283579,9,0.32758069,"[506.991,362.044,532.07,389.343]",4062842,0.8258340975151469,4062842,True,MATCHED,MATCHED,True
406,1600938552283579,10,0.26127836,"[207.963,330.986,228.635,353.346]",4062855,0.8106111520489372,,False,LOW_CONF,LOW_CONF,False
406,1600938552283579,11,0.10518683,"[117.078,158.209,149.378,185.339]",4062831,0.844710576140101,,False,LOW_CONF,LOW_CONF,False
406,1600938552350234,0,0.92863524,"[594.249,445.342,702.448,574.588]",4062852,0.9120893374201875,4062852,True,MATCHED,MATCHED,True
406,1600938552350234,1,0.90187752,"[146.187,430.686,228.026,521.785]",4062832,0.8671588752987955,4062832,True,MATCHED,MATCHED,True
406,1600938552350234,2,0.89882147,"[20.399,831.865,123.085,965.104]",4062840,0.9523444946077282,4062840,True,MATCHED,MATCHED,True
406,1600938552350234,3,0.89808875,"[597.001,601.939,711.05,711.831]",4062851,0.9551738985123759,4062851,True,MATCHED,MATCHED,True
406,1600938552350234,4,0.87656951,"[505.013,381.224,552.229,440.717]",4062845,0.940269226792518,4062845,True,MATCHED,MATCHED,True
406,1600938552350234,5,0.87470728,"[232.665,588.574,317.751,677.275]",4062826,0.9629997256546099,4062826,True,MATCHED,MATCHED,True
406,1600938552350234,6,0.85135686,"[674.643,207.79,720.0,284.572]",4062858,0.8924363843908824,4062858,True,MATCHED,MATCHED,True
406,1600938552350234,7,0.82510579,"[590.254,548.365,653.934,612.678]",4062850,0.81258965079365,4062850,True,MATCHED,MATCHED,True
406,1600938552350234,8,0.78725493,"[658.794,298.983,693.086,349.059]",4062860,0.8624499156371022,4062860,True,MATCHED,MATCHED,True
406,1600938552350234,9,0.68821841,"[465.109,453.332,532.691,524.996]",4062846,0.869242966188269,4062846,True,MATCHED,MATCHED,True
406,1600938552350234,10,0.48665711,"[495.672,362.918,521.194,389.557]",4062842,0.8076341671091111,4062842,True,MATCHED,MATCHED,True
406,1600938552350234,11,0.31048426,"[192.501,331.097,213.824,352.099]",4062855,0.7533754492813908,4062855,True,MATCHED,MATCHED,True
406,1600938552350234,12,0.2573429,"[0.0,993.811,29.605,1049.402]",4062826,0.0,,False,LOW_CONF,LOW_CONF,False
406,1600938552350234,13,0.22352941,"[102.622,154.667,134.837,184.163]",4062831,0.8201013130780014,,False,LOW_CONF,LOW_CONF,False
406,1600938552350234,14,0.1537002,"[689.238,658.97,718.983,705.636]",4062851,0.0753230394917584,,False,LOW_CONF,LOW_CONF,False
406,1600938552350234,15,0.06831229,"[663.865,562.053,683.086,582.789]",4062852,0.015291623220093687,,False,LOW_CONF,LOW_CONF,False
406,1600938552416890,0,0.92148745,"[579.819,443.911,687.195,573.301]",4062852,0.9427666313424947,4062852,True,MATCHED,MATCHED,True
406,1600938552416890,1,0.90618402,"[582.677,600.411,694.233,711.055]",4062851,0.9333082846124758,4062851,True,MATCHED,MATCHED,True
406,1600938552416890,2,0.9017815,"[6.343,831.847,108.7,962.88]",4062840,0.9162081180272799,4062840,True,MATCHED,MATCHED,True
406,1600938552416890,3,0.89583969,"[127.238,430.073,212.14,522.415]",4062832,0.9161151827721178,4062832,True,MATCHED,MATCHED,True
406,1600938552416890,4,0.85967827,"[217.407,588.516,303.749,677.977]",4062826,0.9407201787470559,4062826,True,MATCHED,MATCHED,True
406,1600938552416890,5,0.85424739,"[660.622,205.632,712.892,280.69]",4062858,0.9232055296824585,4062858,True,MATCHED,MATCHED,True
406,1600938552416890,6,0.80530316,"[575.805,540.394,640.144,611.34]",4062850,0.8559033490947959,4062850,True,MATCHED,MATCHED,True
406,1600938552416890,7,0.71067911,"[647.012,295.219,681.356,345.59]",4062860,0.8948660989342117,4062860,True,MATCHED,MATCHED,True
406,1600938552416890,8,0.28759134,"[493.773,379.292,541.888,439.564]",4062845,0.9142587304931091,,False,LOW_CONF,LOW_CONF,False
406,1600938552416890,9,0.26420373,"[178.268,329.667,201.287,351.52]",4062855,0.7788153439441345,,False,LOW_CONF,LOW_CONF,False
406,1600938552416890,10,0.21006534,"[89.054,154.872,122.13,185.853]",4062831,0.9376323290881554,,False,LOW_CONF,LOW_CONF,False
406,1600938552416890,11,0.17194091,"[483.012,361.679,509.264,389.04]",4062842,0.8252444470220361,,False,LOW_CONF,LOW_CONF,False
406,1600938552416890,12,0.05976597,"[0.103,560.438,28.989,603.069]",4062826,0.0,,False,LOW_CONF,LOW_CONF,False
406,1600938552416890,13,0.05800354,"[676.255,653.972,720.0,701.236]",4062851,0.06499100515511305,,False,LOW_CONF,LOW_CONF,False
406,1600938552416890,14,0.05213723,"[0.063,817.705,25.936,860.473]",4062840,0.04139618800035981,,False,LOW_CONF,LOW_CONF,False
406,1600938552483544,0,0.92995274,"[566.458,443.486,668.272,574.888]",4062852,0.9196789406793378,4062852,True,MATCHED,MATCHED,True
406,1600938552483544,1,0.91805339,"[0.513,832.699,93.882,961.635]",4062840,0.9261905973226652,4062840,True,MATCHED,MATCHED,True
406,1600938552483544,2,0.90879089,"[564.505,600.644,678.806,710.044]",4062851,0.940762770832491,4062851,True,MATCHED,MATCHED,True
406,1600938552483544,3,0.8974328,"[108.746,433.07,195.814,522.101]",4062832,0.9241135850795464,4062832,True,MATCHED,MATCHED,True
406,1600938552483544,4,0.85274243,"[645.365,205.543,697.529,282.371]",4062858,0.9306236762113691,4062858,True,MATCHED,MATCHED,True
406,1600938552483544,5,0.83451897,"[204.669,589.446,291.642,678.806]",4062826,0.9725255971157438,4062826,True,MATCHED,MATCHED,True
406,1600938552483544,6,0.82773882,"[560.414,543.985,626.817,612.35]",4062850,0.7753636718661918,4062850,True,MATCHED,MATCHED,True
406,1600938552483544,7,0.77550554,"[631.429,296.718,665.127,346.993]",4062860,0.9310842598100288,4062860,True,MATCHED,MATCHED,True
406,1600938552483544,8,0.58926612,"[161.905,329.507,186.385,355.555]",4062855,0.7527581056992826,4062855,True,MATCHED,MATCHED,True
406,1600938552483544,9,0.3697955,"[74.348,156.507,109.264,188.144]",4062831,0.8464680923831356,4062831,True,MATCHED,MATCHED,True
406,1600938552483544,10,0.1013251,"[142.604,219.427,161.615,242.777]",4062826,0.0,,False,LOW_CONF,LOW_CONF,False
406,1600938552483544,11,0.05764353,"[0.244,628.079,18.75,668.496]",4062826,0.0,,False,LOW_CONF,LOW_CONF,False
406,1600938552483544,12,0.05734527,"[0.157,575.227,21.124,614.553]",4062826,0.0,,False,LOW_CONF,LOW_CONF,False
406,1600938552550200,0,0.91730213,"[550.41,445.799,653.113,577.017]",4062852,0.9301878331178035,4062852,True,MATCHED,MATCHED,True
406,1600938552550200,1,0.91352803,"[548.182,601.056,660.665,710.259]",4062851,0.9240296135018832,4062851,True,MATCHED,MATCHED,True
406,1600938552550200,2,0.8968206,"[91.432,429.735,182.068,523.047]",4062832,0.9652411359533448,4062832,True,MATCHED,MATCHED,True
406,1600938552550200,3,0.88905495,"[0.1,831.877,78.183,955.107]",4062840,0.8931744258795139,4062840,True,MATCHED,MATCHED,True
406,1600938552550200,4,0.88156396,"[191.24,588.7,277.469,678.747]",4062826,0.9409930744047693,4062826,True,MATCHED,MATCHED,True
406,1600938552550200,5,0.83737528,"[628.186,207.064,681.852,283.216]",4062858,0.8842979330715421,4062858,True,MATCHED,MATCHED,True
406,1600938552550200,6,0.80799162,"[546.37,546.204,608.769,611.768]",4062850,0.8907540458270514,4062850,True,MATCHED,MATCHED,True
406,1600938552550200,7,0.75421149,"[616.517,296.429,650.4,348.64]",4062860,0.9225210556146399,4062860,True,MATCHED,MATCHED,True
406,1600938552550200,8,0.67931688,"[61.488,154.548,96.538,187.4]",4062831,0.8584156095579847,4062831,True,MATCHED,MATCHED,False
406,1600938552550200,9,0.4767426,"[148.131,329.638,173.342,353.989]",4062855,0.8296059127005811,4062855,True,MATCHED,MATCHED,True
406,1600938552550200,10,0.1325139,"[647.027,637.028,715.096,703.307]",4062851,0.06051505596761109,,False,LOW_CONF,LOW_CONF,False
406,1600938552616855,0,0.94203472,"[537.394,443.699,638.249,573.397]",4062852,0.9574426259379378,4062852,True,MATCHED,MATCHED,True
406,1600938552616855,1,0.913845,"[534.967,600.265,646.921,712.195]",4062851,0.9655690446539915,4062851,True,MATCHED,MATCHED,True
406,1600938552616855,2,0.89774269,"[0.231,832.392,62.929,952.487]",4062840,0.8983197697446903,4062840,True,MATCHED,MATCHED,True
406,1600938552616855,3,0.89571619,"[75.294,429.336,167.185,521.494]",4062832,0.968796269734886,4062832,True,MATCHED,MATCHED,True
406,1600938552616855,4,0.89524424,"[178.398,589.473,264.188,679.052]",4062826,0.9450727441264104,4062826,True,MATCHED,MATCHED,True
406,1600938552616855,5,0.84006202,"[615.244,205.529,666.793,281.03]",4062858,0.9240816925160197,4062858,True,MATCHED,MATCHED,True
406,1600938552616855,6,0.82955283,"[532.741,548.832,593.161,609.493]",4062850,0.8875687625841931,4062850,True,MATCHED,MATCHED,True
406,1600938552616855,7,0.77400935,"[602.933,296.694,636.7,346.515]",4062860,0.8970937439685323,4062860,True,MATCHED,MATCHED,True
406,1600938552616855,8,0.61572325,"[46.994,154.699,83.628,188.254]",4062831,0.9296621658091496,4062831,True,MATCHED,MATCHED,True
406,1600938552616855,9,0.35985214,"[133.018,328.378,159.336,353.805]",4062855,0.8189138595116582,4062855,True,MATCHED,MATCHED,True
406,1600938552616855,10,0.07774588,"[635.696,188.613,657.195,206.837]",4062861,0.4632452518670922,,False,LOW_CONF,LOW_CONF,False
406,1600938552683516,0,0.92158544,"[518.18,445.494,622.282,575.677]",4062852,0.9397571532410482,4062852,True,MATCHED,MATCHED,True
406,1600938552683516,1,0.91762996,"[519.099,601.195,629.517,712.162]",4062851,0.9261822462266275,4062851,True,MATCHED,MATCHED,True
406,1600938552683516,2,0.89629352,"[60.013,430.992,150.317,522.762]",4062832,0.9229152459216624,4062832,True,MATCHED,MATCHED,True
406,1600938552683516,3,0.89621758,"[164.612,589.861,252.936,679.119]",4062826,0.9708733440504419,4062826,True,MATCHED,MATCHED,True
406,1600938552683516,4,0.85755455,"[0.709,832.949,48.055,948.416]",4062840,0.9036199309090915,4062840,True,MATCHED,MATCHED,True
406,1600938552683516,5,0.83716857,"[600.577,205.325,651.822,281.537]",4062858,0.8971999511026026,4062858,True,MATCHED,MATCHED,True
406,1600938552683516,6,0.80472487,"[518.11,548.737,576.479,609.229]",4062850,0.7832263994319971,4062850,True,MATCHED,MATCHED,True
406,1600938552683516,7,0.76465243,"[588.393,296.945,622.081,347.318]",4062860,0.9206196063376841,4062860,True,MATCHED,MATCHED,True
406,1600938552683516,8,0.73417777,"[33.361,154.852,70.291,190.974]",4062831,0.8665761619320802,4062831,True,MATCHED,MATCHED,True
406,1600938552683516,9,0.43907937,"[120.528,331.177,145.069,355.523]",4062855,0.848233912774876,4062855,True,MATCHED,MATCHED,True
406,1600938552683516,10,0.15432894,"[621.048,184.308,643.613,206.534]",4062861,0.6397062372448995,,False,LOW_CONF,LOW_CONF,False
406,1600938552683516,11,0.13776267,"[1.075,892.254,42.667,955.019]",4062840,0.4118940722360853,,False,LOW_CONF,LOW_CONF,False
406,1600938552683516,12,0.08441673,"[619.964,176.163,648.119,206.003]",4062861,0.8210950998675031,,False,LOW_CONF,LOW_CONF,False
406,1600938552683516,13,0.05318339,"[1.144,871.23,44.704,953.54]",4062840,0.5864638286342699,,False,LOW_CONF,LOW_CONF,False
406,1600938552750176,0,0.92353928,"[502.77,446.088,605.648,575.032]",4062852,0.9550440203498499,4062852,True,MATCHED,MATCHED,True
406,1600938552750176,1,0.91756696,"[502.005,602.279,612.216,713.187]",4062851,0.9575622082256171,4062851,True,MATCHED,MATCHED,True
406,1600938552750176,2,0.90735531,"[150.968,588.852,240.18,679.234]",4062826,0.949255746437356,4062826,True,MATCHED,MATCHED,True
406,1600938552750176,3,0.89383221,"[42.209,429.174,135.907,521.849]",4062832,0.9395490457093788,4062832,True,MATCHED,MATCHED,True
406,1600938552750176,4,0.85280746,"[586.502,205.31,635.61,282.103]",4062858,0.9147044733237315,4062858,True,MATCHED,MATCHED,True
406,1600938552750176,5,0.84490389,"[0.348,832.959,32.09,939.075]",4062840,0.8845415105042028,4062840,True,MATCHED,MATCHED,True
406,1600938552750176,6,0.83768338,"[503.429,552.942,561.11,608.054]",4062850,0.8651846257934436,4062850,True,MATCHED,MATCHED,True
406,1600938552750176,7,0.80273807,"[19.653,154.068,58.579,190.851]",4062831,0.8548590079152532,4062831,True,MATCHED,MATCHED,True
406,1600938552750176,8,0.77416033,"[573.796,296.662,604.745,347.61]",4062860,0.917082410734815,4062860,True,MATCHED,MATCHED,True
406,1600938552750176,9,0.63098925,"[389.247,456.35,457.588,524.659]",4062846,0.9506947729009214,4062846,True,MATCHED,MATCHED,True
406,1600938552750176,10,0.60674125,"[428.62,380.987,474.716,440.898]",4062845,0.9500650358856253,4062845,True,MATCHED,MATCHED,True
406,1600938552750176,11,0.43697277,"[422.568,361.252,448.467,389.009]",4062842,0.9008293077357254,4062842,True,MATCHED,MATCHED,True
406,1600938552750176,12,0.29162487,"[107.705,330.724,131.332,354.451]",4062855,0.8794430947394745,,False,LOW_CONF,LOW_CONF,False
406,1600938552750176,13,0.11327683,"[603.909,187.618,627.794,208.421]",4062861,0.41572326442039437,,False,LOW_CONF,LOW_CONF,False
406,1600938552750176,14,0.09072939,"[0.403,515.215,40.515,563.212]",4062826,0.0,,False,LOW_CONF,LOW_CONF,False
406,1600938552750176,15,0.08079572,"[602.262,191.115,625.226,208.75]",4062861,0.29119085501504816,,False,LOW_CONF,LOW_CONF,False
406,1600938552750176,16,0.06640869,"[0.168,717.481,20.028,756.882]",4062826,0.0,,False,LOW_CONF,LOW_CONF,False
406,1600938552750176,17,0.05659761,"[604.351,176.804,632.862,206.523]",4062861,0.843960129344873,,False,LOW_CONF,LOW_CONF,False
406,1600938552750176,18,0.05430136,"[0.506,891.781,25.289,947.806]",4062840,0.3232304200836442,,False,LOW_CONF,LOW_CONF,False
406,1600938552816836,0,0.9180153,"[487.576,601.101,596.468,709.548]",4062851,0.9335186343083001,4062851,True,MATCHED,MATCHED,True
406,1600938552816836,1,0.91167086,"[488.601,445.504,590.266,571.13]",4062852,0.9687323490594655,4062852,True,MATCHED,MATCHED,True
406,1600938552816836,2,0.90432978,"[138.365,588.521,226.999,677.566]",4062826,0.9716140919857552,4062826,True,MATCHED,MATCHED,True
406,1600938552816836,3,0.89478904,"[28.395,428.048,122.198,521.767]",4062832,0.9551631082890386,4062832,True,MATCHED,MATCHED,True
406,1600938552816836,4,0.83139563,"[572.119,204.943,621.841,282.527]",4062858,0.889405809851963,4062858,True,MATCHED,MATCHED,True
406,1600938552816836,5,0.8236649,"[6.817,153.213,44.822,190.4]",4062831,0.8179484870547991,4062831,True,MATCHED,MATCHED,True
406,1600938552816836,6,0.81017929,"[490.523,550.459,546.511,607.535]",4062850,0.8394381501975611,4062850,True,MATCHED,MATCHED,True
406,1600938552816836,7,0.8094731,"[378.007,453.106,445.267,524.24]",4062846,0.9458688540573399,4062846,True,MATCHED,MATCHED,True
406,1600938552816836,8,0.7863065,"[558.467,295.678,590.549,347.796]",4062860,0.8546481312481917,4062860,True,MATCHED,MATCHED,True
406,1600938552816836,9,0.77823615,"[415.57,380.379,462.655,440.097]",4062845,0.9693656868445886,4062845,True,MATCHED,MATCHED,True
406,1600938552816836,10,0.51870733,"[589.897,175.317,619.215,205.442]",4062861,0.8140135944700456,4062861,True,MATCHED,MATCHED,True
406,1600938552816836,11,0.40608129,"[0.0,834.963,15.626,921.364]",4062840,0.7250816466165418,4062840,True,MATCHED,MATCHED,True
406,1600938552816836,12,0.40224305,"[412.266,361.617,438.447,386.132]",4062842,0.822204801325628,4062842,True,MATCHED,MATCHED,True
406,1600938552816836,13,0.33654717,"[588.981,181.827,613.431,205.733]",4062861,0.5380673624617768,,False,GREEDY_MATCH_CONFLICT,GREEDY_MATCH_CONFLICT,False
406,1600938552816836,14,0.23244095,"[92.785,329.571,116.902,351.936]",4062855,0.8487790355631507,,False,LOW_CONF,LOW_CONF,False
406,1600938552816836,15,0.12910381,"[600.916,172.74,629.672,202.84]",4062861,0.41742391255691913,,False,LOW_CONF,LOW_CONF,False
406,1600938552816836,16,0.06614733,"[1.278,516.602,31.394,563.445]",4062832,0.002278900908934394,,False,LOW_CONF,LOW_CONF,False
406,1600938552883497,0,0.92581511,"[471.191,445.705,573.568,567.112]",4062852,0.9356447347578156,4062852,True,MATCHED,MATCHED,True
406,1600938552883497,1,0.92381418,"[124.445,589.981,212.969,678.4]",4062826,0.956354004193091,4062826,True,MATCHED,MATCHED,True
406,1600938552883497,2,0.91072124,"[471.157,600.451,581.849,709.542]",4062851,0.9348513989041334,4062851,True,MATCHED,MATCHED,True
406,1600938552883497,3,0.90642685,"[13.844,429.175,107.856,522.698]",4062832,0.9603860994401469,4062832,True,MATCHED,MATCHED,True
406,1600938552883497,4,0.8465637,"[558.772,204.741,605.941,282.9]",4062858,0.9108461531260783,4062858,True,MATCHED,MATCHED,True
406,1600938552883497,5,0.83058512,"[474.587,551.725,531.32,607.584]",4062850,0.8827863667317258,4062850,True,MATCHED,MATCHED,True
406,1600938552883497,6,0.80540508,"[0.0,154.197,31.072,193.488]",4062831,0.8027194483601866,4062831,True,MATCHED,MATCHED,True
406,1600938552883497,7,0.7380386,"[545.35,296.178,576.592,349.069]",4062860,0.8643005345531218,4062860,True,MATCHED,MATCHED,True
406,1600938552883497,8,0.52944076,"[81.825,332.433,103.37,353.622]",4062855,0.7304272080000006,4062855,True,MATCHED,MATCHED,True
406,1600938552883497,9,0.43446553,"[573.571,175.539,599.355,205.307]",4062861,0.6120718596491226,4062861,True,MATCHED,MATCHED,True
406,1600938552883497,10,0.36525974,"[402.891,381.31,448.683,441.218]",4062845,0.9456693973838971,4062845,True,MATCHED,MATCHED,True
406,1600938552883497,11,0.10630737,"[398.337,360.607,424.82,384.799]",4062842,0.8344508067576114,,False,LOW_CONF,LOW_CONF,False
406,1600938552883497,12,0.07012821,"[568.51,203.954,604.11,272.577]",4062858,0.6908345647138768,,False,LOW_CONF,LOW_CONF,False
406,1600938552950157,0,0.91738099,"[456.013,601.043,565.8,707.521]",4062851,0.9195364550357056,4062851,True,MATCHED,MATCHED,True
406,1600938552950157,1,0.91293299,"[111.78,589.819,199.458,678.507]",4062826,0.9618255599967468,4062826,True,MATCHED,MATCHED,True
406,1600938552950157,2,0.90698737,"[453.675,445.619,559.201,571.789]",4062852,0.9548093997508698,4062852,True,MATCHED,MATCHED,True
406,1600938552950157,3,0.89392334,"[0.0,427.508,92.904,523.111]",4062832,0.961736013929647,4062832,True,MATCHED,MATCHED,True
406,1600938552950157,4,0.82543558,"[544.88,205.971,590.786,281.184]",4062858,0.9365339748908009,4062858,True,MATCHED,MATCHED,True
406,1600938552950157,5,0.81766737,"[390.811,382.082,436.518,441.381]",4062845,0.9650771074889611,4062845,True,MATCHED,MATCHED,True
406,1600938552950157,6,0.81269532,"[460.67,549.507,516.337,606.925]",4062850,0.8396360730197383,4062850,True,MATCHED,MATCHED,True
406,1600938552950157,7,0.73672354,"[531.087,297.541,559.425,347.756]",4062860,0.9035833034983888,4062860,True,MATCHED,MATCHED,True
406,1600938552950157,8,0.6937871,"[0.0,155.705,19.269,194.526]",4062831,0.7940732203606969,4062831,True,MATCHED,MATCHED,True
406,1600938552950157,9,0.55930579,"[558.332,173.878,586.884,206.062]",4062861,0.6570904925680666,4062861,True,MATCHED,MATCHED,True
406,1600938552950157,10,0.54849094,"[65.873,328.559,90.943,353.424]",4062855,0.8797834668204652,4062855,True,MATCHED,MATCHED,True
406,1600938552950157,11,0.41719589,"[386.829,362.105,410.953,386.576]",4062842,0.8732816627218926,4062842,True,MATCHED,MATCHED,True
406,1600938552950157,12,0.39064595,"[351.348,451.638,418.685,521.611]",4062846,0.8751309729881438,4062846,True,MATCHED,MATCHED,True
406,1600938552950157,13,0.06602598,"[557.867,165.073,590.028,206.036]",4062861,0.94184899891324,,False,LOW_CONF,LOW_CONF,False
406,1600938553016818,0,0.91413277,"[437.648,445.692,540.947,570.402]",4062852,0.936560948013623,4062852,True,MATCHED,MATCHED,True
406,1600938553016818,1,0.91142589,"[0.0,427.49,77.642,522.142]",4062832,0.9540768454719759,4062832,True,MATCHED,MATCHED,True
406,1600938553016818,2,0.90638345,"[440.781,601.484,549.122,708.656]",4062851,0.9242889194389271,4062851,True,MATCHED,MATCHED,True
406,1600938553016818,3,0.89211148,"[97.265,589.578,186.843,678.025]",4062826,0.9515727894606288,4062826,True,MATCHED,MATCHED,True
406,1600938553016818,4,0.85011584,"[528.811,205.152,575.879,280.073]",4062858,0.9680224145078425,4062858,True,MATCHED,MATCHED,True
406,1600938553016818,5,0.81099313,"[445.675,552.195,500.155,606.506]",4062850,0.8789876715035968,4062850,True,MATCHED,MATCHED,True
406,1600938553016818,6,0.80142725,"[339.19,453.515,405.299,523.093]",4062846,0.9007307378678523,4062846,True,MATCHED,MATCHED,True
406,1600938553016818,7,0.68010604,"[517.4,297.195,546.744,349.204]",4062860,0.8293847053607059,4062860,True,MATCHED,MATCHED,True
406,1600938553016818,8,0.62563539,"[377.927,381.286,422.704,441.087]",4062845,0.9211876191956901,4062845,True,MATCHED,MATCHED,True
406,1600938553016818,9,0.58363003,"[542.417,167.023,573.901,205.426]",4062861,0.7851169168831149,4062861,True,MATCHED,MATCHED,True
406,1600938553016818,10,0.55070579,"[50.483,326.982,76.183,351.328]",4062855,0.7597186715276235,4062855,True,MATCHED,MATCHED,True
406,1600938553016818,11,0.531856,"[375.861,362.329,400.113,385.307]",4062842,0.8499370286247047,4062842,True,MATCHED,MATCHED,True
406,1600938553016818,12,0.33347905,"[541.284,176.004,571.261,205.579]",4062861,0.5543220247407126,,False,GREEDY_MATCH_CONFLICT,GREEDY_MATCH_CONFLICT,False
406,1600938553083478,0,0.91310591,"[422.507,445.94,527.194,568.928]",4062852,0.9425113819160217,4062852,True,MATCHED,MATCHED,True
406,1600938553083478,1,0.9102717,"[425.483,600.852,533.338,711.63]",4062851,0.9449510590003162,4062851,True,MATCHED,MATCHED,True
406,1600938553083478,2,0.90594983,"[0.0,427.754,65.515,522.94]",4062832,0.9544410291017292,4062832,True,MATCHED,MATCHED,True
406,1600938553083478,3,0.89851224,"[85.796,589.122,175.418,678.327]",4062826,0.9769904090198989,4062826,True,MATCHED,MATCHED,True
406,1600938553083478,4,0.85482526,"[515.539,205.18,562.18,280.75]",4062858,0.9404541464678863,4062858,True,MATCHED,MATCHED,True
406,1600938553083478,5,0.84784722,"[326.775,452.769,392.693,523.675]",4062846,0.917055204922171,4062846,True,MATCHED,MATCHED,True
406,1600938553083478,6,0.80254614,"[365.244,381.085,411.858,441.125]",4062845,0.955609731103441,4062845,True,MATCHED,MATCHED,True
406,1600938553083478,7,0.74518889,"[433.054,552.728,486.763,606.092]",4062850,0.8898437394103438,4062850,True,MATCHED,MATCHED,True
406,1600938553083478,8,0.68972558,"[526.395,163.176,561.697,204.858]",4062861,0.8602338837028956,4062861,True,MATCHED,MATCHED,True
406,1600938553083478,9,0.66022849,"[502.742,296.73,530.956,350.04]",4062860,0.8500406102316894,4062860,True,MATCHED,MATCHED,True
406,1600938553083478,10,0.53026736,"[364.619,364.379,388.203,383.822]",4062842,0.6951585256240257,4062842,True,MATCHED,MATCHED,True
406,1600938553083478,11,0.40393028,"[39.459,330.875,62.411,351.407]",4062855,0.7250007138461532,4062855,True,MATCHED,MATCHED,True
406,1600938553150138,0,0.92067319,"[408.426,447.094,512.369,567.278]",4062852,0.9280474779079191,4062852,True,MATCHED,MATCHED,True
406,1600938553150138,1,0.90656441,"[407.672,601.022,517.246,713.791]",4062851,0.9536738043345416,4062851,True,MATCHED,MATCHED,True
406,1600938553150138,2,0.90229881,"[72.914,588.713,161.524,678.095]",4062826,0.9696497479967106,4062826,True,MATCHED,MATCHED,True
406,1600938553150138,3,0.87751931,"[312.898,453.235,380.006,523.249]",4062846,0.8967960797843716,4062846,True,MATCHED,MATCHED,True
406,1600938553150138,4,0.85607851,"[0.025,429.786,49.837,523.366]",4062832,0.9325950104677799,4062832,True,MATCHED,MATCHED,True
406,1600938553150138,5,0.85217112,"[499.569,205.456,546.545,281.298]",4062858,0.8862939927672184,4062858,True,MATCHED,MATCHED,True
406,1600938553150138,6,0.84102744,"[352.21,381.922,397.659,441.857]",4062845,0.9401900832059767,4062845,True,MATCHED,MATCHED,True
406,1600938553150138,7,0.79266632,"[417.297,553.243,471.122,605.996]",4062850,0.8527105141264116,4062850,True,MATCHED,MATCHED,True
406,1600938553150138,8,0.67686588,"[511.62,163.239,546.023,204.982]",4062861,0.7881967770079489,4062861,True,MATCHED,MATCHED,True
406,1600938553150138,9,0.61160517,"[487.27,298.807,516.853,349.94]",4062860,0.8036167920250795,4062860,True,MATCHED,MATCHED,True
406,1600938553150138,10,0.3999868,"[350.589,361.096,374.648,384.554]",4062842,0.8130206100880943,4062842,True,MATCHED,MATCHED,True
406,1600938553150138,11,0.21123944,"[27.757,332.613,48.711,352.991]",4062855,0.6325934992592588,,False,LOW_CONF,LOW_CONF,False
406,1600938553150138,12,0.15694968,"[46.441,580.27,72.095,616.727]",4062826,0.0,,False,LOW_CONF,LOW_CONF,False
406,1600938553150138,13,0.0540468,"[695.641,475.721,719.587,517.332]",4062826,0.0,,False,LOW_CONF,LOW_CONF,False
406,1600938553216799,0,0.92069453,"[393.508,601.186,501.783,713.499]",4062851,0.9736134163125888,4062851,True,MATCHED,MATCHED,True
406,1600938553216799,1,0.91609311,"[58.463,588.428,148.863,677.397]",4062826,0.971699795982558,4062826,True,MATCHED,MATCHED,True
406,1600938553216799,2,0.9155525,"[393.433,447.05,496.9,569.695]",4062852,0.9488820526699654,4062852,True,MATCHED,MATCHED,True
406,1600938553216799,3,0.85975623,"[483.311,205.186,531.298,282.189]",4062858,0.8731197969551234,4062858,True,MATCHED,MATCHED,True
406,1600938553216799,4,0.81745094,"[0.0,438.491,31.962,521.207]",4062832,0.859955254510508,4062832,True,MATCHED,MATCHED,True
406,1600938553216799,5,0.78431439,"[339.3,381.566,382.735,441.204]",4062845,0.8877448950239407,4062845,True,MATCHED,MATCHED,True
406,1600938553216799,6,0.75310618,"[495.325,161.313,532.772,204.954]",4062861,0.8134517307117987,4062861,True,MATCHED,MATCHED,True
406,1600938553216799,7,0.68847859,"[473.137,298.421,499.674,348.246]",4062860,0.8384199745858196,4062860,True,MATCHED,MATCHED,True
406,1600938553216799,8,0.64231962,"[404.464,555.798,455.767,605.781]",4062850,0.8505817704936907,4062850,True,MATCHED,MATCHED,True
406,1600938553216799,9,0.31390756,"[12.693,331.979,34.153,351.916]",4062855,0.6094701139601142,4062855,True,MATCHED,MATCHED,True
406,1600938553216799,10,0.3101683,"[300.032,453.908,367.15,521.543]",4062846,0.9117827416052847,4062846,True,MATCHED,MATCHED,True
406,1600938553216799,11,0.19028178,"[30.4,578.622,61.171,617.077]",4062826,0.0067403351503604525,,False,LOW_CONF,LOW_CONF,False
406,1600938553216799,12,0.11654614,"[339.318,361.797,362.204,383.584]",4062842,0.7977876512,,False,LOW_CONF,LOW_CONF,False
406,1600938553283460,0,0.92646253,"[379.201,447.638,479.837,568.606]",4062852,0.9486286397875426,4062852,True,MATCHED,MATCHED,True
406,1600938553283460,1,0.91531247,"[44.33,590.061,134.828,678.97]",4062826,0.9681133187632709,4062826,True,MATCHED,MATCHED,True
406,1600938553283460,2,0.91255796,"[378.32,601.702,486.585,713.037]",4062851,0.9358450135869566,4062851,True,MATCHED,MATCHED,True
406,1600938553283460,3,0.85403842,"[467.689,205.012,515.63,280.402]",4062858,0.8287499357359398,4062858,True,MATCHED,MATCHED,True
406,1600938553283460,4,0.76556444,"[479.384,157.31,518.008,204.7]",4062861,0.8629771065074494,4062861,True,MATCHED,MATCHED,True
406,1600938553283460,5,0.74783254,"[326.531,381.73,370.364,441.732]",4062845,0.9405188522871797,4062845,True,MATCHED,MATCHED,True
406,1600938553283460,6,0.65992737,"[389.776,553.68,440.081,605.969]",4062850,0.7832091759865668,4062850,True,MATCHED,MATCHED,True
406,1600938553283460,7,0.65488011,"[458.874,299.158,483.942,347.74]",4062860,0.7252447132037511,4062860,True,MATCHED,MATCHED,True
406,1600938553283460,8,0.60966098,"[0.0,469.799,18.255,519.797]",4062832,0.5589182424984694,4062832,True,MATCHED,MATCHED,True
406,1600938553283460,9,0.519517,"[2.154,329.82,23.818,351.937]",4062855,0.7985711466666674,4062855,True,MATCHED,MATCHED,True
406,1600938553283460,10,0.48879632,"[12.525,577.584,47.021,618.443]",4062826,0.006237369401106091,,False,IOU_BELOW_0_5,IOU_BELOW_0_5,False
406,1600938553283460,11,0.19564269,"[325.995,362.712,347.987,383.822]",4062842,0.7139541725186023,,False,LOW_CONF,LOW_CONF,False
406,1600938553283460,12,0.07189307,"[288.087,455.389,355.794,522.035]",4062846,0.9370017970001058,,False,LOW_CONF,LOW_CONF,False
406,1600938553350120,0,0.92672825,"[363.34,447.217,463.672,566.85]",4062852,0.9383908413667369,4062852,True,MATCHED,MATCHED,True
406,1600938553350120,1,0.91879463,"[360.972,601.152,469.988,710.679]",4062851,0.9434178216391284,4062851,True,MATCHED,MATCHED,True
406,1600938553350120,2,0.9003275,"[30.937,588.979,122.283,678.472]",4062826,0.9745562268806134,4062826,True,MATCHED,MATCHED,True
406,1600938553350120,3,0.87468714,"[453.916,204.405,500.256,280.423]",4062858,0.8988691859409285,4062858,True,MATCHED,MATCHED,True
406,1600938553350120,4,0.80329514,"[464.111,157.243,503.512,205.021]",4062861,0.8567316964035657,4062861,True,MATCHED,MATCHED,True
406,1600938553350120,5,0.77750909,"[374.898,553.771,423.362,605.657]",4062850,0.8290779302544267,4062850,True,MATCHED,MATCHED,True
406,1600938553350120,6,0.72398615,"[0.0,571.039,33.744,617.859]",4062826,0.00788789128707238,,False,IOU_BELOW_0_5,IOU_BELOW_0_5,False
406,1600938553350120,7,0.6568644,"[443.497,297.887,473.033,348.352]",4062860,0.8180655395284037,4062860,True,MATCHED,MATCHED,True
406,1600938553350120,8,0.56367612,"[274.909,455.501,341.401,523.171]",4062846,0.9422711877607909,4062846,True,MATCHED,MATCHED,True
406,1600938553350120,9,0.5315513,"[313.651,380.724,357.722,441.841]",4062845,0.9419015984989754,4062845,True,MATCHED,MATCHED,True
406,1600938553350120,10,0.06621893,"[313.293,361.053,338.471,383.175]",4062842,0.8793243432064475,,False,LOW_CONF,LOW_CONF,False
406,1600938553416781,0,0.93602008,"[349.318,447.643,449.983,565.824]",4062852,0.9052441273008012,4062852,True,MATCHED,MATCHED,True
406,1600938553416781,1,0.91274154,"[345.375,601.757,451.87,712.214]",4062851,0.9450500179887769,4062851,True,MATCHED,MATCHED,True
406,1600938553416781,2,0.9054051,"[17.142,588.787,109.923,679.036]",4062826,0.9838703266285048,4062826,True,MATCHED,MATCHED,True
406,1600938553416781,3,0.87453145,"[437.494,204.527,484.807,279.699]",4062858,0.8962300458100655,4062858,True,MATCHED,MATCHED,True
406,1600938553416781,4,0.79022032,"[360.166,554.205,406.48,606.333]",4062850,0.8505980602798012,4062850,True,MATCHED,MATCHED,True
406,1600938553416781,5,0.78922856,"[448.943,156.803,486.775,204.985]",4062861,0.8272419710706903,4062861,True,MATCHED,MATCHED,True
406,1600938553416781,6,0.68169492,"[299.962,381.214,344.822,440.886]",4062845,0.989768166315269,4062845,True,MATCHED,MATCHED,True
406,1600938553416781,7,0.61378992,"[427.467,295.422,454.793,347.437]",4062860,0.8090831814830769,4062860,True,MATCHED,MATCHED,True
406,1600938553416781,8,0.27987787,"[301.685,362.636,323.023,382.833]",4062842,0.7291023296495519,,False,LOW_CONF,LOW_CONF,False
406,1600938553416781,9,0.27665523,"[0.0,557.878,22.175,615.669]",4062826,0.014093105033655214,,False,LOW_CONF,LOW_CONF,False
406,1600938553416781,10,0.19826859,"[418.45,293.1,454.124,343.329]",4062860,0.5873661155987117,,False,LOW_CONF,LOW_CONF,False
406,1600938553416781,11,0.17557894,"[262.485,455.44,330.833,523.391]",4062846,0.9501441356059531,,False,LOW_CONF,LOW_CONF,False
406,1600938553416781,12,0.07903758,"[0.0,616.466,24.415,688.835]",4062826,0.048400830148681045,,False,LOW_CONF,LOW_CONF,False
406,1600938553483441,0,0.92451143,"[329.836,601.452,435.343,710.256]",4062851,0.9215214393024294,4062851,True,MATCHED,MATCHED,False
406,1600938553483441,1,0.92323446,"[333.274,447.387,431.767,564.433]",4062852,0.92969449016129,4062852,True,MATCHED,MATCHED,True
406,1600938553483441,2,0.90967429,"[2.096,587.598,96.029,679.068]",4062826,0.9443523066951267,4062826,True,MATCHED,MATCHED,True
406,1600938553483441,3,0.86529279,"[423.423,203.762,470.677,280.016]",4062858,0.8615647081247315,4062858,True,MATCHED,MATCHED,True
406,1600938553483441,4,0.81360865,"[345.685,554.43,390.719,605.17]",4062850,0.8638854549855371,4062850,True,MATCHED,MATCHED,True
406,1600938553483441,5,0.80104125,"[434.223,154.715,471.303,203.774]",4062861,0.8014822801266351,4062861,True,MATCHED,MATCHED,True
406,1600938553483441,6,0.80034846,"[285.41,380.869,331.435,441.28]",4062845,0.9494981106740946,4062845,True,MATCHED,MATCHED,True
406,1600938553483441,7,0.62693,"[413.177,296.541,442.52,343.728]",4062860,0.7176759107246196,4062860,True,MATCHED,MATCHED,True
406,1600938553483441,8,0.28580138,"[250.734,453.973,318.891,524.72]",4062846,0.9649999867301245,,False,LOW_CONF,LOW_CONF,False
406,1600938553483441,9,0.06318738,"[1.162,481.973,26.107,539.427]",4062826,0.0,,False,LOW_CONF,LOW_CONF,False
406,1600938553483441,10,0.0524021,"[291.133,362.036,311.798,382.422]",4062842,0.7021278166666682,,False,LOW_CONF,LOW_CONF,False
406,1600938553550101,0,0.92475969,"[318.497,447.646,417.119,561.753]",4062852,0.9208297646673762,4062852,True,MATCHED,MATCHED,True
406,1600938553550101,1,0.90940183,"[315.5,601.695,419.634,709.68]",4062851,0.9425379935370592,4062851,True,MATCHED,MATCHED,True
406,1600938553550101,2,0.89633811,"[0.972,587.31,84.022,679.297]",4062826,0.955418618558752,4062826,True,MATCHED,MATCHED,True
406,1600938553550101,3,0.8592121,"[407.976,203.418,455.402,280.418]",4062858,0.9634399846051651,4062858,True,MATCHED,MATCHED,True
406,1600938553550101,4,0.81499857,"[420.141,153.185,456.76,203.41]",4062861,0.9559195816008308,4062861,True,MATCHED,MATCHED,True
406,1600938553550101,5,0.80848277,"[332.527,554.516,373.682,605.714]",4062850,0.8716756550514361,4062850,True,MATCHED,MATCHED,True
406,1600938553550101,6,0.65434557,"[398.093,299.268,427.711,343.644]",4062860,0.7112942583761973,4062860,True,MATCHED,MATCHED,True
406,1600938553550101,7,0.5607357,"[275.584,381.285,316.812,440.892]",4062845,0.9308626499999998,4062845,True,MATCHED,MATCHED,True
406,1600938553550101,8,0.07570455,"[468.025,111.866,480.357,128.699]",4062862,0.4229035071576544,,False,LOW_CONF,LOW_CONF,False
406,1600938553616762,0,0.9129464,"[298.014,601.797,402.52,708.16]",4062851,0.9168122950697966,4062851,True,MATCHED,MATCHED,True
406,1600938553616762,1,0.90908116,"[304.346,447.585,400.713,560.677]",4062852,0.8744553288935254,4062852,True,MATCHED,MATCHED,True
406,1600938553616762,2,0.86526561,"[0.875,589.334,69.116,679.039]",4062826,0.9708434451152412,4062826,True,MATCHED,MATCHED,True
406,1600938553616762,3,0.86162078,"[393.433,203.178,441.11,280.974]",4062858,0.9451492169998473,4062858,True,MATCHED,MATCHED,True
406,1600938553616762,4,0.83224761,"[405.052,154.656,443.561,203.521]",4062861,0.9196175467532443,4062861,True,MATCHED,MATCHED,True
406,1600938553616762,5,0.78222221,"[317.505,553.712,356.004,605.586]",4062850,0.8617905250693081,4062850,True,MATCHED,MATCHED,False
406,1600938553616762,6,0.59570438,"[385.432,297.709,416.046,340.545]",4062860,0.6320581894663952,4062860,True,MATCHED,MATCHED,True
406,1600938553616762,7,0.19701269,"[261.271,380.704,305.044,441.198]",4062845,0.954636836943156,,False,LOW_CONF,LOW_CONF,False
406,1600938553616762,8,0.14931853,"[453.963,114.0,465.343,131.219]",4062862,0.4290889100544968,,False,LOW_CONF,LOW_CONF,False
406,1600938553616762,9,0.08636233,"[223.627,455.101,294.647,523.662]",4062846,0.9280698781726577,,False,LOW_CONF,LOW_CONF,False
406,1600938553683422,0,0.93787384,"[287.959,447.305,385.105,560.484]",4062852,0.9162405945000004,4062852,True,MATCHED,MATCHED,True
406,1600938553683422,1,0.90569299,"[282.518,602.05,384.002,708.375]",4062851,0.8850582649068791,4062851,True,MATCHED,MATCHED,True
406,1600938553683422,2,0.85606682,"[1.318,591.057,54.964,676.812]",4062826,0.900641889975744,4062826,True,MATCHED,MATCHED,True
406,1600938553683422,3,0.85502219,"[376.657,203.182,426.24,280.621]",4062858,0.9500846324999076,4062858,True,MATCHED,MATCHED,True
406,1600938553683422,4,0.84213179,"[389.303,153.589,428.8,203.279]",4062861,0.9299248314111168,4062861,True,MATCHED,MATCHED,True
406,1600938553683422,5,0.72931051,"[301.695,554.804,337.46,605.538]",4062850,0.8207559314561603,4062850,True,MATCHED,MATCHED,True
406,1600938553683422,6,0.66770548,"[371.277,298.924,397.383,345.163]",4062860,0.7626437806128978,4062860,True,MATCHED,MATCHED,True
406,1600938553683422,7,0.27217793,"[437.373,113.997,449.751,133.199]",4062862,0.521233236842105,,False,LOW_CONF,LOW_CONF,False
406,1600938553683422,8,0.17580862,"[247.589,380.41,291.585,440.742]",4062845,0.9599318345536227,,False,LOW_CONF,LOW_CONF,False
406,1600938553750082,0,0.91383111,"[265.659,601.922,370.046,709.531]",4062851,0.9221973468573554,4062851,True,MATCHED,MATCHED,True
406,1600938553750082,1,0.91122955,"[271.783,447.474,369.42,559.801]",4062852,0.92317098476431,4062852,True,MATCHED,MATCHED,True
406,1600938553750082,2,0.86801565,"[362.07,202.68,411.343,280.387]",4062858,0.9315895392337774,4062858,True,MATCHED,MATCHED,True
406,1600938553750082,3,0.8444922,"[374.82,153.064,414.719,202.865]",4062861,0.9399733482630331,4062861,True,MATCHED,MATCHED,True
406,1600938553750082,4,0.83771563,"[0.798,593.641,41.804,672.29]",4062826,0.8992716019197021,4062826,True,MATCHED,MATCHED,True
406,1600938553750082,5,0.70016092,"[235.188,380.583,279.834,441.307]",4062845,0.9335442611536501,4062845,True,MATCHED,MATCHED,True
406,1600938553750082,6,0.67227143,"[286.723,554.791,317.654,604.554]",4062850,0.7414103071903545,4062850,True,MATCHED,MATCHED,True
406,1600938553750082,7,0.44140068,"[355.48,298.813,380.918,344.226]",4062860,0.7168836770887625,4062860,True,MATCHED,MATCHED,True
406,1600938553750082,8,0.12201623,"[422.236,113.948,435.177,132.811]",4062862,0.5085543395833348,,False,LOW_CONF,LOW_CONF,False
406,1600938553750082,9,0.05182039,"[710.525,563.33,720.0,587.01]",4062826,0.0,,False,LOW_CONF,LOW_CONF,False
406,1600938553816741,0,0.93708253,"[256.823,447.03,354.417,557.965]",4062852,0.9113291574074078,4062852,True,MATCHED,MATCHED,True
406,1600938553816741,1,0.89535743,"[250.647,601.84,353.074,708.349]",4062851,0.9057036890667645,4062851,True,MATCHED,MATCHED,True
406,1600938553816741,2,0.8640641,"[346.952,202.903,396.555,281.452]",4062858,0.9683630312937916,4062858,True,MATCHED,MATCHED,True
406,1600938553816741,3,0.85861003,"[358.65,152.558,397.913,201.719]",4062861,0.9068164836811284,4062861,True,MATCHED,MATCHED,True
406,1600938553816741,4,0.81398493,"[0.966,594.31,30.013,660.73]",4062826,0.9152285294117657,4062826,True,MATCHED,MATCHED,True
406,1600938553816741,5,0.75068998,"[272.485,556.536,299.884,603.888]",4062850,0.7516187966533211,4062850,True,MATCHED,MATCHED,True
406,1600938553816741,6,0.45559528,"[342.483,297.843,364.929,342.802]",4062860,0.8086208095330373,4062860,True,MATCHED,MATCHED,True
406,1600938553816741,7,0.25340551,"[405.948,113.755,419.699,134.64]",4062862,0.6062008952709484,,False,LOW_CONF,LOW_CONF,False
406,1600938553816741,8,0.22527179,"[222.445,381.164,265.446,441.585]",4062845,0.90467523781992,,False,LOW_CONF,LOW_CONF,False
406,1600938553883401,0,0.92395645,"[240.872,446.817,337.994,558.556]",4062852,0.9196877252542377,4062852,True,MATCHED,MATCHED,True
406,1600938553883401,1,0.91087919,"[235.88,602.067,336.709,707.328]",4062851,0.9187164192191205,4062851,True,MATCHED,MATCHED,True
406,1600938553883401,2,0.86015725,"[332.01,202.531,380.592,280.995]",4062858,0.9500018907331631,4062858,True,MATCHED,MATCHED,True
406,1600938553883401,3,0.85401791,"[343.062,152.548,382.337,201.161]",4062861,0.8706226972184218,4062861,True,MATCHED,MATCHED,True
406,1600938553883401,4,0.76860774,"[256.458,557.783,281.101,604.134]",4062850,0.7396131626183321,4062850,True,MATCHED,MATCHED,True
406,1600938553883401,5,0.38543892,"[328.651,296.007,349.532,339.935]",4062860,0.6917500512820502,4062860,True,MATCHED,MATCHED,True
406,1600938553883401,6,0.33296731,"[0.201,596.991,18.346,657.707]",4062826,0.8504232240199511,4062826,True,MATCHED,MATCHED,True
406,1600938553883401,7,0.21673143,"[210.415,381.12,252.133,441.466]",4062845,0.8892937128353214,,False,LOW_CONF,LOW_CONF,False
406,1600938553883401,8,0.12547512,"[390.501,114.631,404.989,134.318]",4062862,0.5332250851773394,,False,LOW_CONF,LOW_CONF,False
406,1600938553883401,9,0.05071149,"[687.12,639.182,718.778,668.745]",4062826,0.0,,False,LOW_CONF,LOW_CONF,False
406,1600938553950060,0,0.9372831,"[225.322,447.152,323.535,557.959]",4062852,0.922261685677966,4062852,True,MATCHED,MATCHED,True
406,1600938553950060,1,0.8969022,"[218.247,602.111,318.446,709.886]",4062851,0.9080162497468927,4062851,True,MATCHED,MATCHED,True
406,1600938553950060,2,0.86329043,"[326.986,152.121,368.581,200.634]",4062861,0.8792584901960786,4062861,True,MATCHED,MATCHED,True
406,1600938553950060,3,0.86224824,"[316.45,201.441,366.963,281.37]",4062858,0.9180390256070343,4062858,True,MATCHED,MATCHED,True
406,1600938553950060,4,0.56882727,"[244.061,556.684,262.478,603.889]",4062850,0.7474471306485044,4062850,True,MATCHED,MATCHED,True
406,1600938553950060,5,0.29696098,"[315.376,300.507,334.332,343.026]",4062860,0.6447921312000007,,False,LOW_CONF,LOW_CONF,False
406,1600938553950060,6,0.21696967,"[375.528,113.243,391.444,133.352]",4062862,0.595600209795087,,False,LOW_CONF,LOW_CONF,False
406,1600938553950060,7,0.05466523,"[195.821,379.935,237.062,441.791]",4062845,0.8606619872273013,,False,LOW_CONF,LOW_CONF,False
407,1600938556483142,0,0.87124461,"[424.037,148.139,505.209,232.621]",4074902,0.8726357138301174,4074902,True,MATCHED,MATCHED,True
407,1600938556483142,1,0.68405527,"[336.393,104.799,368.56,160.619]",4074900,0.6820463850823353,4074900,True,MATCHED,MATCHED,True
407,1600938556483142,2,0.66195297,"[528.156,23.806,559.207,69.335]",4074906,0.8535091137731394,4074906,True,MATCHED,MATCHED,True
407,1600938556483142,3,0.48989171,"[538.067,381.918,645.902,513.43]",4074908,0.8615717273887704,4074908,True,MATCHED,MATCHED,True
407,1600938556483142,4,0.43592709,"[623.316,544.743,687.564,601.573]",4074915,0.30617689752598953,,False,IOU_BELOW_0_5,IOU_BELOW_0_5,False
407,1600938556483142,5,0.28470048,"[519.407,524.81,584.35,583.114]",4074914,0.47574182186462843,,False,LOW_CONF,LOW_CONF,False
407,1600938556483142,6,0.19942507,"[517.083,264.965,577.262,322.091]",4074900,0.0,,False,LOW_CONF,LOW_CONF,False
407,1600938556483142,7,0.18069996,"[398.993,411.691,460.174,479.146]",4074905,0.5924439211886308,,False,LOW_CONF,LOW_CONF,False
407,1600938556483142,8,0.16522829,"[692.474,379.252,719.308,445.263]",4074900,0.0,,False,LOW_CONF,LOW_CONF,False
407,1600938556483142,9,0.16512948,"[586.346,528.404,628.959,568.576]",4074914,0.31076548147883176,,False,LOW_CONF,LOW_CONF,False
407,1600938556483142,10,0.15186007,"[682.479,623.543,717.742,683.15]",4074915,0.11120452938149926,,False,LOW_CONF,LOW_CONF,False
407,1600938556483142,11,0.14901558,"[535.38,387.671,608.613,514.93]",4074908,0.5666985938816795,,False,LOW_CONF,LOW_CONF,False
407,1600938556483142,12,0.12391577,"[517.421,269.623,560.637,324.108]",4074900,0.0,,False,LOW_CONF,LOW_CONF,False
407,1600938556483142,13,0.10181027,"[573.11,494.372,610.592,516.35]",4074908,0.022256444180724217,,False,LOW_CONF,LOW_CONF,False
407,1600938556483142,14,0.09128792,"[561.992,492.543,611.937,516.474]",4074908,0.03552175228717721,,False,LOW_CONF,LOW_CONF,False
407,1600938556483142,15,0.08668068,"[538.983,381.265,637.002,448.437]",4074908,0.4692895415538135,,False,LOW_CONF,LOW_CONF,False
407,1600938556483142,16,0.06947371,"[587.555,494.894,612.43,515.67]",4074908,0.014056076206157588,,False,LOW_CONF,LOW_CONF,False
407,1600938556483142,17,0.06674903,"[527.993,526.439,597.008,579.745]",4074914,0.6354360482530801,,False,LOW_CONF,LOW_CONF,False
407,1600938556483142,18,0.05617237,"[592.968,533.035,684.549,593.629]",4074915,0.19706188971336283,,False,LOW_CONF,LOW_CONF,False
407,1600938556483142,19,0.05585461,"[530.375,401.694,595.753,513.689]",4074908,0.43365119692663323,,False,LOW_CONF,LOW_CONF,False
407,1600938556483142,20,0.05545846,"[527.411,378.336,579.216,519.853]",4074908,0.3692311750841252,,False,LOW_CONF,LOW_CONF,False
407,1600938556483142,21,0.05313846,"[517.856,296.755,545.852,324.463]",4074900,0.0,,False,LOW_CONF,LOW_CONF,False
407,1600938556483142,22,0.0527958,"[683.181,621.427,711.787,675.471]",4074915,0.11949223705635624,,False,LOW_CONF,LOW_CONF,False
407,1600938556549802,0,0.88665301,"[411.512,144.127,485.242,229.04]",4074902,0.9630811025583226,4074902,True,MATCHED,MATCHED,True
407,1600938556549802,1,0.67252702,"[490.038,516.982,567.661,579.585]",4074914,0.4960784474281009,,False,IOU_BELOW_0_5,IOU_BELOW_0_5,False
407,1600938556549802,2,0.66162014,"[319.979,100.47,353.626,157.405]",4074900,0.689068972891228,4074900,True,MATCHED,MATCHED,True
407,1600938556549802,3,0.61254871,"[606.341,542.878,672.353,636.729]",4074915,0.5745540431789219,,False,GREEDY_MATCH_CONFLICT,GREEDY_MATCH_CONFLICT,False
407,1600938556549802,4,0.5916912,"[507.826,21.782,539.062,68.731]",4074906,0.872747246089468,4074906,True,MATCHED,MATCHED,True
407,1600938556549802,5,0.58150107,"[514.747,380.443,621.015,515.308]",4074908,0.8699268055328149,4074908,True,MATCHED,MATCHED,True
407,1600938556549802,6,0.56754762,"[606.358,543.039,666.927,604.324]",4074915,0.3397623548025588,,False,IOU_BELOW_0_5,IOU_BELOW_0_5,False
407,1600938556549802,7,0.55557722,"[605.346,543.972,683.802,668.406]",4074915,0.910708980703653,4074915,True,MATCHED,MATCHED,True
407,1600938556549802,8,0.41031742,"[385.216,409.032,440.757,475.638]",4074905,0.5437042689594355,4074905,True,MATCHED,MATCHED,True
407,1600938556549802,9,0.36163837,"[509.536,264.729,556.926,319.982]",4074900,0.0,,False,NO_GT_OVERLAP,NO_GT_OVERLAP,False
407,1600938556549802,10,0.260059,"[509.612,389.528,573.352,516.424]",4074908,0.4551756158423033,,False,LOW_CONF,LOW_CONF,False
407,1600938556549802,11,0.24562781,"[625.455,555.658,684.582,672.993]",4074915,0.667818840695081,,False,LOW_CONF,LOW_CONF,False
407,1600938556549802,12,0.19280511,"[378.858,177.799,406.132,208.329]",4074911,0.6869425032247266,,False,LOW_CONF,LOW_CONF,False
407,1600938556549802,13,0.15406919,"[556.713,526.495,606.632,569.141]",4074914,0.3797491466426868,,False,LOW_CONF,LOW_CONF,False
407,1600938556549802,14,0.11390501,"[491.962,268.481,552.471,322.32]",4074900,0.0,,False,LOW_CONF,LOW_CONF,False
407,1600938556549802,15,0.10967309,"[544.888,379.843,622.764,511.97]",4074908,0.6617515103063328,,False,LOW_CONF,LOW_CONF,False
407,1600938556549802,16,0.09736349,"[650.974,602.986,685.019,672.613]",4074915,0.2234923215142294,,False,LOW_CONF,LOW_CONF,False
407,1600938556549802,17,0.07660969,"[402.092,402.101,462.907,473.825]",4074905,0.6410780511463843,,False,LOW_CONF,LOW_CONF,False
407,1600938556549802,18,0.0757673,"[485.348,301.674,513.293,323.554]",4074900,0.0,,False,LOW_CONF,LOW_CONF,False
407,1600938556549802,19,0.07481746,"[571.29,529.15,607.486,568.182]",4074914,0.2434064574619441,,False,LOW_CONF,LOW_CONF,False
407,1600938556549802,20,0.0638279,"[514.387,383.143,573.698,436.363]",4074908,0.2165419098579957,,False,LOW_CONF,LOW_CONF,False
407,1600938556549802,21,0.06123129,"[648.797,620.33,683.896,673.523]",4074915,0.1827188399882556,,False,LOW_CONF,LOW_CONF,False
407,1600938556549802,22,0.05439194,"[560.536,491.689,607.114,514.846]",4074908,0.047726825978731485,,False,LOW_CONF,LOW_CONF,False
407,1600938556549802,23,0.05092715,"[466.472,6.868,530.527,278.877]",4074902,0.06667299276213381,,False,LOW_CONF,LOW_CONF,False
407,1600938556616462,0,0.8924861,"[395.034,142.186,469.119,225.471]",4074902,0.9633736222952444,4074902,True,MATCHED,MATCHED,True
407,1600938556616462,1,0.79900563,"[502.551,378.276,606.648,513.063]",4074908,0.8744312329466501,4074908,True,MATCHED,MATCHED,True
407,1600938556616462,2,0.76944876,"[492.633,15.934,523.894,65.178]",4074906,0.8796058025370351,4074906,True,MATCHED,MATCHED,True
407,1600938556616462,3,0.63851881,"[306.487,100.445,337.694,154.432]",4074900,0.6969301554041524,4074900,True,MATCHED,MATCHED,True
407,1600938556616462,4,0.62611568,"[471.826,519.711,545.712,576.686]",4074914,0.46232382850697396,,False,IOU_BELOW_0_5,IOU_BELOW_0_5,False
407,1600938556616462,5,0.54759258,"[478.942,264.183,534.396,318.452]",4074900,0.0,,False,NO_GT_OVERLAP,NO_GT_OVERLAP,False
407,1600938556616462,6,0.37479475,"[365.743,176.809,389.694,203.252]",4074911,0.7760681770269147,4074911,True,MATCHED,MATCHED,True
407,1600938556616462,7,0.22898065,"[547.1,525.677,594.177,566.276]",4074914,0.3103284180740832,,False,LOW_CONF,LOW_CONF,False
407,1600938556616462,8,0.20507646,"[575.297,538.439,660.317,675.29]",4074915,0.7883552120560262,,False,LOW_CONF,LOW_CONF,False
407,1600938556616462,9,0.16885789,"[573.217,540.029,651.749,623.172]",4074915,0.4482612846181199,,False,LOW_CONF,LOW_CONF,False
407,1600938556616462,10,0.12333179,"[374.021,404.937,430.905,472.428]",4074905,0.5642501534391529,,False,LOW_CONF,LOW_CONF,False
407,1600938556616462,11,0.10317368,"[531.214,524.032,594.912,571.719]",4074914,0.49873797808877274,,False,LOW_CONF,LOW_CONF,False
407,1600938556616462,12,0.09429653,"[359.759,167.114,392.119,207.833]",4074911,0.4341006259214961,,False,LOW_CONF,LOW_CONF,False
407,1600938556616462,13,0.06725696,"[309.106,105.141,389.491,237.383]",4074900,0.14455939568471463,,False,LOW_CONF,LOW_CONF,False
407,1600938556616462,14,0.05881302,"[543.445,530.13,590.823,571.455]",4074914,0.3529528869712381,,False,LOW_CONF,LOW_CONF,False
407,1600938556616462,15,0.05725427,"[620.893,543.09,666.454,674.181]",4074915,0.5462163021642862,,False,LOW_CONF,LOW_CONF,False
407,1600938556616462,16,0.05703458,"[595.961,542.553,666.924,673.949]",4074915,0.8519547149701685,,False,LOW_CONF,LOW_CONF,False
407,1600938556616462,17,0.05403697,"[692.346,3.677,719.53,50.631]",4074900,0.0,,False,LOW_CONF,LOW_CONF,False
407,1600938556616462,18,0.05112942,"[556.241,534.927,648.819,607.961]",4074915,0.311261898221141,,False,LOW_CONF,LOW_CONF,False
407,1600938556683124,0,0.89113438,"[380.254,143.626,452.804,228.106]",4074902,0.9394344048578839,4074902,True,MATCHED,MATCHED,True
407,1600938556683124,1,0.71951413,"[481.009,380.479,583.918,513.802]",4074908,0.8795465151824085,4074908,True,MATCHED,MATCHED,True
407,1600938556683124,2,0.70174903,"[293.373,99.385,325.314,156.85]",4074900,0.7710231203315184,4074900,True,MATCHED,MATCHED,True
407,1600938556683124,3,0.68595642,"[476.445,18.51,507.805,67.213]",4074906,0.8668449748149043,4074906,True,MATCHED,MATCHED,True
407,1600938556683124,4,0.65772134,"[569.305,542.087,640.433,666.116]",4074915,0.8321912307903462,4074915,True,MATCHED,MATCHED,True
407,1600938556683124,5,0.6311959,"[569.889,540.722,633.193,627.014]",4074915,0.5126631143299598,,False,GREEDY_MATCH_CONFLICT,GREEDY_MATCH_CONFLICT,False
407,1600938556683124,6,0.61702597,"[454.409,271.913,512.252,321.788]",4074900,0.0,,False,NO_GT_OVERLAP,NO_GT_OVERLAP,False
407,1600938556683124,7,0.4074173,"[512.995,524.577,574.543,573.061]",4074914,0.46246541295605587,,False,IOU_BELOW_0_5,IOU_BELOW_0_5,False
407,1600938556683124,8,0.36628929,"[594.3,593.276,646.759,674.355]",4074915,0.39985002026085953,,False,IOU_BELOW_0_5,IOU_BELOW_0_5,False
407,1600938556683124,9,0.2146932,"[456.358,520.403,524.688,577.606]",4074914,0.5249354164080701,,False,LOW_CONF,LOW_CONF,False
407,1600938556683124,10,0.13601355,"[360.329,404.497,418.783,472.276]",4074905,0.5965001002710026,,False,LOW_CONF,LOW_CONF,False
407,1600938556683124,11,0.11571076,"[351.691,177.699,374.758,207.76]",4074911,0.6922240726381179,,False,LOW_CONF,LOW_CONF,False
407,1600938556683124,12,0.06495218,"[635.571,220.928,663.454,247.372]",4074900,0.0,,False,LOW_CONF,LOW_CONF,False
407,1600938556683124,13,0.06092998,"[590.397,558.602,646.316,674.604]",4074915,0.6155152388695031,,False,LOW_CONF,LOW_CONF,False
407,1600938556683124,14,0.05472464,"[356.706,406.32,403.593,472.078]",4074905,0.46419683017163493,,False,LOW_CONF,LOW_CONF,False
407,1600938556749784,0,0.90300155,"[364.322,144.959,436.618,230.234]",4074902,0.9474312617105092,4074902,True,MATCHED,MATCHED,True
407,1600938556749784,1,0.78613615,"[459.466,21.191,491.453,69.538]",4074906,0.9046933604807023,4074906,True,MATCHED,MATCHED,True
407,1600938556749784,2,0.64185655,"[541.865,544.898,626.949,675.935]",4074915,0.8681169411087172,4074915,True,MATCHED,MATCHED,True
407,1600938556749784,3,0.63652587,"[279.207,106.345,310.12,158.625]",4074900,0.772945535542856,4074900,True,MATCHED,MATCHED,True
407,1600938556749784,4,0.62968922,"[460.648,383.622,567.416,514.719]",4074908,0.887030432985982,4074908,True,MATCHED,MATCHED,True
407,1600938556749784,5,0.5281406,"[524.444,542.08,620.235,662.184]",4074915,0.6117731415593287,,False,GREEDY_MATCH_CONFLICT,GREEDY_MATCH_CONFLICT,False
407,1600938556749784,6,0.47221667,"[438.056,263.924,494.302,322.574]",4074900,0.0,,False,NO_GT_OVERLAP,NO_GT_OVERLAP,False
407,1600938556749784,7,0.41167584,"[438.349,520.351,513.621,577.204]",4074914,0.5757096207570401,4074914,True,MATCHED,MATCHED,False
407,1600938556749784,8,0.30021077,"[348.054,403.394,406.852,472.708]",4074905,0.6785755198135199,4074905,True,MATCHED,MATCHED,True
407,1600938556749784,9,0.20344043,"[362.983,136.388,392.921,163.598]",4074902,0.08210672268935305,,False,LOW_CONF,LOW_CONF,False
407,1600938556749784,10,0.16819119,"[321.082,238.079,340.5,257.091]",4074916,0.6953104183448416,,False,LOW_CONF,LOW_CONF,False
407,1600938556749784,11,0.11952221,"[337.958,183.12,359.812,207.341]",4074911,0.6537106765477032,,False,LOW_CONF,LOW_CONF,False
407,1600938556749784,12,0.08508435,"[279.876,104.623,350.438,247.814]",4074900,0.152021359398468,,False,LOW_CONF,LOW_CONF,False
407,1600938556749784,13,0.08007921,"[516.463,529.909,556.819,565.617]",4074914,0.21987062068965496,,False,LOW_CONF,LOW_CONF,False
407,1600938556749784,14,0.07295011,"[363.738,131.798,398.03,162.9]",4074902,0.09007943519225683,,False,LOW_CONF,LOW_CONF,False
407,1600938556749784,15,0.06971918,"[364.643,139.957,397.245,161.935]",4074902,0.08530569547538804,,False,LOW_CONF,LOW_CONF,False
407,1600938556749784,16,0.06790608,"[510.35,473.796,560.423,514.762]",4074908,0.12502948887943707,,False,LOW_CONF,LOW_CONF,False
407,1600938556816445,0,0.90076137,"[347.365,143.42,419.736,227.448]",4074902,0.9565359612283245,4074902,True,MATCHED,MATCHED,True
407,1600938556816445,1,0.79601455,"[446.848,381.096,553.836,511.262]",4074908,0.9149533193021976,4074908,True,MATCHED,MATCHED,True
407,1600938556816445,2,0.71920955,"[444.341,17.472,475.49,66.994]",4074906,0.8682010532843001,4074906,True,MATCHED,MATCHED,True
407,1600938556816445,3,0.6552949,"[331.35,402.149,388.793,468.607]",4074905,0.70826472987013,4074905,True,MATCHED,MATCHED,True
407,1600938556816445,4,0.62540144,"[526.789,545.23,607.742,676.054]",4074915,0.8888698022015499,4074915,True,MATCHED,MATCHED,True
407,1600938556816445,5,0.61937463,"[262.631,102.715,293.463,156.637]",4074900,0.7159447186289172,4074900,True,MATCHED,MATCHED,True
407,1600938556816445,6,0.60146374,"[508.005,543.545,595.772,634.065]",4074915,0.45714849768828714,,False,IOU_BELOW_0_5,IOU_BELOW_0_5,False
407,1600938556816445,7,0.35192984,"[418.286,281.715,470.783,322.311]",4074900,0.0,,False,NO_GT_OVERLAP,NO_GT_OVERLAP,False
407,1600938556816445,8,0.27086484,"[320.202,177.677,344.468,204.948]",4074911,0.8148379076996203,,False,LOW_CONF,LOW_CONF,False
407,1600938556816445,9,0.25443152,"[345.02,128.871,381.023,159.749]",4074902,0.08498023574555445,,False,LOW_CONF,LOW_CONF,False
407,1600938556816445,10,0.16223183,"[468.197,524.814,540.944,572.267]",4074914,0.5081836861273041,,False,LOW_CONF,LOW_CONF,False
407,1600938556816445,11,0.14733423,"[415.676,265.499,471.074,321.023]",4074900,0.0,,False,LOW_CONF,LOW_CONF,False
407,1600938556816445,12,0.13979694,"[489.648,526.841,542.032,565.509]",4074914,0.2889352133397321,,False,LOW_CONF,LOW_CONF,False
407,1600938556816445,13,0.13755056,"[703.384,858.566,719.262,902.742]",4074900,0.0,,False,LOW_CONF,LOW_CONF,False
407,1600938556816445,14,0.11165641,"[547.394,592.091,608.862,676.768]",4074915,0.4844495379746833,,False,LOW_CONF,LOW_CONF,False
407,1600938556816445,15,0.10352811,"[424.352,252.15,477.155,320.061]",4074900,0.0,,False,LOW_CONF,LOW_CONF,False
407,1600938556816445,16,0.0978485,"[498.837,539.474,587.37,598.979]",4074915,0.25092527460871045,,False,LOW_CONF,LOW_CONF,False
407,1600938556816445,17,0.09600967,"[305.64,235.891,323.513,254.602]",4074916,0.599893329262281,,False,LOW_CONF,LOW_CONF,False
407,1600938556816445,18,0.07538646,"[259.19,104.919,324.551,253.631]",4074900,0.15627628237335825,,False,LOW_CONF,LOW_CONF,False
407,1600938556816445,19,0.07499295,"[485.225,538.155,538.573,572.847]",4074914,0.27789021261261243,,False,LOW_CONF,LOW_CONF,False
407,1600938556816445,20,0.0657434,"[278.324,133.143,337.09,236.452]",4074911,0.07587699571029945,,False,LOW_CONF,LOW_CONF,False
407,1600938556816445,21,0.0627609,"[306.787,137.212,467.159,315.587]",4074902,0.20799573717106323,,False,LOW_CONF,LOW_CONF,False
407,1600938556816445,22,0.05716012,"[403.608,8.13,465.937,317.383]",4074906,0.05484977819972154,,False,LOW_CONF,LOW_CONF,False
407,1600938556816445,23,0.05054032,"[316.54,213.971,467.136,320.162]",4074902,0.04685277788329508,,False,LOW_CONF,LOW_CONF,False
407,1600938556883106,0,0.89571804,"[331.893,142.587,403.522,226.333]",4074902,0.9292362088209819,4074902,True,MATCHED,MATCHED,True
407,1600938556883106,1,0.81948328,"[430.016,379.866,541.749,512.127]",4074908,0.878190473726444,4074908,True,MATCHED,MATCHED,True
407,1600938556883106,2,0.77932316,"[426.906,15.083,459.004,63.853]",4074906,0.8454751270921724,4074906,True,MATCHED,MATCHED,True
407,1600938556883106,3,0.71244633,"[487.915,542.096,584.63,676.674]",4074915,0.7204270772920517,,False,GREEDY_MATCH_CONFLICT,GREEDY_MATCH_CONFLICT,False
407,1600938556883106,4,0.57452732,"[246.767,113.527,278.663,155.612]",4074900,0.7288447357074596,4074900,True,MATCHED,MATCHED,True
407,1600938556883106,5,0.53278619,"[487.113,539.809,576.332,640.429]",4074915,0.5044853186287835,,False,GREEDY_MATCH_CONFLICT,GREEDY_MATCH_CONFLICT,False
407,1600938556883106,6,0.51916385,"[482.347,534.766,573.308,616.668]",4074915,0.3585410159155986,,False,IOU_BELOW_0_5,IOU_BELOW_0_5,False
407,1600938556883106,7,0.47100678,"[400.434,262.39,456.734,321.183]",4074900,0.0,,False,NO_GT_OVERLAP,NO_GT_OVERLAP,False
407,1600938556883106,8,0.38670623,"[515.426,544.709,588.864,676.476]",4074915,0.8622900409991265,4074915,True,MATCHED,MATCHED,True
407,1600938556883106,9,0.29408133,"[305.075,177.533,329.608,203.925]",4074911,0.8331770444786852,,False,LOW_CONF,LOW_CONF,False
407,1600938556883106,10,0.26942506,"[701.147,498.108,719.45,544.736]",4074900,0.0,,False,LOW_CONF,LOW_CONF,False
407,1600938556883106,11,0.21442159,"[464.555,522.517,524.657,571.912]",4074914,0.4617198993268994,,False,LOW_CONF,LOW_CONF,False
407,1600938556883106,12,0.2075617,"[706.726,497.177,720.0,543.992]",4074900,0.0,,False,LOW_CONF,LOW_CONF,False
407,1600938556883106,13,0.15435933,"[438.082,521.982,523.903,573.429]",4074914,0.697839890469417,,False,LOW_CONF,LOW_CONF,False
407,1600938556883106,14,0.14338368,"[245.674,94.017,281.568,157.464]",4074900,0.6549238813805175,,False,LOW_CONF,LOW_CONF,False
407,1600938556883106,15,0.12349506,"[320.351,402.972,369.62,465.526]",4074905,0.6432951493386005,,False,LOW_CONF,LOW_CONF,False
407,1600938556883106,16,0.09319792,"[290.4,235.837,309.743,255.139]",4074916,0.7166823479647162,,False,LOW_CONF,LOW_CONF,False
407,1600938556883106,17,0.08641171,"[247.372,115.529,319.855,241.85]",4074900,0.14068468424620792,,False,LOW_CONF,LOW_CONF,False
407,1600938556883106,18,0.07430792,"[403.81,255.171,467.818,319.092]",4074900,0.0,,False,LOW_CONF,LOW_CONF,False
407,1600938556949767,0,0.90129942,"[317.154,144.146,386.009,228.456]",4074902,0.9481455831751091,4074902,True,MATCHED,MATCHED,True
407,1600938556949767,1,0.78712934,"[411.948,382.074,519.825,513.082]",4074908,0.8737043569873345,4074908,True,MATCHED,MATCHED,True
407,1600938556949767,2,0.74606097,"[478.161,542.056,557.315,621.74]",4074915,0.43640737681292646,,False,IOU_BELOW_0_5,IOU_BELOW_0_5,False
407,1600938556949767,3,0.7259686,"[312.785,404.201,355.745,464.776]",4074905,0.5843929934875361,4074905,True,MATCHED,MATCHED,True
407,1600938556949767,4,0.65908593,"[232.817,100.493,265.288,157.007]",4074900,0.728398322368854,4074900,True,MATCHED,MATCHED,True
407,1600938556949767,5,0.5978514,"[501.563,547.358,571.668,678.577]",4074915,0.775436995634538,4074915,True,MATCHED,MATCHED,True
407,1600938556949767,6,0.57522339,"[410.897,18.461,442.882,66.579]",4074906,0.865057902405737,4074906,True,MATCHED,MATCHED,True
407,1600938556949767,7,0.52427095,"[464.383,533.358,551.355,614.938]",4074915,0.32125508684697596,,False,IOU_BELOW_0_5,IOU_BELOW_0_5,False
407,1600938556949767,8,0.52406472,"[476.508,543.321,565.145,671.217]",4074915,0.7373470023437346,,False,GREEDY_MATCH_CONFLICT,GREEDY_MATCH_CONFLICT,False
407,1600938556949767,9,0.41158888,"[449.613,524.057,507.294,576.264]",4074914,0.41941811221964054,,False,IOU_BELOW_0_5,IOU_BELOW_0_5,False
407,1600938556949767,10,0.3015196,"[381.722,275.318,430.873,322.339]",4074900,0.0,,False,NO_GT_OVERLAP,NO_GT_OVERLAP,False
407,1600938556949767,11,0.24686381,"[504.362,592.825,571.955,678.396]",4074915,0.48611294069999766,,False,LOW_CONF,LOW_CONF,False
407,1600938556949767,12,0.14249814,"[306.97,136.371,343.595,161.513]",4074902,0.07858638114699283,,False,LOW_CONF,LOW_CONF,False
407,1600938556949767,13,0.13840258,"[699.507,767.807,718.981,795.331]",4074900,0.0,,False,LOW_CONF,LOW_CONF,False
407,1600938556949767,14,0.09025308,"[291.169,178.014,316.316,207.245]",4074911,0.7336438220883281,,False,LOW_CONF,LOW_CONF,False
407,1600938556949767,15,0.07532568,"[242.941,124.722,308.115,243.237]",4074900,0.08993127502472001,,False,LOW_CONF,LOW_CONF,False
407,1600938556949767,16,0.07385348,"[231.391,100.11,297.652,254.421]",4074900,0.14083403441469233,,False,LOW_CONF,LOW_CONF,False
407,1600938556949767,17,0.07161205,"[428.512,522.682,505.733,574.851]",4074914,0.600378889567809,,False,LOW_CONF,LOW_CONF,False
407,1600938556949767,18,0.05164705,"[276.289,237.547,293.501,256.144]",4074916,0.5808607861061745,,False,LOW_CONF,LOW_CONF,False
407,1600938557016428,0,0.90688014,"[300.764,144.23,369.809,228.039]",4074902,0.9487943792508711,4074902,True,MATCHED,MATCHED,True
407,1600938557016428,1,0.78110188,"[394.172,18.937,426.432,67.728]",4074906,0.8861211373880651,4074906,True,MATCHED,MATCHED,True
407,1600938557016428,2,0.75311995,"[452.709,539.71,552.904,676.18]",4074915,0.8324664816655782,4074915,True,MATCHED,MATCHED,True
407,1600938557016428,3,0.75080264,"[389.478,381.546,504.459,514.354]",4074908,0.9488171960744256,4074908,True,MATCHED,MATCHED,True
407,1600938557016428,4,0.74998671,"[447.18,537.599,536.392,647.929]",4074915,0.5184014226445058,,False,GREEDY_MATCH_CONFLICT,GREEDY_MATCH_CONFLICT,False
407,1600938557016428,5,0.66831183,"[292.429,405.339,337.041,464.072]",4074905,0.6453686197044339,4074905,True,MATCHED,MATCHED,True
407,1600938557016428,6,0.6455453,"[220.812,102.97,253.013,156.796]",4074900,0.7577730681133924,4074900,True,MATCHED,MATCHED,True
407,1600938557016428,7,0.53081608,"[366.454,260.304,422.086,321.985]",4074900,0.0,,False,NO_GT_OVERLAP,NO_GT_OVERLAP,False
407,1600938557016428,8,0.31293547,"[272.816,177.366,300.702,207.09]",4074911,0.6587174478848087,4074911,True,MATCHED,MATCHED,True
407,1600938557016428,9,0.23925714,"[292.08,136.655,327.445,161.814]",4074902,0.08087972603615118,,False,LOW_CONF,LOW_CONF,False
407,1600938557016428,10,0.15736258,"[678.876,768.479,708.157,794.425]",4074900,0.0,,False,LOW_CONF,LOW_CONF,False
407,1600938557016428,11,0.11125799,"[431.801,525.068,490.597,575.836]",4074914,0.42677972102094935,,False,LOW_CONF,LOW_CONF,False
407,1600938557016428,12,0.07671487,"[293.679,131.504,335.521,161.532]",4074902,0.09920136571579723,,False,LOW_CONF,LOW_CONF,False
407,1600938557016428,13,0.07192412,"[229.19,90.498,290.893,231.084]",4074900,0.12074508933483385,,False,LOW_CONF,LOW_CONF,False
407,1600938557016428,14,0.05765732,"[356.137,107.981,372.513,127.175]",4074900,0.0,,False,LOW_CONF,LOW_CONF,False
407,1600938557083089,0,0.89205921,"[285.478,142.8,354.078,225.544]",4074902,0.9307971020630289,4074902,True,MATCHED,MATCHED,True
407,1600938557083089,1,0.77111334,"[376.16,381.715,488.382,511.805]",4074908,0.944804743979776,4074908,True,MATCHED,MATCHED,True
407,1600938557083089,2,0.72437203,"[379.228,13.853,411.072,64.26]",4074906,0.8621172527019514,4074906,True,MATCHED,MATCHED,True
407,1600938557083089,3,0.70300519,"[430.225,539.91,519.948,667.667]",4074915,0.6716381256740181,,False,GREEDY_MATCH_CONFLICT,GREEDY_MATCH_CONFLICT,False
407,1600938557083089,4,0.64790356,"[442.733,552.317,535.729,676.162]",4074915,0.8705283159486024,4074915,True,MATCHED,MATCHED,True
407,1600938557083089,5,0.64611906,"[205.337,99.057,237.734,155.175]",4074900,0.6968220645143466,4074900,True,MATCHED,MATCHED,True
407,1600938557083089,6,0.57152325,"[418.736,522.476,474.117,578.406]",4074914,0.45409427582528195,,False,IOU_BELOW_0_5,IOU_BELOW_0_5,False
407,1600938557083089,7,0.40189615,"[350.722,271.317,387.854,319.658]",4074900,0.0,,False,NO_GT_OVERLAP,NO_GT_OVERLAP,False
407,1600938557083089,8,0.37208378,"[275.189,409.133,311.822,460.707]",4074905,0.4935502460815046,,False,IOU_BELOW_0_5,IOU_BELOW_0_5,False
407,1600938557083089,9,0.35204089,"[703.711,233.609,718.808,305.537]",4074919,0.7094028583089044,4074919,True,MATCHED,MATCHED,True
407,1600938557083089,10,0.34340408,"[658.697,766.171,694.389,792.882]",4074900,0.0,,False,NO_GT_OVERLAP,NO_GT_OVERLAP,False
407,1600938557083089,11,0.2177448,"[703.917,102.888,719.779,131.561]",4074922,0.5079031421935805,,False,LOW_CONF,LOW_CONF,False
407,1600938557083089,12,0.16477828,"[277.798,401.267,319.192,457.977]",4074905,0.6132324294670846,,False,LOW_CONF,LOW_CONF,False
407,1600938557083089,13,0.1426066,"[710.282,105.59,720.0,179.253]",4074917,0.48054287890115427,,False,LOW_CONF,LOW_CONF,False
407,1600938557083089,14,0.13757591,"[706.466,229.513,720.0,306.96]",4074919,0.7556042811767709,,False,LOW_CONF,LOW_CONF,False
407,1600938557083089,15,0.12793176,"[703.492,103.238,718.827,173.821]",4074917,0.3088199211159945,,False,LOW_CONF,LOW_CONF,False
407,1600938557083089,16,0.09333921,"[463.423,566.731,535.117,676.437]",4074915,0.5945020380952378,,False,LOW_CONF,LOW_CONF,False
407,1600938557083089,17,0.09060991,"[261.477,410.606,293.509,460.082]",4074905,0.20363314700189372,,False,LOW_CONF,LOW_CONF,False
407,1600938557083089,18,0.07262,"[391.451,521.791,472.18,577.332]",4074914,0.6825559513940984,,False,LOW_CONF,LOW_CONF,False
407,1600938557083089,19,0.05987246,"[258.7,177.02,284.652,206.181]",4074911,0.6659740254907797,,False,LOW_CONF,LOW_CONF,False
407,1600938557149750,0,0.90723091,"[268.31,142.227,339.246,225.393]",4074902,0.9164580940418445,4074902,True,MATCHED,MATCHED,True
407,1600938557149750,1,0.82818836,"[356.647,381.317,469.415,513.151]",4074908,0.9130710148659237,4074908,True,MATCHED,MATCHED,True
407,1600938557149750,2,0.7876277,"[693.832,219.153,720.0,308.249]",4074919,0.9081558002630381,4074919,True,MATCHED,MATCHED,True
407,1600938557149750,3,0.75833672,"[362.233,13.554,395.059,63.084]",4074906,0.8834487261962461,4074906,True,MATCHED,MATCHED,True
407,1600938557149750,4,0.71460098,"[403.292,532.568,505.608,656.601]",4074915,0.642970335164365,,False,GREEDY_MATCH_CONFLICT,GREEDY_MATCH_CONFLICT,False
407,1600938557149750,5,0.68305105,"[696.839,117.039,720.0,187.043]",4074917,0.7438597994386575,4074917,True,MATCHED,MATCHED,True
407,1600938557149750,6,0.55724818,"[190.222,110.799,224.594,155.81]",4074900,0.8509333413714993,4074900,True,MATCHED,MATCHED,True
407,1600938557149750,7,0.55481219,"[411.232,542.038,515.972,676.266]",4074915,0.9126283972967815,4074915,True,MATCHED,MATCHED,True
407,1600938557149750,8,0.54058093,"[398.509,522.371,457.563,577.179]",4074914,0.44384251917091405,,False,IOU_BELOW_0_5,IOU_BELOW_0_5,False
407,1600938557149750,9,0.46967301,"[693.969,99.86,719.936,128.279]",4074922,0.8073321592915943,4074922,True,MATCHED,MATCHED,True
407,1600938557149750,10,0.40773177,"[444.975,553.776,516.356,676.931]",4074915,0.6198798392737362,,False,GREEDY_MATCH_CONFLICT,GREEDY_MATCH_CONFLICT,False
407,1600938557149750,11,0.38630384,"[338.506,262.729,384.702,315.744]",4074900,0.0,,False,NO_GT_OVERLAP,NO_GT_OVERLAP,False
407,1600938557149750,12,0.35076815,"[398.858,521.99,469.667,600.358]",4074914,0.323635851654183,,False,IOU_BELOW_0_5,IOU_BELOW_0_5,False
407,1600938557149750,13,0.2664488,"[189.176,95.789,226.42,157.155]",4074900,0.6510566774135239,,False,LOW_CONF,LOW_CONF,False
407,1600938557149750,14,0.17780863,"[653.267,765.192,694.312,795.791]",4074900,0.0,,False,LOW_CONF,LOW_CONF,False
407,1600938557149750,15,0.10619797,"[346.739,259.622,392.811,316.213]",4074900,0.0,,False,LOW_CONF,LOW_CONF,False
407,1600938557149750,16,0.07980134,"[187.018,107.47,258.169,256.383]",4074900,0.14043951141398647,,False,LOW_CONF,LOW_CONF,False
407,1600938557149750,17,0.05787892,"[332.187,268.275,369.616,314.84]",4074900,0.0,,False,LOW_CONF,LOW_CONF,False
407,1600938557216411,0,0.90287268,"[253.772,143.273,322.528,227.066]",4074902,0.8979826579110873,4074902,True,MATCHED,MATCHED,True
407,1600938557216411,1,0.88917184,"[678.542,216.151,719.473,310.745]",4074919,0.9613994393843509,4074919,True,MATCHED,MATCHED,True
407,1600938557216411,2,0.84475493,"[682.984,119.763,719.765,194.03]",4074917,0.8493396629995177,4074917,True,MATCHED,MATCHED,True
407,1600938557216411,3,0.78340149,"[342.513,382.596,457.516,513.309]",4074908,0.8437227003294876,4074908,True,MATCHED,MATCHED,True
407,1600938557216411,4,0.75457644,"[385.455,534.438,486.703,657.947]",4074915,0.6293856248595598,,False,GREEDY_MATCH_CONFLICT,GREEDY_MATCH_CONFLICT,False
407,1600938557216411,5,0.69127214,"[346.873,16.151,380.027,65.249]",4074906,0.8484820598071049,4074906,True,MATCHED,MATCHED,True
407,1600938557216411,6,0.658916,"[410.558,560.48,500.874,678.242]",4074915,0.6860199281093392,4074915,True,MATCHED,MATCHED,True
407,1600938557216411,7,0.60484803,"[177.69,120.734,210.961,157.341]",4074900,0.681800860057232,4074900,True,MATCHED,MATCHED,True
407,1600938557216411,8,0.58201867,"[680.093,100.516,714.958,130.703]",4074922,0.8010345615442692,4074922,True,MATCHED,MATCHED,True
407,1600938557216411,9,0.50796509,"[429.575,576.601,500.477,677.981]",4074915,0.465256347794366,,False,IOU_BELOW_0_5,IOU_BELOW_0_5,False
407,1600938557216411,10,0.29013839,"[319.476,267.281,366.581,316.489]",4074900,0.0,,False,LOW_CONF,LOW_CONF,False
407,1600938557216411,11,0.27723452,"[319.5,273.214,355.99,317.082]",4074900,0.0,,False,LOW_CONF,LOW_CONF,False
407,1600938557216411,12,0.25751764,"[177.052,108.656,212.678,158.362]",4074900,0.8346949419602869,,False,LOW_CONF,LOW_CONF,False
407,1600938557216411,13,0.18608338,"[382.147,523.779,439.874,577.582]",4074914,0.45605543234914725,,False,LOW_CONF,LOW_CONF,False
407,1600938557216411,14,0.07592767,"[253.794,403.027,286.751,447.605]",4074905,0.3498361887530039,,False,LOW_CONF,LOW_CONF,False
407,1600938557216411,15,0.05793216,"[328.793,261.477,377.301,316.676]",4074900,0.0,,False,LOW_CONF,LOW_CONF,False
407,1600938557216411,16,0.05478884,"[178.217,118.051,246.095,255.948]",4074900,0.12625631693588768,,False,LOW_CONF,LOW_CONF,False
407,1600938557283072,0,0.90589595,"[236.325,142.65,305.957,226.235]",4074902,0.9408657045375728,4074902,True,MATCHED,MATCHED,True
407,1600938557283072,1,0.90430081,"[664.399,215.494,720.0,314.048]",4074919,0.9247061481813742,4074919,True,MATCHED,MATCHED,True
407,1600938557283072,2,0.86772132,"[668.813,119.077,719.85,195.211]",4074917,0.8759945963463455,4074917,True,MATCHED,MATCHED,True
407,1600938557283072,3,0.79464853,"[329.934,13.599,362.966,64.415]",4074906,0.8680089546019956,4074906,True,MATCHED,MATCHED,True
407,1600938557283072,4,0.77797502,"[323.77,382.596,431.737,514.772]",4074908,0.8934399288674721,4074908,True,MATCHED,MATCHED,True
407,1600938557283072,5,0.71376759,"[363.966,536.041,475.948,674.642]",4074915,0.7754311478257968,4074915,True,MATCHED,MATCHED,True
407,1600938557283072,6,0.62282908,"[162.696,111.549,195.405,156.267]",4074900,0.9127839379267116,4074900,True,MATCHED,MATCHED,True
407,1600938557283072,7,0.48828101,"[664.938,99.63,702.31,129.546]",4074922,0.8517980255232961,4074922,True,MATCHED,MATCHED,True
407,1600938557283072,8,0.37151164,"[364.274,523.957,423.012,567.288]",4074914,0.5255903767239485,4074914,True,MATCHED,MATCHED,True
407,1600938557283072,9,0.25552776,"[161.662,98.781,197.707,157.332]",4074900,0.7104750695745942,,False,LOW_CONF,LOW_CONF,False
407,1600938557283072,10,0.22029035,"[408.518,553.982,480.501,678.334]",4074915,0.5726325784918423,,False,LOW_CONF,LOW_CONF,False
407,1600938557283072,11,0.1950067,"[355.08,646.137,380.481,693.031]",4074915,0.010320937211112685,,False,LOW_CONF,LOW_CONF,False
407,1600938557283072,12,0.17440753,"[163.599,99.93,220.93,262.323]",4074900,0.16139450894984542,,False,LOW_CONF,LOW_CONF,False
407,1600938557283072,13,0.13163632,"[207.251,236.839,229.333,260.872]",4074916,0.8529988217092126,,False,LOW_CONF,LOW_CONF,False
407,1600938557283072,14,0.11410904,"[298.793,279.292,318.171,312.448]",4074900,0.0,,False,LOW_CONF,LOW_CONF,False
407,1600938557283072,15,0.09837317,"[664.016,100.092,714.63,153.943]",4074917,0.37106377594663553,,False,LOW_CONF,LOW_CONF,False
407,1600938557283072,16,0.08524863,"[360.073,524.2,426.809,601.45]",4074914,0.39278816674920497,,False,LOW_CONF,LOW_CONF,False
407,1600938557283072,17,0.07989905,"[272.55,287.54,332.997,521.342]",4074908,0.053108061539643696,,False,LOW_CONF,LOW_CONF,False
407,1600938557283072,18,0.07004983,"[232.996,137.218,258.854,159.071]",4074902,0.06304496814322927,,False,LOW_CONF,LOW_CONF,False
407,1600938557283072,19,0.06802896,"[665.18,95.8,713.102,128.977]",4074922,0.687581101083592,,False,LOW_CONF,LOW_CONF,False
407,1600938557283072,20,0.06195453,"[293.524,1.767,543.263,264.185]",4074906,0.02223205264419963,,False,LOW_CONF,LOW_CONF,False
407,1600938557283072,21,0.05248975,"[697.063,797.72,720.0,869.35]",4074900,0.0,,False,LOW_CONF,LOW_CONF,False
407,1600938557349733,0,0.92186689,"[650.548,214.45,720.0,312.788]",4074919,0.90278434542866,4074919,True,MATCHED,MATCHED,True
407,1600938557349733,1,0.89904207,"[221.393,140.894,290.772,224.15]",4074902,0.9169987799356346,4074902,True,MATCHED,MATCHED,True
407,1600938557349733,2,0.85933363,"[656.406,116.12,713.297,192.569]",4074917,0.844070384750243,4074917,True,MATCHED,MATCHED,True
407,1600938557349733,3,0.80543947,"[347.935,533.035,457.66,661.322]",4074915,0.7034917325224913,4074915,True,MATCHED,MATCHED,True
407,1600938557349733,4,0.76737374,"[307.873,383.294,412.072,513.717]",4074908,0.8534409349911775,4074908,True,MATCHED,MATCHED,True
407,1600938557349733,5,0.71457624,"[313.789,11.765,347.211,61.902]",4074906,0.8661151111815807,4074906,True,MATCHED,MATCHED,True
407,1600938557349733,6,0.67394465,"[147.595,101.834,181.126,153.548]",4074900,0.7762571687677353,4074900,True,MATCHED,MATCHED,True
407,1600938557349733,7,0.63806301,"[652.523,99.217,688.441,129.475]",4074922,0.8048105046830164,4074922,True,MATCHED,MATCHED,True
407,1600938557349733,8,0.27199867,"[348.78,522.996,407.521,565.885]",4074914,0.5253008233944959,,False,LOW_CONF,LOW_CONF,False
407,1600938557349733,9,0.16080493,"[332.275,643.303,365.239,692.23]",4074915,0.01647503820664484,,False,LOW_CONF,LOW_CONF,False
407,1600938557349733,10,0.15677644,"[193.389,235.078,214.603,257.388]",4074916,0.8286317580049237,,False,LOW_CONF,LOW_CONF,False
407,1600938557349733,11,0.15103373,"[672.839,525.681,712.418,562.224]",4074900,0.0,,False,LOW_CONF,LOW_CONF,False
407,1600938557349733,12,0.14039735,"[285.938,273.701,302.49,309.445]",4074900,0.0,,False,LOW_CONF,LOW_CONF,False
407,1600938557349733,13,0.07572661,"[694.92,184.721,715.903,212.015]",4074917,0.027760079622103084,,False,LOW_CONF,LOW_CONF,False
407,1600938557349733,14,0.07097183,"[288.742,268.984,308.783,309.513]",4074900,0.0,,False,LOW_CONF,LOW_CONF,False
407,1600938557349733,15,0.05820968,"[288.205,263.991,318.502,310.053]",4074900,0.0,,False,LOW_CONF,LOW_CONF,False
407,1600938557349733,16,0.05081379,"[694.594,168.657,716.686,196.746]",4074917,0.09942329005293389,,False,LOW_CONF,LOW_CONF,False
407,1600938557416394,0,0.90379661,"[634.863,213.195,717.747,311.573]",4074919,0.9481351339534871,4074919,True,MATCHED,MATCHED,True
407,1600938557416394,1,0.89923644,"[205.474,142.02,273.748,225.222]",4074902,0.9444370523315323,4074902,True,MATCHED,MATCHED,True
407,1600938557416394,2,0.87316227,"[641.549,115.129,716.678,193.296]",4074917,0.9374877936277849,4074917,True,MATCHED,MATCHED,True
407,1600938557416394,3,0.77019078,"[298.087,12.325,331.391,61.913]",4074906,0.8293457114408633,4074906,True,MATCHED,MATCHED,True
407,1600938557416394,4,0.76745099,"[332.756,534.142,446.372,674.17]",4074915,0.8357366290849376,4074915,True,MATCHED,MATCHED,True
407,1600938557416394,5,0.71112555,"[290.979,381.815,397.176,514.393]",4074908,0.802359153496437,4074908,True,MATCHED,MATCHED,True
407,1600938557416394,6,0.62279052,"[638.858,98.165,675.945,128.047]",4074922,0.8624626385898264,4074922,True,MATCHED,MATCHED,True
407,1600938557416394,7,0.61024141,"[134.046,104.51,165.858,154.839]",4074900,0.8662557947725902,4074900,True,MATCHED,MATCHED,True
407,1600938557416394,8,0.53215581,"[307.844,637.041,348.629,693.604]",4074915,0.023712775497790304,,False,IOU_BELOW_0_5,IOU_BELOW_0_5,False
407,1600938557416394,9,0.33103368,"[323.994,523.924,429.924,661.176]",4074915,0.5733137490904033,,False,GREEDY_MATCH_CONFLICT,GREEDY_MATCH_CONFLICT,False
407,1600938557416394,10,0.30733851,"[655.783,516.412,701.064,563.71]",4074900,0.0,,False,NO_GT_OVERLAP,NO_GT_OVERLAP,False
407,1600938557416394,11,0.27529541,"[178.11,236.005,200.487,258.689]",4074916,0.8182188554814743,,False,LOW_CONF,LOW_CONF,False
407,1600938557416394,12,0.17966214,"[327.797,523.181,391.092,565.065]",4074914,0.5202213069073782,,False,LOW_CONF,LOW_CONF,False
407,1600938557416394,13,0.17718698,"[368.545,550.46,449.711,677.085]",4074915,0.6404845509158354,,False,LOW_CONF,LOW_CONF,False
407,1600938557416394,14,0.15305191,"[270.401,275.951,280.721,302.237]",4074900,0.0,,False,LOW_CONF,LOW_CONF,False
407,1600938557416394,15,0.13568105,"[267.248,231.338,279.232,268.42]",4074900,0.0,,False,LOW_CONF,LOW_CONF,False
407,1600938557416394,16,0.13415579,"[131.409,95.861,190.767,261.45]",4074900,0.149760426119982,,False,LOW_CONF,LOW_CONF,False
407,1600938557416394,17,0.13250645,"[320.746,524.057,388.829,579.176]",4074914,0.5467724369677984,,False,LOW_CONF,LOW_CONF,False
407,1600938557416394,18,0.1160962,"[320.487,523.24,405.939,618.927]",4074914,0.3367962244293717,,False,LOW_CONF,LOW_CONF,False
407,1600938557416394,19,0.09560985,"[266.542,235.851,281.35,297.35]",4074900,0.0,,False,LOW_CONF,LOW_CONF,False
407,1600938557416394,20,0.0731535,"[175.997,236.218,202.576,286.173]",4074916,0.3976640415856571,,False,LOW_CONF,LOW_CONF,False
407,1600938557416394,21,0.06796142,"[241.02,300.232,316.487,518.754]",4074908,0.1516459567745494,,False,LOW_CONF,LOW_CONF,False
407,1600938557416394,22,0.06727964,"[202.134,201.166,242.657,583.451]",4074905,0.05698553239886151,,False,LOW_CONF,LOW_CONF,False
407,1600938557416394,23,0.06665849,"[210.576,272.833,273.589,536.889]",4074905,0.09237355776755578,,False,LOW_CONF,LOW_CONF,False
407,1600938557416394,24,0.06193009,"[692.53,114.31,717.047,160.138]",4074917,0.17669084093428541,,False,LOW_CONF,LOW_CONF,False
407,1600938557416394,25,0.05903958,"[175.498,236.518,213.51,291.425]",4074916,0.25297959122986524,,False,LOW_CONF,LOW_CONF,False
407,1600938557416394,26,0.05893408,"[701.941,414.002,719.634,435.652]",4074900,0.0,,False,LOW_CONF,LOW_CONF,False
407,1600938557483056,0,0.90509981,"[618.273,214.381,702.315,312.341]",4074919,0.9728425628453864,4074919,True,MATCHED,MATCHED,True
407,1600938557483056,1,0.89573383,"[191.116,142.764,258.541,225.539]",4074902,0.9282133472619017,4074902,True,MATCHED,MATCHED,True
407,1600938557483056,2,0.8569181,"[626.812,116.036,700.69,195.11]",4074917,0.9224567852575155,4074917,True,MATCHED,MATCHED,True
407,1600938557483056,3,0.83906978,"[317.3,533.226,428.121,675.213]",4074915,0.844516522392053,4074915,True,MATCHED,MATCHED,True
407,1600938557483056,4,0.73369861,"[700.972,263.612,720.0,347.161]",4074923,0.8340827224826397,4074923,True,MATCHED,MATCHED,True
407,1600938557483056,5,0.66714597,"[282.869,13.138,316.374,63.663]",4074906,0.8492713757816962,4074906,True,MATCHED,MATCHED,True
407,1600938557483056,6,0.64846289,"[276.601,382.025,381.62,513.905]",4074908,0.7604882201051397,4074908,True,MATCHED,MATCHED,True
407,1600938557483056,7,0.62806487,"[624.131,99.69,658.275,128.871]",4074922,0.824167618912818,4074922,True,MATCHED,MATCHED,True
407,1600938557483056,8,0.45858964,"[119.552,108.75,149.652,153.411]",4074900,0.8864725523658338,4074900,True,MATCHED,MATCHED,True
407,1600938557483056,9,0.29064256,"[165.098,236.116,188.073,261.225]",4074916,0.8576605133630721,,False,LOW_CONF,LOW_CONF,False
407,1600938557483056,10,0.27922982,"[700.289,601.052,719.596,673.306]",4074900,0.0,,False,LOW_CONF,LOW_CONF,False
407,1600938557483056,11,0.20290907,"[286.629,634.359,330.545,692.649]",4074915,0.018827467233314993,,False,LOW_CONF,LOW_CONF,False
407,1600938557483056,12,0.18187656,"[671.024,116.887,700.733,167.337]",4074917,0.2432358081791621,,False,LOW_CONF,LOW_CONF,False
407,1600938557483056,13,0.14728177,"[684.804,476.151,717.345,510.951]",4074900,0.0,,False,LOW_CONF,LOW_CONF,False
407,1600938557483056,14,0.09952008,"[638.403,512.606,690.934,563.422]",4074900,0.0,,False,LOW_CONF,LOW_CONF,False
407,1600938557483056,15,0.08183836,"[668.011,199.637,685.708,220.594]",4074919,0.015560846551442006,,False,LOW_CONF,LOW_CONF,False
407,1600938557483056,16,0.06861394,"[120.571,104.857,192.11,258.728]",4074900,0.12410462833412085,,False,LOW_CONF,LOW_CONF,False
407,1600938557483056,17,0.05486309,"[659.774,194.981,683.918,217.238]",4074919,0.01158140174374659,,False,LOW_CONF,LOW_CONF,False
407,1600938557483056,18,0.05114731,"[674.224,204.28,689.385,223.685]",4074919,0.018986335361754862,,False,LOW_CONF,LOW_CONF,False
407,1600938557549717,0,0.90307826,"[602.697,214.262,685.084,312.854]",4074919,0.9489688158606303,4074919,True,MATCHED,MATCHED,True
407,1600938557549717,1,0.89202422,"[173.642,141.455,242.372,225.428]",4074902,0.9364857027900401,4074902,True,MATCHED,MATCHED,True
407,1600938557549717,2,0.88090128,"[610.793,115.736,684.945,193.778]",4074917,0.9449205080841424,4074917,True,MATCHED,MATCHED,True
407,1600938557549717,3,0.8516559,"[684.315,257.621,720.0,348.72]",4074923,0.903451068188081,4074923,True,MATCHED,MATCHED,True
407,1600938557549717,4,0.81421727,"[303.446,540.574,414.657,676.277]",4074915,0.9550824154203766,4074915,True,MATCHED,MATCHED,True
407,1600938557549717,5,0.79400712,"[266.819,12.944,300.171,62.879]",4074906,0.8547602801749974,4074906,True,MATCHED,MATCHED,True
407,1600938557549717,6,0.70390421,"[690.916,1140.468,719.975,1220.695]",4074925,0.8434466292857464,4074925,True,MATCHED,MATCHED,True
407,1600938557549717,7,0.67038494,"[257.13,382.47,357.212,508.759]",4074908,0.822931375966364,4074908,True,MATCHED,MATCHED,False
407,1600938557549717,8,0.58365917,"[609.729,99.755,643.32,129.25]",4074922,0.7967986506814181,4074922,True,MATCHED,MATCHED,True
407,1600938557549717,9,0.4604184,"[687.347,590.481,714.032,675.279]",4074925,0.0,,False,NO_GT_OVERLAP,NO_GT_OVERLAP,False
407,1600938557549717,10,0.45660901,"[105.472,105.359,132.895,150.552]",4074900,0.7607769605440263,4074900,True,MATCHED,MATCHED,True
407,1600938557549717,11,0.25244361,"[150.119,236.709,175.377,264.296]",4074916,0.7534524850460277,,False,LOW_CONF,LOW_CONF,False
407,1600938557549717,12,0.13151374,"[147.299,236.855,176.253,282.284]",4074916,0.3991329263676706,,False,LOW_CONF,LOW_CONF,False
407,1600938557549717,13,0.08206567,"[671.637,448.508,715.856,509.873]",4074925,0.0,,False,LOW_CONF,LOW_CONF,False
407,1600938557549717,14,0.08122833,"[104.558,98.973,166.401,262.319]",4074900,0.12581907776635834,,False,LOW_CONF,LOW_CONF,False
407,1600938557549717,15,0.08095373,"[698.891,409.419,718.327,469.042]",4074925,0.0,,False,LOW_CONF,LOW_CONF,False
407,1600938557549717,16,0.07921422,"[695.625,415.261,718.58,481.478]",4074925,0.0,,False,LOW_CONF,LOW_CONF,False
407,1600938557549717,17,0.07389799,"[707.041,387.471,720.0,434.618]",4074925,0.0,,False,LOW_CONF,LOW_CONF,False
407,1600938557549717,18,0.06547494,"[144.29,237.045,183.11,298.833]",4074916,0.2183967298338746,,False,LOW_CONF,LOW_CONF,False
407,1600938557549717,19,0.06459308,"[682.063,421.613,717.822,507.498]",4074925,0.0,,False,LOW_CONF,LOW_CONF,False
407,1600938557549717,20,0.06357118,"[668.662,469.871,711.56,509.784]",4074925,0.0,,False,LOW_CONF,LOW_CONF,False
407,1600938557549717,21,0.06282488,"[323.384,558.48,418.226,676.533]",4074915,0.711483556793138,,False,LOW_CONF,LOW_CONF,False
407,1600938557549717,22,0.05979824,"[703.829,385.9,718.31,440.087]",4074925,0.0,,False,LOW_CONF,LOW_CONF,False
407,1600938557549717,23,0.05845673,"[298.672,524.577,398.658,646.658]",4074915,0.5709716000107192,,False,LOW_CONF,LOW_CONF,False
407,1600938557549717,24,0.05766037,"[656.969,115.742,684.313,175.518]",4074917,0.26718856721253725,,False,LOW_CONF,LOW_CONF,False
407,1600938557549717,25,0.05317508,"[700.882,496.201,717.006,545.219]",4074925,0.0,,False,LOW_CONF,LOW_CONF,False
407,1600938557549717,26,0.05222363,"[106.786,106.825,156.964,152.634]",4074900,0.504999936331862,,False,LOW_CONF,LOW_CONF,False
407,1600938557616378,0,0.91779482,"[588.426,212.233,671.983,311.403]",4074919,0.9445796824796843,4074919,True,MATCHED,MATCHED,True
407,1600938557616378,1,0.90032613,"[670.095,255.113,719.935,347.728]",4074923,0.9247926952973413,4074923,True,MATCHED,MATCHED,True
407,1600938557616378,2,0.8899799,"[158.898,141.126,226.719,224.951]",4074902,0.9227029195971655,4074902,True,MATCHED,MATCHED,True
407,1600938557616378,3,0.8538577,"[284.992,531.304,394.136,671.636]",4074915,0.8721141917914365,4074915,True,MATCHED,MATCHED,True
407,1600938557616378,4,0.84693187,"[597.944,115.553,669.398,192.885]",4074917,0.9203332325116597,4074917,True,MATCHED,MATCHED,True
407,1600938557616378,5,0.83326131,"[670.308,1141.687,720.0,1224.985]",4074925,0.8568964421847093,4074925,True,MATCHED,MATCHED,True
407,1600938557616378,6,0.6280604,"[250.536,11.542,284.384,61.132]",4074906,0.7978727452121753,4074906,True,MATCHED,MATCHED,True
407,1600938557616378,7,0.6018827,"[595.526,97.766,629.398,127.56]",4074922,0.8158308985259853,4074922,True,MATCHED,MATCHED,True
407,1600938557616378,8,0.58625638,"[240.287,382.546,332.555,511.313]",4074908,0.7598399001460743,4074908,True,MATCHED,MATCHED,False
407,1600938557616378,9,0.58363652,"[699.705,627.979,719.95,738.199]",4074928,0.5583928575189819,4074928,True,MATCHED,MATCHED,True
407,1600938557616378,10,0.32894003,"[656.331,118.267,672.31,168.601]",4074917,0.12164036963055792,,False,IOU_BELOW_0_5,IOU_BELOW_0_5,False
407,1600938557616378,11,0.29865304,"[92.142,108.057,119.374,146.726]",4074900,0.844041575246869,,False,LOW_CONF,LOW_CONF,False
407,1600938557616378,12,0.18319751,"[702.0,453.765,718.954,519.821]",4074929,0.4120806696354636,,False,LOW_CONF,LOW_CONF,False
407,1600938557616378,13,0.14711118,"[636.743,116.494,672.774,182.737]",4074917,0.37070666666700147,,False,LOW_CONF,LOW_CONF,False
407,1600938557616378,14,0.14110668,"[633.41,200.487,654.736,220.607]",4074919,0.024034968240970154,,False,LOW_CONF,LOW_CONF,False
407,1600938557616378,15,0.13728768,"[135.849,238.157,160.315,262.621]",4074916,0.767055231631313,,False,LOW_CONF,LOW_CONF,False
407,1600938557616378,16,0.12831078,"[91.977,108.718,133.648,150.84]",4074900,0.5610132023194058,,False,LOW_CONF,LOW_CONF,False
407,1600938557616378,17,0.12705295,"[131.219,239.545,178.673,327.333]",4074916,0.10650276950171762,,False,LOW_CONF,LOW_CONF,False
407,1600938557616378,18,0.10895051,"[92.702,107.825,160.981,263.379]",4074900,0.09318794515159887,,False,LOW_CONF,LOW_CONF,False
407,1600938557616378,19,0.10710796,"[640.475,202.351,657.086,220.31]",4074919,0.018315310375543858,,False,LOW_CONF,LOW_CONF,False
407,1600938557616378,20,0.10388616,"[134.173,260.845,178.437,328.992]",4074916,0.006612547198730079,,False,LOW_CONF,LOW_CONF,False
407,1600938557616378,21,0.07110862,"[688.839,904.633,719.766,968.996]",4074925,0.0,,False,LOW_CONF,LOW_CONF,False
407,1600938557616378,22,0.06602299,"[94.054,120.156,139.737,158.235]",4074900,0.3235245698168504,,False,LOW_CONF,LOW_CONF,False
407,1600938557616378,23,0.05660484,"[706.91,458.806,720.0,522.802]",4074929,0.587420683779861,,False,LOW_CONF,LOW_CONF,False
407,1600938557616378,24,0.05467888,"[132.99,238.834,165.974,310.72]",4074916,0.19242719143504927,,False,LOW_CONF,LOW_CONF,False
407,1600938557616378,25,0.05197823,"[371.622,218.759,406.207,252.563]",4074925,0.0,,False,LOW_CONF,LOW_CONF,False
407,1600938557616378,26,0.0507739,"[649.792,117.377,674.917,169.744]",4074917,0.17886577497706127,,False,LOW_CONF,LOW_CONF,False
407,1600938557616378,27,0.05025436,"[618.39,196.015,653.25,218.484]",4074919,0.02957164911937401,,False,LOW_CONF,LOW_CONF,False
407,1600938557683039,0,0.91320521,"[572.134,212.883,655.988,311.169]",4074919,0.922748491306933,4074919,True,MATCHED,MATCHED,True
407,1600938557683039,1,0.90118963,"[654.9,254.217,720.0,347.107]",4074923,0.9469263207255451,4074923,True,MATCHED,MATCHED,True
407,1600938557683039,2,0.89030892,"[141.829,142.233,209.359,226.563]",4074902,0.9619293542435494,4074902,True,MATCHED,MATCHED,True
407,1600938557683039,3,0.8762368,"[645.632,1139.45,720.0,1227.336]",4074925,0.8939584027808012,4074925,True,MATCHED,MATCHED,True
407,1600938557683039,4,0.8580814,"[583.247,115.329,657.336,193.574]",4074917,0.9407306010765374,4074917,True,MATCHED,MATCHED,True
407,1600938557683039,5,0.80230457,"[265.308,533.846,377.353,675.435]",4074915,0.883556330358631,4074915,True,MATCHED,MATCHED,True
407,1600938557683039,6,0.79354548,"[683.676,633.544,719.661,735.045]",4074928,0.8402340758353485,4074928,True,MATCHED,MATCHED,False
407,1600938557683039,7,0.74667621,"[234.101,14.235,268.102,62.294]",4074906,0.8583255160399489,4074906,True,MATCHED,MATCHED,True
407,1600938557683039,8,0.61621928,"[692.889,452.674,719.737,542.154]",4074929,0.7160807351533962,4074929,True,MATCHED,MATCHED,True
407,1600938557683039,9,0.60178101,"[582.645,96.652,615.621,127.114]",4074922,0.8477222686274805,4074922,True,MATCHED,MATCHED,True
407,1600938557683039,10,0.43731609,"[75.165,107.329,101.161,146.794]",4074900,0.7072694587183738,4074900,True,MATCHED,MATCHED,True
407,1600938557683039,11,0.35666612,"[694.294,483.835,719.595,541.676]",4074929,0.5422833967084784,,False,GREEDY_MATCH_CONFLICT,GREEDY_MATCH_CONFLICT,False
407,1600938557683039,12,0.26685077,"[290.113,554.59,378.118,675.869]",4074915,0.665077168182951,,False,LOW_CONF,LOW_CONF,False
407,1600938557683039,13,0.25158286,"[235.492,388.067,321.375,509.296]",4074908,0.6756333683971447,,False,LOW_CONF,LOW_CONF,False
407,1600938557683039,14,0.23100802,"[221.051,383.001,306.31,509.398]",4074908,0.6993174447112268,,False,LOW_CONF,LOW_CONF,False
407,1600938557683039,15,0.20153071,"[120.61,279.051,164.291,330.573]",4074925,0.0,,False,LOW_CONF,LOW_CONF,False
407,1600938557683039,16,0.17113395,"[122.44,237.797,144.956,263.536]",4074916,0.8638063261538516,,False,LOW_CONF,LOW_CONF,False
407,1600938557683039,17,0.16820054,"[676.856,447.072,720.0,539.53]",4074929,0.4235827633889325,,False,LOW_CONF,LOW_CONF,False
407,1600938557683039,18,0.14770772,"[609.205,200.946,638.833,220.511]",4074919,0.02570548854287173,,False,LOW_CONF,LOW_CONF,False
407,1600938557683039,19,0.13693464,"[223.318,380.307,285.194,504.584]",4074908,0.4990112687865022,,False,LOW_CONF,LOW_CONF,False
407,1600938557683039,20,0.12120645,"[634.594,116.695,659.324,169.243]",4074917,0.19212910155408708,,False,LOW_CONF,LOW_CONF,False
407,1600938557683039,21,0.11243445,"[225.853,258.477,277.917,309.318]",4074925,0.0,,False,LOW_CONF,LOW_CONF,False
407,1600938557683039,22,0.08507625,"[118.267,238.303,147.383,283.008]",4074916,0.3930134003085959,,False,LOW_CONF,LOW_CONF,False
407,1600938557683039,23,0.0845774,"[623.609,201.546,641.131,220.039]",4074919,0.014509087687057705,,False,LOW_CONF,LOW_CONF,False
407,1600938557683039,24,0.08110993,"[232.083,275.118,276.458,309.958]",4074925,0.0,,False,LOW_CONF,LOW_CONF,False
407,1600938557683039,25,0.07382658,"[353.926,218.87,391.046,254.166]",4074925,0.0,,False,LOW_CONF,LOW_CONF,False
407,1600938557683039,26,0.06150892,"[137.202,307.557,224.891,501.223]",4074905,0.09521634791059651,,False,LOW_CONF,LOW_CONF,False
407,1600938557683039,27,0.05797213,"[115.452,241.718,162.7,325.41]",4074916,0.11061798584070721,,False,LOW_CONF,LOW_CONF,False
407,1600938557683039,28,0.05050548,"[604.899,195.945,637.804,216.112]",4074919,0.011556044371002976,,False,LOW_CONF,LOW_CONF,False
407,1600938557749700,0,0.91255856,"[557.378,212.748,639.624,311.614]",4074919,0.937781570383036,4074919,True,MATCHED,MATCHED,True
407,1600938557749700,1,0.89546168,"[639.648,254.369,717.054,348.088]",4074923,0.8711183776285473,4074923,True,MATCHED,MATCHED,True
407,1600938557749700,2,0.8918519,"[127.431,141.977,193.811,225.299]",4074902,0.924848561003298,4074902,True,MATCHED,MATCHED,True
407,1600938557749700,3,0.88152558,"[665.232,632.005,719.93,733.363]",4074928,0.8986162003866245,4074928,True,MATCHED,MATCHED,False
407,1600938557749700,4,0.88038707,"[624.141,1128.331,720.0,1225.606]",4074925,0.9416420321911583,4074925,True,MATCHED,MATCHED,True
407,1600938557749700,5,0.84083855,"[567.528,115.979,636.809,192.395]",4074917,0.8930797732793517,4074917,True,MATCHED,MATCHED,True
407,1600938557749700,6,0.83384794,"[245.112,531.638,356.628,673.236]",4074915,0.8074362584597077,4074915,True,MATCHED,MATCHED,True
407,1600938557749700,7,0.80681288,"[676.502,447.434,719.466,550.185]",4074929,0.8940932021536864,4074929,True,MATCHED,MATCHED,True
407,1600938557749700,8,0.66855234,"[102.571,278.998,150.292,331.791]",4074900,0.0,,False,NO_GT_OVERLAP,NO_GT_OVERLAP,False
407,1600938557749700,9,0.53076696,"[568.798,99.145,599.612,128.379]",4074922,0.7735838213744581,4074922,True,MATCHED,MATCHED,True
407,1600938557749700,10,0.50168961,"[218.938,13.14,252.466,62.816]",4074906,0.8963082785851564,4074906,True,MATCHED,MATCHED,True
407,1600938557749700,11,0.35024327,"[209.985,258.787,259.671,310.676]",4074900,0.0,,False,NO_GT_OVERLAP,NO_GT_OVERLAP,False
407,1600938557749700,12,0.34924072,"[210.0,385.768,294.85,510.885]",4074908,0.6438591368759335,4074908,True,MATCHED,MATCHED,True
407,1600938557749700,13,0.28309765,"[622.629,117.877,640.976,168.743]",4074917,0.15742889709851535,,False,LOW_CONF,LOW_CONF,False
407,1600938557749700,14,0.25188088,"[597.018,200.78,623.77,221.999]",4074919,0.026586936175066588,,False,LOW_CONF,LOW_CONF,False
407,1600938557749700,15,0.21773101,"[605.819,200.572,624.831,221.033]",4074919,0.016818423385489636,,False,LOW_CONF,LOW_CONF,False
407,1600938557749700,16,0.21056728,"[61.148,109.9,83.26,141.79]",4074900,0.6999449700078093,,False,LOW_CONF,LOW_CONF,False
407,1600938557749700,17,0.14703904,"[223.359,408.328,308.431,510.865]",4074908,0.5274061261047653,,False,LOW_CONF,LOW_CONF,False
407,1600938557749700,18,0.12549113,"[593.087,196.758,623.781,220.228]",4074919,0.023243796219690156,,False,LOW_CONF,LOW_CONF,False
407,1600938557749700,19,0.11771984,"[108.622,238.24,129.754,262.07]",4074916,0.7837880733465281,,False,LOW_CONF,LOW_CONF,False
407,1600938557749700,20,0.09734229,"[596.19,117.562,641.716,179.845]",4074917,0.47832251315789426,,False,LOW_CONF,LOW_CONF,False
407,1600938557749700,21,0.06826776,"[604.571,196.173,624.646,215.49]",4074919,0.0037144178294464996,,False,LOW_CONF,LOW_CONF,False
407,1600938557749700,22,0.0638452,"[61.302,123.164,130.631,259.8]",4074900,0.04827856682432803,,False,LOW_CONF,LOW_CONF,False
407,1600938557749700,23,0.05822693,"[267.761,553.038,361.019,676.024]",4074915,0.749624870324435,,False,LOW_CONF,LOW_CONF,False
407,1600938557749700,24,0.05110174,"[101.666,238.23,138.728,296.202]",4074916,0.2299216215250841,,False,LOW_CONF,LOW_CONF,False
407,1600938557816360,0,0.93001282,"[542.024,211.252,623.672,311.601]",4074919,0.9275877237432149,4074919,True,MATCHED,MATCHED,True
407,1600938557816360,1,0.89802837,"[624.036,253.868,695.321,347.697]",4074923,0.954942271140551,4074923,True,MATCHED,MATCHED,True
407,1600938557816360,2,0.88985145,"[110.808,141.252,177.077,224.848]",4074902,0.9357303431021706,4074902,True,MATCHED,MATCHED,True
407,1600938557816360,3,0.88702279,"[646.423,631.368,720.0,730.506]",4074928,0.8576587262540714,4074928,True,MATCHED,MATCHED,False
407,1600938557816360,4,0.88372093,"[605.537,1126.478,709.907,1225.7]",4074925,0.8641043501107064,4074925,True,MATCHED,MATCHED,True
407,1600938557816360,5,0.87957978,"[663.619,441.182,720.0,553.356]",4074929,0.9084747322896428,4074929,True,MATCHED,MATCHED,True
407,1600938557816360,6,0.84986091,"[551.99,114.903,624.756,191.04]",4074917,0.9444413563211023,4074917,True,MATCHED,MATCHED,True
407,1600938557816360,7,0.8388747,"[227.205,526.101,336.747,670.007]",4074915,0.7368571977240175,4074915,True,MATCHED,MATCHED,True
407,1600938557816360,8,0.6952855,"[202.669,12.845,236.461,61.627]",4074906,0.8627295828417801,4074906,True,MATCHED,MATCHED,True
407,1600938557816360,9,0.53567845,"[552.847,97.856,584.472,127.557]",4074922,0.8075085647803086,4074922,True,MATCHED,MATCHED,True
407,1600938557816360,10,0.29298699,"[94.715,236.451,118.021,264.49]",4074916,0.41406083175504355,,False,LOW_CONF,LOW_CONF,False
407,1600938557816360,11,0.23841612,"[90.072,236.935,119.105,279.577]",4074916,0.39892862460038286,,False,LOW_CONF,LOW_CONF,False
407,1600938557816360,12,0.20138924,"[193.87,263.762,243.231,314.359]",4074900,0.0,,False,LOW_CONF,LOW_CONF,False
407,1600938557816360,13,0.19712526,"[46.937,108.525,68.927,141.429]",4074900,0.8108826303988468,,False,LOW_CONF,LOW_CONF,False
407,1600938557816360,14,0.18630821,"[85.02,236.695,118.602,291.066]",4074916,0.29299624740341634,,False,LOW_CONF,LOW_CONF,False
407,1600938557816360,15,0.13752913,"[239.595,432.17,301.309,501.532]",4074908,0.2684439024206698,,False,LOW_CONF,LOW_CONF,False
407,1600938557816360,16,0.13726571,"[48.977,122.015,110.04,276.366]",4074900,0.04715729120181782,,False,LOW_CONF,LOW_CONF,False
407,1600938557816360,17,0.13150519,"[185.996,383.013,271.058,508.297]",4074908,0.6552553050507633,,False,LOW_CONF,LOW_CONF,False
407,1600938557816360,18,0.12200536,"[86.634,278.728,134.974,331.093]",4074900,0.0,,False,LOW_CONF,LOW_CONF,False
407,1600938557816360,19,0.11901771,"[606.081,116.48,626.221,167.953]",4074917,0.17720790085470076,,False,LOW_CONF,LOW_CONF,False
407,1600938557816360,20,0.11540083,"[207.228,418.408,299.644,505.675]",4074908,0.5057611358334377,,False,LOW_CONF,LOW_CONF,False
407,1600938557816360,21,0.07939069,"[81.959,250.848,116.668,293.584]",4074916,0.1552274671313236,,False,LOW_CONF,LOW_CONF,False
407,1600938557816360,22,0.06560601,"[81.214,233.888,118.043,277.553]",4074916,0.3108801560980391,,False,LOW_CONF,LOW_CONF,False
407,1600938557816360,23,0.0651879,"[696.031,231.602,719.892,272.085]",4074900,0.0,,False,LOW_CONF,LOW_CONF,False
407,1600938557816360,24,0.0595853,"[82.204,279.295,125.657,324.626]",4074900,0.0,,False,LOW_CONF,LOW_CONF,False
407,1600938557816360,25,0.05832787,"[591.837,200.423,609.432,220.655]",4074919,0.014937671673878397,,False,LOW_CONF,LOW_CONF,False
407,1600938557816360,26,0.0530168,"[49.467,113.829,68.736,146.117]",4074900,0.6229863591606537,,False,LOW_CONF,LOW_CONF,False
407,1600938557883021,0,0.93115264,"[526.777,211.922,608.942,311.692]",4074919,0.9173414315714438,4074919,True,MATCHED,MATCHED,True
407,1600938557883021,1,0.90316194,"[645.999,435.343,719.631,553.783]",4074929,0.9654020258770789,4074929,True,MATCHED,MATCHED,True
407,1600938557883021,2,0.89524496,"[608.144,252.932,679.803,347.17]",4074923,0.9471112312187933,4074923,True,MATCHED,MATCHED,True
407,1600938557883021,3,0.89060032,"[95.493,142.537,161.81,226.175]",4074902,0.9205657766808008,4074902,True,MATCHED,MATCHED,True
407,1600938557883021,4,0.85867953,"[628.345,621.489,719.97,727.488]",4074928,0.7964244096256305,4074928,True,MATCHED,MATCHED,True
407,1600938557883021,5,0.84831423,"[586.818,1125.38,689.747,1226.219]",4074925,0.90201611231528,4074925,True,MATCHED,MATCHED,True
407,1600938557883021,6,0.84742725,"[537.311,114.171,609.307,191.388]",4074917,0.9452225234594179,4074917,True,MATCHED,MATCHED,True
407,1600938557883021,7,0.82566714,"[213.167,534.943,321.511,672.493]",4074915,0.8339695554939206,4074915,True,MATCHED,MATCHED,True
407,1600938557883021,8,0.57208836,"[539.847,97.776,571.588,126.712]",4074922,0.793578506237204,4074922,True,MATCHED,MATCHED,True
407,1600938557883021,9,0.47733995,"[187.249,13.266,220.646,62.203]",4074906,0.9243854247626994,4074906,True,MATCHED,MATCHED,True
407,1600938557883021,10,0.42646736,"[179.17,261.225,227.818,316.56]",4074900,0.0,,False,NO_GT_OVERLAP,NO_GT_OVERLAP,False
407,1600938557883021,11,0.31665787,"[173.439,383.587,278.498,512.329]",4074908,0.8135425261352122,4074908,True,MATCHED,MATCHED,True
407,1600938557883021,12,0.29405183,"[77.497,239.273,106.113,288.856]",4074916,0.44037061431137575,,False,LOW_CONF,LOW_CONF,False
407,1600938557883021,13,0.28393164,"[80.896,238.89,104.305,274.604]",4074916,0.7157170767362858,,False,LOW_CONF,LOW_CONF,False
407,1600938557883021,14,0.23217769,"[167.965,383.617,251.443,510.216]",4074908,0.6420295705573166,,False,LOW_CONF,LOW_CONF,False
407,1600938557883021,15,0.19728462,"[184.693,406.915,282.669,510.296]",4074908,0.6269697310965991,,False,LOW_CONF,LOW_CONF,False
407,1600938557883021,16,0.1951713,"[588.875,116.056,610.354,171.938]",4074917,0.20795036001386039,,False,LOW_CONF,LOW_CONF,False
407,1600938557883021,17,0.14771275,"[68.869,240.239,102.898,292.901]",4074916,0.29437632435463096,,False,LOW_CONF,LOW_CONF,False
407,1600938557883021,18,0.11347421,"[198.623,431.923,283.235,509.963]",4074908,0.41064182089552254,,False,LOW_CONF,LOW_CONF,False
407,1600938557883021,19,0.11343967,"[69.432,277.066,118.845,332.364]",4074900,0.0,,False,LOW_CONF,LOW_CONF,False
407,1600938557883021,20,0.08688709,"[67.526,279.494,107.824,315.08]",4074900,0.0,,False,LOW_CONF,LOW_CONF,False
407,1600938557883021,21,0.06910833,"[576.121,201.814,594.091,220.182]",4074919,0.014354670158302277,,False,LOW_CONF,LOW_CONF,False
407,1600938557883021,22,0.05215047,"[224.364,522.529,286.585,558.992]",4074914,0.6393260006218907,,False,LOW_CONF,LOW_CONF,False
407,1600938557949682,0,0.92109799,"[631.761,437.21,720.0,554.681]",4074929,0.959782758389136,4074929,True,MATCHED,MATCHED,True
407,1600938557949682,1,0.91473645,"[510.868,212.497,592.756,311.866]",4074919,0.9456652721344609,4074919,True,MATCHED,MATCHED,True
407,1600938557949682,2,0.90500176,"[590.882,253.376,662.747,346.893]",4074923,0.9497037188035458,4074923,True,MATCHED,MATCHED,True
407,1600938557949682,3,0.88069218,"[78.794,141.996,145.683,225.668]",4074902,0.9311451105974242,4074902,True,MATCHED,MATCHED,True
407,1600938557949682,4,0.87464929,"[613.24,630.079,719.073,722.355]",4074928,0.9072418280140576,4074928,True,MATCHED,MATCHED,True
407,1600938557949682,5,0.84523505,"[522.406,115.513,587.162,189.322]",4074917,0.8266407009762266,4074917,True,MATCHED,MATCHED,True
407,1600938557949682,6,0.82245857,"[190.566,529.011,304.536,674.211]",4074915,0.766998815380377,4074915,True,MATCHED,MATCHED,True
407,1600938557949682,7,0.82151902,"[567.403,1112.293,672.208,1226.514]",4074925,0.8886581042130764,4074925,True,MATCHED,MATCHED,True
407,1600938557949682,8,0.71723205,"[170.574,13.878,205.0,61.167]",4074906,0.8119369535008992,4074906,True,MATCHED,MATCHED,True
407,1600938557949682,9,0.58751738,"[525.12,98.519,557.054,126.896]",4074922,0.7822366438172801,4074922,True,MATCHED,MATCHED,True
407,1600938557949682,10,0.4362945,"[198.807,430.047,271.13,505.219]",4074908,0.33530680621684955,,False,IOU_BELOW_0_5,IOU_BELOW_0_5,False
407,1600938557949682,11,0.22843415,"[67.542,240.002,87.765,264.163]",4074916,0.6595287415740144,,False,LOW_CONF,LOW_CONF,False
407,1600938557949682,12,0.22549741,"[574.406,115.778,595.916,168.544]",4074917,0.19088184331505229,,False,LOW_CONF,LOW_CONF,False
407,1600938557949682,13,0.18267798,"[138.731,386.422,223.308,507.362]",4074908,0.48398390099227173,,False,LOW_CONF,LOW_CONF,False
407,1600938557949682,14,0.14810993,"[165.172,265.927,215.941,317.326]",4074900,0.0,,False,LOW_CONF,LOW_CONF,False
407,1600938557949682,15,0.13925137,"[175.425,274.302,216.442,317.201]",4074900,0.0,,False,LOW_CONF,LOW_CONF,False
407,1600938557949682,16,0.07615368,"[581.738,601.849,611.632,672.962]",4074900,0.0,,False,LOW_CONF,LOW_CONF,False
407,1600938557949682,17,0.07491155,"[596.38,412.457,619.471,464.2]",4074900,0.0,,False,LOW_CONF,LOW_CONF,False
407,1600938557949682,18,0.07066578,"[105.638,259.861,133.166,283.861]",4074900,0.0,,False,LOW_CONF,LOW_CONF,False
407,1600938557949682,19,0.06985836,"[561.38,201.319,577.25,220.455]",4074919,0.008917881147963042,,False,LOW_CONF,LOW_CONF,False
407,1600938557949682,20,0.05400895,"[692.613,408.858,718.99,443.346]",4074929,0.019569004116357,,False,LOW_CONF,LOW_CONF,False
407,1600938558016342,0,0.91700363,"[495.617,212.167,576.705,311.605]",4074919,0.9307686070221349,4074919,True,MATCHED,MATCHED,True
407,1600938558016342,1,0.91681379,"[614.322,437.996,713.46,553.705]",4074929,0.9464652509900997,4074929,True,MATCHED,MATCHED,True
407,1600938558016342,2,0.90020072,"[575.288,251.933,647.154,347.277]",4074923,0.9560154439943213,4074923,True,MATCHED,MATCHED,True
407,1600938558016342,3,0.87478435,"[63.777,142.398,128.331,225.878]",4074902,0.9700302334610698,4074902,True,MATCHED,MATCHED,True
407,1600938558016342,4,0.86824375,"[596.512,627.042,717.338,719.511]",4074928,0.8741367160537153,4074928,True,MATCHED,MATCHED,True
407,1600938558016342,5,0.8395257,"[551.325,1107.5,654.902,1225.875]",4074925,0.8746601604097022,4074925,True,MATCHED,MATCHED,True
407,1600938558016342,6,0.83252752,"[507.619,115.333,577.275,192.797]",4074917,0.9438745594995359,4074917,True,MATCHED,MATCHED,True
407,1600938558016342,7,0.77560669,"[177.142,534.047,289.354,674.505]",4074915,0.847808023429229,4074915,True,MATCHED,MATCHED,True
407,1600938558016342,8,0.55405551,"[510.4,98.443,543.056,125.457]",4074922,0.8351694022738433,4074922,True,MATCHED,MATCHED,True
407,1600938558016342,9,0.48336643,"[154.961,14.103,188.495,62.227]",4074906,0.866979931545443,4074906,True,MATCHED,MATCHED,True
407,1600938558016342,10,0.44748303,"[181.597,430.753,252.39,508.178]",4074908,0.3482747506036345,,False,IOU_BELOW_0_5,IOU_BELOW_0_5,False
407,1600938558016342,11,0.32088175,"[557.88,116.304,580.672,164.841]",4074917,0.1899029357359721,,False,IOU_BELOW_0_5,IOU_BELOW_0_5,False
407,1600938558016342,12,0.31344911,"[52.804,239.232,74.153,273.657]",4074916,0.6495228604746135,4074916,True,MATCHED,MATCHED,True
407,1600938558016342,13,0.27086097,"[50.705,239.12,74.569,284.231]",4074916,0.4853238989318643,,False,LOW_CONF,LOW_CONF,False
407,1600938558016342,14,0.20876719,"[692.745,334.366,718.884,424.872]",4074900,0.0,,False,LOW_CONF,LOW_CONF,False
407,1600938558016342,15,0.13937733,"[144.847,259.731,197.074,316.869]",4074900,0.0,,False,LOW_CONF,LOW_CONF,False
407,1600938558016342,16,0.12923469,"[543.024,172.004,570.982,196.209]",4074917,0.10279027050028214,,False,LOW_CONF,LOW_CONF,False
407,1600938558016342,17,0.11392691,"[40.671,239.5,73.655,289.833]",4074916,0.3019003906897632,,False,LOW_CONF,LOW_CONF,False
407,1600938558016342,18,0.08836943,"[182.898,521.447,250.053,558.627]",4074914,0.8012910462130926,,False,LOW_CONF,LOW_CONF,False
407,1600938558016342,19,0.07903855,"[125.506,387.212,203.042,509.061]",4074908,0.49073281565018484,,False,LOW_CONF,LOW_CONF,False
407,1600938558016342,20,0.07832786,"[701.88,817.48,719.754,892.346]",4074900,0.0,,False,LOW_CONF,LOW_CONF,False
407,1600938558016342,21,0.05456658,"[109.275,15.992,175.501,256.951]",4074902,0.0753459463887472,,False,LOW_CONF,LOW_CONF,False
407,1600938558083003,0,0.92643553,"[600.348,435.542,700.008,553.885]",4074929,0.9538767265251858,4074929,True,MATCHED,MATCHED,True
407,1600938558083003,1,0.90654451,"[480.4,212.821,560.892,311.453]",4074919,0.9453228126783435,4074919,True,MATCHED,MATCHED,True
407,1600938558083003,2,0.8941021,"[559.132,252.77,630.503,346.354]",4074923,0.9819571914795235,4074923,True,MATCHED,MATCHED,True
407,1600938558083003,3,0.86836022,"[48.258,142.964,112.582,225.286]",4074902,0.938036320844637,4074902,True,MATCHED,MATCHED,True
407,1600938558083003,4,0.85412121,"[493.646,114.56,563.363,193.007]",4074917,0.9498289439157208,4074917,True,MATCHED,MATCHED,True
407,1600938558083003,5,0.84900969,"[578.735,628.847,702.87,719.494]",4074928,0.908565900612471,4074928,True,MATCHED,MATCHED,True
407,1600938558083003,6,0.84299898,"[160.859,543.68,270.045,674.694]",4074915,0.900413646624321,4074915,True,MATCHED,MATCHED,True
407,1600938558083003,7,0.83659965,"[534.144,1107.915,638.399,1226.287]",4074925,0.889902584954539,4074925,True,MATCHED,MATCHED,True
407,1600938558083003,8,0.58979899,"[496.247,98.513,531.186,125.212]",4074922,0.7834689528814437,4074922,True,MATCHED,MATCHED,True
407,1600938558083003,9,0.47282016,"[139.199,14.871,173.72,61.594]",4074906,0.8610301076682387,4074906,True,MATCHED,MATCHED,True
407,1600938558083003,10,0.37359548,"[112.774,385.778,191.191,503.774]",4074908,0.5359251856122682,,False,GREEDY_MATCH_CONFLICT,GREEDY_MATCH_CONFLICT,False
407,1600938558083003,11,0.36958733,"[40.058,237.626,61.939,267.067]",4074916,0.8734268659487086,4074916,True,MATCHED,MATCHED,True
407,1600938558083003,12,0.3487947,"[118.112,387.004,231.185,507.92]",4074908,0.8821999527680993,4074908,True,MATCHED,MATCHED,True
407,1600938558083003,13,0.34671503,"[541.799,115.212,564.976,164.378]",4074917,0.19009700876289992,,False,IOU_BELOW_0_5,IOU_BELOW_0_5,False
407,1600938558083003,14,0.27604532,"[163.334,521.304,232.595,556.816]",4074914,0.8179674440458092,,False,LOW_CONF,LOW_CONF,False
407,1600938558083003,15,0.15446548,"[167.176,432.179,234.529,505.496]",4074908,0.3186294941927991,,False,LOW_CONF,LOW_CONF,False
407,1600938558083003,16,0.14124903,"[148.622,408.71,234.164,506.701]",4074908,0.5408663132017034,,False,LOW_CONF,LOW_CONF,False
407,1600938558083003,17,0.13433114,"[547.483,61.018,567.131,90.288]",4074916,0.0,,False,LOW_CONF,LOW_CONF,False
407,1600938558083003,18,0.12602273,"[149.385,522.875,227.491,574.946]",4074914,0.606024470130589,,False,LOW_CONF,LOW_CONF,False
407,1600938558083003,19,0.08724523,"[78.105,405.717,113.31,427.982]",4074932,0.7540729945377568,,False,LOW_CONF,LOW_CONF,False
407,1600938558083003,20,0.08257252,"[78.115,400.972,152.167,499.405]",4074908,0.17314457761044902,,False,LOW_CONF,LOW_CONF,False
407,1600938558083003,21,0.07428984,"[510.229,195.175,544.055,219.468]",4074919,0.018486051137687327,,False,LOW_CONF,LOW_CONF,False
407,1600938558083003,22,0.06988876,"[74.761,404.953,123.536,486.965]",4074932,0.1749940808252161,,False,LOW_CONF,LOW_CONF,False
407,1600938558083003,23,0.05800661,"[79.935,403.684,122.608,434.816]",4074932,0.42131569111444694,,False,LOW_CONF,LOW_CONF,False
407,1600938558083003,24,0.05761256,"[79.656,394.087,171.294,512.124]",4074908,0.3067688267570839,,False,LOW_CONF,LOW_CONF,False
407,1600938558149664,0,0.92577678,"[583.286,435.922,681.532,553.949]",4074929,0.9712869371282431,4074929,True,MATCHED,MATCHED,True
407,1600938558149664,1,0.90571028,"[465.177,211.153,545.108,310.861]",4074919,0.951597019127759,4074919,True,MATCHED,MATCHED,True
407,1600938558149664,2,0.89043188,"[544.649,251.924,614.573,347.317]",4074923,0.9315650155970683,4074923,True,MATCHED,MATCHED,True
407,1600938558149664,3,0.87768179,"[32.625,142.535,97.505,225.979]",4074902,0.9213656258501798,4074902,True,MATCHED,MATCHED,True
407,1600938558149664,4,0.86132008,"[564.132,631.418,684.812,719.458]",4074928,0.9445313376306925,4074928,True,MATCHED,MATCHED,True
407,1600938558149664,5,0.84694624,"[518.451,1108.228,623.775,1225.582]",4074925,0.8850321496749133,4074925,True,MATCHED,MATCHED,True
407,1600938558149664,6,0.84683692,"[478.228,114.559,548.561,191.782]",4074917,0.9686622567058278,4074917,True,MATCHED,MATCHED,True
407,1600938558149664,7,0.84432137,"[142.762,539.409,257.478,676.425]",4074915,0.9242090283438578,4074915,True,MATCHED,MATCHED,True
407,1600938558149664,8,0.50992358,"[481.715,98.438,515.323,123.18]",4074922,0.8878762987144612,4074922,True,MATCHED,MATCHED,True
407,1600938558149664,9,0.3801339,"[691.69,926.678,719.522,1010.896]",4074935,0.8146205400177651,4074935,True,MATCHED,MATCHED,True
407,1600938558149664,10,0.3326844,"[123.468,14.314,156.51,62.439]",4074906,0.8840408180171178,4074906,True,MATCHED,MATCHED,True
407,1600938558149664,11,0.3109234,"[26.019,237.551,49.518,265.215]",4074916,0.9042569837660328,4074916,True,MATCHED,MATCHED,True
407,1600938558149664,12,0.26414552,"[525.61,115.199,549.829,166.163]",4074917,0.2133896871964012,,False,LOW_CONF,LOW_CONF,False
407,1600938558149664,13,0.2036438,"[88.419,389.525,167.833,506.122]",4074908,0.46786901966901734,,False,LOW_CONF,LOW_CONF,False
407,1600938558149664,14,0.18310249,"[96.602,389.942,195.637,508.259]",4074908,0.7197145955062277,,False,LOW_CONF,LOW_CONF,False
407,1600938558149664,15,0.12496492,"[248.138,219.36,279.422,252.286]",4074916,0.0,,False,LOW_CONF,LOW_CONF,False
407,1600938558149664,16,0.10233405,"[75.05,387.449,157.067,511.591]",4074908,0.3611093808042714,,False,LOW_CONF,LOW_CONF,False
407,1600938558149664,17,0.10149635,"[64.987,7.445,164.046,250.526]",4074902,0.09459658870435843,,False,LOW_CONF,LOW_CONF,False
407,1600938558149664,18,0.06731682,"[509.259,170.988,541.7,196.031]",4074917,0.1201194641402743,,False,LOW_CONF,LOW_CONF,False
407,1600938558149664,19,0.06344251,"[144.33,522.847,214.742,559.533]",4074914,0.7807341006073248,,False,LOW_CONF,LOW_CONF,False
407,1600938558149664,20,0.05752889,"[495.015,200.17,529.23,220.485]",4074919,0.03192072328201264,,False,LOW_CONF,LOW_CONF,False
407,1600938558149664,21,0.05752274,"[67.189,407.561,95.014,426.448]",4074932,0.7301667943822205,,False,LOW_CONF,LOW_CONF,False
407,1600938558149664,22,0.05374531,"[20.886,236.248,48.37,267.499]",4074916,0.7395694824371614,,False,LOW_CONF,LOW_CONF,False
407,1600938558149664,23,0.05008163,"[71.841,22.662,155.329,123.62]",4074906,0.15779978166880781,,False,LOW_CONF,LOW_CONF,False
407,1600938558149664,24,0.05000213,"[540.902,499.486,567.05,561.604]",4074916,0.0,,False,LOW_CONF,LOW_CONF,False
407,1600938558216324,0,0.91899073,"[567.497,435.709,666.255,553.959]",4074929,0.9486199961927457,4074929,True,MATCHED,MATCHED,True
407,1600938558216324,1,0.90901083,"[525.886,252.289,597.513,347.311]",4074923,0.9192809338647262,4074923,True,MATCHED,MATCHED,True
407,1600938558216324,2,0.90274954,"[449.287,212.065,531.163,311.038]",4074919,0.9456392148587347,4074919,True,MATCHED,MATCHED,True
407,1600938558216324,3,0.86817223,"[17.203,143.437,83.599,225.248]",4074902,0.8567126294393549,4074902,True,MATCHED,MATCHED,True
407,1600938558216324,4,0.86277443,"[501.119,1106.293,606.997,1226.394]",4074925,0.8864625955238096,4074925,True,MATCHED,MATCHED,True
407,1600938558216324,5,0.84536463,"[463.449,114.11,532.589,193.101]",4074917,0.9535098215159945,4074917,True,MATCHED,MATCHED,True
407,1600938558216324,6,0.83664012,"[544.915,631.07,664.55,717.444]",4074928,0.8777454317251241,4074928,True,MATCHED,MATCHED,True
407,1600938558216324,7,0.83615541,"[126.338,537.061,235.627,676.358]",4074915,0.8432736351714526,4074915,True,MATCHED,MATCHED,True
407,1600938558216324,8,0.59375697,"[467.802,98.058,499.509,124.223]",4074922,0.86019526089234,4074922,True,MATCHED,MATCHED,True
407,1600938558216324,9,0.55409324,"[107.119,15.104,143.418,61.849]",4074906,0.8003927164705209,4074906,True,MATCHED,MATCHED,True
407,1600938558216324,10,0.41790563,"[80.206,375.378,206.673,510.001]",4074908,0.7949853148196352,4074908,True,MATCHED,MATCHED,True
407,1600938558216324,11,0.36889783,"[672.352,922.735,719.761,1006.803]",4074935,0.8236091162663496,4074935,True,MATCHED,MATCHED,True
407,1600938558216324,12,0.23398809,"[107.098,523.726,185.907,579.192]",4074914,0.4943830753750245,,False,LOW_CONF,LOW_CONF,False
407,1600938558216324,13,0.2328843,"[509.024,115.202,533.647,171.009]",4074917,0.23913660865168893,,False,LOW_CONF,LOW_CONF,False
407,1600938558216324,14,0.22862962,"[113.871,522.821,192.08,564.68]",4074914,0.780699493972288,,False,LOW_CONF,LOW_CONF,False
407,1600938558216324,15,0.2097687,"[12.36,239.54,37.833,261.945]",4074916,0.6920786566128477,,False,LOW_CONF,LOW_CONF,False
407,1600938558216324,16,0.1669202,"[75.559,392.57,156.693,509.926]",4074908,0.5194710587412198,,False,LOW_CONF,LOW_CONF,False
407,1600938558216324,17,0.14852096,"[3.001,273.753,39.081,338.602]",4074916,0.0,,False,LOW_CONF,LOW_CONF,False
407,1600938558216324,18,0.13635752,"[51.511,408.994,79.045,427.685]",4074932,0.5097616355739945,,False,LOW_CONF,LOW_CONF,False
407,1600938558216324,19,0.13511267,"[12.208,241.779,47.329,276.151]",4074916,0.47674926531449513,,False,LOW_CONF,LOW_CONF,False
407,1600938558216324,20,0.10482662,"[480.925,199.305,511.718,220.727]",4074919,0.02552454327897936,,False,LOW_CONF,LOW_CONF,False
407,1600938558216324,21,0.08005711,"[490.364,195.161,515.366,220.702]",4074919,0.020600337205424753,,False,LOW_CONF,LOW_CONF,False
407,1600938558216324,22,0.07543473,"[56.7,397.89,140.673,513.208]",4074908,0.3568894882274362,,False,LOW_CONF,LOW_CONF,False
407,1600938558216324,23,0.05783894,"[490.567,172.593,524.198,196.863]",4074917,0.12957196136387986,,False,LOW_CONF,LOW_CONF,False
407,1600938558216324,24,0.05717474,"[99.047,263.197,157.556,317.32]",4074916,0.0,,False,LOW_CONF,LOW_CONF,False
407,1600938558216324,25,0.05661148,"[235.504,220.833,265.867,251.456]",4074916,0.0,,False,LOW_CONF,LOW_CONF,False
407,1600938558282985,0,0.93196279,"[433.916,211.172,514.548,310.29]",4074919,0.9466869152128737,4074919,True,MATCHED,MATCHED,True
407,1600938558282985,1,0.91854966,"[550.198,435.615,649.522,553.514]",4074929,0.9425717660987556,4074929,True,MATCHED,MATCHED,True
407,1600938558282985,2,0.89319187,"[510.856,251.695,582.138,347.592]",4074923,0.9286499090393994,4074923,True,MATCHED,MATCHED,True
407,1600938558282985,3,0.86925358,"[0.981,143.473,65.68,225.123]",4074902,0.922600441585807,4074902,True,MATCHED,MATCHED,True
407,1600938558282985,4,0.86528289,"[483.873,1106.246,590.088,1225.509]",4074925,0.918405719716234,4074925,True,MATCHED,MATCHED,True
407,1600938558282985,5,0.83922058,"[447.416,114.696,508.559,187.492]",4074917,0.7951647192023771,4074917,True,MATCHED,MATCHED,True
407,1600938558282985,6,0.83496869,"[527.883,629.16,652.281,715.759]",4074928,0.9014417719852951,4074928,True,MATCHED,MATCHED,True
407,1600938558282985,7,0.77459419,"[106.74,547.76,217.605,676.974]",4074915,0.8769208069068731,4074915,True,MATCHED,MATCHED,True
407,1600938558282985,8,0.54098994,"[453.104,97.354,484.044,121.095]",4074922,0.8207431179703044,4074922,True,MATCHED,MATCHED,True
407,1600938558282985,9,0.44646123,"[96.24,521.141,172.887,573.105]",4074914,0.6111394709799942,4074914,True,MATCHED,MATCHED,True
407,1600938558282985,10,0.39208218,"[91.614,14.447,126.257,63.136]",4074906,0.854774200654463,4074906,True,MATCHED,MATCHED,True
407,1600938558282985,11,0.34984744,"[493.503,113.712,518.177,167.615]",4074917,0.23430064947673532,,False,IOU_BELOW_0_5,IOU_BELOW_0_5,False
407,1600938558282985,12,0.34041068,"[0.174,303.309,19.75,336.495]",4074916,0.0,,False,NO_GT_OVERLAP,NO_GT_OVERLAP,False
407,1600938558282985,13,0.28808516,"[99.33,519.98,174.583,557.63]",4074914,0.8647235481463694,,False,LOW_CONF,LOW_CONF,False
407,1600938558282985,14,0.25560051,"[1.512,248.472,24.006,279.568]",4074916,0.31271510179573575,,False,LOW_CONF,LOW_CONF,False
407,1600938558282985,15,0.18992867,"[56.025,372.346,185.74,508.977]",4074908,0.7166985302190628,,False,LOW_CONF,LOW_CONF,False
407,1600938558282985,16,0.16437586,"[74.92,402.917,184.664,509.55]",4074908,0.8284836780176994,,False,LOW_CONF,LOW_CONF,False
407,1600938558282985,17,0.14731394,"[481.276,114.669,518.301,174.634]",4074917,0.39889202179531863,,False,LOW_CONF,LOW_CONF,False
407,1600938558282985,18,0.11080941,"[1.811,239.223,23.935,276.147]",4074916,0.5412657764196451,,False,LOW_CONF,LOW_CONF,False
407,1600938558282985,19,0.096293,"[476.755,171.653,510.483,194.726]",4074917,0.13047546671965857,,False,LOW_CONF,LOW_CONF,False
407,1600938558282985,20,0.07778151,"[38.76,410.515,60.868,426.967]",4074932,0.49539029091240633,,False,LOW_CONF,LOW_CONF,False
407,1600938558282985,21,0.06004906,"[38.003,410.838,64.2,472.692]",4074932,0.15816878175191934,,False,LOW_CONF,LOW_CONF,False
407,1600938558282985,22,0.05825672,"[0.0,269.142,21.527,336.964]",4074916,0.0,,False,LOW_CONF,LOW_CONF,False
407,1600938558349646,0,0.91257972,"[534.691,436.782,631.025,553.478]",4074929,0.9515433580555598,4074929,True,MATCHED,MATCHED,True
407,1600938558349646,1,0.90602809,"[418.821,212.431,497.793,311.164]",4074919,0.9657198782188848,4074919,True,MATCHED,MATCHED,True
407,1600938558349646,2,0.89035612,"[492.508,252.508,564.663,347.522]",4074923,0.9224393654634122,4074923,True,MATCHED,MATCHED,True
407,1600938558349646,3,0.84479737,"[466.943,1103.207,568.415,1225.963]",4074925,0.9317061962043629,4074925,True,MATCHED,MATCHED,True
407,1600938558349646,4,0.84057146,"[0.0,143.497,50.561,226.308]",4074902,0.9298594547337925,4074902,True,MATCHED,MATCHED,True
407,1600938558349646,5,0.83363277,"[510.584,629.27,632.469,715.079]",4074928,0.8796395037291344,4074928,True,MATCHED,MATCHED,False
407,1600938558349646,6,0.82072413,"[432.85,114.433,498.555,189.967]",4074917,0.8569918230298657,4074917,True,MATCHED,MATCHED,True
407,1600938558349646,7,0.76220655,"[89.852,550.281,199.349,676.571]",4074915,0.8822891290480007,4074915,True,MATCHED,MATCHED,True
407,1600938558349646,8,0.58465308,"[437.691,95.639,469.493,124.421]",4074922,0.7429733403906124,4074922,True,MATCHED,MATCHED,True
407,1600938558349646,9,0.50146699,"[74.699,15.417,111.199,61.978]",4074906,0.8411090462003111,4074906,True,MATCHED,MATCHED,True
407,1600938558349646,10,0.47635037,"[62.089,412.024,167.1,509.339]",4074908,0.7484908419395003,4074908,True,MATCHED,MATCHED,True
407,1600938558349646,11,0.37505531,"[68.142,522.464,151.898,581.195]",4074914,0.4347304410288542,,False,IOU_BELOW_0_5,IOU_BELOW_0_5,False
407,1600938558349646,12,0.35041142,"[74.532,522.28,155.517,563.272]",4074914,0.6440906554276852,4074914,True,MATCHED,MATCHED,True
407,1600938558349646,13,0.24769783,"[108.57,663.914,173.996,703.725]",4074915,0.04638869012287178,,False,LOW_CONF,LOW_CONF,False
407,1600938558349646,14,0.20395641,"[640.043,922.176,718.708,1011.836]",4074935,0.7650777405251077,,False,LOW_CONF,LOW_CONF,False
407,1600938558349646,15,0.17569679,"[693.691,860.363,719.507,937.382]",4074935,0.04074585397478325,,False,LOW_CONF,LOW_CONF,False
407,1600938558349646,16,0.13054834,"[473.635,113.077,501.901,173.721]",4074917,0.2899682839481156,,False,LOW_CONF,LOW_CONF,False
407,1600938558349646,17,0.11307716,"[466.432,197.741,486.098,220.712]",4074919,0.018816702347177916,,False,LOW_CONF,LOW_CONF,False
407,1600938558349646,18,0.10465413,"[435.621,101.132,470.279,132.773]",4074922,0.6072860259244048,,False,LOW_CONF,LOW_CONF,False
407,1600938558349646,19,0.10218111,"[44.782,385.775,167.928,510.532]",4074908,0.7968636969435979,,False,LOW_CONF,LOW_CONF,False
407,1600938558349646,20,0.07971671,"[41.046,419.524,105.917,513.042]",4074908,0.32868803825458415,,False,LOW_CONF,LOW_CONF,False
407,1600938558349646,21,0.07895373,"[117.598,446.387,167.058,508.136]",4074908,0.22369483190507589,,False,LOW_CONF,LOW_CONF,False
407,1600938558349646,22,0.07811788,"[460.181,172.694,492.972,196.055]",4074917,0.1179718680679353,,False,LOW_CONF,LOW_CONF,False
407,1600938558349646,23,0.06839225,"[128.44,460.709,167.627,506.695]",4074908,0.13198955409067606,,False,LOW_CONF,LOW_CONF,False
407,1600938558349646,24,0.06758241,"[22.374,411.161,43.431,427.798]",4074932,0.38236114730657567,,False,LOW_CONF,LOW_CONF,False
407,1600938558349646,25,0.05229373,"[94.85,436.153,167.434,507.577]",4074908,0.37971432036914954,,False,LOW_CONF,LOW_CONF,False
407,1600938558349646,26,0.05228057,"[20.124,26.116,107.606,121.934]",4074906,0.15269043947347397,,False,LOW_CONF,LOW_CONF,False
407,1600938558349646,27,0.05126463,"[44.899,404.259,137.85,510.488]",4074908,0.6282595528886373,,False,LOW_CONF,LOW_CONF,False
407,1600938558416306,0,0.91739434,"[518.359,437.136,615.268,553.433]",4074929,0.933370094536533,4074929,True,MATCHED,MATCHED,True
407,1600938558416306,1,0.89981693,"[403.801,211.546,481.526,310.978]",4074919,0.9553686364218333,4074919,True,MATCHED,MATCHED,True
407,1600938558416306,2,0.89491642,"[451.216,1104.715,550.598,1226.408]",4074925,0.9289224802694453,4074925,True,MATCHED,MATCHED,True
407,1600938558416306,3,0.89145929,"[477.992,251.799,548.829,347.97]",4074923,0.9160028165754477,4074923,True,MATCHED,MATCHED,False
407,1600938558416306,4,0.84579712,"[496.465,629.547,616.528,714.521]",4074928,0.9017633368657308,4074928,True,MATCHED,MATCHED,False
407,1600938558416306,5,0.82500219,"[418.681,113.726,487.018,190.518]",4074917,0.9174430741114169,4074917,True,MATCHED,MATCHED,True
407,1600938558416306,6,0.77673972,"[0.0,145.411,33.123,224.448]",4074902,0.9323291964438454,4074902,True,MATCHED,MATCHED,True
407,1600938558416306,7,0.72901607,"[72.462,552.351,172.354,680.048]",4074915,0.7943817214996866,4074915,True,MATCHED,MATCHED,True
407,1600938558416306,8,0.56942904,"[424.896,96.405,454.269,121.701]",4074922,0.7853615336321791,4074922,True,MATCHED,MATCHED,True
407,1600938558416306,9,0.5468719,"[45.424,521.95,129.825,582.406]",4074914,0.39258607405606005,,False,IOU_BELOW_0_5,IOU_BELOW_0_5,False
407,1600938558416306,10,0.46815419,"[460.975,112.541,488.013,169.893]",4074917,0.2648230037416866,,False,IOU_BELOW_0_5,IOU_BELOW_0_5,False
407,1600938558416306,11,0.45859557,"[59.783,14.791,94.4,62.768]",4074906,0.8161679795485762,4074906,True,MATCHED,MATCHED,True
407,1600938558416306,12,0.32433215,"[91.206,665.948,168.112,703.85]",4074915,0.04511360215766829,,False,IOU_BELOW_0_5,IOU_BELOW_0_5,False
407,1600938558416306,13,0.27620906,"[440.59,112.681,489.084,176.746]",4074917,0.5285204881831104,,False,LOW_CONF,LOW_CONF,False
407,1600938558416306,14,0.23213364,"[109.265,460.311,150.523,507.224]",4074908,0.12388226792114698,,False,LOW_CONF,LOW_CONF,False
407,1600938558416306,15,0.22973801,"[34.407,395.265,151.735,508.835]",4074908,0.8448983979228181,,False,LOW_CONF,LOW_CONF,False
407,1600938558416306,16,0.2132453,"[3.741,18.055,89.213,161.037]",4074906,0.12487687047105255,,False,LOW_CONF,LOW_CONF,False
407,1600938558416306,17,0.14719005,"[37.353,429.378,152.461,508.313]",4074908,0.581544417562724,,False,LOW_CONF,LOW_CONF,False
407,1600938558416306,18,0.1422448,"[11.024,28.35,90.503,135.857]",4074906,0.13889861806815826,,False,LOW_CONF,LOW_CONF,False
407,1600938558416306,19,0.12664175,"[180.273,219.905,213.909,253.596]",4074902,0.0,,False,LOW_CONF,LOW_CONF,False
407,1600938558416306,20,0.11236057,"[622.595,923.344,719.924,1033.315]",4074935,0.9600353504028527,,False,LOW_CONF,LOW_CONF,False
407,1600938558416306,21,0.10763655,"[31.142,418.531,85.798,504.778]",4074908,0.2745657854769886,,False,LOW_CONF,LOW_CONF,False
407,1600938558416306,22,0.10612086,"[55.845,521.473,131.235,555.737]",4074914,0.7878641593425814,,False,LOW_CONF,LOW_CONF,False
407,1600938558416306,23,0.07888665,"[32.729,418.547,106.02,507.909]",4074908,0.4009927881261915,,False,LOW_CONF,LOW_CONF,False
407,1600938558416306,24,0.0774144,"[98.705,453.349,150.522,508.849]",4074908,0.18406576420890933,,False,LOW_CONF,LOW_CONF,False
407,1600938558416306,25,0.05277148,"[3.099,37.866,77.99,118.522]",4074906,0.08209943259662117,,False,LOW_CONF,LOW_CONF,False
407,1600938558482967,0,0.91811186,"[502.665,435.851,599.397,553.492]",4074929,0.9455220451766974,4074929,True,MATCHED,MATCHED,True
407,1600938558482967,1,0.91601449,"[388.468,212.182,465.96,310.549]",4074919,0.9665418043513007,4074919,True,MATCHED,MATCHED,True
407,1600938558482967,2,0.87789327,"[461.588,253.251,532.539,348.068]",4074923,0.9392774696897959,4074923,True,MATCHED,MATCHED,True
407,1600938558482967,3,0.85965264,"[433.813,1103.203,531.961,1225.117]",4074925,0.9324736668956092,4074925,True,MATCHED,MATCHED,True
407,1600938558482967,4,0.83382946,"[404.083,112.342,470.9,190.693]",4074917,0.897115714560434,4074917,True,MATCHED,MATCHED,True
407,1600938558482967,5,0.81440187,"[477.928,630.353,594.509,714.404]",4074928,0.8813142868238489,4074928,True,MATCHED,MATCHED,True
407,1600938558482967,6,0.6786226,"[52.102,552.696,157.098,688.893]",4074915,0.7606408302868068,4074915,True,MATCHED,MATCHED,True
407,1600938558482967,7,0.56203961,"[409.561,95.832,438.5,118.541]",4074922,0.7233871764792026,4074922,True,MATCHED,MATCHED,True
407,1600938558482967,8,0.55846798,"[10.293,372.928,138.768,508.979]",4074908,0.8516332678090487,4074908,True,MATCHED,MATCHED,True
407,1600938558482967,9,0.53282821,"[603.642,921.159,712.908,1034.755]",4074935,0.9577945158400103,4074935,True,MATCHED,MATCHED,True
407,1600938558482967,10,0.51508254,"[24.934,521.727,102.566,578.333]",4074914,0.335356601080887,,False,IOU_BELOW_0_5,IOU_BELOW_0_5,False
407,1600938558482967,11,0.47782555,"[43.223,16.675,78.87,60.925]",4074906,0.83210573275812,4074906,True,MATCHED,MATCHED,True
407,1600938558482967,12,0.39131686,"[40.123,521.916,105.789,560.247]",4074914,0.5557577634712589,4074914,True,MATCHED,MATCHED,True
407,1600938558482967,13,0.35633126,"[429.85,112.307,471.768,176.378]",4074917,0.4616716339327175,,False,IOU_BELOW_0_5,IOU_BELOW_0_5,False
407,1600938558482967,14,0.12322593,"[0.0,147.451,14.642,184.979]",4074902,0.46370040168776394,,False,LOW_CONF,LOW_CONF,False
407,1600938558482967,15,0.11735686,"[75.508,663.408,152.705,702.374]",4074915,0.05664384255593331,,False,LOW_CONF,LOW_CONF,False
407,1600938558482967,16,0.10938985,"[160.996,219.319,197.401,253.554]",4074902,0.0,,False,LOW_CONF,LOW_CONF,False
407,1600938558482967,17,0.08607791,"[0.768,147.633,17.899,178.884]",4074902,0.3486715274367263,,False,LOW_CONF,LOW_CONF,False
407,1600938558482967,18,0.0697718,"[92.941,458.509,137.255,507.444]",4074908,0.1344809668217054,,False,LOW_CONF,LOW_CONF,False
407,1600938558482967,19,0.05490962,"[0.0,148.396,18.557,213.646]",4074902,0.6906738913096288,,False,LOW_CONF,LOW_CONF,False
407,1600938558482967,20,0.05428502,"[0.0,12.151,67.447,191.107]",4074906,0.1026583853426344,,False,LOW_CONF,LOW_CONF,False
407,1600938558482967,21,0.05104614,"[6.368,413.335,71.466,502.295]",4074908,0.2771792299244219,,False,LOW_CONF,LOW_CONF,False
407,1600938558482967,22,0.05080594,"[14.666,21.297,77.62,160.45]",4074906,0.17970151983768284,,False,LOW_CONF,LOW_CONF,False
407,1600938558549628,0,0.92050689,"[485.536,437.743,582.796,553.245]",4074929,0.9218718236781109,4074929,True,MATCHED,MATCHED,True
407,1600938558549628,1,0.90114218,"[372.405,211.68,450.91,310.107]",4074919,0.9869889056860268,4074919,True,MATCHED,MATCHED,True
407,1600938558549628,2,0.88304704,"[446.327,251.191,516.789,347.342]",4074923,0.9111274110950264,4074923,True,MATCHED,MATCHED,True
407,1600938558549628,3,0.86430764,"[416.367,1102.399,520.252,1225.341]",4074925,0.9437263064453798,4074925,True,MATCHED,MATCHED,True
407,1600938558549628,4,0.84087336,"[461.963,630.745,580.327,715.14]",4074928,0.9049656182238888,4074928,True,MATCHED,MATCHED,False
407,1600938558549628,5,0.83927375,"[388.586,111.674,457.074,189.83]",4074917,0.8991962457122279,4074917,True,MATCHED,MATCHED,True
407,1600938558549628,6,0.74904013,"[34.447,552.996,139.158,673.398]",4074915,0.8333827222369118,4074915,True,MATCHED,MATCHED,True
407,1600938558549628,7,0.74461246,"[4.728,373.293,126.239,510.031]",4074908,0.9285721887379832,4074908,True,MATCHED,MATCHED,True
407,1600938558549628,8,0.70981926,"[587.837,919.266,695.485,1032.332]",4074935,0.9441217761528916,4074935,True,MATCHED,MATCHED,True
407,1600938558549628,9,0.60759586,"[27.503,16.776,63.38,61.797]",4074906,0.7925517909497154,4074906,True,MATCHED,MATCHED,True
407,1600938558549628,10,0.53260434,"[394.754,96.936,424.157,118.384]",4074922,0.7583984382176996,4074922,True,MATCHED,MATCHED,True
407,1600938558549628,11,0.5109027,"[60.101,661.708,139.207,703.044]",4074915,0.06547521376043054,,False,IOU_BELOW_0_5,IOU_BELOW_0_5,False
407,1600938558549628,12,0.46503776,"[416.711,111.61,456.879,178.073]",4074917,0.45272328776773735,,False,IOU_BELOW_0_5,IOU_BELOW_0_5,False
407,1600938558549628,13,0.41770104,"[23.162,521.5,85.668,554.118]",4074914,0.6068015888664574,4074914,True,MATCHED,MATCHED,True
407,1600938558549628,14,0.35897169,"[13.234,522.269,86.37,573.876]",4074914,0.3798908744443146,,False,IOU_BELOW_0_5,IOU_BELOW_0_5,False
407,1600938558549628,15,0.12969072,"[0.0,599.885,40.08,700.238]",4074915,0.0247642778932352,,False,LOW_CONF,LOW_CONF,False
407,1600938558549628,16,0.10178127,"[16.807,510.064,86.248,553.149]",4074914,0.46133909045103433,,False,LOW_CONF,LOW_CONF,False
407,1600938558549628,17,0.09873363,"[143.648,219.887,181.611,253.858]",4074906,0.0,,False,LOW_CONF,LOW_CONF,False
407,1600938558549628,18,0.06939779,"[73.72,450.921,126.59,508.506]",4074908,0.18064012293934084,,False,LOW_CONF,LOW_CONF,False
407,1600938558549628,19,0.06493883,"[17.265,266.248,52.753,303.558]",4074906,0.0,,False,LOW_CONF,LOW_CONF,False
407,1600938558549628,20,0.05466099,"[7.125,506.511,86.09,567.671]",4074914,0.3257474579449703,,False,LOW_CONF,LOW_CONF,False
407,1600938558616289,0,0.92038381,"[470.486,437.211,566.099,553.307]",4074929,0.9437400814886178,4074929,True,MATCHED,MATCHED,True
407,1600938558616289,1,0.90078789,"[397.593,1103.343,504.811,1225.788]",4074925,0.9323364435597221,4074925,True,MATCHED,MATCHED,True
407,1600938558616289,2,0.89850932,"[356.283,212.365,434.729,310.059]",4074919,0.9804580352172094,4074919,True,MATCHED,MATCHED,True
407,1600938558616289,3,0.87918675,"[427.869,251.864,501.032,346.054]",4074923,0.8868394433048586,4074923,True,MATCHED,MATCHED,True
407,1600938558616289,4,0.82712311,"[568.223,922.248,676.036,1036.453]",4074935,0.9400121746464574,4074935,True,MATCHED,MATCHED,True
407,1600938558616289,5,0.82586497,"[443.661,629.558,561.929,714.906]",4074928,0.770927878478806,4074928,True,MATCHED,MATCHED,True
407,1600938558616289,6,0.82495534,"[0.0,372.622,106.947,508.915]",4074908,0.927513561235648,4074908,True,MATCHED,MATCHED,True
407,1600938558616289,7,0.81721544,"[373.574,113.987,440.024,189.433]",4074917,0.9337474706866934,4074917,True,MATCHED,MATCHED,True
407,1600938558616289,8,0.68210304,"[11.15,16.39,47.396,60.732]",4074906,0.7581785785987898,4074906,True,MATCHED,MATCHED,True
407,1600938558616289,9,0.64955521,"[17.69,555.601,125.295,686.798]",4074915,0.8135895796665265,4074915,True,MATCHED,MATCHED,True
407,1600938558616289,10,0.59949106,"[379.789,95.433,410.13,117.589]",4074922,0.739346538928766,4074922,True,MATCHED,MATCHED,True
407,1600938558616289,11,0.49642774,"[413.175,113.172,440.976,167.636]",4074917,0.26499804146357475,,False,IOU_BELOW_0_5,IOU_BELOW_0_5,False
407,1600938558616289,12,0.45986685,"[46.876,662.55,122.864,701.001]",4074915,0.06134031574641788,,False,IOU_BELOW_0_5,IOU_BELOW_0_5,False
407,1600938558616289,13,0.41763309,"[12.103,521.224,61.928,553.987]",4074914,0.5405064464730964,4074914,True,MATCHED,MATCHED,True
407,1600938558616289,14,0.40041563,"[38.732,574.863,126.373,689.457]",4074915,0.5560211896287136,,False,GREEDY_MATCH_CONFLICT,GREEDY_MATCH_CONFLICT,False
407,1600938558616289,15,0.39771485,"[4.642,520.351,61.258,573.286]",4074914,0.36651047888359434,,False,IOU_BELOW_0_5,IOU_BELOW_0_5,False
407,1600938558616289,16,0.26397103,"[2.911,265.396,36.552,301.69]",4074906,0.0,,False,LOW_CONF,LOW_CONF,False
407,1600938558616289,17,0.22495818,"[0.797,454.198,33.787,511.978]",4074908,0.12621706500498697,,False,LOW_CONF,LOW_CONF,False
407,1600938558616289,18,0.20599413,"[399.571,112.928,441.046,179.033]",4074917,0.4812848488444835,,False,LOW_CONF,LOW_CONF,False
407,1600938558616289,19,0.19047567,"[14.054,555.47,108.864,655.184]",4074915,0.6191370686152169,,False,LOW_CONF,LOW_CONF,False
407,1600938558616289,20,0.15873428,"[0.0,433.083,35.298,509.188]",4074908,0.18501062603305776,,False,LOW_CONF,LOW_CONF,False
407,1600938558616289,21,0.10877084,"[11.768,556.014,82.995,646.602]",4074915,0.40071280495155154,,False,LOW_CONF,LOW_CONF,False
407,1600938558616289,22,0.06473133,"[54.723,446.117,108.116,507.569]",4074908,0.22597153140495868,,False,LOW_CONF,LOW_CONF,False
407,1600938558616289,23,0.05153035,"[46.78,647.277,124.514,700.07]",4074915,0.13423591532153997,,False,LOW_CONF,LOW_CONF,False
407,1600938558682949,0,0.91551834,"[454.309,437.24,550.26,552.239]",4074929,0.9425543885316141,4074929,True,MATCHED,MATCHED,True
407,1600938558682949,1,0.90136915,"[340.459,212.257,418.45,310.366]",4074919,0.9810729635758669,4074919,True,MATCHED,MATCHED,True
407,1600938558682949,2,0.88470626,"[381.18,1102.934,486.487,1224.768]",4074925,0.9737721549089994,4074925,True,MATCHED,MATCHED,True
407,1600938558682949,3,0.87479073,"[408.985,251.627,483.581,347.48]",4074923,0.8844445518458115,4074923,True,MATCHED,MATCHED,True
407,1600938558682949,4,0.85129422,"[358.193,113.694,426.178,189.988]",4074917,0.9254772405766499,4074917,True,MATCHED,MATCHED,True
407,1600938558682949,5,0.8508634,"[549.804,919.344,656.231,1035.284]",4074935,0.9560782233985393,4074935,True,MATCHED,MATCHED,True
407,1600938558682949,6,0.83872306,"[428.002,629.896,544.64,716.104]",4074928,0.7553122211264012,4074928,True,MATCHED,MATCHED,False
407,1600938558682949,7,0.82691711,"[0.0,374.668,89.791,506.665]",4074908,0.9440177321385903,4074908,True,MATCHED,MATCHED,True
407,1600938558682949,8,0.72847104,"[9.447,566.026,108.375,692.349]",4074915,0.6893261579214819,4074915,True,MATCHED,MATCHED,True
407,1600938558682949,9,0.57749772,"[364.706,95.995,398.083,117.415]",4074922,0.8678035585924396,4074922,True,MATCHED,MATCHED,True
407,1600938558682949,10,0.5520891,"[0.0,551.72,60.044,640.451]",4074915,0.35760084772763767,,False,IOU_BELOW_0_5,IOU_BELOW_0_5,False
407,1600938558682949,11,0.53547323,"[0.583,15.982,31.067,63.57]",4074906,0.9383498637826756,4074906,True,MATCHED,MATCHED,True
407,1600938558682949,12,0.51194274,"[27.081,661.293,109.479,700.184]",4074915,0.07059767053881175,,False,IOU_BELOW_0_5,IOU_BELOW_0_5,False
407,1600938558682949,13,0.45362982,"[1.238,521.056,39.543,552.889]",4074914,0.4151729877425941,,False,IOU_BELOW_0_5,IOU_BELOW_0_5,False
407,1600938558682949,14,0.34669161,"[0.113,452.742,17.802,508.905]",4074908,0.07912921600955788,,False,IOU_BELOW_0_5,IOU_BELOW_0_5,False
407,1600938558682949,15,0.27854189,"[0.0,551.811,95.687,668.458]",4074915,0.7512492475963753,,False,LOW_CONF,LOW_CONF,False
407,1600938558682949,16,0.17203487,"[108.4,218.915,148.921,255.111]",4074915,0.0,,False,LOW_CONF,LOW_CONF,False
407,1600938558682949,17,0.1186522,"[390.2,113.222,425.297,181.884]",4074917,0.43765444530574277,,False,LOW_CONF,LOW_CONF,False
407,1600938558682949,18,0.09321782,"[24.697,462.239,81.591,509.14]",4074908,0.21176691172165926,,False,LOW_CONF,LOW_CONF,False
407,1600938558682949,19,0.08775497,"[30.311,455.802,89.433,508.355]",4074908,0.2474741908403027,,False,LOW_CONF,LOW_CONF,False
407,1600938558682949,20,0.07516815,"[0.303,263.938,22.178,301.86]",4074915,0.0,,False,LOW_CONF,LOW_CONF,False
407,1600938558682949,21,0.07328743,"[1.616,540.886,41.239,568.821]",4074914,0.13468288224142794,,False,LOW_CONF,LOW_CONF,False
407,1600938558682949,22,0.06555914,"[0.0,550.048,48.262,600.169]",4074915,0.15001027176469697,,False,LOW_CONF,LOW_CONF,False
407,1600938558682949,23,0.05483699,"[4.828,454.793,77.738,508.934]",4074908,0.3144102198327361,,False,LOW_CONF,LOW_CONF,False
407,1600938558682949,24,0.05014291,"[1.331,263.872,30.035,304.942]",4074915,0.0,,False,LOW_CONF,LOW_CONF,False
407,1600938558749610,0,0.9168123,"[437.87,436.984,534.234,552.53]",4074929,0.9053179912840565,4074929,True,MATCHED,MATCHED,True
407,1600938558749610,1,0.91567612,"[325.102,212.425,403.628,310.45]",4074919,0.9819502104600547,4074919,True,MATCHED,MATCHED,True
407,1600938558749610,2,0.89576679,"[394.276,251.821,466.275,346.749]",4074923,0.9116685135150167,4074923,True,MATCHED,MATCHED,True
407,1600938558749610,3,0.88528758,"[363.89,1103.08,473.659,1225.2]",4074925,0.9297283876881698,4074925,True,MATCHED,MATCHED,True
407,1600938558749610,4,0.83423179,"[3.797,374.327,74.787,508.383]",4074908,0.910504128759736,4074908,True,MATCHED,MATCHED,True
407,1600938558749610,5,0.83059824,"[410.129,627.79,528.895,728.535]",4074928,0.7958625048782729,4074928,True,MATCHED,MATCHED,False
407,1600938558749610,6,0.81327593,"[343.273,112.764,411.872,186.937]",4074917,0.9174307068712263,4074917,True,MATCHED,MATCHED,True
407,1600938558749610,7,0.73491156,"[0.883,574.935,90.632,681.125]",4074915,0.7879417546729036,4074915,True,MATCHED,MATCHED,True
407,1600938558749610,8,0.68685764,"[534.1,920.031,633.083,1032.293]",4074935,0.9162218491074675,4074935,True,MATCHED,MATCHED,True
407,1600938558749610,9,0.57517725,"[22.163,663.272,93.731,696.424]",4074915,0.06779185915608427,,False,IOU_BELOW_0_5,IOU_BELOW_0_5,False
407,1600938558749610,10,0.49098447,"[351.484,95.226,382.772,115.68]",4074922,0.7595271074760865,4074922,True,MATCHED,MATCHED,True
407,1600938558749610,11,0.37855399,"[378.866,112.927,411.407,176.462]",4074917,0.3789700937294337,,False,IOU_BELOW_0_5,IOU_BELOW_0_5,False
407,1600938558749610,12,0.16806453,"[0.274,555.155,28.659,636.139]",4074915,0.19057953560031238,,False,LOW_CONF,LOW_CONF,False
407,1600938558749610,13,0.13820317,"[0.36,554.494,27.082,614.935]",4074915,0.1280281871186683,,False,LOW_CONF,LOW_CONF,False
407,1600938558749610,14,0.0763582,"[364.359,112.752,410.435,166.639]",4074917,0.45818329254632745,,False,LOW_CONF,LOW_CONF,False
407,1600938558749610,15,0.06910722,"[0.0,524.466,14.508,549.529]",4074914,0.15233096103896096,,False,LOW_CONF,LOW_CONF,False
407,1600938558749610,16,0.06557965,"[1.172,554.418,40.939,645.667]",4074915,0.2984153183573458,,False,LOW_CONF,LOW_CONF,False
407,1600938558749610,17,0.06156621,"[30.432,353.843,49.618,378.68]",4074908,0.010125529587018086,,False,LOW_CONF,LOW_CONF,False
407,1600938558816270,0,0.92207551,"[422.481,437.604,517.579,552.633]",4074929,0.9003464987440186,4074929,True,MATCHED,MATCHED,True
407,1600938558816270,1,0.91861111,"[309.09,212.051,388.782,309.893]",4074919,0.9597445734643693,4074919,True,MATCHED,MATCHED,True
407,1600938558816270,2,0.87668753,"[378.012,251.693,450.148,347.09]",4074923,0.9189779418195448,4074923,True,MATCHED,MATCHED,True
407,1600938558816270,3,0.86754179,"[348.286,1103.646,454.182,1224.311]",4074925,0.968482571434324,4074925,True,MATCHED,MATCHED,True
407,1600938558816270,4,0.86010903,"[393.167,628.411,511.665,741.414]",4074928,0.888495915287784,4074928,True,MATCHED,MATCHED,True
407,1600938558816270,5,0.82956821,"[327.495,112.695,395.758,188.244]",4074917,0.9312026444053363,4074917,True,MATCHED,MATCHED,True
407,1600938558816270,6,0.76975131,"[0.634,377.686,56.37,507.051]",4074908,0.9173393944020357,4074908,True,MATCHED,MATCHED,True
407,1600938558816270,7,0.76655436,"[0.223,592.634,69.537,677.215]",4074915,0.8534405987782837,4074915,True,MATCHED,MATCHED,True
407,1600938558816270,8,0.69983107,"[515.834,920.69,618.417,1033.08]",4074935,0.9298784893844618,4074935,True,MATCHED,MATCHED,True
407,1600938558816270,9,0.51675409,"[336.755,95.819,368.117,115.76]",4074922,0.8059179101784448,4074922,True,MATCHED,MATCHED,True
407,1600938558816270,10,0.46679455,"[9.368,660.993,80.538,694.848]",4074902,0.22079632893730808,,False,IOU_BELOW_0_5,IOU_BELOW_0_5,False
407,1600938558816270,11,0.36486837,"[363.993,112.4,394.735,179.618]",4074917,0.3873187499865599,,False,IOU_BELOW_0_5,IOU_BELOW_0_5,False
407,1600938558816270,12,0.36250207,"[696.91,145.996,720.0,214.571]",4074902,0.0,,False,NO_GT_OVERLAP,NO_GT_OVERLAP,False
407,1600938558882931,0,0.9186601,"[407.144,437.3,503.031,552.789]",4074929,0.9219923322480206,4074929,True,MATCHED,MATCHED,True
407,1600938558882931,1,0.90111989,"[294.205,212.772,373.379,309.982]",4074919,0.9773470328951436,4074919,True,MATCHED,MATCHED,True
407,1600938558882931,2,0.87843686,"[331.242,1102.719,442.816,1224.841]",4074925,0.9123740994057933,4074925,True,MATCHED,MATCHED,True
407,1600938558882931,3,0.87315077,"[376.891,627.672,495.606,744.999]",4074928,0.8872242969956821,4074928,True,MATCHED,MATCHED,True
407,1600938558882931,4,0.85641235,"[361.188,253.969,433.797,347.786]",4074923,0.9366524895896615,4074923,True,MATCHED,MATCHED,True
407,1600938558882931,5,0.786439,"[312.788,112.782,378.867,188.737]",4074917,0.8865908904595362,4074917,True,MATCHED,MATCHED,True
407,1600938558882931,6,0.70358127,"[0.122,392.121,43.321,502.12]",4074908,0.8447727646222225,4074908,True,MATCHED,MATCHED,True
407,1600938558882931,7,0.68317866,"[0.194,609.201,51.477,673.718]",4074915,0.8514218504889338,4074915,True,MATCHED,MATCHED,True
407,1600938558882931,8,0.54478556,"[322.876,95.685,353.593,116.533]",4074922,0.795335158628989,4074922,True,MATCHED,MATCHED,True
407,1600938558882931,9,0.41422161,"[2.099,661.03,70.277,693.925]",4074902,0.29428612586588193,,False,IOU_BELOW_0_5,IOU_BELOW_0_5,False
407,1600938558882931,10,0.32163143,"[498.392,919.61,599.789,1033.409]",4074935,0.9260654350247282,4074935,True,MATCHED,MATCHED,True
407,1600938558882931,11,0.28233626,"[0.886,611.114,66.472,689.876]",4074915,0.693237501689761,,False,LOW_CONF,LOW_CONF,False
407,1600938558882931,12,0.23050186,"[344.316,111.018,380.085,177.001]",4074917,0.41832352143814805,,False,LOW_CONF,LOW_CONF,False
407,1600938558882931,13,0.12718861,"[0.754,432.819,36.922,506.24]",4074908,0.4698190627898458,,False,LOW_CONF,LOW_CONF,False
407,1600938558882931,14,0.11894523,"[328.618,112.154,380.457,183.434]",4074917,0.6685249286476134,,False,LOW_CONF,LOW_CONF,False
407,1600938558882931,15,0.10788219,"[1.37,380.378,29.125,407.771]",4074908,0.13168989546732654,,False,LOW_CONF,LOW_CONF,False
407,1600938558882931,16,0.10602293,"[316.246,0.0,349.257,42.483]",4074902,0.0,,False,LOW_CONF,LOW_CONF,False
407,1600938558882931,17,0.08061908,"[1.612,381.877,33.167,412.961]",4074908,0.17437433244444445,,False,LOW_CONF,LOW_CONF,False
407,1600938558882931,18,0.07119107,"[688.053,141.259,719.791,218.077]",4074902,0.0,,False,LOW_CONF,LOW_CONF,False
407,1600938558882931,19,0.05612328,"[0.401,382.176,37.651,452.217]",4074908,0.46382706666666673,,False,LOW_CONF,LOW_CONF,False
407,1600938558949592,0,0.91704202,"[390.033,437.156,486.707,552.858]",4074929,0.8954332095311799,4074929,True,MATCHED,MATCHED,True
407,1600938558949592,1,0.90815377,"[278.316,212.394,357.09,311.023]",4074919,0.9708812826654891,4074919,True,MATCHED,MATCHED,True
407,1600938558949592,2,0.88678175,"[315.301,1101.658,422.631,1225.168]",4074925,0.9401547485814757,4074925,True,MATCHED,MATCHED,True
407,1600938558949592,3,0.87003207,"[345.318,257.544,417.863,347.161]",4074923,0.9139739216795566,4074923,True,MATCHED,MATCHED,False
407,1600938558949592,4,0.86551797,"[360.378,627.673,477.79,747.004]",4074928,0.9241761143559527,4074928,True,MATCHED,MATCHED,False
407,1600938558949592,5,0.80936337,"[297.4,113.129,363.938,190.353]",4074917,0.9566383406098503,4074917,True,MATCHED,MATCHED,True
407,1600938558949592,6,0.6176554,"[0.494,403.491,27.015,489.493]",4074908,0.8312168520408166,4074908,True,MATCHED,MATCHED,False
407,1600938558949592,7,0.5538488,"[307.514,95.206,338.569,116.426]",4074922,0.8290008610129054,4074922,True,MATCHED,MATCHED,True
407,1600938558949592,8,0.51598597,"[0.641,624.929,33.887,669.569]",4074915,0.785238857142857,4074915,True,MATCHED,MATCHED,True
407,1600938558949592,9,0.35702658,"[2.367,656.41,54.522,696.183]",4074902,0.27767589699673323,,False,IOU_BELOW_0_5,IOU_BELOW_0_5,False
407,1600938558949592,10,0.28427574,"[0.0,621.025,37.885,679.143]",4074915,0.8576501895242914,,False,LOW_CONF,LOW_CONF,False
407,1600938558949592,11,0.24629885,"[1.279,396.032,23.342,473.588]",4074908,0.6235852871720119,,False,LOW_CONF,LOW_CONF,False
407,1600938558949592,12,0.19815977,"[1.118,632.463,49.934,689.295]",4074915,0.4471629891261167,,False,LOW_CONF,LOW_CONF,False
407,1600938558949592,13,0.14039955,"[0.459,438.894,26.146,494.362]",4074908,0.47288930266966966,,False,LOW_CONF,LOW_CONF,False
407,1600938558949592,14,0.13358864,"[330.55,112.485,365.282,178.056]",4074917,0.42196234383755477,,False,LOW_CONF,LOW_CONF,False
407,1600938559016252,0,0.91562295,"[374.33,437.437,470.674,552.39]",4074929,0.8993132263107448,4074929,True,MATCHED,MATCHED,True
407,1600938559016252,1,0.90642482,"[262.76,213.255,341.761,310.541]",4074919,0.9499501090574869,4074919,True,MATCHED,MATCHED,True
407,1600938559016252,2,0.89848399,"[344.366,627.595,461.624,750.999]",4074928,0.8978510448851275,4074928,True,MATCHED,MATCHED,False
407,1600938559016252,3,0.89306462,"[299.856,1100.761,407.731,1224.62]",4074925,0.9123889906474226,4074925,True,MATCHED,MATCHED,True
407,1600938559016252,4,0.86546493,"[330.509,252.532,402.106,346.886]",4074923,0.9567166083254743,4074923,True,MATCHED,MATCHED,False
407,1600938559016252,5,0.79988801,"[282.738,112.81,350.683,189.302]",4074917,0.9360774759097357,4074917,True,MATCHED,MATCHED,True
407,1600938559016252,6,0.58612084,"[293.736,94.589,324.639,116.554]",4074922,0.8176877483987958,4074922,True,MATCHED,MATCHED,True
407,1600938559016252,7,0.4023928,"[0.937,655.199,40.6,696.668]",4074902,0.38789265500251396,,False,IOU_BELOW_0_5,IOU_BELOW_0_5,False
407,1600938559016252,8,0.10825937,"[309.019,111.271,352.561,182.828]",4074917,0.5052977166554405,,False,LOW_CONF,LOW_CONF,False
407,1600938559016252,9,0.105174,"[92.789,441.304,117.526,468.411]",4074902,0.0,,False,LOW_CONF,LOW_CONF,False
407,1600938559082912,0,0.92514735,"[358.972,437.799,454.91,553.134]",4074929,0.9255452137539366,4074929,True,MATCHED,MATCHED,True
407,1600938559082912,1,0.90941042,"[247.084,213.284,326.05,310.76]",4074919,0.9776593498154023,4074919,True,MATCHED,MATCHED,True
407,1600938559082912,2,0.88561547,"[329.086,629.232,444.524,750.112]",4074928,0.9474603842168353,4074928,True,MATCHED,MATCHED,False
407,1600938559082912,3,0.87594426,"[283.851,1101.421,388.113,1224.93]",4074925,0.9511420763375912,4074925,True,MATCHED,MATCHED,True
407,1600938559082912,4,0.86914086,"[315.45,251.763,388.812,346.925]",4074923,0.9489255513975735,4074923,True,MATCHED,MATCHED,False
407,1600938559082912,5,0.82871532,"[267.68,112.433,335.455,191.765]",4074917,0.9329096777717704,4074917,True,MATCHED,MATCHED,True
407,1600938559082912,6,0.57297528,"[279.17,95.212,307.477,116.513]",4074922,0.7872638578962528,4074922,True,MATCHED,MATCHED,True
407,1600938559082912,7,0.41174781,"[701.1,382.681,719.866,424.071]",4074917,0.0,,False,NO_GT_OVERLAP,NO_GT_OVERLAP,False
407,1600938559082912,8,0.17178018,"[0.638,671.549,25.806,696.997]",4074917,0.0,,False,LOW_CONF,LOW_CONF,False
407,1600938559082912,9,0.11126831,"[706.425,449.927,720.0,492.889]",4074917,0.0,,False,LOW_CONF,LOW_CONF,False
407,1600938559082912,10,0.07981496,"[702.227,394.566,719.771,491.054]",4074917,0.0,,False,LOW_CONF,LOW_CONF,False
407,1600938559082912,11,0.06010168,"[703.282,439.365,719.582,494.254]",4074917,0.0,,False,LOW_CONF,LOW_CONF,False
408,1600938560549420,0,0.91787755,"[394.019,654.311,496.058,767.891]",4083005,0.9681552430573338,4083005,True,MATCHED,MATCHED,True
408,1600938560549420,1,0.89891374,"[8.417,438.681,120.54,551.886]",4083008,0.9425886365693007,4083008,True,MATCHED,MATCHED,True
408,1600938560549420,2,0.89062566,"[644.321,165.027,712.115,231.666]",4083019,0.9038090084917104,4083019,True,MATCHED,MATCHED,True
408,1600938560549420,3,0.84015733,"[0.0,635.851,81.293,746.711]",4083012,0.964963826341405,4083012,True,MATCHED,MATCHED,True
408,1600938560549420,4,0.82266265,"[0.12,275.376,40.545,348.223]",4083011,0.8506897964279715,4083011,True,MATCHED,MATCHED,True
408,1600938560549420,5,0.77507812,"[516.247,179.985,593.811,270.216]",4083016,0.839264119686099,4083016,True,MATCHED,MATCHED,True
408,1600938560549420,6,0.6746698,"[633.437,90.145,667.542,126.712]",4083024,0.5954465080879104,4083024,True,MATCHED,MATCHED,True
408,1600938560549420,7,0.6382066,"[615.26,37.971,650.23,80.403]",4083027,0.4693053969916566,,False,IOU_BELOW_0_5,IOU_BELOW_0_5,False
408,1600938560549420,8,0.62591881,"[636.299,227.218,705.498,273.999]",4083017,0.816528098260168,4083017,True,MATCHED,MATCHED,False
408,1600938560549420,9,0.43074423,"[66.428,932.317,164.67,1031.878]",4083022,0.793471310400984,4083022,True,MATCHED,MATCHED,True
408,1600938560549420,10,0.28178006,"[517.582,211.193,592.79,269.983]",4083016,0.5468178604387696,,False,LOW_CONF,LOW_CONF,False
408,1600938560549420,11,0.20324825,"[499.034,815.24,531.196,853.16]",4083005,0.0,,False,LOW_CONF,LOW_CONF,False
408,1600938560549420,12,0.18601406,"[498.865,370.597,529.806,415.404]",4083005,0.0,,False,LOW_CONF,LOW_CONF,False
408,1600938560549420,13,0.10111068,"[0.0,748.306,24.456,815.067]",4083005,0.0,,False,LOW_CONF,LOW_CONF,False
408,1600938560549420,14,0.09527587,"[652.491,236.622,709.262,282.299]",4083017,0.5582001513345745,,False,LOW_CONF,LOW_CONF,False
408,1600938560549420,15,0.07891729,"[1.048,747.023,31.159,819.393]",4083005,0.0,,False,LOW_CONF,LOW_CONF,False
408,1600938560549420,16,0.07098932,"[539.729,378.162,566.145,420.346]",4083005,0.0,,False,LOW_CONF,LOW_CONF,False
408,1600938560549420,17,0.06426363,"[528.769,298.486,545.827,320.017]",4083005,0.0,,False,LOW_CONF,LOW_CONF,False
408,1600938560549420,18,0.05409278,"[1.185,744.878,40.722,811.532]",4083012,0.00041505176546891866,,False,LOW_CONF,LOW_CONF,False
408,1600938560616079,0,0.9211328,"[380.824,655.514,480.601,767.54]",4083005,0.968864842651701,4083005,True,MATCHED,MATCHED,True
408,1600938560616079,1,0.90218139,"[0.0,438.829,107.257,552.981]",4083008,0.9636843464387018,4083008,True,MATCHED,MATCHED,True
408,1600938560616079,2,0.87603694,"[628.157,165.97,696.245,232.459]",4083019,0.9281715978241332,4083019,True,MATCHED,MATCHED,True
408,1600938560616079,3,0.8120262,"[610.064,89.674,652.908,129.885]",4083024,0.4876120657676254,,False,IOU_BELOW_0_5,IOU_BELOW_0_5,False
408,1600938560616079,4,0.80263698,"[499.188,196.014,575.298,270.885]",4083016,0.699352243274221,,False,GREEDY_MATCH_CONFLICT,GREEDY_MATCH_CONFLICT,False
408,1600938560616079,5,0.79948986,"[0.0,636.715,66.588,744.908]",4083012,0.9676482388093616,4083012,True,MATCHED,MATCHED,True
408,1600938560616079,6,0.70032805,"[496.892,175.718,567.759,269.747]",4083016,0.8879342992063788,4083016,True,MATCHED,MATCHED,True
408,1600938560616079,7,0.69601643,"[0.034,279.731,24.401,344.134]",4083011,0.8678835441987977,4083011,True,MATCHED,MATCHED,True
408,1600938560616079,8,0.62191546,"[591.659,36.312,628.966,83.211]",4083027,0.3720720771649504,,False,IOU_BELOW_0_5,IOU_BELOW_0_5,False
408,1600938560616079,9,0.57960039,"[625.666,230.542,696.849,282.145]",4083017,0.8158433640242118,4083017,True,MATCHED,MATCHED,True
408,1600938560616079,10,0.55889559,"[627.327,222.458,693.113,274.658]",4083017,0.7831994530849423,,False,GREEDY_MATCH_CONFLICT,GREEDY_MATCH_CONFLICT,False
408,1600938560616079,11,0.36564612,"[526.601,378.776,556.999,425.055]",4083005,0.0,,False,NO_GT_OVERLAP,NO_GT_OVERLAP,False
408,1600938560616079,12,0.3222487,"[501.244,218.116,575.474,270.816]",4083016,0.4771175790684478,,False,IOU_BELOW_0_5,IOU_BELOW_0_5,False
408,1600938560616079,13,0.24514131,"[640.257,240.049,697.986,283.358]",4083017,0.5771516833371396,,False,LOW_CONF,LOW_CONF,False
408,1600938560616079,14,0.20591645,"[616.007,230.396,679.244,274.829]",4083017,0.5437858030622076,,False,LOW_CONF,LOW_CONF,False
408,1600938560616079,15,0.1273829,"[483.329,815.614,518.29,854.004]",4083005,0.0,,False,LOW_CONF,LOW_CONF,False
408,1600938560616079,16,0.1261943,"[79.734,449.987,108.648,532.12]",4083008,0.16628488536659736,,False,LOW_CONF,LOW_CONF,False
408,1600938560616079,17,0.12061077,"[64.327,922.877,148.899,1032.15]",4083022,0.8614154607486584,,False,LOW_CONF,LOW_CONF,False
408,1600938560616079,18,0.0869306,"[517.737,299.052,533.932,321.562]",4083005,0.0,,False,LOW_CONF,LOW_CONF,False
408,1600938560682739,0,0.9229359,"[364.064,654.998,463.863,768.237]",4083005,0.9826733237712975,4083005,True,MATCHED,MATCHED,True
408,1600938560682739,1,0.90303403,"[0.0,439.398,89.891,552.271]",4083008,0.9803156370048304,4083008,True,MATCHED,MATCHED,True
408,1600938560682739,2,0.88070244,"[613.4,166.665,679.593,231.994]",4083019,0.9062516844616516,4083019,True,MATCHED,MATCHED,True
408,1600938560682739,3,0.79923564,"[594.751,91.163,637.302,133.662]",4083024,0.8974905262261331,4083024,True,MATCHED,MATCHED,True
408,1600938560682739,4,0.77722931,"[481.721,180.052,557.338,271.636]",4083016,0.8729024380728662,4083016,True,MATCHED,MATCHED,True
408,1600938560682739,5,0.60742348,"[0.076,638.498,48.257,743.884]",4083012,0.907804957248849,4083012,True,MATCHED,MATCHED,True
408,1600938560682739,6,0.50829029,"[645.943,242.36,682.846,284.319]",4083017,0.36065636416282604,,False,IOU_BELOW_0_5,IOU_BELOW_0_5,False
408,1600938560682739,7,0.46155003,"[621.482,223.635,675.632,271.772]",4083017,0.6309967103168025,,False,GREEDY_MATCH_CONFLICT,GREEDY_MATCH_CONFLICT,False
408,1600938560682739,8,0.44236732,"[503.696,376.076,546.688,426.386]",4083005,0.0,,False,NO_GT_OVERLAP,NO_GT_OVERLAP,False
408,1600938560682739,9,0.41322553,"[632.241,230.653,682.277,285.409]",4083017,0.6420890322307093,,False,GREEDY_MATCH_CONFLICT,GREEDY_MATCH_CONFLICT,False
408,1600938560682739,10,0.38530415,"[603.794,225.452,673.966,274.692]",4083017,0.6521131420948846,4083017,True,MATCHED,MATCHED,False
408,1600938560682739,11,0.32795221,"[571.068,44.752,615.833,84.27]",4083027,0.48840510729969105,,False,IOU_BELOW_0_5,IOU_BELOW_0_5,False
408,1600938560682739,12,0.31312516,"[482.426,210.19,556.828,272.007]",4083016,0.5783347535181919,,False,GREEDY_MATCH_CONFLICT,GREEDY_MATCH_CONFLICT,False
408,1600938560682739,13,0.28586817,"[597.633,231.794,650.663,272.925]",4083017,0.3464202359493782,,False,LOW_CONF,LOW_CONF,False
408,1600938560682739,14,0.23999314,"[615.232,226.11,680.745,284.888]",4083017,0.9077922425209812,,False,LOW_CONF,LOW_CONF,False
408,1600938560682739,15,0.12103675,"[489.173,370.801,546.717,426.35]",4083005,0.0,,False,LOW_CONF,LOW_CONF,False
408,1600938560682739,16,0.07462345,"[604.071,236.564,678.795,298.385]",4083017,0.5722062007345655,,False,LOW_CONF,LOW_CONF,False
408,1600938560749397,0,0.92889887,"[348.762,656.12,448.825,767.837]",4083005,0.9551754482210906,4083005,True,MATCHED,MATCHED,True
408,1600938560749397,1,0.8642602,"[599.178,165.91,664.786,231.605]",4083019,0.9051627681548515,4083019,True,MATCHED,MATCHED,True
408,1600938560749397,2,0.8606748,"[0.124,438.849,75.489,551.42]",4083008,0.9710622515451087,4083008,True,MATCHED,MATCHED,True
408,1600938560749397,3,0.82100195,"[464.961,217.052,540.08,272.187]",4083016,0.5053844520570087,,False,GREEDY_MATCH_CONFLICT,GREEDY_MATCH_CONFLICT,False
408,1600938560749397,4,0.78165746,"[579.959,90.103,622.756,131.665]",4083024,0.4839391441417746,,False,IOU_BELOW_0_5,IOU_BELOW_0_5,False
408,1600938560749397,5,0.7366088,"[465.295,188.77,540.531,272.281]",4083016,0.7585655218953155,4083016,True,MATCHED,MATCHED,True
408,1600938560749397,6,0.55059767,"[624.6,232.064,668.642,284.044]",4083017,0.5420443439342162,,False,GREEDY_MATCH_CONFLICT,GREEDY_MATCH_CONFLICT,False
408,1600938560749397,7,0.49242872,"[612.282,226.556,667.581,285.181]",4083017,0.7799569799030729,4083017,True,MATCHED,MATCHED,False
408,1600938560749397,8,0.49047801,"[611.737,224.442,664.021,264.697]",4083017,0.5774599532865583,,False,GREEDY_MATCH_CONFLICT,GREEDY_MATCH_CONFLICT,False
408,1600938560749397,9,0.46418211,"[30.602,923.331,115.327,1031.099]",4083022,0.8863862043627969,4083022,True,MATCHED,MATCHED,True
408,1600938560749397,10,0.41738862,"[494.742,378.755,536.925,428.213]",4083005,0.0,,False,NO_GT_OVERLAP,NO_GT_OVERLAP,False
408,1600938560749397,11,0.38354805,"[0.0,638.905,33.095,709.941]",4083012,0.713595256910951,4083012,True,MATCHED,MATCHED,True
408,1600938560749397,12,0.31572258,"[584.021,237.649,620.059,273.563]",4083017,0.13939319125542113,,False,IOU_BELOW_0_5,IOU_BELOW_0_5,False
408,1600938560749397,13,0.31005964,"[594.411,230.822,667.038,282.489]",4083017,0.7612269428667391,,False,GREEDY_MATCH_CONFLICT,GREEDY_MATCH_CONFLICT,False
408,1600938560749397,14,0.27802348,"[585.362,232.641,654.147,274.087]",4083017,0.495744105582683,,False,LOW_CONF,LOW_CONF,False
408,1600938560749397,15,0.22989532,"[463.548,177.397,527.91,268.714]",4083016,0.8140366695290854,,False,LOW_CONF,LOW_CONF,False
408,1600938560749397,16,0.16041201,"[477.626,820.189,498.931,853.479]",4083005,0.0,,False,LOW_CONF,LOW_CONF,False
408,1600938560749397,17,0.14456433,"[584.261,233.901,627.63,276.543]",4083017,0.23643803929411858,,False,LOW_CONF,LOW_CONF,False
408,1600938560749397,18,0.10734317,"[463.887,176.687,518.321,225.926]",4083016,0.3712293249307479,,False,LOW_CONF,LOW_CONF,False
408,1600938560749397,19,0.07494295,"[6.331,336.749,43.998,399.442]",4083005,0.0,,False,LOW_CONF,LOW_CONF,False
408,1600938560749397,20,0.06564126,"[545.854,167.433,568.643,218.159]",4083013,0.7598391751560151,,False,LOW_CONF,LOW_CONF,False
408,1600938560749397,21,0.05758487,"[5.151,343.986,41.979,412.755]",4083005,0.0,,False,LOW_CONF,LOW_CONF,False
408,1600938560749397,22,0.05534193,"[589.255,235.138,662.594,295.736]",4083017,0.5542595104804965,,False,LOW_CONF,LOW_CONF,False
408,1600938560816057,0,0.92126185,"[332.451,654.967,432.577,767.708]",4083005,0.9695457783719841,4083005,True,MATCHED,MATCHED,True
408,1600938560816057,1,0.89070547,"[584.176,164.6,650.61,230.959]",4083019,0.8681247367973769,4083019,True,MATCHED,MATCHED,True
408,1600938560816057,2,0.86758262,"[0.054,441.503,60.821,551.871]",4083008,0.9323207841358044,4083008,True,MATCHED,MATCHED,True
408,1600938560816057,3,0.81022215,"[447.114,178.394,524.121,270.476]",4083016,0.894513467539514,4083016,True,MATCHED,MATCHED,True
408,1600938560816057,4,0.74191022,"[566.658,90.404,608.171,131.728]",4083024,0.816967270063311,4083024,True,MATCHED,MATCHED,False
408,1600938560816057,5,0.72891963,"[583.161,223.384,654.121,283.594]",4083017,0.7871266800695869,4083017,True,MATCHED,MATCHED,False
408,1600938560816057,6,0.70017856,"[11.281,920.258,98.898,1032.077]",4083022,0.9160804597736261,4083022,True,MATCHED,MATCHED,False
408,1600938560816057,7,0.67072058,"[520.12,161.943,554.047,217.56]",4083013,0.6751750885211641,4083013,True,MATCHED,MATCHED,True
408,1600938560816057,8,0.58254254,"[477.867,369.372,528.949,428.497]",4083005,0.0,,False,NO_GT_OVERLAP,NO_GT_OVERLAP,False
408,1600938560816057,9,0.29260674,"[0.0,641.147,17.841,699.366]",4083012,0.8855978354033511,,False,LOW_CONF,LOW_CONF,False
408,1600938560816057,10,0.23177616,"[645.085,1254.149,718.067,1280.0]",4083005,0.0,,False,LOW_CONF,LOW_CONF,False
408,1600938560816057,11,0.17335011,"[557.587,46.669,597.723,79.196]",4083027,0.2573719302414955,,False,LOW_CONF,LOW_CONF,False
408,1600938560816057,12,0.17153177,"[479.411,59.585,530.031,129.489]",4083005,0.0,,False,LOW_CONF,LOW_CONF,False
408,1600938560816057,13,0.12229639,"[642.854,1262.88,720.0,1279.903]",4083005,0.0,,False,LOW_CONF,LOW_CONF,False
408,1600938560816057,14,0.11951137,"[691.112,1212.403,720.0,1268.666]",4083005,0.0,,False,LOW_CONF,LOW_CONF,False
408,1600938560816057,15,0.07021731,"[505.12,162.094,554.284,217.715]",4083013,0.46458107248082203,,False,LOW_CONF,LOW_CONF,False
408,1600938560816057,16,0.06571764,"[477.327,62.691,510.625,132.174]",4083005,0.0,,False,LOW_CONF,LOW_CONF,False
408,1600938560882717,0,0.92984605,"[317.06,657.022,416.744,768.337]",4083005,0.9591820502799373,4083005,True,MATCHED,MATCHED,False
408,1600938560882717,1,0.86202949,"[567.038,167.017,635.001,232.238]",4083019,0.8753778810532512,4083019,True,MATCHED,MATCHED,False
408,1600938560882717,2,0.80761123,"[0.071,919.41,82.697,1031.49]",4083022,0.9036918675342297,4083022,True,MATCHED,MATCHED,True
408,1600938560882717,3,0.78368109,"[551.276,90.434,594.758,133.916]",4083024,0.8220654109887237,4083024,True,MATCHED,MATCHED,False
408,1600938560882717,4,0.78051859,"[429.522,183.137,505.315,272.242]",4083016,0.8877227915540592,4083016,True,MATCHED,MATCHED,True
408,1600938560882717,5,0.77343684,"[0.862,446.014,45.888,544.753]",4083008,0.8866817339449544,4083008,True,MATCHED,MATCHED,True
408,1600938560882717,6,0.772587,"[459.42,367.515,519.186,430.57]",4083005,0.0,,False,NO_GT_OVERLAP,NO_GT_OVERLAP,False
408,1600938560882717,7,0.74694955,"[573.713,224.123,640.114,284.585]",4083017,0.8518614735690759,4083017,True,MATCHED,MATCHED,False
408,1600938560882717,8,0.70754761,"[502.368,163.068,534.706,217.388]",4083013,0.7666835058714891,4083013,True,MATCHED,MATCHED,True
408,1600938560882717,9,0.37847379,"[429.986,213.093,505.063,272.784]",4083016,0.5849180987763252,,False,GREEDY_MATCH_CONFLICT,GREEDY_MATCH_CONFLICT,False
408,1600938560882717,10,0.16033792,"[0.0,442.561,40.435,524.748]",4083008,0.6627904557239733,,False,LOW_CONF,LOW_CONF,False
408,1600938560882717,11,0.11660292,"[0.0,779.485,21.054,860.814]",4083005,0.0,,False,LOW_CONF,LOW_CONF,False
408,1600938560882717,12,0.08202653,"[641.684,1255.342,711.945,1280.0]",4083005,0.0,,False,LOW_CONF,LOW_CONF,False
408,1600938560882717,13,0.07754555,"[0.0,384.371,15.801,427.404]",4083005,0.0,,False,LOW_CONF,LOW_CONF,False
408,1600938560882717,14,0.06465913,"[488.675,162.927,534.495,217.512]",4083013,0.5397658064119141,,False,LOW_CONF,LOW_CONF,False
408,1600938560949375,0,0.92402697,"[301.706,657.637,400.776,769.225]",4083005,0.9510958372204688,4083005,True,MATCHED,MATCHED,True
408,1600938560949375,1,0.87188023,"[553.887,168.593,619.337,232.084]",4083019,0.8988346778458243,4083019,True,MATCHED,MATCHED,True
408,1600938560949375,2,0.8296802,"[1.21,449.061,29.764,542.159]",4083008,0.8548179028338633,4083008,True,MATCHED,MATCHED,True
408,1600938560949375,3,0.82781512,"[445.197,367.23,510.895,434.307]",4083005,0.0,,False,NO_GT_OVERLAP,NO_GT_OVERLAP,False
408,1600938560949375,4,0.82379186,"[560.792,225.828,625.575,288.563]",4083017,0.9300811484360536,4083017,True,MATCHED,MATCHED,False
408,1600938560949375,5,0.78975195,"[412.328,181.596,488.275,273.292]",4083016,0.8915272346789272,4083016,True,MATCHED,MATCHED,True
408,1600938560949375,6,0.76875424,"[483.657,162.946,519.388,217.846]",4083013,0.7646694570984484,4083013,True,MATCHED,MATCHED,True
408,1600938560949375,7,0.73606455,"[536.762,91.205,578.362,132.594]",4083024,0.8991723427003865,4083024,True,MATCHED,MATCHED,True
408,1600938560949375,8,0.38561186,"[0.0,918.824,66.402,1029.043]",4083022,0.90242358722004,4083022,True,MATCHED,MATCHED,False
408,1600938560949375,9,0.05566088,"[470.346,301.835,491.878,325.079]",4083005,0.0,,False,LOW_CONF,LOW_CONF,False
408,1600938561016034,0,0.93103248,"[286.001,657.529,385.895,768.953]",4083005,0.9592636514568248,4083005,True,MATCHED,MATCHED,True
408,1600938561016034,1,0.89440364,"[0.172,914.706,49.186,1026.568]",4083022,0.9005724547799845,4083022,True,MATCHED,MATCHED,True
408,1600938561016034,2,0.8689059,"[539.806,168.583,603.323,231.995]",4083019,0.8796770916112012,4083019,True,MATCHED,MATCHED,True
408,1600938561016034,3,0.82268393,"[541.865,226.356,612.107,288.544]",4083017,0.8839038371465637,4083017,True,MATCHED,MATCHED,False
408,1600938561016034,4,0.80067861,"[396.601,207.478,470.936,273.92]",4083016,0.6651542067236749,4083016,True,MATCHED,MATCHED,True
408,1600938561016034,5,0.79748654,"[465.099,163.042,505.121,218.145]",4083013,0.7389647612224783,4083013,True,MATCHED,MATCHED,True
408,1600938561016034,6,0.72981232,"[522.872,90.286,566.157,131.321]",4083024,0.26898234306253194,,False,IOU_BELOW_0_5,IOU_BELOW_0_5,False
408,1600938561016034,7,0.68678868,"[434.035,369.059,501.863,438.32]",4083005,0.0,,False,NO_GT_OVERLAP,NO_GT_OVERLAP,False
408,1600938561016034,8,0.27352625,"[0.0,474.341,16.018,534.015]",4083008,0.5856524180810814,,False,LOW_CONF,LOW_CONF,False
408,1600938561016034,9,0.11733353,"[395.153,178.539,445.385,236.695]",4083016,0.4086970940873905,,False,LOW_CONF,LOW_CONF,False
408,1600938561016034,10,0.10880177,"[395.572,178.101,474.276,273.853]",4083016,0.9243065461687149,,False,LOW_CONF,LOW_CONF,False
408,1600938561016034,11,0.05276424,"[463.732,303.388,483.48,324.522]",4083005,0.0,,False,LOW_CONF,LOW_CONF,False
408,1600938561082694,0,0.92135102,"[270.711,657.295,369.497,768.393]",4083005,0.9615935644421065,4083005,True,MATCHED,MATCHED,True
408,1600938561082694,1,0.86269927,"[526.987,167.695,589.441,232.553]",4083019,0.8666119417773767,4083019,True,MATCHED,MATCHED,True
408,1600938561082694,2,0.86101848,"[527.875,226.087,597.836,290.932]",4083017,0.9055783425991625,4083017,True,MATCHED,MATCHED,False
408,1600938561082694,3,0.83787507,"[0.0,913.869,33.965,1021.638]",4083022,0.9208308922198991,4083022,True,MATCHED,MATCHED,True
408,1600938561082694,4,0.79003781,"[378.984,180.102,456.62,273.312]",4083016,0.905444198312362,4083016,True,MATCHED,MATCHED,True
408,1600938561082694,5,0.78427452,"[444.542,162.333,487.033,218.556]",4083013,0.8053675004651878,4083013,True,MATCHED,MATCHED,True
408,1600938561082694,6,0.70344144,"[508.292,90.295,551.491,129.017]",4083024,0.7481458055851156,4083024,True,MATCHED,MATCHED,True
408,1600938561149352,0,0.92881215,"[254.658,657.678,353.287,768.214]",4083005,0.9540782840079054,4083005,True,MATCHED,MATCHED,True
408,1600938561149352,1,0.88312608,"[511.392,169.397,573.156,233.884]",4083019,0.8981222801930315,4083019,True,MATCHED,MATCHED,True
408,1600938561149352,2,0.87559563,"[512.342,226.03,585.504,296.007]",4083017,0.8647520562942113,4083017,True,MATCHED,MATCHED,False
408,1600938561149352,3,0.78184426,"[424.227,165.017,471.653,219.76]",4083013,0.7802728528314805,4083013,True,MATCHED,MATCHED,True
408,1600938561149352,4,0.77301145,"[361.856,219.169,438.226,275.163]",4083016,0.5496229330754466,,False,GREEDY_MATCH_CONFLICT,GREEDY_MATCH_CONFLICT,False
408,1600938561149352,5,0.7189641,"[360.435,183.147,437.595,275.864]",4083016,0.9204212785817567,4083016,True,MATCHED,MATCHED,True
408,1600938561149352,6,0.66353267,"[494.824,91.341,536.468,126.296]",4083024,0.9149377875549961,4083024,True,MATCHED,MATCHED,True
408,1600938561149352,7,0.43708214,"[415.957,369.449,480.346,440.328]",4083005,0.0,,False,NO_GT_OVERLAP,NO_GT_OVERLAP,False
408,1600938561149352,8,0.05186288,"[0.614,385.008,30.201,438.179]",4083005,0.0,,False,LOW_CONF,LOW_CONF,False
408,1600938561216011,0,0.91525614,"[238.89,657.443,337.155,768.222]",4083005,0.9424825478537242,4083005,True,MATCHED,MATCHED,True
408,1600938561216011,1,0.88103515,"[496.377,172.303,557.835,233.856]",4083019,0.8897842889036803,4083019,True,MATCHED,MATCHED,True
408,1600938561216011,2,0.86168337,"[498.806,227.444,571.041,297.714]",4083017,0.8861896110346023,4083017,True,MATCHED,MATCHED,False
408,1600938561216011,3,0.78754294,"[411.996,164.796,452.081,220.572]",4083013,0.8960029969485535,4083013,True,MATCHED,MATCHED,True
408,1600938561216011,4,0.77057225,"[344.068,189.781,421.694,274.869]",4083016,0.8734551408080761,4083016,True,MATCHED,MATCHED,True
408,1600938561216011,5,0.65823603,"[345.545,222.595,420.695,276.028]",4083016,0.5289846125567588,,False,GREEDY_MATCH_CONFLICT,GREEDY_MATCH_CONFLICT,False
408,1600938561216011,6,0.63930094,"[482.195,93.531,521.921,124.61]",4083024,0.7117826565648813,4083024,True,MATCHED,MATCHED,True
408,1600938561216011,7,0.29413164,"[404.75,372.625,471.048,440.007]",4083005,0.0,,False,LOW_CONF,LOW_CONF,False
408,1600938561216011,8,0.15942375,"[368.418,63.328,407.923,116.636]",4083005,0.0,,False,LOW_CONF,LOW_CONF,False
408,1600938561216011,9,0.08056332,"[368.396,64.246,417.263,125.517]",4083005,0.0,,False,LOW_CONF,LOW_CONF,False
408,1600938561216011,10,0.06378023,"[370.736,66.16,515.331,137.604]",4083024,0.13503001425800007,,False,LOW_CONF,LOW_CONF,False
408,1600938561282671,0,0.93049139,"[223.932,657.582,321.66,767.341]",4083005,0.9380907517913777,4083005,True,MATCHED,MATCHED,True
408,1600938561282671,1,0.89484078,"[485.36,224.515,557.446,300.424]",4083017,0.8941548902135733,4083017,True,MATCHED,MATCHED,False
408,1600938561282671,2,0.88562274,"[481.197,171.586,542.765,233.315]",4083019,0.8739491548439328,4083019,True,MATCHED,MATCHED,True
408,1600938561282671,3,0.81569529,"[329.538,221.366,403.442,275.598]",4083016,0.5449438790828063,,False,GREEDY_MATCH_CONFLICT,GREEDY_MATCH_CONFLICT,False
408,1600938561282671,4,0.81255436,"[394.203,164.967,434.428,220.223]",4083013,0.8691472009269968,4083013,True,MATCHED,MATCHED,True
408,1600938561282671,5,0.70800006,"[464.923,93.602,508.29,125.558]",4083024,0.8013576373422983,4083024,True,MATCHED,MATCHED,True
408,1600938561282671,6,0.60076314,"[328.203,189.426,403.68,275.988]",4083016,0.8902857487538628,4083016,True,MATCHED,MATCHED,True
408,1600938561282671,7,0.18075679,"[326.827,178.873,389.343,264.561]",4083016,0.6861028642515978,,False,LOW_CONF,LOW_CONF,False
408,1600938561282671,8,0.15257227,"[359.195,69.443,507.553,130.045]",4083024,0.14993844541527468,,False,LOW_CONF,LOW_CONF,False
408,1600938561282671,9,0.07822007,"[358.9,72.695,411.998,128.262]",4083005,0.0,,False,LOW_CONF,LOW_CONF,False
408,1600938561349329,0,0.91449112,"[207.248,657.738,305.595,768.131]",4083005,0.9507451028573983,4083005,True,MATCHED,MATCHED,True
408,1600938561349329,1,0.90120816,"[471.818,226.868,543.757,303.324]",4083017,0.8579203395156237,4083017,True,MATCHED,MATCHED,True
408,1600938561349329,2,0.85964757,"[466.402,174.663,530.357,233.612]",4083019,0.9376048700683501,4083019,True,MATCHED,MATCHED,True
408,1600938561349329,3,0.83489364,"[376.567,164.203,419.865,220.15]",4083013,0.9114210731350146,4083013,True,MATCHED,MATCHED,True
408,1600938561349329,4,0.81244308,"[312.061,221.231,385.487,276.216]",4083016,0.5453587119751319,,False,GREEDY_MATCH_CONFLICT,GREEDY_MATCH_CONFLICT,False
408,1600938561349329,5,0.77729356,"[450.254,92.378,493.188,125.372]",4083024,0.5892292513649587,4083024,True,MATCHED,MATCHED,True
408,1600938561349329,6,0.59840322,"[310.311,198.472,386.359,276.418]",4083016,0.8060408073459221,4083016,True,MATCHED,MATCHED,True
408,1600938561415988,0,0.92721802,"[191.486,658.224,290.171,767.555]",4083005,0.9515383633111384,4083005,True,MATCHED,MATCHED,True
408,1600938561415988,1,0.90795922,"[456.303,223.706,529.252,308.301]",4083017,0.9492789245828283,4083017,True,MATCHED,MATCHED,True
408,1600938561415988,2,0.86423784,"[451.813,174.869,512.779,234.393]",4083019,0.8897219145698733,4083019,True,MATCHED,MATCHED,True
408,1600938561415988,3,0.84969413,"[358.274,165.108,401.098,221.075]",4083013,0.9002992933864787,4083013,True,MATCHED,MATCHED,True
408,1600938561415988,4,0.83375084,"[294.191,222.069,368.662,277.692]",4083016,0.5511132841935722,4083016,True,MATCHED,MATCHED,True
408,1600938561415988,5,0.73775035,"[436.81,93.242,478.176,128.05]",4083024,0.59284088706645,4083024,True,MATCHED,MATCHED,True
408,1600938561415988,6,0.60507321,"[426.904,449.082,506.792,531.479]",4083005,0.0,,False,NO_GT_OVERLAP,NO_GT_OVERLAP,False
408,1600938561415988,7,0.30440384,"[310.283,64.296,350.498,132.667]",4083005,0.0,,False,NO_GT_OVERLAP,NO_GT_OVERLAP,False
408,1600938561415988,8,0.08504675,"[391.273,438.091,451.131,546.496]",4083005,0.0,,False,LOW_CONF,LOW_CONF,False
408,1600938561415988,9,0.05669352,"[710.909,402.337,720.0,430.445]",4083005,0.0,,False,LOW_CONF,LOW_CONF,False
408,1600938561415988,10,0.05543191,"[700.156,477.462,718.397,516.007]",4083005,0.0,,False,LOW_CONF,LOW_CONF,False
408,1600938561482648,0,0.90824902,"[176.234,658.602,274.196,768.444]",4083005,0.9390224004802693,4083005,True,MATCHED,MATCHED,True
408,1600938561482648,1,0.8955487,"[442.811,226.405,514.733,310.198]",4083017,0.9053960248963498,4083017,True,MATCHED,MATCHED,True
408,1600938561482648,2,0.87667602,"[340.574,165.637,381.453,220.569]",4083013,0.8716580474566122,4083013,True,MATCHED,MATCHED,True
408,1600938561482648,3,0.84188229,"[437.728,177.997,498.898,235.264]",4083019,0.9121540340138596,4083019,True,MATCHED,MATCHED,True
408,1600938561482648,4,0.82636994,"[277.806,223.133,351.679,278.891]",4083016,0.5579550818784857,4083016,True,MATCHED,MATCHED,True
408,1600938561482648,5,0.68191981,"[423.388,93.827,464.762,129.554]",4083024,0.6597315499980146,4083024,True,MATCHED,MATCHED,True
408,1600938561482648,6,0.54851282,"[415.33,450.249,498.059,533.431]",4083005,0.0,,False,NO_GT_OVERLAP,NO_GT_OVERLAP,False
408,1600938561482648,7,0.10831987,"[291.968,65.928,329.688,115.351]",4083005,0.0,,False,LOW_CONF,LOW_CONF,False
408,1600938561549306,0,0.93059421,"[159.183,658.413,258.514,768.052]",4083005,0.9272588994337457,4083005,True,MATCHED,MATCHED,True
408,1600938561549306,1,0.90634477,"[428.727,224.333,500.663,310.097]",4083017,0.9351058672539737,4083017,True,MATCHED,MATCHED,True
408,1600938561549306,2,0.86280102,"[422.139,177.674,482.623,234.468]",4083019,0.8700080286047599,4083019,True,MATCHED,MATCHED,True
408,1600938561549306,3,0.86158556,"[323.631,163.536,366.644,221.89]",4083013,0.8924371758949549,4083013,True,MATCHED,MATCHED,True
408,1600938561549306,4,0.82701021,"[261.771,222.113,334.468,276.966]",4083016,0.5982419752422867,4083016,True,MATCHED,MATCHED,True
408,1600938561549306,5,0.78091824,"[407.485,93.591,449.478,130.633]",4083024,0.662579219389728,4083024,True,MATCHED,MATCHED,False
408,1600938561549306,6,0.23133355,"[399.482,448.816,489.693,533.217]",4083005,0.0,,False,LOW_CONF,LOW_CONF,False
408,1600938561549306,7,0.05661169,"[404.15,805.114,420.541,840.931]",4083005,0.0,,False,LOW_CONF,LOW_CONF,False
408,1600938561615965,0,0.91409659,"[142.998,658.377,242.46,768.734]",4083005,0.9529881520814567,4083005,True,MATCHED,MATCHED,True
408,1600938561615965,1,0.89203262,"[414.426,230.122,488.871,310.885]",4083017,0.8721832017716147,4083017,True,MATCHED,MATCHED,True
408,1600938561615965,2,0.88105786,"[304.385,165.72,349.096,221.53]",4083013,0.847348800250911,4083013,True,MATCHED,MATCHED,True
408,1600938561615965,3,0.8672322,"[408.079,180.473,467.809,236.171]",4083019,0.9104656650246307,4083019,True,MATCHED,MATCHED,True
408,1600938561615965,4,0.83776325,"[247.01,220.685,316.836,277.983]",4083016,0.6058264323378311,4083016,True,MATCHED,MATCHED,True
408,1600938561615965,5,0.76114434,"[393.251,93.966,435.951,132.266]",4083024,0.6456477723057976,4083024,True,MATCHED,MATCHED,True
408,1600938561615965,6,0.71593726,"[400.542,451.229,481.282,531.877]",4083005,0.0,,False,NO_GT_OVERLAP,NO_GT_OVERLAP,False
408,1600938561615965,7,0.69426763,"[362.513,440.877,480.844,532.313]",4083005,0.0,,False,NO_GT_OVERLAP,NO_GT_OVERLAP,False
408,1600938561615965,8,0.25654685,"[351.744,370.684,394.036,437.974]",4083005,0.0,,False,LOW_CONF,LOW_CONF,False
408,1600938561615965,9,0.25144142,"[703.347,577.026,719.488,631.349]",4083005,0.0,,False,LOW_CONF,LOW_CONF,False
408,1600938561615965,10,0.22330624,"[388.894,801.548,412.139,847.302]",4083005,0.0,,False,LOW_CONF,LOW_CONF,False
408,1600938561615965,11,0.13888907,"[358.701,437.38,412.716,510.533]",4083005,0.0,,False,LOW_CONF,LOW_CONF,False
408,1600938561615965,12,0.11303967,"[55.246,614.71,128.682,677.099]",4083005,0.0,,False,LOW_CONF,LOW_CONF,False
408,1600938561615965,13,0.07656538,"[697.242,476.169,719.646,536.901]",4083005,0.0,,False,LOW_CONF,LOW_CONF,False
408,1600938561615965,14,0.0510211,"[359.739,437.656,430.398,520.701]",4083005,0.0,,False,LOW_CONF,LOW_CONF,False
408,1600938561682626,0,0.92206204,"[128.294,658.727,226.741,768.366]",4083005,0.9507587697152949,4083005,True,MATCHED,MATCHED,True
408,1600938561682626,1,0.90326297,"[398.373,228.026,473.521,311.95]",4083017,0.8774281231680174,4083017,True,MATCHED,MATCHED,True
408,1600938561682626,2,0.88552904,"[290.627,166.124,331.472,223.713]",4083013,0.8826791957912851,4083013,True,MATCHED,MATCHED,True
408,1600938561682626,3,0.87046766,"[392.228,181.876,452.81,236.603]",4083019,0.9034406535392948,4083019,True,MATCHED,MATCHED,True
408,1600938561682626,4,0.85506731,"[229.76,221.179,300.21,279.101]",4083016,0.6238229397105934,4083016,True,MATCHED,MATCHED,True
408,1600938561682626,5,0.78007114,"[395.06,453.649,470.537,531.758]",4083005,0.0,,False,NO_GT_OVERLAP,NO_GT_OVERLAP,False
408,1600938561682626,6,0.7608881,"[377.585,95.525,419.573,133.439]",4083024,0.6230913144947999,4083024,True,MATCHED,MATCHED,True
408,1600938561682626,7,0.53823847,"[42.824,494.184,107.193,564.704]",4083005,0.0,,False,NO_GT_OVERLAP,NO_GT_OVERLAP,False
408,1600938561682626,8,0.47548139,"[372.208,802.663,402.993,850.421]",4083005,0.0,,False,NO_GT_OVERLAP,NO_GT_OVERLAP,False
408,1600938561682626,9,0.38788208,"[47.621,615.518,122.837,676.906]",4083005,0.0,,False,NO_GT_OVERLAP,NO_GT_OVERLAP,False
408,1600938561682626,10,0.34395909,"[685.574,468.226,719.528,537.695]",4083005,0.0,,False,NO_GT_OVERLAP,NO_GT_OVERLAP,False
408,1600938561682626,11,0.13678902,"[692.855,569.265,719.108,637.269]",4083005,0.0,,False,LOW_CONF,LOW_CONF,False
408,1600938561682626,12,0.10780879,"[350.712,437.701,405.057,505.265]",4083005,0.0,,False,LOW_CONF,LOW_CONF,False
408,1600938561682626,13,0.05280977,"[420.364,127.299,437.915,143.518]",4083029,0.6571812512247055,,False,LOW_CONF,LOW_CONF,False
408,1600938561682626,14,0.05205977,"[349.278,437.596,388.919,503.708]",4083005,0.0,,False,LOW_CONF,LOW_CONF,False
408,1600938561749287,0,0.90656781,"[112.93,658.971,210.959,769.039]",4083005,0.9366329204645556,4083005,True,MATCHED,MATCHED,True
408,1600938561749287,1,0.89983052,"[386.679,231.129,459.759,312.137]",4083017,0.8602244463818663,4083017,True,MATCHED,MATCHED,True
408,1600938561749287,2,0.88721329,"[376.657,183.336,436.866,237.548]",4083019,0.91509062971265,4083019,True,MATCHED,MATCHED,True
408,1600938561749287,3,0.88578713,"[274.907,165.769,316.788,222.875]",4083013,0.9600041266128597,4083013,True,MATCHED,MATCHED,True
408,1600938561749287,4,0.83753598,"[213.121,221.455,283.6,279.213]",4083016,0.6122806737826638,4083016,True,MATCHED,MATCHED,True
408,1600938561749287,5,0.77256757,"[34.153,494.763,99.027,564.659]",4083005,0.0,,False,NO_GT_OVERLAP,NO_GT_OVERLAP,False
408,1600938561749287,6,0.77053809,"[362.304,94.555,405.234,135.596]",4083024,0.6584678209015471,4083024,True,MATCHED,MATCHED,False
408,1600938561749287,7,0.76207083,"[384.349,452.263,462.243,532.566]",4083005,0.0,,False,NO_GT_OVERLAP,NO_GT_OVERLAP,False
408,1600938561749287,8,0.6266281,"[38.417,616.075,105.373,674.23]",4083005,0.0,,False,NO_GT_OVERLAP,NO_GT_OVERLAP,False
408,1600938561749287,9,0.61323971,"[357.843,801.35,400.179,868.01]",4083005,0.0,,False,NO_GT_OVERLAP,NO_GT_OVERLAP,False
408,1600938561749287,10,0.32641378,"[403.387,126.476,424.387,146.278]",4083029,0.6432741505225873,4083029,True,MATCHED,MATCHED,False
408,1600938561749287,11,0.07102174,"[312.301,929.099,359.102,967.075]",4083005,0.0,,False,LOW_CONF,LOW_CONF,False
408,1600938561749287,12,0.05920988,"[312.528,923.766,381.127,967.583]",4083005,0.0,,False,LOW_CONF,LOW_CONF,False
408,1600938561749287,13,0.0520093,"[299.417,569.473,362.941,637.399]",4083006,0.9200279795309172,,False,LOW_CONF,LOW_CONF,False
408,1600938561815947,0,0.91499585,"[96.099,658.559,195.984,769.653]",4083005,0.9638291369391438,4083005,True,MATCHED,MATCHED,True
408,1600938561815947,1,0.89569223,"[373.767,228.985,446.508,312.045]",4083017,0.8685835911443357,4083017,True,MATCHED,MATCHED,True
408,1600938561815947,2,0.89244378,"[258.505,166.13,301.274,223.032]",4083013,0.9664528923547284,4083013,True,MATCHED,MATCHED,True
408,1600938561815947,3,0.85865045,"[362.846,186.048,421.926,237.381]",4083019,0.8554664553370238,4083019,True,MATCHED,MATCHED,True
408,1600938561815947,4,0.85021329,"[198.26,222.259,268.176,279.991]",4083016,0.6027863855012765,4083016,True,MATCHED,MATCHED,True
408,1600938561815947,5,0.64567584,"[348.679,94.545,391.242,136.915]",4083024,0.6358190243263442,4083024,True,MATCHED,MATCHED,True
408,1600938561815947,6,0.44309461,"[22.436,495.106,88.48,563.968]",4083005,0.0,,False,NO_GT_OVERLAP,NO_GT_OVERLAP,False
408,1600938561815947,7,0.323053,"[387.741,125.474,411.663,148.192]",4083029,0.5916252096736554,4083029,True,MATCHED,MATCHED,False
408,1600938561815947,8,0.24524015,"[350.024,802.485,389.381,856.966]",4083005,0.0,,False,LOW_CONF,LOW_CONF,False
408,1600938561815947,9,0.18774222,"[374.395,453.265,452.227,533.175]",4083005,0.0,,False,LOW_CONF,LOW_CONF,False
408,1600938561815947,10,0.06012312,"[59.688,451.212,125.749,507.855]",4083005,0.0,,False,LOW_CONF,LOW_CONF,False
408,1600938561882608,0,0.9125672,"[358.624,229.014,432.65,312.702]",4083017,0.9174273856937623,4083017,True,MATCHED,MATCHED,True
408,1600938561882608,1,0.90782851,"[79.305,658.462,179.609,770.566]",4083005,0.9686769511693574,4083005,True,MATCHED,MATCHED,True
408,1600938561882608,2,0.88272089,"[347.253,183.919,410.549,238.916]",4083019,0.9420831887532233,4083019,True,MATCHED,MATCHED,True
408,1600938561882608,3,0.87770587,"[242.616,166.473,286.263,224.852]",4083013,0.9190493649886261,4083013,True,MATCHED,MATCHED,True
408,1600938561882608,4,0.8611334,"[181.805,220.757,251.134,280.721]",4083016,0.619817002291267,4083016,True,MATCHED,MATCHED,True
408,1600938561882608,5,0.80452156,"[12.39,495.143,79.648,565.993]",4083005,0.0,,False,NO_GT_OVERLAP,NO_GT_OVERLAP,False
408,1600938561882608,6,0.7729758,"[333.681,95.126,377.921,141.533]",4083024,0.6429472139168381,4083024,True,MATCHED,MATCHED,False
408,1600938561882608,7,0.68417668,"[364.801,453.319,445.43,533.772]",4083005,0.0,,False,NO_GT_OVERLAP,NO_GT_OVERLAP,False
408,1600938561882608,8,0.51103628,"[339.078,801.077,383.708,854.987]",4083005,0.0,,False,NO_GT_OVERLAP,NO_GT_OVERLAP,False
408,1600938561882608,9,0.45834228,"[18.373,615.613,96.5,673.426]",4083005,0.015603622148301416,,False,IOU_BELOW_0_5,IOU_BELOW_0_5,False
408,1600938561882608,10,0.45547298,"[370.977,126.331,397.427,149.364]",4083029,0.7938855246215618,4083029,True,MATCHED,MATCHED,False
408,1600938561882608,11,0.22624913,"[50.152,451.486,115.454,508.057]",4083005,0.0,,False,LOW_CONF,LOW_CONF,False
408,1600938561882608,12,0.17913252,"[278.087,925.943,354.009,967.624]",4083005,0.0,,False,LOW_CONF,LOW_CONF,False
408,1600938561882608,13,0.12414009,"[707.634,381.746,720.0,415.853]",4083005,0.0,,False,LOW_CONF,LOW_CONF,False
408,1600938561882608,14,0.05715704,"[276.608,928.154,315.283,965.116]",4083005,0.0,,False,LOW_CONF,LOW_CONF,False
408,1600938561949268,0,0.92155397,"[62.706,658.773,163.998,770.902]",4083005,0.9758126044277199,4083005,True,MATCHED,MATCHED,True
408,1600938561949268,1,0.91312248,"[347.502,231.474,419.949,313.975]",4083017,0.8406399362869202,4083017,True,MATCHED,MATCHED,True
408,1600938561949268,2,0.87717623,"[225.501,168.137,269.968,226.933]",4083013,0.9213906384347911,4083013,True,MATCHED,MATCHED,True
408,1600938561949268,3,0.85299057,"[334.943,186.198,394.892,240.029]",4083019,0.9168314990795239,4083019,True,MATCHED,MATCHED,True
408,1600938561949268,4,0.84147841,"[4.317,495.216,68.943,565.89]",4083005,0.0,,False,NO_GT_OVERLAP,NO_GT_OVERLAP,False
408,1600938561949268,5,0.82406855,"[166.597,223.619,234.835,280.844]",4083016,0.561368473932969,4083016,True,MATCHED,MATCHED,True
408,1600938561949268,6,0.77084273,"[322.369,96.621,363.668,145.345]",4083024,0.6573281988898901,4083024,True,MATCHED,MATCHED,False
408,1600938561949268,7,0.68848276,"[7.946,614.958,89.149,678.65]",4083005,0.03219845240509777,,False,IOU_BELOW_0_5,IOU_BELOW_0_5,False
408,1600938561949268,8,0.67817748,"[40.366,451.883,106.683,507.98]",4083005,0.0,,False,NO_GT_OVERLAP,NO_GT_OVERLAP,False
408,1600938561949268,9,0.560202,"[331.264,801.755,370.906,855.789]",4083005,0.0,,False,NO_GT_OVERLAP,NO_GT_OVERLAP,False
408,1600938561949268,10,0.35502291,"[358.92,454.826,436.334,534.455]",4083005,0.0,,False,NO_GT_OVERLAP,NO_GT_OVERLAP,False
408,1600938561949268,11,0.34116331,"[696.74,377.524,720.0,419.33]",4083005,0.0,,False,NO_GT_OVERLAP,NO_GT_OVERLAP,False
408,1600938561949268,12,0.25620106,"[270.947,928.089,342.447,968.96]",4083005,0.0,,False,LOW_CONF,LOW_CONF,False
408,1600938561949268,13,0.11229904,"[339.849,309.62,357.867,329.575]",4083017,0.010088575739767569,,False,LOW_CONF,LOW_CONF,False
408,1600938562015928,0,0.91449022,"[46.497,659.519,147.383,770.765]",4083005,0.9664268021703227,4083005,True,MATCHED,MATCHED,True
408,1600938562015928,1,0.9104256,"[332.007,230.073,405.729,313.706]",4083017,0.8671718742616034,4083017,True,MATCHED,MATCHED,True
408,1600938562015928,2,0.88884115,"[207.021,167.513,249.963,224.739]",4083013,0.9263462407453887,4083013,True,MATCHED,MATCHED,True
408,1600938562015928,3,0.86269134,"[0.0,495.35,59.68,565.925]",4083005,0.0,,False,NO_GT_OVERLAP,NO_GT_OVERLAP,False
408,1600938562015928,4,0.85583538,"[317.552,186.05,377.709,239.158]",4083019,0.8711958739910368,4083019,True,MATCHED,MATCHED,True
408,1600938562015928,5,0.82452542,"[146.136,225.545,218.866,281.6]",4083016,0.533179325758522,4083016,True,MATCHED,MATCHED,True
408,1600938562015928,6,0.74072021,"[0.2,616.945,65.654,679.053]",4083005,0.027674633619621383,,False,IOU_BELOW_0_5,IOU_BELOW_0_5,False
408,1600938562015928,7,0.7309112,"[307.574,95.822,347.504,143.708]",4083024,0.6851336630662943,4083024,True,MATCHED,MATCHED,True
408,1600938562015928,8,0.57521302,"[335.639,125.801,365.274,150.441]",4083029,0.48616685396264797,,False,IOU_BELOW_0_5,IOU_BELOW_0_5,False
408,1600938562015928,9,0.55275548,"[345.523,453.736,427.718,534.513]",4083005,0.0,,False,NO_GT_OVERLAP,NO_GT_OVERLAP,False
408,1600938562015928,10,0.3412537,"[318.155,802.343,359.611,855.757]",4083005,0.0,,False,NO_GT_OVERLAP,NO_GT_OVERLAP,False
408,1600938562015928,11,0.32692468,"[247.637,565.858,319.605,636.932]",4083006,0.9077530486508534,4083006,True,MATCHED,MATCHED,True
408,1600938562015928,12,0.26628926,"[312.002,99.935,354.206,145.241]",4083024,0.6664813107280958,,False,LOW_CONF,LOW_CONF,False
408,1600938562015928,13,0.21813688,"[257.334,925.991,322.313,969.431]",4083005,0.0,,False,LOW_CONF,LOW_CONF,False
408,1600938562015928,14,0.19822252,"[31.884,452.836,96.346,507.495]",4083005,0.0,,False,LOW_CONF,LOW_CONF,False
408,1600938562015928,15,0.11506648,"[303.962,15.926,348.289,144.704]",4083024,0.24268981925737818,,False,LOW_CONF,LOW_CONF,False
408,1600938562082589,0,0.91543949,"[318.506,230.675,391.786,314.355]",4083017,0.884858643578644,4083017,True,MATCHED,MATCHED,True
408,1600938562082589,1,0.91180331,"[32.013,658.554,134.088,770.781]",4083005,0.9652577972861817,4083005,True,MATCHED,MATCHED,True
408,1600938562082589,2,0.85624576,"[193.619,170.911,235.718,227.453]",4083013,0.9252040087496186,4083013,True,MATCHED,MATCHED,True
408,1600938562082589,3,0.8540979,"[304.609,188.962,364.458,240.713]",4083019,0.8853879712952367,4083019,True,MATCHED,MATCHED,True
408,1600938562082589,4,0.84970748,"[0.0,495.566,53.199,565.129]",4083005,0.0,,False,NO_GT_OVERLAP,NO_GT_OVERLAP,False
408,1600938562082589,5,0.81525087,"[0.0,616.395,74.387,680.964]",4083005,0.061361821471334066,,False,IOU_BELOW_0_5,IOU_BELOW_0_5,False
408,1600938562082589,6,0.78341669,"[297.135,98.336,333.957,145.95]",4083024,0.7210952076442398,4083024,True,MATCHED,MATCHED,False
408,1600938562082589,7,0.74062055,"[135.828,224.281,200.195,281.456]",4083016,0.5357956048342558,4083016,True,MATCHED,MATCHED,True
408,1600938562082589,8,0.72016346,"[339.015,456.592,419.599,534.331]",4083005,0.0,,False,NO_GT_OVERLAP,NO_GT_OVERLAP,False
408,1600938562082589,9,0.36990812,"[25.632,452.017,90.662,509.16]",4083005,0.0,,False,NO_GT_OVERLAP,NO_GT_OVERLAP,False
408,1600938562082589,10,0.15035468,"[237.475,567.206,307.695,637.96]",4083006,0.8954560998394252,,False,LOW_CONF,LOW_CONF,False
408,1600938562082589,11,0.12279024,"[333.752,127.411,352.56,150.974]",4083029,0.799810432324972,,False,LOW_CONF,LOW_CONF,False
408,1600938562082589,12,0.10341553,"[327.861,128.864,352.029,152.559]",4083029,0.6311775262497867,,False,LOW_CONF,LOW_CONF,False
408,1600938562082589,13,0.0975403,"[244.965,927.363,311.063,972.997]",4083005,0.0,,False,LOW_CONF,LOW_CONF,False
408,1600938562149250,0,0.90266871,"[306.614,230.158,379.131,313.58]",4083017,0.8617540133903133,4083017,True,MATCHED,MATCHED,True
408,1600938562149250,1,0.90216702,"[18.346,660.877,119.37,772.987]",4083005,0.9892404091526086,4083005,True,MATCHED,MATCHED,True
408,1600938562149250,2,0.86877334,"[180.99,172.089,223.54,230.521]",4083013,0.9056243748367803,4083013,True,MATCHED,MATCHED,True
408,1600938562149250,3,0.85959774,"[292.631,192.317,351.523,241.213]",4083019,0.8878405026753702,4083019,True,MATCHED,MATCHED,True
408,1600938562149250,4,0.82426518,"[120.114,225.705,187.577,284.289]",4083016,0.550057505335507,4083016,True,MATCHED,MATCHED,True
408,1600938562149250,5,0.82091367,"[0.0,496.849,46.484,565.74]",4083005,0.0,,False,NO_GT_OVERLAP,NO_GT_OVERLAP,False
408,1600938562149250,6,0.74203014,"[0.0,616.084,69.513,678.68]",4083005,0.061270187589187716,,False,IOU_BELOW_0_5,IOU_BELOW_0_5,False
408,1600938562149250,7,0.73893541,"[283.803,99.825,321.594,147.353]",4083024,0.7380528075440186,4083024,True,MATCHED,MATCHED,True
408,1600938562149250,8,0.54592407,"[15.049,453.486,79.057,509.475]",4083005,0.0,,False,NO_GT_OVERLAP,NO_GT_OVERLAP,False
408,1600938562149250,9,0.41225454,"[330.714,456.189,409.376,536.379]",4083005,0.0,,False,NO_GT_OVERLAP,NO_GT_OVERLAP,False
408,1600938562149250,10,0.19566971,"[317.381,127.865,338.901,153.997]",4083029,0.5020519158707469,,False,LOW_CONF,LOW_CONF,False
408,1600938562149250,11,0.17955177,"[228.242,567.923,297.88,637.748]",4083006,0.8992382126389583,,False,LOW_CONF,LOW_CONF,False
408,1600938562149250,12,0.05884593,"[313.021,312.251,329.973,331.187]",4083017,0.011088088962201524,,False,LOW_CONF,LOW_CONF,False
408,1600938562215910,0,0.91898942,"[1.146,659.329,103.137,772.158]",4083005,0.9617456041981076,4083005,True,MATCHED,MATCHED,True
408,1600938562215910,1,0.90733141,"[292.935,232.387,367.416,313.659]",4083017,0.8835189771885359,4083017,True,MATCHED,MATCHED,True
408,1600938562215910,2,0.86604017,"[164.403,169.062,207.261,227.851]",4083013,0.9046626690534448,4083013,True,MATCHED,MATCHED,True
408,1600938562215910,3,0.85323536,"[278.88,192.878,337.342,239.9]",4083019,0.8719663113124414,4083019,True,MATCHED,MATCHED,True
408,1600938562215910,4,0.83333915,"[0.0,614.842,56.64,670.912]",4083005,0.03852493025799297,,False,IOU_BELOW_0_5,IOU_BELOW_0_5,False
408,1600938562215910,5,0.79097402,"[267.16,97.561,309.074,145.603]",4083024,0.6842182565893611,4083024,True,MATCHED,MATCHED,True
408,1600938562215910,6,0.77594751,"[103.611,227.263,169.44,282.37]",4083016,0.5240526875102737,4083016,True,MATCHED,MATCHED,True
408,1600938562215910,7,0.76429307,"[0.0,496.575,35.409,564.131]",4083005,0.0,,False,NO_GT_OVERLAP,NO_GT_OVERLAP,False
408,1600938562215910,8,0.72352588,"[324.661,454.797,402.738,536.22]",4083005,0.0,,False,NO_GT_OVERLAP,NO_GT_OVERLAP,False
408,1600938562215910,9,0.40038711,"[219.774,566.432,288.346,638.921]",4083006,0.9114104456411135,4083006,True,MATCHED,MATCHED,True
408,1600938562215910,10,0.26472592,"[304.659,127.742,324.321,153.775]",4083029,0.6811220271214743,,False,LOW_CONF,LOW_CONF,False
408,1600938562215910,11,0.22927642,"[5.683,452.212,63.55,506.861]",4083005,0.0,,False,LOW_CONF,LOW_CONF,False
408,1600938562215910,12,0.18742967,"[279.285,443.391,341.831,505.121]",4083005,0.0,,False,LOW_CONF,LOW_CONF,False
408,1600938562215910,13,0.18442471,"[123.697,190.606,165.583,221.734]",4083016,0.19281415852035275,,False,LOW_CONF,LOW_CONF,False
408,1600938562215910,14,0.14554974,"[126.415,190.68,159.653,215.097]",4083016,0.12006892098279273,,False,LOW_CONF,LOW_CONF,False
408,1600938562215910,15,0.08968028,"[2.637,482.127,45.535,544.239]",4083005,0.0,,False,LOW_CONF,LOW_CONF,False
408,1600938562215910,16,0.06778398,"[221.698,924.353,300.678,974.647]",4083005,0.0,,False,LOW_CONF,LOW_CONF,False
408,1600938562282571,0,0.91536629,"[0.14,660.135,86.256,772.545]",4083005,0.9837913285392568,4083005,True,MATCHED,MATCHED,True
408,1600938562282571,1,0.90013748,"[280.834,233.173,355.118,315.267]",4083017,0.8479214032719574,4083017,True,MATCHED,MATCHED,True
408,1600938562282571,2,0.85437417,"[146.597,173.68,189.379,229.028]",4083013,0.9484748253930717,4083013,True,MATCHED,MATCHED,True
408,1600938562282571,3,0.84841686,"[264.267,196.681,324.02,242.372]",4083019,0.9473593010845432,4083019,True,MATCHED,MATCHED,True
408,1600938562282571,4,0.80857903,"[314.609,457.517,392.546,537.304]",4083005,0.0,,False,NO_GT_OVERLAP,NO_GT_OVERLAP,False
408,1600938562282571,5,0.77129251,"[256.965,100.441,295.872,148.197]",4083024,0.7958145800486013,4083024,True,MATCHED,MATCHED,True
408,1600938562282571,6,0.76698053,"[0.0,500.111,26.368,562.249]",4083005,0.0,,False,NO_GT_OVERLAP,NO_GT_OVERLAP,False
408,1600938562282571,7,0.75751436,"[0.0,616.627,38.817,664.963]",4083005,0.013548175923714708,,False,IOU_BELOW_0_5,IOU_BELOW_0_5,False
408,1600938562282571,8,0.74154466,"[78.855,226.498,150.85,284.804]",4083016,0.5629002688987168,4083016,True,MATCHED,MATCHED,True
408,1600938562282571,9,0.54459327,"[273.486,445.038,331.763,506.182]",4083005,0.0,,False,NO_GT_OVERLAP,NO_GT_OVERLAP,False
408,1600938562282571,10,0.44559881,"[0.0,451.736,54.792,505.713]",4083005,0.0,,False,NO_GT_OVERLAP,NO_GT_OVERLAP,False
408,1600938562282571,11,0.24848066,"[293.464,135.035,313.114,156.95]",4083029,0.6685782925907485,,False,LOW_CONF,LOW_CONF,False
408,1600938562282571,12,0.11632976,"[206.885,568.831,276.346,639.575]",4083006,0.9020370675009388,,False,LOW_CONF,LOW_CONF,False
408,1600938562282571,13,0.10848448,"[261.466,0.369,274.28,16.418]",4083005,0.0,,False,LOW_CONF,LOW_CONF,False
408,1600938562349232,0,0.87765056,"[0.55,661.909,70.804,773.022]",4083005,0.9796844843864714,4083005,True,MATCHED,MATCHED,True
408,1600938562349232,1,0.87207717,"[128.174,175.047,173.387,233.38]",4083013,0.925631681125907,4083013,True,MATCHED,MATCHED,True
408,1600938562349232,2,0.87178093,"[265.283,235.654,340.822,318.093]",4083017,0.8819877083839813,4083017,True,MATCHED,MATCHED,True
408,1600938562349232,3,0.81998122,"[248.704,199.357,308.451,245.136]",4083019,0.9555964627795092,4083019,True,MATCHED,MATCHED,True
408,1600938562349232,4,0.81070471,"[240.644,103.262,281.279,150.915]",4083024,0.7760072450046941,4083024,True,MATCHED,MATCHED,True
408,1600938562349232,5,0.80729896,"[64.088,233.335,135.08,287.05]",4083016,0.5119141445097722,4083016,True,MATCHED,MATCHED,True
408,1600938562349232,6,0.66348392,"[304.63,458.801,384.719,539.061]",4083005,0.0,,False,NO_GT_OVERLAP,NO_GT_OVERLAP,False
408,1600938562349232,7,0.65581989,"[0.0,620.461,22.768,665.742]",4083005,0.009730492437785272,,False,IOU_BELOW_0_5,IOU_BELOW_0_5,False
408,1600938562349232,8,0.5085243,"[0.0,452.74,51.522,509.213]",4083005,0.0,,False,NO_GT_OVERLAP,NO_GT_OVERLAP,False
408,1600938562349232,9,0.50296837,"[263.286,446.483,320.945,508.404]",4083005,0.0,,False,NO_GT_OVERLAP,NO_GT_OVERLAP,False
408,1600938562349232,10,0.35191736,"[277.351,137.492,296.794,161.539]",4083029,0.6891247318030224,4083029,True,MATCHED,MATCHED,False
408,1600938562349232,11,0.27467805,"[0.662,452.505,52.848,540.996]",4083005,0.0,,False,LOW_CONF,LOW_CONF,False
408,1600938562349232,12,0.20352218,"[194.034,568.824,263.498,639.865]",4083006,0.9354532994805442,,False,LOW_CONF,LOW_CONF,False
408,1600938562349232,13,0.20104721,"[0.0,506.671,15.938,559.677]",4083005,0.0,,False,LOW_CONF,LOW_CONF,False
408,1600938562349232,14,0.15429273,"[89.887,195.392,129.664,230.419]",4083016,0.21110136045454547,,False,LOW_CONF,LOW_CONF,False
408,1600938562349232,15,0.09629694,"[264.251,379.117,319.747,444.46]",4083005,0.0,,False,LOW_CONF,LOW_CONF,False
408,1600938562349232,16,0.09205422,"[55.017,254.553,93.902,285.385]",4083016,0.13168848434948371,,False,LOW_CONF,LOW_CONF,False
408,1600938562349232,17,0.07286792,"[84.293,194.74,136.558,264.613]",4083016,0.5501284552174084,,False,LOW_CONF,LOW_CONF,False
408,1600938562349232,18,0.05802944,"[260.85,127.373,296.895,158.405]",4083029,0.2941643877515441,,False,LOW_CONF,LOW_CONF,False
408,1600938562415892,0,0.8930639,"[252.248,235.603,327.283,317.56]",4083017,0.8516787663012542,4083017,True,MATCHED,MATCHED,True
408,1600938562415892,1,0.86265409,"[112.279,174.802,157.339,233.101]",4083013,0.9645236281777808,4083013,True,MATCHED,MATCHED,True
408,1600938562415892,2,0.85256106,"[0.766,664.727,59.12,770.243]",4083005,0.8871695103578466,4083005,True,MATCHED,MATCHED,True
408,1600938562415892,3,0.84697747,"[233.34,203.014,292.077,243.119]",4083019,0.8404127316149596,4083019,True,MATCHED,MATCHED,True
408,1600938562415892,4,0.80334502,"[228.076,103.07,265.415,150.027]",4083024,0.837642801927302,4083024,True,MATCHED,MATCHED,True
408,1600938562415892,5,0.79926687,"[49.178,235.287,117.728,287.223]",4083016,0.4780682083924123,,False,IOU_BELOW_0_5,IOU_BELOW_0_5,False
408,1600938562415892,6,0.7790938,"[297.13,457.502,376.083,537.127]",4083005,0.0,,False,NO_GT_OVERLAP,NO_GT_OVERLAP,False
408,1600938562415892,7,0.69916081,"[253.769,445.514,312.162,506.825]",4083005,0.0,,False,NO_GT_OVERLAP,NO_GT_OVERLAP,False
408,1600938562415892,8,0.43361112,"[181.976,568.927,253.363,641.868]",4083006,0.952295397787657,4083006,True,MATCHED,MATCHED,True
408,1600938562415892,9,0.41551781,"[703.802,125.654,719.289,185.283]",4083005,0.0,,False,NO_GT_OVERLAP,NO_GT_OVERLAP,False
408,1600938562415892,10,0.38925606,"[262.546,136.023,282.083,161.913]",4083029,0.776978387096776,4083029,True,MATCHED,MATCHED,True
408,1600938562415892,11,0.25410071,"[75.756,195.38,114.692,228.136]",4083016,0.18855523595505613,,False,LOW_CONF,LOW_CONF,False
408,1600938562415892,12,0.2344965,"[698.456,410.675,719.648,430.973]",4083005,0.0,,False,LOW_CONF,LOW_CONF,False
408,1600938562415892,13,0.23176226,"[0.0,454.509,41.384,480.84]",4083005,0.0,,False,LOW_CONF,LOW_CONF,False
408,1600938562415892,14,0.10445617,"[0.0,624.879,12.771,660.697]",4083005,0.0,,False,LOW_CONF,LOW_CONF,False
408,1600938562415892,15,0.07229188,"[69.666,195.104,120.128,265.607]",4083016,0.5259790635718511,,False,LOW_CONF,LOW_CONF,False
408,1600938562415892,16,0.07134223,"[0.0,454.416,41.389,500.75]",4083005,0.0,,False,LOW_CONF,LOW_CONF,False
408,1600938562415892,17,0.05718312,"[0.0,453.273,42.349,537.166]",4083005,0.0,,False,LOW_CONF,LOW_CONF,False
408,1600938562415892,18,0.05669321,"[62.925,195.345,118.913,282.901]",4083016,0.7247317161442934,,False,LOW_CONF,LOW_CONF,False
408,1600938562482553,0,0.90455872,"[240.965,230.116,312.966,315.63]",4083017,0.8902680037593983,4083017,True,MATCHED,MATCHED,True
408,1600938562482553,1,0.85785419,"[97.041,174.669,141.483,232.488]",4083013,0.9538479267944856,4083013,True,MATCHED,MATCHED,True
408,1600938562482553,2,0.84740269,"[218.14,203.499,278.829,242.819]",4083019,0.8312460317390685,4083019,True,MATCHED,MATCHED,True
408,1600938562482553,3,0.83443987,"[1.012,665.734,41.893,760.606]",4083005,0.8799792816850602,4083005,True,MATCHED,MATCHED,True
408,1600938562482553,4,0.80345482,"[215.485,102.382,250.913,149.423]",4083024,0.8422701368469,4083024,True,MATCHED,MATCHED,True
408,1600938562482553,5,0.78751785,"[40.491,235.984,102.112,286.998]",4083016,0.43609542024235143,,False,IOU_BELOW_0_5,IOU_BELOW_0_5,False
408,1600938562482553,6,0.6486057,"[697.168,125.039,717.941,186.113]",4083005,0.0,,False,NO_GT_OVERLAP,NO_GT_OVERLAP,False
408,1600938562482553,7,0.52481472,"[246.669,136.532,268.358,162.542]",4083029,0.47609987121579683,,False,IOU_BELOW_0_5,IOU_BELOW_0_5,False
408,1600938562482553,8,0.36176717,"[169.794,569.156,240.98,640.639]",4083006,0.9155526096372055,4083006,True,MATCHED,MATCHED,True
408,1600938562482553,9,0.23226322,"[287.044,457.069,365.664,537.507]",4083005,0.0,,False,LOW_CONF,LOW_CONF,False
408,1600938562482553,10,0.223689,"[58.662,195.046,99.995,232.342]",4083016,0.22624284094561464,,False,LOW_CONF,LOW_CONF,False
408,1600938562482553,11,0.19448455,"[53.313,194.465,103.526,261.874]",4083016,0.49538610746774014,,False,LOW_CONF,LOW_CONF,False
408,1600938562482553,12,0.17491785,"[690.915,409.432,716.024,431.831]",4083005,0.0,,False,LOW_CONF,LOW_CONF,False
408,1600938562482553,13,0.11458585,"[245.599,445.995,302.403,506.768]",4083005,0.0,,False,LOW_CONF,LOW_CONF,False
408,1600938562482553,14,0.11442824,"[58.326,194.829,96.643,223.064]",4083016,0.15606195632978992,,False,LOW_CONF,LOW_CONF,False
408,1600938562482553,15,0.11001989,"[0.524,455.838,31.129,478.848]",4083005,0.0,,False,LOW_CONF,LOW_CONF,False
408,1600938562482553,16,0.06926562,"[222.326,103.065,255.672,152.57]",4083024,0.7708062739529811,,False,LOW_CONF,LOW_CONF,False
408,1600938562482553,17,0.05907911,"[684.455,783.908,719.422,838.821]",4083005,0.0,,False,LOW_CONF,LOW_CONF,False
408,1600938562482553,18,0.05792642,"[23.93,254.819,58.034,286.175]",4083016,0.11940209485963223,,False,LOW_CONF,LOW_CONF,False
408,1600938562482553,19,0.05386087,"[65.345,202.971,103.672,263.241]",4083016,0.3499951954545454,,False,LOW_CONF,LOW_CONF,False
408,1600938562549214,0,0.88346428,"[225.817,233.446,299.831,317.641]",4083017,0.8893404780933355,4083017,True,MATCHED,MATCHED,True
408,1600938562549214,1,0.87294328,"[81.038,176.673,125.554,233.515]",4083013,0.9074367695278427,4083013,True,MATCHED,MATCHED,True
408,1600938562549214,2,0.84218103,"[205.664,205.986,263.741,244.909]",4083019,0.8727707787046992,4083019,True,MATCHED,MATCHED,True
408,1600938562549214,3,0.83498472,"[202.431,103.858,237.918,152.758]",4083024,0.8984537575028367,4083024,True,MATCHED,MATCHED,True
408,1600938562549214,4,0.78871256,"[38.875,234.889,86.954,289.07]",4083016,0.37389910686662997,,False,IOU_BELOW_0_5,IOU_BELOW_0_5,False
408,1600938562549214,5,0.75560492,"[0.297,670.241,29.252,749.852]",4083005,0.7852707987020461,4083005,True,MATCHED,MATCHED,True
408,1600938562549214,6,0.36145049,"[41.049,197.971,82.427,230.454]",4083016,0.2151218908450705,,False,IOU_BELOW_0_5,IOU_BELOW_0_5,False
408,1600938562549214,7,0.33016878,"[689.656,109.001,718.574,182.325]",4083005,0.0,,False,NO_GT_OVERLAP,NO_GT_OVERLAP,False
408,1600938562549214,8,0.29597613,"[229.978,138.436,251.697,159.891]",4083029,0.5861255655418587,,False,LOW_CONF,LOW_CONF,False
408,1600938562549214,9,0.241992,"[0.122,456.455,24.74,478.661]",4083005,0.0,,False,LOW_CONF,LOW_CONF,False
408,1600938562549214,10,0.23377655,"[159.951,570.989,230.226,642.29]",4083006,0.9651348732055196,,False,LOW_CONF,LOW_CONF,False
408,1600938562549214,11,0.21433195,"[672.239,772.869,719.73,841.37]",4083005,0.0,,False,LOW_CONF,LOW_CONF,False
408,1600938562549214,12,0.19330512,"[39.373,196.478,87.876,242.797]",4083016,0.35408561953778533,,False,LOW_CONF,LOW_CONF,False
408,1600938562549214,13,0.1494291,"[40.883,196.706,76.546,221.441]",4083016,0.1392732256869373,,False,LOW_CONF,LOW_CONF,False
408,1600938562549214,14,0.12927021,"[682.151,410.802,702.571,432.684]",4083005,0.0,,False,LOW_CONF,LOW_CONF,False
408,1600938562549214,15,0.09754492,"[683.622,409.856,717.262,432.771]",4083005,0.0,,False,LOW_CONF,LOW_CONF,False
408,1600938562615874,0,0.90674204,"[214.323,233.445,287.242,318.679]",4083017,0.8719038652343375,4083017,True,MATCHED,MATCHED,True
408,1600938562615874,1,0.87643188,"[65.582,177.84,110.182,233.994]",4083013,0.8807778878681156,4083013,True,MATCHED,MATCHED,True
408,1600938562615874,2,0.83782464,"[189.685,106.15,225.233,152.676]",4083024,0.9548012796331872,4083024,True,MATCHED,MATCHED,True
408,1600938562615874,3,0.82824373,"[191.059,208.536,251.538,245.901]",4083019,0.863212593943001,4083019,True,MATCHED,MATCHED,True
408,1600938562615874,4,0.80088615,"[22.994,233.845,71.012,290.08]",4083016,0.39402342615918334,,False,IOU_BELOW_0_5,IOU_BELOW_0_5,False
408,1600938562615874,5,0.59258533,"[693.004,48.106,719.624,92.781]",4083031,0.6013918711403478,4083031,True,MATCHED,MATCHED,True
408,1600938562615874,6,0.51058322,"[0.0,674.017,20.147,743.972]",4083005,0.37037473660866277,,False,IOU_BELOW_0_5,IOU_BELOW_0_5,False
408,1600938562615874,7,0.35343736,"[150.023,570.238,221.057,643.822]",4083006,0.9589327192362345,4083006,True,MATCHED,MATCHED,True
408,1600938562615874,8,0.32889277,"[226.936,446.986,285.076,508.721]",4083005,0.0,,False,NO_GT_OVERLAP,NO_GT_OVERLAP,False
408,1600938562615874,9,0.28154737,"[219.981,139.312,240.36,160.22]",4083029,0.7489895432702178,,False,LOW_CONF,LOW_CONF,False
408,1600938562615874,10,0.23883621,"[673.22,410.367,715.957,433.948]",4083005,0.0,,False,LOW_CONF,LOW_CONF,False
408,1600938562615874,11,0.21494974,"[20.791,197.662,65.024,231.203]",4083016,0.23784291689267778,,False,LOW_CONF,LOW_CONF,False
408,1600938562615874,12,0.20955712,"[20.483,196.814,71.672,251.162]",4083016,0.4374596389529837,,False,LOW_CONF,LOW_CONF,False
408,1600938562615874,13,0.1298825,"[658.846,779.869,718.91,843.093]",4083005,0.0,,False,LOW_CONF,LOW_CONF,False
408,1600938562615874,14,0.11691861,"[681.611,122.027,700.14,180.406]",4083005,0.0,,False,LOW_CONF,LOW_CONF,False
408,1600938562615874,15,0.07774605,"[669.924,411.178,689.83,431.711]",4083005,0.0,,False,LOW_CONF,LOW_CONF,False
408,1600938562615874,16,0.07536037,"[20.491,196.317,58.271,225.653]",4083016,0.1678663586199291,,False,LOW_CONF,LOW_CONF,False
408,1600938562615874,17,0.05187356,"[219.422,139.97,240.801,171.509]",4083029,0.4871181293843059,,False,LOW_CONF,LOW_CONF,False
408,1600938562682535,0,0.88408858,"[197.803,233.762,274.039,319.254]",4083017,0.9073590605223966,4083017,True,MATCHED,MATCHED,True
408,1600938562682535,1,0.87202221,"[48.684,177.999,93.692,234.76]",4083013,0.9003826826962802,4083013,True,MATCHED,MATCHED,True
408,1600938562682535,2,0.83646226,"[175.432,105.465,211.129,152.14]",4083024,0.9293653743591576,4083024,True,MATCHED,MATCHED,True
408,1600938562682535,3,0.8276217,"[176.267,207.157,239.519,246.266]",4083019,0.8609085554739702,4083019,True,MATCHED,MATCHED,True
408,1600938562682535,4,0.81867492,"[217.458,445.874,276.269,509.057]",4083006,0.0,,False,NO_GT_OVERLAP,NO_GT_OVERLAP,False
408,1600938562682535,5,0.75993598,"[9.528,237.404,55.595,289.799]",4083016,0.48719646893417434,,False,IOU_BELOW_0_5,IOU_BELOW_0_5,False
408,1600938562682535,6,0.65760046,"[685.648,40.577,719.807,101.548]",4083031,0.9141754366479203,4083031,True,MATCHED,MATCHED,True
408,1600938562682535,7,0.49676582,"[6.375,219.314,55.745,289.103]",4083016,0.7199097656692806,,False,GREEDY_MATCH_CONFLICT,GREEDY_MATCH_CONFLICT,False
408,1600938562682535,8,0.36825913,"[2.681,195.844,46.913,231.634]",4083016,0.263873456160582,,False,IOU_BELOW_0_5,IOU_BELOW_0_5,False
408,1600938562682535,9,0.33970943,"[2.53,196.973,58.008,287.641]",4083016,0.8787137802151835,4083016,True,MATCHED,MATCHED,True
408,1600938562682535,10,0.25198406,"[175.767,190.455,241.39,246.592]",4083019,0.5986039841352887,,False,LOW_CONF,LOW_CONF,False
408,1600938562682535,11,0.22347039,"[206.757,139.303,225.686,163.037]",4083029,0.6738547138085669,,False,LOW_CONF,LOW_CONF,False
408,1600938562682535,12,0.18164736,"[646.333,783.203,714.693,844.486]",4083006,0.0,,False,LOW_CONF,LOW_CONF,False
408,1600938562682535,13,0.17240603,"[684.423,408.709,718.382,452.485]",4083006,0.0,,False,LOW_CONF,LOW_CONF,False
408,1600938562682535,14,0.10935185,"[2.576,195.768,30.846,215.208]",4083016,0.07646650541656322,,False,LOW_CONF,LOW_CONF,False
408,1600938562682535,15,0.09182706,"[670.88,409.605,713.639,436.582]",4083006,0.0,,False,LOW_CONF,LOW_CONF,False
408,1600938562682535,16,0.08162743,"[665.795,411.427,688.703,432.565]",4083006,0.0,,False,LOW_CONF,LOW_CONF,False
408,1600938562682535,17,0.07990062,"[204.185,125.112,224.954,157.885]",4083029,0.4501578023117899,,False,LOW_CONF,LOW_CONF,False
408,1600938562682535,18,0.07319693,"[707.675,408.669,720.0,455.667]",4083006,0.0,,False,LOW_CONF,LOW_CONF,False
408,1600938562682535,19,0.0707452,"[263.761,457.036,338.705,538.886]",4083006,0.0,,False,LOW_CONF,LOW_CONF,False
408,1600938562682535,20,0.05485921,"[4.937,194.814,39.822,224.541]",4083016,0.17082900475828072,,False,LOW_CONF,LOW_CONF,False
408,1600938562749196,0,0.87741202,"[184.798,232.965,260.274,319.949]",4083017,0.8920114652173914,4083017,True,MATCHED,MATCHED,True
408,1600938562749196,1,0.87222028,"[33.922,178.895,77.628,234.268]",4083013,0.9102886375956452,4083013,True,MATCHED,MATCHED,True
408,1600938562749196,2,0.86294311,"[207.859,446.278,264.828,510.203]",4083006,0.0,,False,NO_GT_OVERLAP,NO_GT_OVERLAP,False
408,1600938562749196,3,0.82908642,"[160.653,107.413,195.615,152.835]",4083024,0.9271837998410338,4083024,True,MATCHED,MATCHED,True
408,1600938562749196,4,0.80912185,"[0.181,209.135,41.53,290.06]",4083016,0.8514124280144815,4083016,True,MATCHED,MATCHED,True
408,1600938562749196,5,0.80304998,"[162.484,209.049,225.418,246.308]",4083019,0.5955599814330816,4083019,True,MATCHED,MATCHED,True
408,1600938562749196,6,0.68289083,"[673.869,35.768,720.0,101.875]",4083031,0.8768966588863643,4083031,True,MATCHED,MATCHED,True
408,1600938562749196,7,0.4477039,"[0.249,231.924,40.546,290.187]",4083016,0.5866104572461475,,False,GREEDY_MATCH_CONFLICT,GREEDY_MATCH_CONFLICT,False
408,1600938562749196,8,0.43696201,"[191.03,139.662,213.005,163.991]",4083029,0.6919219481899708,4083029,True,MATCHED,MATCHED,True
408,1600938562749196,9,0.25357813,"[710.636,124.971,720.0,192.77]",4083034,0.5627603277450947,,False,LOW_CONF,LOW_CONF,False
408,1600938562749196,10,0.22038636,"[658.697,411.81,679.621,433.739]",4083006,0.0,,False,LOW_CONF,LOW_CONF,False
408,1600938562749196,11,0.16334623,"[189.51,139.412,212.994,173.994]",4083029,0.47858830601879115,,False,LOW_CONF,LOW_CONF,False
408,1600938562749196,12,0.15747629,"[699.074,382.293,718.224,437.706]",4083006,0.0,,False,LOW_CONF,LOW_CONF,False
408,1600938562749196,13,0.15132739,"[252.848,458.438,328.785,535.323]",4083006,0.0,,False,LOW_CONF,LOW_CONF,False
408,1600938562749196,14,0.12310544,"[187.467,142.369,203.61,177.884]",4083029,0.2470314913577653,,False,LOW_CONF,LOW_CONF,False
408,1600938562749196,15,0.1119839,"[126.751,571.91,196.861,642.285]",4083006,0.9364103299959577,,False,LOW_CONF,LOW_CONF,False
408,1600938562749196,16,0.10763843,"[186.696,123.804,212.373,159.548]",4083029,0.486557160203481,,False,LOW_CONF,LOW_CONF,False
408,1600938562749196,17,0.09625936,"[703.022,4.76,719.671,37.059]",4083006,0.0,,False,LOW_CONF,LOW_CONF,False
408,1600938562749196,18,0.07586467,"[702.263,125.032,717.551,188.712]",4083034,0.39349171785295795,,False,LOW_CONF,LOW_CONF,False
408,1600938562749196,19,0.07383653,"[162.188,185.428,226.256,246.525]",4083019,0.907256642950815,,False,LOW_CONF,LOW_CONF,False
408,1600938562749196,20,0.07257686,"[23.471,309.89,48.469,334.077]",4083006,0.0,,False,LOW_CONF,LOW_CONF,False
408,1600938562749196,21,0.06313924,"[703.248,379.851,720.0,435.855]",4083006,0.0,,False,LOW_CONF,LOW_CONF,False
408,1600938562749196,22,0.06064984,"[17.877,156.969,47.381,180.236]",4083013,0.004566583524678736,,False,LOW_CONF,LOW_CONF,False
408,1600938562749196,23,0.05784955,"[199.557,381.649,264.659,444.998]",4083006,0.0,,False,LOW_CONF,LOW_CONF,False
408,1600938562749196,24,0.05216167,"[24.295,147.303,59.895,179.856]",4083013,0.005767519602261242,,False,LOW_CONF,LOW_CONF,False
408,1600938562749196,25,0.05199146,"[59.048,96.526,86.241,129.308]",4083006,0.0,,False,LOW_CONF,LOW_CONF,False
408,1600938562815857,0,0.90213329,"[171.642,238.2,248.185,322.857]",4083017,0.8709544020161294,4083017,True,MATCHED,MATCHED,True
408,1600938562815857,1,0.877738,"[18.329,182.252,61.186,234.589]",4083013,0.8305100941935873,4083013,True,MATCHED,MATCHED,True
408,1600938562815857,2,0.81926,"[658.9,37.733,717.298,101.712]",4083031,0.8786920774791142,4083031,True,MATCHED,MATCHED,True
408,1600938562815857,3,0.807235,"[148.861,210.399,209.17,249.374]",4083019,0.5902037063170196,4083019,True,MATCHED,MATCHED,True
408,1600938562815857,4,0.80520624,"[145.944,108.806,179.742,154.739]",4083024,0.888062371094583,4083024,True,MATCHED,MATCHED,True
408,1600938562815857,5,0.76421303,"[0.001,233.759,25.965,290.432]",4083016,0.6595869077238188,4083016,True,MATCHED,MATCHED,True
408,1600938562815857,6,0.69542634,"[693.986,113.537,719.942,199.839]",4083034,0.8816748936621505,4083034,True,MATCHED,MATCHED,True
408,1600938562815857,7,0.63518041,"[176.734,140.273,199.792,164.696]",4083029,0.7028607749490006,4083029,True,MATCHED,MATCHED,True
408,1600938562815857,8,0.40721598,"[201.127,446.9,256.619,509.697]",4083006,0.0,,False,NO_GT_OVERLAP,NO_GT_OVERLAP,False
408,1600938562815857,9,0.32605836,"[698.365,2.398,719.001,48.0]",4083031,0.034790577809182904,,False,IOU_BELOW_0_5,IOU_BELOW_0_5,False
408,1600938562815857,10,0.21606679,"[113.923,573.17,186.647,643.237]",4083006,0.9289648513643188,,False,LOW_CONF,LOW_CONF,False
408,1600938562815857,11,0.15399767,"[7.907,309.878,29.639,336.498]",4083006,0.0,,False,LOW_CONF,LOW_CONF,False
408,1600938562815857,12,0.0942561,"[153.26,50.995,171.588,65.15]",4083006,0.0,,False,LOW_CONF,LOW_CONF,False
408,1600938562815857,13,0.09386886,"[647.832,413.01,670.151,434.21]",4083006,0.0,,False,LOW_CONF,LOW_CONF,False
408,1600938562882516,0,0.88860154,"[163.637,239.1,234.309,322.309]",4083017,0.7806380523031996,4083017,True,MATCHED,MATCHED,True
408,1600938562882516,1,0.8760556,"[2.486,182.101,48.005,234.675]",4083013,0.9253542546315793,4083013,True,MATCHED,MATCHED,True
408,1600938562882516,2,0.87434697,"[641.084,39.572,703.764,102.215]",4083031,0.9336295108120934,4083031,True,MATCHED,MATCHED,True
408,1600938562882516,3,0.80276299,"[678.347,116.059,719.475,206.204]",4083034,0.9044795575022312,4083034,True,MATCHED,MATCHED,True
408,1600938562882516,4,0.78780031,"[133.633,110.647,165.563,154.036]",4083024,0.8017423437499994,4083024,True,MATCHED,MATCHED,True
408,1600938562882516,5,0.78756911,"[135.212,210.433,196.524,250.329]",4083019,0.5977770166177911,4083019,True,MATCHED,MATCHED,True
408,1600938562882516,6,0.72727615,"[162.248,139.886,185.566,164.907]",4083029,0.7024423218218566,4083029,True,MATCHED,MATCHED,True
408,1600938562882516,7,0.65288639,"[101.919,573.772,175.654,644.54]",4083006,0.9541030677480961,4083006,True,MATCHED,MATCHED,True
408,1600938562882516,8,0.45369154,"[191.688,446.989,246.772,509.685]",4083006,0.0,,False,NO_GT_OVERLAP,NO_GT_OVERLAP,False
408,1600938562882516,9,0.22668466,"[0.0,243.323,13.96,291.647]",4083016,0.6060765845708085,,False,LOW_CONF,LOW_CONF,False
408,1600938562882516,10,0.18970045,"[1.382,146.799,26.558,183.571]",4083013,0.017640079847136645,,False,LOW_CONF,LOW_CONF,False
408,1600938562882516,11,0.10674596,"[0.0,238.125,18.372,289.256]",4083016,0.5508745421213699,,False,LOW_CONF,LOW_CONF,False
408,1600938562882516,12,0.09594287,"[136.611,184.805,198.645,250.482]",4083019,0.9388809690508405,,False,LOW_CONF,LOW_CONF,False
408,1600938562882516,13,0.0830071,"[702.555,84.106,719.932,119.654]",4083034,0.01926290290683817,,False,LOW_CONF,LOW_CONF,False
408,1600938562882516,14,0.07669643,"[701.741,1.569,719.925,31.272]",4083037,0.2110644611748705,,False,LOW_CONF,LOW_CONF,False
408,1600938562882516,15,0.06970341,"[135.836,115.168,176.192,158.249]",4083024,0.6410418548907605,,False,LOW_CONF,LOW_CONF,False
408,1600938562882516,16,0.05086671,"[710.243,237.887,720.0,257.777]",4083006,0.0,,False,LOW_CONF,LOW_CONF,False
408,1600938562949177,0,0.90060532,"[148.108,237.176,221.726,321.043]",4083017,0.8388751095108696,4083017,True,MATCHED,MATCHED,True
408,1600938562949177,1,0.87641054,"[628.547,39.645,689.123,102.102]",4083031,0.8610660492422341,4083031,True,MATCHED,MATCHED,True
408,1600938562949177,2,0.84920979,"[664.575,118.282,719.688,206.895]",4083034,0.9373781865187015,4083034,True,MATCHED,MATCHED,True
408,1600938562949177,3,0.83558524,"[0.0,182.778,32.433,234.529]",4083013,0.9017073993878828,4083013,True,MATCHED,MATCHED,True
408,1600938562949177,4,0.83402413,"[117.717,109.506,152.89,154.345]",4083024,0.8685733125925748,4083024,True,MATCHED,MATCHED,True
408,1600938562949177,5,0.78664088,"[120.118,187.068,182.788,248.523]",4083019,0.8981774370335821,4083019,True,MATCHED,MATCHED,True
408,1600938562949177,6,0.60812122,"[182.055,446.307,237.199,507.982]",4083006,0.0,,False,NO_GT_OVERLAP,NO_GT_OVERLAP,False
408,1600938562949177,7,0.48615429,"[93.443,572.762,164.041,644.856]",4083006,0.960994480020359,4083006,True,MATCHED,MATCHED,True
408,1600938562949177,8,0.48496553,"[689.925,1.413,718.051,31.012]",4083037,0.6893679971589421,4083037,True,MATCHED,MATCHED,True
408,1600938562949177,9,0.47283226,"[150.251,139.402,171.023,163.801]",4083029,0.704397612302822,4083029,True,MATCHED,MATCHED,True
408,1600938562949177,10,0.28975445,"[688.156,81.294,720.0,124.005]",4083034,0.041593432287499725,,False,LOW_CONF,LOW_CONF,False
408,1600938562949177,11,0.12811562,"[713.362,214.429,720.0,255.078]",4083006,0.0,,False,LOW_CONF,LOW_CONF,False
408,1600938562949177,12,0.11825078,"[135.839,259.666,160.337,294.344]",4083017,0.08396088923746012,,False,LOW_CONF,LOW_CONF,False
408,1600938562949177,13,0.10946783,"[636.756,125.447,654.696,176.182]",4083006,0.0,,False,LOW_CONF,LOW_CONF,False
408,1600938562949177,14,0.09122936,"[699.599,81.4,720.0,118.811]",4083034,0.009858877554429345,,False,LOW_CONF,LOW_CONF,False
408,1600938562949177,15,0.08730376,"[703.343,211.464,718.915,250.317]",4083006,0.0,,False,LOW_CONF,LOW_CONF,False
408,1600938562949177,16,0.06883605,"[702.418,216.714,719.094,256.723]",4083006,0.0,,False,LOW_CONF,LOW_CONF,False
408,1600938562949177,17,0.06627454,"[637.536,126.175,663.999,177.33]",4083006,0.0,,False,LOW_CONF,LOW_CONF,False
408,1600938563015838,0,0.88665777,"[131.904,238.534,207.955,322.71]",4083017,0.8590538078368224,4083017,True,MATCHED,MATCHED,True
408,1600938563015838,1,0.88187897,"[615.746,39.872,675.108,103.166]",4083031,0.8879024269292481,4083031,True,MATCHED,MATCHED,True
408,1600938563015838,2,0.85390991,"[104.609,109.892,138.459,157.094]",4083024,0.8787881569019119,4083024,True,MATCHED,MATCHED,True
408,1600938563015838,3,0.84739816,"[650.309,117.107,719.09,206.151]",4083034,0.9487202194313465,4083034,True,MATCHED,MATCHED,True
408,1600938563015838,4,0.80851763,"[106.534,183.395,169.952,250.719]",4083019,0.9354775030226632,4083019,True,MATCHED,MATCHED,False
408,1600938563015838,5,0.7521534,"[674.336,81.596,720.0,122.085]",4083034,0.023229218600049846,,False,IOU_BELOW_0_5,IOU_BELOW_0_5,False
408,1600938563015838,6,0.63354665,"[174.697,447.164,230.823,509.556]",4083006,0.0,,False,NO_GT_OVERLAP,NO_GT_OVERLAP,False
408,1600938563015838,7,0.46886164,"[675.734,0.028,707.784,28.957]",4083037,0.5473585814276813,4083037,True,MATCHED,MATCHED,True
408,1600938563015838,8,0.45917773,"[0.747,197.621,18.536,235.976]",4083013,0.5768994956590434,4083013,True,MATCHED,MATCHED,True
408,1600938563015838,9,0.30062225,"[79.575,573.557,153.072,646.136]",4083006,0.9571198992381709,4083006,True,MATCHED,MATCHED,True
408,1600938563015838,10,0.28022841,"[136.003,141.569,157.265,162.299]",4083029,0.8472303824339487,,False,LOW_CONF,LOW_CONF,False
408,1600938563015838,11,0.19183636,"[662.545,0.381,708.119,30.293]",4083037,0.38396506451100526,,False,LOW_CONF,LOW_CONF,False
408,1600938563015838,12,0.1368628,"[700.341,163.52,719.447,220.914]",4083034,0.13185469225506383,,False,LOW_CONF,LOW_CONF,False
408,1600938563015838,13,0.0820476,"[641.288,0.0,708.528,28.786]",4083037,0.2835564654979273,,False,LOW_CONF,LOW_CONF,False
408,1600938563015838,14,0.06250715,"[122.331,268.758,141.202,291.837]",4083017,0.040181404974132945,,False,LOW_CONF,LOW_CONF,False
408,1600938563015838,15,0.05248939,"[134.869,143.028,157.279,170.339]",4083029,0.5832840727993149,,False,LOW_CONF,LOW_CONF,False
408,1600938563015838,16,0.05107129,"[70.692,747.879,87.13,766.722]",4083006,0.0,,False,LOW_CONF,LOW_CONF,False
408,1600938563082498,0,0.89279413,"[117.739,236.839,195.884,325.023]",4083017,0.9154904753707338,4083017,True,MATCHED,MATCHED,True
408,1600938563082498,1,0.86979491,"[92.897,111.104,124.911,158.022]",4083024,0.9122711392938762,4083024,True,MATCHED,MATCHED,True
408,1600938563082498,2,0.86768335,"[600.432,41.361,660.197,102.819]",4083031,0.8192130100761812,4083031,True,MATCHED,MATCHED,True
408,1600938563082498,3,0.84526485,"[634.328,118.699,719.71,208.313]",4083034,0.9407729074648226,4083034,True,MATCHED,MATCHED,True
408,1600938563082498,4,0.83530241,"[92.917,184.497,157.165,252.866]",4083019,0.9355862214296683,4083019,True,MATCHED,MATCHED,False
408,1600938563082498,5,0.70686513,"[655.48,81.373,719.434,125.014]",4083034,0.032033030687698465,,False,IOU_BELOW_0_5,IOU_BELOW_0_5,False
408,1600938563082498,6,0.54113084,"[667.603,0.0,694.712,28.106]",4083037,0.772589213223722,4083037,True,MATCHED,MATCHED,True
408,1600938563082498,7,0.36095956,"[69.652,575.368,142.506,646.579]",4083006,0.9602874115978872,4083006,True,MATCHED,MATCHED,True
408,1600938563082498,8,0.32161853,"[122.336,141.516,144.557,163.494]",4083029,0.6922241429282027,4083029,True,MATCHED,MATCHED,True
408,1600938563082498,9,0.19873576,"[618.89,127.115,635.438,183.548]",4083006,0.0,,False,LOW_CONF,LOW_CONF,False
408,1600938563082498,10,0.15815258,"[696.508,193.77,719.532,236.331]",4083040,0.37457814780420445,,False,LOW_CONF,LOW_CONF,False
408,1600938563082498,11,0.15185504,"[658.021,0.0,693.996,28.911]",4083037,0.6224127758874797,,False,LOW_CONF,LOW_CONF,False
408,1600938563082498,12,0.09895343,"[121.795,141.566,145.633,171.79]",4083029,0.5332312770821224,,False,LOW_CONF,LOW_CONF,False
408,1600938563082498,13,0.09036762,"[614.921,122.158,637.321,180.478]",4083034,0.008855939950336202,,False,LOW_CONF,LOW_CONF,False
409,1600938563149159,0,0.88623631,"[104.278,239.982,182.715,324.629]",4094336,0.8586098532277411,4094336,True,MATCHED,MATCHED,True
409,1600938563149159,1,0.88511217,"[585.677,42.037,644.766,102.807]",4094353,0.901860737941584,4094353,True,MATCHED,MATCHED,True
409,1600938563149159,2,0.8760879,"[77.257,111.091,110.428,157.279]",4094339,0.911965564285714,4094339,True,MATCHED,MATCHED,True
409,1600938563149159,3,0.82347161,"[621.122,119.51,716.695,208.006]",4094345,0.93102838026845,4094345,True,MATCHED,MATCHED,True
409,1600938563149159,4,0.81879431,"[78.106,184.532,143.605,252.722]",4094342,0.9463191967801867,4094342,True,MATCHED,MATCHED,True
409,1600938563149159,5,0.74154842,"[636.525,80.26,715.725,129.344]",4094345,0.061802203499329564,,False,IOU_BELOW_0_5,IOU_BELOW_0_5,False
409,1600938563149159,6,0.65961844,"[688.665,185.506,719.692,243.637]",4094346,0.7265083497004353,4094346,True,MATCHED,MATCHED,True
409,1600938563149159,7,0.64406878,"[651.464,0.0,680.585,29.403]",4094356,0.5068183936767526,4094356,True,MATCHED,MATCHED,True
409,1600938563149159,8,0.54768294,"[56.454,574.349,132.507,645.421]",4094334,0.935498030219645,4094334,True,MATCHED,MATCHED,True
409,1600938563149159,9,0.4279252,"[108.844,141.19,130.007,168.598]",4094350,0.633677027857838,4094350,True,MATCHED,MATCHED,True
409,1600938563149159,10,0.18570502,"[108.18,133.347,132.05,178.804]",4094350,0.36864368771090966,,False,LOW_CONF,LOW_CONF,False
409,1600938563149159,11,0.11860514,"[696.616,67.125,719.21,91.64]",4094334,0.0,,False,LOW_CONF,LOW_CONF,False
409,1600938563149159,12,0.07795064,"[633.444,0.0,679.984,32.824]",4094356,0.2774033311983019,,False,LOW_CONF,LOW_CONF,False
409,1600938563149159,13,0.07661546,"[690.091,68.655,719.202,94.307]",4094334,0.0,,False,LOW_CONF,LOW_CONF,False
409,1600938563149159,14,0.06761423,"[708.468,65.968,720.0,93.254]",4094334,0.0,,False,LOW_CONF,LOW_CONF,False
409,1600938563215820,0,0.89130086,"[94.118,241.339,171.002,324.642]",4094336,0.8084985489230062,4094336,True,MATCHED,MATCHED,True
409,1600938563215820,1,0.87065953,"[63.488,186.17,127.362,252.674]",4094342,0.9319319052551608,4094342,True,MATCHED,MATCHED,True
409,1600938563215820,2,0.86308163,"[63.357,111.896,99.46,157.99]",4094339,0.8646972324901064,4094339,True,MATCHED,MATCHED,True
409,1600938563215820,3,0.86011475,"[571.987,41.173,630.804,103.404]",4094353,0.8745437751961973,4094353,True,MATCHED,MATCHED,True
409,1600938563215820,4,0.83557838,"[606.989,118.818,703.914,207.516]",4094345,0.9111994689027556,4094345,True,MATCHED,MATCHED,True
409,1600938563215820,5,0.75491536,"[673.095,162.651,720.0,246.576]",4094346,0.8164912002186858,4094346,True,MATCHED,MATCHED,True
409,1600938563215820,6,0.74106693,"[43.882,573.524,119.681,644.352]",4094334,0.9523458792871494,4094334,True,MATCHED,MATCHED,True
409,1600938563215820,7,0.62813324,"[94.005,142.09,116.403,166.558]",4094350,0.729881371066974,4094350,True,MATCHED,MATCHED,True
409,1600938563215820,8,0.50274986,"[622.368,80.279,713.778,130.037]",4094359,0.10195491410893509,,False,IOU_BELOW_0_5,IOU_BELOW_0_5,False
409,1600938563215820,9,0.47960922,"[635.115,0.0,667.34,28.586]",4094356,0.5258589883614257,4094356,True,MATCHED,MATCHED,True
409,1600938563215820,10,0.40590224,"[701.336,109.928,720.0,154.592]",4094359,0.5227738814752789,4094359,True,MATCHED,MATCHED,True
409,1600938563215820,11,0.20894806,"[621.366,0.0,667.036,28.948]",4094356,0.36657740044463444,,False,LOW_CONF,LOW_CONF,False
409,1600938563215820,12,0.17600632,"[90.798,137.08,112.685,163.094]",4094350,0.5249592248894773,,False,LOW_CONF,LOW_CONF,False
409,1600938563215820,13,0.14177282,"[92.829,142.99,115.388,173.048]",4094350,0.5617117950822992,,False,LOW_CONF,LOW_CONF,False
409,1600938563215820,14,0.13206549,"[634.914,84.256,716.678,146.898]",4094345,0.15903760841121545,,False,LOW_CONF,LOW_CONF,False
409,1600938563215820,15,0.06831974,"[698.389,64.829,718.892,93.72]",4094359,0.1343995360976787,,False,LOW_CONF,LOW_CONF,False
409,1600938563282480,0,0.88993639,"[81.673,243.814,155.389,325.629]",4094336,0.7800339702294787,4094336,True,MATCHED,MATCHED,True
409,1600938563282480,1,0.8701368,"[558.519,42.453,617.371,107.2]",4094353,0.9274341650694861,4094353,True,MATCHED,MATCHED,True
409,1600938563282480,2,0.86021328,"[655.948,159.991,720.0,248.013]",4094346,0.8584627089964532,4094346,True,MATCHED,MATCHED,True
409,1600938563282480,3,0.85083389,"[50.74,187.181,114.135,255.362]",4094342,0.9260624093540757,4094342,True,MATCHED,MATCHED,True
409,1600938563282480,4,0.83124071,"[594.026,122.32,687.836,208.528]",4094345,0.914263097520511,4094345,True,MATCHED,MATCHED,True
409,1600938563282480,5,0.80962479,"[48.314,112.475,84.759,159.994]",4094339,0.8702134001172422,4094339,True,MATCHED,MATCHED,True
409,1600938563282480,6,0.64343995,"[684.771,94.621,720.0,157.035]",4094359,0.7232383947001384,4094359,True,MATCHED,MATCHED,True
409,1600938563282480,7,0.53529167,"[618.33,0.0,653.913,31.63]",4094356,0.5191509455817374,4094356,True,MATCHED,MATCHED,True
409,1600938563282480,8,0.51390976,"[602.288,83.907,682.615,132.286]",4094345,0.06293473352077704,,False,IOU_BELOW_0_5,IOU_BELOW_0_5,False
409,1600938563282480,9,0.46238595,"[601.147,83.014,707.327,140.581]",4094359,0.1559740964017648,,False,IOU_BELOW_0_5,IOU_BELOW_0_5,False
409,1600938563282480,10,0.43068764,"[33.487,574.261,108.363,646.135]",4094334,0.9602297977574866,4094334,True,MATCHED,MATCHED,True
409,1600938563282480,11,0.42625666,"[80.848,143.495,100.248,165.974]",4094350,0.8547709102812828,4094350,True,MATCHED,MATCHED,True
409,1600938563282480,12,0.1395494,"[80.008,144.885,100.359,175.155]",4094350,0.583276667361899,,False,LOW_CONF,LOW_CONF,False
409,1600938563282480,13,0.10739414,"[675.263,74.72,718.975,98.372]",4094359,0.19539600197459897,,False,LOW_CONF,LOW_CONF,False
409,1600938563282480,14,0.10690037,"[666.558,67.112,708.421,91.858]",4094359,0.07600700730084983,,False,LOW_CONF,LOW_CONF,False
409,1600938563282480,15,0.09982431,"[660.149,68.587,716.552,96.161]",4094359,0.13129017697595677,,False,LOW_CONF,LOW_CONF,False
409,1600938563282480,16,0.08085477,"[624.128,69.796,705.846,97.379]",4094359,0.073002210612606,,False,LOW_CONF,LOW_CONF,False
409,1600938563349141,0,0.89614832,"[546.04,42.601,604.329,106.985]",4094353,0.9383431633413475,4094353,True,MATCHED,MATCHED,True
409,1600938563349141,1,0.87864089,"[67.417,246.018,143.489,326.269]",4094336,0.7861514958720326,4094336,True,MATCHED,MATCHED,True
409,1600938563349141,2,0.8577829,"[642.46,159.554,719.795,248.871]",4094346,0.8994572035877036,4094346,True,MATCHED,MATCHED,True
409,1600938563349141,3,0.84823239,"[576.749,122.721,670.396,210.63]",4094345,0.9138621384614163,4094345,True,MATCHED,MATCHED,True
409,1600938563349141,4,0.82499349,"[37.323,188.284,100.347,254.533]",4094342,0.9435239949983943,4094342,True,MATCHED,MATCHED,True
409,1600938563349141,5,0.78223395,"[34.974,113.669,70.197,160.275]",4094339,0.8591680285535611,4094339,True,MATCHED,MATCHED,True
409,1600938563349141,6,0.78103715,"[665.206,81.833,719.234,158.633]",4094359,0.8394905899654079,4094359,True,MATCHED,MATCHED,True
409,1600938563349141,7,0.66317487,"[23.853,575.189,98.149,645.683]",4094334,0.9279155730483865,4094334,True,MATCHED,MATCHED,True
409,1600938563349141,8,0.49020937,"[66.809,144.66,88.846,169.409]",4094350,0.7601458194223432,4094350,True,MATCHED,MATCHED,True
409,1600938563349141,9,0.44032377,"[603.868,0.052,639.477,31.187]",4094356,0.549800249016231,4094356,True,MATCHED,MATCHED,True
409,1600938563349141,10,0.38224861,"[588.324,84.448,669.279,132.137]",4094345,0.055290799557482145,,False,IOU_BELOW_0_5,IOU_BELOW_0_5,False
409,1600938563349141,11,0.2212197,"[641.256,80.27,719.331,157.698]",4094359,0.5813842111194026,,False,LOW_CONF,LOW_CONF,False
409,1600938563349141,12,0.21610829,"[651.931,69.146,693.586,92.152]",4094359,0.05376266856939476,,False,LOW_CONF,LOW_CONF,False
409,1600938563349141,13,0.1715567,"[0.232,721.878,21.12,770.655]",4094334,0.0,,False,LOW_CONF,LOW_CONF,False
409,1600938563349141,14,0.13266449,"[590.419,81.472,679.958,113.897]",4094353,0.0481838395282468,,False,LOW_CONF,LOW_CONF,False
409,1600938563349141,15,0.10828377,"[589.426,0.0,640.655,32.203]",4094356,0.4308822912545169,,False,LOW_CONF,LOW_CONF,False
409,1600938563349141,16,0.09964261,"[651.208,76.314,714.168,100.843]",4094359,0.18729037062473278,,False,LOW_CONF,LOW_CONF,False
409,1600938563349141,17,0.0930915,"[587.128,90.912,643.798,124.389]",4094353,0.04613695199253401,,False,LOW_CONF,LOW_CONF,False
409,1600938563349141,18,0.09259078,"[641.442,69.312,686.864,94.09]",4094359,0.04147816044912171,,False,LOW_CONF,LOW_CONF,False
409,1600938563349141,19,0.07797008,"[698.211,440.985,719.829,488.15]",4094334,0.0,,False,LOW_CONF,LOW_CONF,False
409,1600938563349141,20,0.07244883,"[65.254,148.269,90.006,188.381]",4094350,0.3309944369880443,,False,LOW_CONF,LOW_CONF,False
409,1600938563349141,21,0.06433584,"[0.643,79.104,16.672,97.541]",4094334,0.0,,False,LOW_CONF,LOW_CONF,False
409,1600938563349141,22,0.05901526,"[67.898,141.972,92.373,181.195]",4094350,0.43750778171393007,,False,LOW_CONF,LOW_CONF,False
409,1600938563349141,23,0.05832069,"[711.228,597.499,720.0,619.489]",4094334,0.0,,False,LOW_CONF,LOW_CONF,False
409,1600938563415802,0,0.88398236,"[56.736,243.786,131.332,326.185]",4094336,0.76682730139412,4094336,True,MATCHED,MATCHED,True
409,1600938563415802,1,0.88274729,"[531.296,42.928,589.265,107.155]",4094353,0.8695021766330425,4094353,True,MATCHED,MATCHED,True
409,1600938563415802,2,0.86996347,"[626.655,158.085,717.139,248.965]",4094346,0.869679681551942,4094346,True,MATCHED,MATCHED,True
409,1600938563415802,3,0.81040472,"[23.017,187.426,86.358,254.429]",4094342,0.9459162020232299,4094342,True,MATCHED,MATCHED,True
409,1600938563415802,4,0.79506439,"[629.867,80.011,712.361,158.159]",4094359,0.6248824445179685,4094359,True,MATCHED,MATCHED,True
409,1600938563415802,5,0.78702849,"[21.639,113.318,58.527,161.691]",4094339,0.7960479554259431,4094339,True,MATCHED,MATCHED,True
409,1600938563415802,6,0.78142917,"[564.678,125.069,656.886,211.341]",4094345,0.9224221447124299,4094345,True,MATCHED,MATCHED,True
409,1600938563415802,7,0.72187304,"[11.991,574.994,86.338,646.101]",4094334,0.9626666890572098,4094334,True,MATCHED,MATCHED,True
409,1600938563415802,8,0.62274641,"[587.686,0.086,627.393,35.418]",4094356,0.4571509711323929,,False,IOU_BELOW_0_5,IOU_BELOW_0_5,False
409,1600938563415802,9,0.53797394,"[565.784,87.906,609.761,125.491]",4094353,0.08647299158724445,,False,IOU_BELOW_0_5,IOU_BELOW_0_5,False
409,1600938563415802,10,0.38074678,"[54.168,147.741,76.002,172.984]",4094350,0.7334101855092637,4094350,True,MATCHED,MATCHED,True
409,1600938563415802,11,0.11472147,"[566.428,84.81,628.414,121.725]",4094353,0.08577295418968729,,False,LOW_CONF,LOW_CONF,False
409,1600938563415802,12,0.06070501,"[571.893,82.348,619.464,103.776]",4094353,0.06835826410820348,,False,LOW_CONF,LOW_CONF,False
409,1600938563415802,13,0.05820163,"[567.59,183.435,612.607,212.67]",4094345,0.1485887016719939,,False,LOW_CONF,LOW_CONF,False
409,1600938563415802,14,0.05559981,"[703.12,1089.843,719.427,1124.462]",4094334,0.0,,False,LOW_CONF,LOW_CONF,False
409,1600938563415802,15,0.05253188,"[49.221,156.497,77.712,190.949]",4094350,0.21468608538338915,,False,LOW_CONF,LOW_CONF,False
409,1600938563415802,16,0.05097728,"[572.815,82.486,613.292,109.593]",4094353,0.07851261919191047,,False,LOW_CONF,LOW_CONF,False
409,1600938563482462,0,0.88319886,"[39.728,242.535,118.613,327.205]",4094336,0.8416322428608844,4094336,True,MATCHED,MATCHED,True
409,1600938563482462,1,0.87354738,"[516.609,44.283,573.989,108.05]",4094353,0.9309595649118774,4094353,True,MATCHED,MATCHED,True
409,1600938563482462,2,0.86829197,"[612.511,159.948,704.391,249.802]",4094346,0.9017156087643894,4094346,True,MATCHED,MATCHED,True
409,1600938563482462,3,0.8158232,"[548.139,124.257,642.061,211.9]",4094345,0.9272468247866825,4094345,True,MATCHED,MATCHED,True
409,1600938563482462,4,0.80373746,"[7.853,116.752,43.429,162.061]",4094339,0.7843157733733371,4094339,True,MATCHED,MATCHED,True
409,1600938563482462,5,0.8016023,"[630.135,80.15,697.88,159.418]",4094359,0.7861686992331739,4094359,True,MATCHED,MATCHED,True
409,1600938563482462,6,0.71220052,"[3.287,574.554,77.105,645.633]",4094334,0.9185689995777423,4094334,True,MATCHED,MATCHED,True
409,1600938563482462,7,0.69136024,"[9.762,189.388,74.473,255.03]",4094342,0.9314378426689384,4094342,True,MATCHED,MATCHED,True
409,1600938563482462,8,0.42711887,"[42.15,148.422,63.539,172.965]",4094350,0.6430425714048629,4094350,True,MATCHED,MATCHED,True
409,1600938563482462,9,0.40220833,"[573.716,0.978,612.273,36.689]",4094356,0.48216479233421855,,False,IOU_BELOW_0_5,IOU_BELOW_0_5,False
409,1600938563482462,10,0.20078416,"[553.072,82.166,611.087,113.164]",4094353,0.10397382441693866,,False,LOW_CONF,LOW_CONF,False
409,1600938563482462,11,0.18687953,"[555.959,83.959,626.548,128.605]",4094353,0.06438868983320918,,False,LOW_CONF,LOW_CONF,False
409,1600938563482462,12,0.15450428,"[620.964,70.19,666.315,95.883]",4094359,0.06919318086102635,,False,LOW_CONF,LOW_CONF,False
409,1600938563482462,13,0.10478725,"[550.05,0.308,614.62,38.355]",4094356,0.33031928289996265,,False,LOW_CONF,LOW_CONF,False
409,1600938563482462,14,0.09909038,"[556.586,80.873,601.718,103.1]",4094353,0.08926501935609008,,False,LOW_CONF,LOW_CONF,False
409,1600938563482462,15,0.06873068,"[41.844,142.137,67.733,183.415]",4094350,0.3911491218390606,,False,LOW_CONF,LOW_CONF,False
409,1600938563482462,16,0.06113933,"[626.949,67.295,666.695,89.43]",4094359,0.0384280522389568,,False,LOW_CONF,LOW_CONF,False
409,1600938563482462,17,0.0566038,"[554.817,83.282,631.224,115.469]",4094353,0.07948221305417937,,False,LOW_CONF,LOW_CONF,False
409,1600938563549123,0,0.89477104,"[26.417,241.853,105.663,327.039]",4094336,0.8438406897351148,4094336,True,MATCHED,MATCHED,True
409,1600938563549123,1,0.85174161,"[594.742,159.818,689.634,250.747]",4094346,0.8696938530762821,4094346,True,MATCHED,MATCHED,True
409,1600938563549123,2,0.84708273,"[501.757,45.731,559.499,109.471]",4094353,0.9243371918170951,4094353,True,MATCHED,MATCHED,True
409,1600938563549123,3,0.83809501,"[0.846,189.318,60.483,255.925]",4094342,0.9507402967026359,4094342,True,MATCHED,MATCHED,True
409,1600938563549123,4,0.83287054,"[619.556,83.016,683.04,160.021]",4094359,0.8624033209555436,4094359,True,MATCHED,MATCHED,True
409,1600938563549123,5,0.80200124,"[532.465,126.597,624.25,211.747]",4094345,0.9074398718297576,4094345,True,MATCHED,MATCHED,True
409,1600938563549123,6,0.7659871,"[0.0,115.862,32.185,163.223]",4094339,0.7627445365499618,4094339,True,MATCHED,MATCHED,True
409,1600938563549123,7,0.71259695,"[2.314,573.341,64.707,644.49]",4094334,0.9189250037025894,4094334,True,MATCHED,MATCHED,True
409,1600938563549123,8,0.52119368,"[532.657,126.985,593.353,212.33]",4094345,0.6090829831864417,,False,GREEDY_MATCH_CONFLICT,GREEDY_MATCH_CONFLICT,False
409,1600938563549123,9,0.47995019,"[561.751,0.906,600.29,33.993]",4094356,0.6343271191003734,4094356,True,MATCHED,MATCHED,True
409,1600938563549123,10,0.38162827,"[26.854,144.392,51.173,172.058]",4094350,0.6534180221628003,4094350,True,MATCHED,MATCHED,True
409,1600938563549123,11,0.27230754,"[17.46,132.985,49.827,169.953]",4094350,0.42121335561645606,,False,LOW_CONF,LOW_CONF,False
409,1600938563549123,12,0.25561121,"[540.14,83.187,593.169,113.457]",4094353,0.09519007478739011,,False,LOW_CONF,LOW_CONF,False
409,1600938563549123,13,0.10165496,"[0.0,115.478,46.01,166.999]",4094339,0.5021243619222994,,False,LOW_CONF,LOW_CONF,False
409,1600938563549123,14,0.07343875,"[23.186,150.852,52.615,189.708]",4094350,0.33298670843590206,,False,LOW_CONF,LOW_CONF,False
409,1600938563549123,15,0.05677702,"[548.761,83.901,628.04,135.911]",4094345,0.052979351804375636,,False,LOW_CONF,LOW_CONF,False
409,1600938563549123,16,0.05125521,"[540.359,84.342,609.776,115.681]",4094353,0.07941238726443674,,False,LOW_CONF,LOW_CONF,False
409,1600938563615784,0,0.88675392,"[14.788,245.89,93.117,327.636]",4094336,0.7804505042035401,4094336,True,MATCHED,MATCHED,True
409,1600938563615784,1,0.85477132,"[584.248,162.478,673.05,250.342]",4094346,0.917890171959049,4094346,True,MATCHED,MATCHED,True
409,1600938563615784,2,0.85112983,"[604.33,83.013,666.937,161.654]",4094359,0.9253789636873229,4094359,True,MATCHED,MATCHED,True
409,1600938563615784,3,0.84220141,"[517.656,125.916,610.121,211.886]",4094345,0.9075082201560501,4094345,True,MATCHED,MATCHED,True
409,1600938563615784,4,0.83697885,"[487.993,46.375,545.154,109.418]",4094353,0.8973118070669653,4094353,True,MATCHED,MATCHED,True
409,1600938563615784,5,0.8061564,"[0.0,191.396,46.293,256.455]",4094342,0.9446726116466444,4094342,True,MATCHED,MATCHED,True
409,1600938563615784,6,0.62064052,"[1.567,575.035,52.477,645.233]",4094334,0.907683675080359,4094334,True,MATCHED,MATCHED,True
409,1600938563615784,7,0.51846856,"[546.447,0.606,586.223,33.483]",4094356,0.4817561426385796,,False,IOU_BELOW_0_5,IOU_BELOW_0_5,False
409,1600938563615784,8,0.48133278,"[0.683,125.648,35.268,172.586]",4094350,0.2981487555680588,,False,IOU_BELOW_0_5,IOU_BELOW_0_5,False
409,1600938563615784,9,0.44119045,"[2.722,138.892,37.265,174.374]",4094350,0.39489098335186446,,False,IOU_BELOW_0_5,IOU_BELOW_0_5,False
409,1600938563615784,10,0.27461097,"[0.0,121.39,30.41,166.961]",4094339,0.269012357914435,,False,LOW_CONF,LOW_CONF,False
409,1600938563615784,11,0.08864539,"[542.263,87.617,601.875,130.07]",4094345,0.006002192508888163,,False,LOW_CONF,LOW_CONF,False
409,1600938563615784,12,0.07296314,"[543.356,88.419,606.993,112.168]",4094334,0.0,,False,LOW_CONF,LOW_CONF,False
409,1600938563682444,0,0.88636351,"[3.758,246.263,80.802,327.895]",4094336,0.8083610533373952,4094336,True,MATCHED,MATCHED,True
409,1600938563682444,1,0.86179805,"[474.091,47.752,531.542,110.28]",4094353,0.9336238068725786,4094353,True,MATCHED,MATCHED,True
409,1600938563682444,2,0.85923165,"[588.554,83.697,652.297,162.543]",4094359,0.9077344910524882,4094359,True,MATCHED,MATCHED,True
409,1600938563682444,3,0.85254532,"[569.514,163.251,660.352,251.599]",4094346,0.8942020140085918,4094346,True,MATCHED,MATCHED,True
409,1600938563682444,4,0.82571548,"[0.02,193.404,31.541,255.471]",4094342,0.968346663283819,4094342,True,MATCHED,MATCHED,True
409,1600938563682444,5,0.82537103,"[501.944,126.711,594.412,212.784]",4094345,0.9052884932421289,4094345,True,MATCHED,MATCHED,True
409,1600938563682444,6,0.57541674,"[1.04,145.742,22.902,175.608]",4094350,0.734979509507727,4094350,True,MATCHED,MATCHED,True
409,1600938563682444,7,0.41698602,"[539.599,0.0,572.187,33.267]",4094356,0.6044953673588356,4094356,True,MATCHED,MATCHED,True
409,1600938563682444,8,0.22967201,"[0.1,577.259,42.312,643.818]",4094334,0.9469459076508251,,False,LOW_CONF,LOW_CONF,False
409,1600938563682444,9,0.09280622,"[84.369,449.015,127.166,508.134]",4094334,0.0,,False,LOW_CONF,LOW_CONF,False
409,1600938563682444,10,0.08593026,"[2.759,140.545,25.875,175.815]",4094350,0.5157041862208861,,False,LOW_CONF,LOW_CONF,False
409,1600938563682444,11,0.0739899,"[520.415,0.0,574.098,36.348]",4094356,0.42536469630189117,,False,LOW_CONF,LOW_CONF,False
409,1600938563682444,12,0.06411085,"[528.911,2.389,574.599,44.484]",4094356,0.40189507409023667,,False,LOW_CONF,LOW_CONF,False
409,1600938563749105,0,0.8886416,"[1.966,245.396,67.047,328.501]",4094336,0.8301234917903526,4094336,True,MATCHED,MATCHED,True
409,1600938563749105,1,0.86632925,"[557.457,163.469,647.465,250.627]",4094346,0.9365587435863864,4094346,True,MATCHED,MATCHED,True
409,1600938563749105,2,0.85978973,"[574.909,83.777,638.447,162.522]",4094359,0.9329024724687749,4094359,True,MATCHED,MATCHED,True
409,1600938563749105,3,0.84209877,"[461.203,48.022,518.061,108.566]",4094353,0.8812081373435137,4094353,True,MATCHED,MATCHED,True
409,1600938563749105,4,0.83514822,"[489.769,128.283,580.413,212.939]",4094345,0.9392360421052631,4094345,True,MATCHED,MATCHED,True
409,1600938563749105,5,0.64309859,"[0.0,198.954,18.454,252.64]",4094342,0.9099286811239332,4094342,True,MATCHED,MATCHED,True
409,1600938563749105,6,0.62697142,"[0.178,579.576,33.509,641.149]",4094334,0.9168289706995931,4094334,True,MATCHED,MATCHED,True
409,1600938563749105,7,0.51140064,"[520.919,1.073,560.512,34.237]",4094356,0.5266855898419381,4094356,True,MATCHED,MATCHED,True
409,1600938563749105,8,0.13885093,"[508.213,89.027,575.579,116.324]",4094353,0.041682340355653574,,False,LOW_CONF,LOW_CONF,False
409,1600938563749105,9,0.11221817,"[503.055,88.972,573.642,132.4]",4094353,0.05293610890034255,,False,LOW_CONF,LOW_CONF,False
409,1600938563749105,10,0.10379351,"[0.0,157.563,8.83,174.618]",4094350,0.3641371803180317,,False,LOW_CONF,LOW_CONF,False
409,1600938563749105,11,0.08608245,"[495.479,88.764,563.567,117.278]",4094353,0.10066978050036925,,False,LOW_CONF,LOW_CONF,False
409,1600938563749105,12,0.07700288,"[499.438,88.888,584.799,140.242]",4094345,0.08871701676049096,,False,LOW_CONF,LOW_CONF,False
409,1600938563749105,13,0.06022133,"[77.208,448.819,116.008,508.959]",4094334,0.0,,False,LOW_CONF,LOW_CONF,False
409,1600938563815766,0,0.8756218,"[0.173,247.465,55.736,328.348]",4094336,0.8778887442357396,4094336,True,MATCHED,MATCHED,True
409,1600938563815766,1,0.86957806,"[558.577,85.128,624.204,162.755]",4094359,0.9182152468076229,4094359,True,MATCHED,MATCHED,True
409,1600938563815766,2,0.8622486,"[539.329,163.302,633.601,251.966]",4094346,0.9006020029771667,4094346,True,MATCHED,MATCHED,True
409,1600938563815766,3,0.85236681,"[447.447,48.477,504.032,107.221]",4094353,0.9049648276194064,4094353,True,MATCHED,MATCHED,False
409,1600938563815766,4,0.70400709,"[475.254,129.987,555.201,215.264]",4094345,0.8117100517426051,4094345,True,MATCHED,MATCHED,True
409,1600938563815766,5,0.5715695,"[507.208,2.036,545.434,36.966]",4094356,0.48745880448908063,,False,IOU_BELOW_0_5,IOU_BELOW_0_5,False
409,1600938563815766,6,0.48932213,"[475.181,130.77,520.825,215.775]",4094345,0.4583787576614717,,False,IOU_BELOW_0_5,IOU_BELOW_0_5,False
409,1600938563815766,7,0.34651062,"[485.145,87.569,542.542,122.415]",4094353,0.076907229206972,,False,IOU_BELOW_0_5,IOU_BELOW_0_5,False
409,1600938563815766,8,0.27531064,"[482.441,88.26,536.01,116.081]",4094353,0.0975452928222724,,False,LOW_CONF,LOW_CONF,False
409,1600938563815766,9,0.23544221,"[0.094,589.729,22.359,635.998]",4094334,0.8081846640525542,,False,LOW_CONF,LOW_CONF,False
409,1600938563815766,10,0.23135178,"[473.858,99.079,566.817,211.526]",4094345,0.7032758003730353,,False,LOW_CONF,LOW_CONF,False
409,1600938563815766,11,0.0926359,"[478.666,88.281,566.056,143.344]",4094345,0.11341514308116711,,False,LOW_CONF,LOW_CONF,False
409,1600938563815766,12,0.07095652,"[67.678,448.707,103.192,509.862]",4094334,0.0,,False,LOW_CONF,LOW_CONF,False
409,1600938563882426,0,0.88275975,"[530.723,162.348,619.045,250.485]",4094346,0.9645140109292766,4094346,True,MATCHED,MATCHED,True
409,1600938563882426,1,0.86464781,"[540.74,84.558,608.834,162.836]",4094359,0.9030143864956865,4094359,True,MATCHED,MATCHED,True
409,1600938563882426,2,0.83011276,"[0.135,248.554,44.127,328.16]",4094336,0.9259471080121242,4094336,True,MATCHED,MATCHED,True
409,1600938563882426,3,0.81870031,"[433.218,47.901,488.68,104.23]",4094353,0.8601877861066548,4094353,True,MATCHED,MATCHED,False
409,1600938563882426,4,0.79711282,"[458.848,128.927,550.444,213.033]",4094345,0.9111499912477818,4094345,True,MATCHED,MATCHED,True
409,1600938563882426,5,0.56572592,"[493.06,1.504,532.363,36.701]",4094356,0.5161825532130118,4094356,True,MATCHED,MATCHED,True
409,1600938563882426,6,0.26421019,"[58.556,448.975,94.122,508.419]",4094334,0.0,,False,LOW_CONF,LOW_CONF,False
409,1600938563882426,7,0.1251916,"[462.686,88.763,526.302,115.481]",4094353,0.10703664406886203,,False,LOW_CONF,LOW_CONF,False
409,1600938563882426,8,0.11957251,"[467.573,88.742,535.98,124.082]",4094353,0.0714546739436918,,False,LOW_CONF,LOW_CONF,False
409,1600938563882426,9,0.10486262,"[456.536,88.187,497.393,110.885]",4094353,0.17550372654805604,,False,LOW_CONF,LOW_CONF,False
409,1600938563882426,10,0.10312484,"[474.482,89.617,534.838,112.831]",4094353,0.051230160177191265,,False,LOW_CONF,LOW_CONF,False
409,1600938563882426,11,0.09376087,"[460.169,89.961,550.551,161.374]",4094345,0.28287597649551566,,False,LOW_CONF,LOW_CONF,False
409,1600938563882426,12,0.07411009,"[491.742,213.538,514.974,256.74]",4094345,0.0011360348295681622,,False,LOW_CONF,LOW_CONF,False
409,1600938563949086,0,0.8800028,"[524.095,85.259,593.914,165.725]",4094359,0.8954074388233565,4094359,True,MATCHED,MATCHED,True
409,1600938563949086,1,0.8661024,"[509.909,162.671,603.863,251.344]",4094346,0.9161842255172441,4094346,True,MATCHED,MATCHED,True
409,1600938563949086,2,0.8252812,"[419.428,48.275,474.539,102.458]",4094353,0.8569115752488059,4094353,True,MATCHED,MATCHED,False
409,1600938563949086,3,0.78481048,"[0.0,255.778,29.339,325.939]",4094336,0.8514080571673398,4094336,True,MATCHED,MATCHED,True
409,1600938563949086,4,0.75358742,"[441.982,127.933,533.223,213.336]",4094345,0.892134788755944,4094345,True,MATCHED,MATCHED,True
409,1600938563949086,5,0.39365053,"[49.705,451.707,82.454,509.586]",4094336,0.0,,False,NO_GT_OVERLAP,NO_GT_OVERLAP,False
409,1600938563949086,6,0.31753352,"[485.697,1.754,519.427,34.435]",4094356,0.6897967802311302,4094356,True,MATCHED,MATCHED,True
409,1600938563949086,7,0.12909989,"[449.255,90.456,496.827,114.086]",4094353,0.09735046788766866,,False,LOW_CONF,LOW_CONF,False
409,1600938563949086,8,0.08464111,"[443.696,90.058,483.868,110.651]",4094353,0.1365877732852676,,False,LOW_CONF,LOW_CONF,False
409,1600938564015747,0,0.88583767,"[504.066,162.862,589.633,251.643]",4094346,0.9457679007918155,4094346,True,MATCHED,MATCHED,True
409,1600938564015747,1,0.85397434,"[508.976,84.984,580.024,165.663]",4094359,0.9057192562216492,4094359,True,MATCHED,MATCHED,True
409,1600938564015747,2,0.80512005,"[428.537,130.601,520.096,215.658]",4094345,0.9104201382978725,4094345,True,MATCHED,MATCHED,True
409,1600938564015747,3,0.79968351,"[406.065,48.853,461.941,103.299]",4094353,0.8641401538699809,4094353,True,MATCHED,MATCHED,True
409,1600938564015747,4,0.70444292,"[0.0,271.702,21.573,321.612]",4094336,0.7168974331657638,4094336,True,MATCHED,MATCHED,True
409,1600938564015747,5,0.54299247,"[473.286,1.346,505.764,37.551]",4094356,0.5987076809662637,4094356,True,MATCHED,MATCHED,True
409,1600938564015747,6,0.36698675,"[40.119,457.359,66.878,511.682]",4094336,0.0,,False,NO_GT_OVERLAP,NO_GT_OVERLAP,False
409,1600938564015747,7,0.06939909,"[458.991,0.0,506.368,39.228]",4094356,0.37879909748274015,,False,LOW_CONF,LOW_CONF,False
409,1600938564015747,8,0.06059114,"[422.696,92.793,462.468,115.165]",4094353,0.16874021396181024,,False,LOW_CONF,LOW_CONF,False
409,1600938564015747,9,0.05656284,"[434.101,92.739,474.693,114.904]",4094353,0.11295682516921267,,False,LOW_CONF,LOW_CONF,False
409,1600938564082407,0,0.874798,"[490.851,166.328,576.149,255.079]",4094346,0.9295355132724891,4094346,True,MATCHED,MATCHED,True
409,1600938564082407,1,0.87002462,"[495.175,88.785,566.714,168.953]",4094359,0.8288270483522396,4094359,True,MATCHED,MATCHED,True
409,1600938564082407,2,0.8502351,"[395.007,49.304,450.239,101.888]",4094353,0.8417021859030586,4094353,True,MATCHED,MATCHED,False
409,1600938564082407,3,0.83147103,"[415.7,129.196,506.33,218.108]",4094345,0.8758401857650157,4094345,True,MATCHED,MATCHED,True
409,1600938564082407,4,0.50239682,"[466.029,7.348,493.326,40.168]",4094356,0.6237386522837504,4094356,True,MATCHED,MATCHED,True
409,1600938564082407,5,0.30215195,"[398.343,93.515,452.57,137.935]",4094353,0.1595340694913229,,False,IOU_BELOW_0_5,IOU_BELOW_0_5,False
409,1600938564082407,6,0.28996399,"[32.688,463.742,53.219,506.563]",4094336,0.0,,False,LOW_CONF,LOW_CONF,False
409,1600938564082407,7,0.13279864,"[2.527,280.729,16.561,305.531]",4094336,0.34412376715149773,,False,LOW_CONF,LOW_CONF,False
409,1600938564082407,8,0.08470767,"[23.411,527.216,50.553,556.952]",4094336,0.0,,False,LOW_CONF,LOW_CONF,False
409,1600938564082407,9,0.08422156,"[0.0,279.418,12.695,308.376]",4094336,0.6231126711700461,,False,LOW_CONF,LOW_CONF,False
409,1600938564082407,10,0.07917207,"[439.41,389.818,483.832,442.948]",4094336,0.0,,False,LOW_CONF,LOW_CONF,False
409,1600938564082407,11,0.07364095,"[402.767,93.266,454.616,126.946]",4094353,0.17039836897232177,,False,LOW_CONF,LOW_CONF,False
409,1600938564082407,12,0.05393997,"[460.304,2.37,492.889,40.972]",4094356,0.5565068421681477,,False,LOW_CONF,LOW_CONF,False
409,1600938564149068,0,0.89343941,"[482.256,82.54,556.794,162.543]",4094359,0.9010745747575971,4094359,True,MATCHED,MATCHED,True
409,1600938564149068,1,0.84206146,"[466.568,160.084,567.372,250.361]",4094346,0.8786491009001817,4094346,True,MATCHED,MATCHED,True
409,1600938564149068,2,0.81382602,"[403.372,127.888,493.317,212.121]",4094345,0.8484140184770436,4094345,True,MATCHED,MATCHED,True
409,1600938564149068,3,0.80813706,"[381.22,44.935,436.714,95.798]",4094353,0.9145060210636489,4094353,True,MATCHED,MATCHED,True
409,1600938564149068,4,0.16038883,"[453.694,0.993,480.929,31.257]",4094356,0.6403989880015809,,False,LOW_CONF,LOW_CONF,False
409,1600938564149068,5,0.06244252,"[439.021,0.178,481.606,32.192]",4094356,0.4041615613763086,,False,LOW_CONF,LOW_CONF,False
409,1600938564149068,6,0.05664014,"[418.727,89.881,483.273,111.926]",4094353,0.025373549220224827,,False,LOW_CONF,LOW_CONF,False
409,1600938564215729,0,0.8819223,"[462.703,84.131,539.858,165.611]",4094359,0.9318472958231551,4094359,True,MATCHED,MATCHED,True
409,1600938564215729,1,0.87770605,"[462.401,164.196,549.353,250.747]",4094346,0.9212942065154093,4094346,True,MATCHED,MATCHED,True
409,1600938564215729,2,0.84458607,"[362.324,48.217,419.399,99.236]",4094353,0.9332537325535158,4094353,True,MATCHED,MATCHED,False
409,1600938564215729,3,0.79624778,"[381.413,122.681,476.936,215.867]",4094345,0.9350320237009786,4094345,True,MATCHED,MATCHED,True
409,1600938564215729,4,0.15410478,"[438.6,4.703,465.515,35.079]",4094356,0.6322464271707786,,False,LOW_CONF,LOW_CONF,False
409,1600938564215729,5,0.05783988,"[45.122,325.574,64.037,344.687]",4094345,0.0,,False,LOW_CONF,LOW_CONF,False
409,1600938564282389,0,0.88124579,"[445.907,166.728,533.125,255.817]",4094346,0.9398242726036582,4094346,True,MATCHED,MATCHED,True
409,1600938564282389,1,0.88120478,"[447.68,88.1,522.593,167.983]",4094359,0.9121112529575905,4094359,True,MATCHED,MATCHED,True
409,1600938564282389,2,0.84113419,"[349.436,48.622,405.347,98.446]",4094353,0.9105831855716155,4094353,True,MATCHED,MATCHED,False
409,1600938564282389,3,0.82975489,"[370.774,124.794,459.311,216.852]",4094345,0.8764020587096772,4094345,True,MATCHED,MATCHED,True
409,1600938564282389,4,0.23336767,"[418.464,4.687,448.694,39.036]",4094356,0.6708745820013303,,False,LOW_CONF,LOW_CONF,False
409,1600938564282389,5,0.22930829,"[701.649,637.5,719.433,692.336]",4094345,0.0,,False,LOW_CONF,LOW_CONF,False
409,1600938564282389,6,0.10397346,"[38.92,324.632,56.725,344.407]",4094345,0.0,,False,LOW_CONF,LOW_CONF,False
409,1600938564282389,7,0.08665263,"[410.633,0.865,449.407,40.038]",4094356,0.4700789166773547,,False,LOW_CONF,LOW_CONF,False
409,1600938564282389,8,0.08214545,"[391.12,95.388,437.35,117.147]",4094353,0.020866343155398,,False,LOW_CONF,LOW_CONF,False
409,1600938564282389,9,0.07163406,"[395.958,95.158,446.816,130.347]",4094345,0.05489489921060338,,False,LOW_CONF,LOW_CONF,False
409,1600938564282389,10,0.07028291,"[344.217,540.777,361.043,583.761]",4094345,0.0,,False,LOW_CONF,LOW_CONF,False
409,1600938564282389,11,0.0658579,"[385.711,0.731,449.123,39.193]",4094356,0.29274864749058843,,False,LOW_CONF,LOW_CONF,False
409,1600938564349050,0,0.87860513,"[433.283,79.97,509.647,162.721]",4094359,0.881683629068169,4094359,True,MATCHED,MATCHED,True
409,1600938564349050,1,0.87118804,"[432.159,162.919,520.495,250.257]",4094346,0.9256964005541729,4094346,True,MATCHED,MATCHED,True
409,1600938564349050,2,0.8247357,"[334.586,45.806,391.279,94.804]",4094353,0.8999780769861341,4094353,True,MATCHED,MATCHED,False
409,1600938564349050,3,0.81803685,"[355.607,116.316,445.91,211.061]",4094345,0.9019352450980395,4094345,True,MATCHED,MATCHED,True
409,1600938564349050,4,0.44526026,"[405.766,0.678,438.118,33.055]",4094356,0.48865893103341645,,False,IOU_BELOW_0_5,IOU_BELOW_0_5,False
409,1600938564349050,5,0.35185799,"[700.855,636.287,719.874,685.761]",4094345,0.0,,False,NO_GT_OVERLAP,NO_GT_OVERLAP,False
409,1600938564349050,6,0.10922077,"[402.002,303.767,416.915,317.332]",4094345,0.0,,False,LOW_CONF,LOW_CONF,False
409,1600938564349050,7,0.07155684,"[399.475,304.997,415.432,317.081]",4094345,0.0,,False,LOW_CONF,LOW_CONF,False
409,1600938564349050,8,0.07037369,"[324.631,540.118,354.865,591.082]",4094345,0.0,,False,LOW_CONF,LOW_CONF,False
409,1600938564349050,9,0.06630617,"[358.436,90.281,393.939,111.261]",4094353,0.061347250013298285,,False,LOW_CONF,LOW_CONF,False
409,1600938564349050,10,0.06609188,"[28.788,321.203,47.262,343.741]",4094345,0.0,,False,LOW_CONF,LOW_CONF,False
409,1600938564349050,11,0.05447054,"[367.083,92.062,425.959,112.787]",4094353,0.02760885894286868,,False,LOW_CONF,LOW_CONF,False
409,1600938564415711,0,0.89213783,"[420.99,166.072,504.363,254.659]",4094346,0.8726288753115867,4094346,True,MATCHED,MATCHED,True
409,1600938564415711,1,0.8806935,"[417.835,89.457,492.471,168.478]",4094359,0.88535300921399,4094359,True,MATCHED,MATCHED,True
409,1600938564415711,2,0.85755199,"[320.267,51.3,378.435,100.152]",4094353,0.9327546572135476,4094353,True,MATCHED,MATCHED,False
409,1600938564415711,3,0.83071607,"[339.997,125.854,428.377,218.523]",4094345,0.7903264441364857,4094345,True,MATCHED,MATCHED,True
409,1600938564415711,4,0.26771972,"[393.417,1.208,422.119,36.009]",4094356,0.4945879402347319,,False,LOW_CONF,LOW_CONF,False
409,1600938564415711,5,0.10419369,"[691.815,637.425,719.814,687.965]",4094345,0.0,,False,LOW_CONF,LOW_CONF,False
409,1600938564415711,6,0.09866869,"[7.256,454.293,36.661,481.497]",4094345,0.0,,False,LOW_CONF,LOW_CONF,False
409,1600938564482371,0,0.8944453,"[405.778,85.313,477.225,164.993]",4094359,0.9567672693482051,4094359,True,MATCHED,MATCHED,True
409,1600938564482371,1,0.88147539,"[405.135,165.581,490.206,250.549]",4094346,0.9219360284242712,4094346,True,MATCHED,MATCHED,True
409,1600938564482371,2,0.84101778,"[325.578,117.526,413.395,214.057]",4094345,0.8428179386557962,4094345,True,MATCHED,MATCHED,True
409,1600938564482371,3,0.84053707,"[306.954,48.374,363.498,95.883]",4094353,0.930305998081916,4094353,True,MATCHED,MATCHED,False
409,1600938564482371,4,0.47986597,"[0.013,390.218,35.365,451.426]",4094345,0.0,,False,NO_GT_OVERLAP,NO_GT_OVERLAP,False
409,1600938564482371,5,0.34933349,"[684.087,635.267,719.474,688.441]",4094345,0.0,,False,NO_GT_OVERLAP,NO_GT_OVERLAP,False
409,1600938564482371,6,0.20174627,"[1.353,453.437,27.796,480.827]",4094345,0.0,,False,LOW_CONF,LOW_CONF,False
409,1600938564482371,7,0.11759093,"[8.812,320.406,31.033,343.353]",4094345,0.0,,False,LOW_CONF,LOW_CONF,False
409,1600938564482371,8,0.10010656,"[369.985,307.802,384.554,321.617]",4094345,0.0,,False,LOW_CONF,LOW_CONF,False
409,1600938564482371,9,0.07578249,"[467.739,416.239,488.497,446.039]",4094345,0.0,,False,LOW_CONF,LOW_CONF,False
409,1600938564549031,0,0.89754355,"[389.232,83.961,461.556,164.648]",4094359,0.9280416285575466,4094359,True,MATCHED,MATCHED,True
409,1600938564549031,1,0.89470261,"[390.274,164.53,476.009,250.997]",4094346,0.9251140782008529,4094346,True,MATCHED,MATCHED,True
409,1600938564549031,2,0.84154987,"[292.595,47.397,348.636,96.867]",4094353,0.8887469997906937,4094353,True,MATCHED,MATCHED,False
409,1600938564549031,3,0.84072673,"[311.096,108.823,397.9,214.565]",4094345,0.9294173512347705,4094345,True,MATCHED,MATCHED,True
409,1600938564549031,4,0.24167258,"[0.0,402.509,29.191,449.423]",4094345,0.0,,False,LOW_CONF,LOW_CONF,False
409,1600938564549031,5,0.1224897,"[2.085,322.648,20.035,343.623]",4094345,0.0,,False,LOW_CONF,LOW_CONF,False
409,1600938564549031,6,0.09527821,"[292.907,538.538,333.902,596.847]",4094345,0.0,,False,LOW_CONF,LOW_CONF,False
409,1600938564549031,7,0.07815096,"[355.076,308.791,369.309,322.413]",4094345,0.0,,False,LOW_CONF,LOW_CONF,False
409,1600938564549031,8,0.07686212,"[677.454,632.868,718.974,688.562]",4094345,0.0,,False,LOW_CONF,LOW_CONF,False
409,1600938564615692,0,0.88856012,"[377.844,166.571,459.731,251.714]",4094346,0.916871227131549,4094346,True,MATCHED,MATCHED,True
409,1600938564615692,1,0.88354999,"[373.393,85.919,445.447,166.719]",4094359,0.9433648086719351,4094359,True,MATCHED,MATCHED,True
409,1600938564615692,2,0.83339214,"[278.176,46.661,334.459,98.831]",4094353,0.8878388386074221,4094353,True,MATCHED,MATCHED,False
409,1600938564615692,3,0.82220685,"[296.054,109.383,383.21,216.01]",4094345,0.9353042282608698,4094345,True,MATCHED,MATCHED,True
409,1600938564615692,4,0.34857008,"[666.725,632.745,719.231,689.987]",4094345,0.0,,False,NO_GT_OVERLAP,NO_GT_OVERLAP,False
409,1600938564615692,5,0.22506082,"[701.918,434.893,719.728,474.253]",4094345,0.0,,False,LOW_CONF,LOW_CONF,False
409,1600938564615692,6,0.15166377,"[697.496,634.816,719.572,716.412]",4094345,0.0,,False,LOW_CONF,LOW_CONF,False
409,1600938564615692,7,0.15129456,"[0.0,320.359,13.81,342.416]",4094345,0.0,,False,LOW_CONF,LOW_CONF,False
409,1600938564615692,8,0.13660501,"[0.219,406.507,20.593,441.633]",4094345,0.0,,False,LOW_CONF,LOW_CONF,False
409,1600938564615692,9,0.10449909,"[354.306,8.891,383.227,34.204]",4094356,0.48152197501989474,,False,LOW_CONF,LOW_CONF,False
409,1600938564615692,10,0.08635959,"[339.394,309.559,355.222,324.38]",4094345,0.0,,False,LOW_CONF,LOW_CONF,False
409,1600938564615692,11,0.05369715,"[714.106,524.723,720.0,542.472]",4094345,0.0,,False,LOW_CONF,LOW_CONF,False
409,1600938564682353,0,0.89717984,"[361.084,83.294,430.356,164.311]",4094359,0.9338543355786246,4094359,True,MATCHED,MATCHED,True
409,1600938564682353,1,0.86624056,"[360.636,164.365,447.545,250.269]",4094346,0.9490677411113699,4094346,True,MATCHED,MATCHED,True
409,1600938564682353,2,0.85324132,"[266.737,46.608,321.863,97.332]",4094353,0.8935190076735795,4094353,True,MATCHED,MATCHED,False
409,1600938564682353,3,0.80249262,"[282.559,105.017,369.673,213.451]",4094345,0.9171882192054452,4094345,True,MATCHED,MATCHED,True
409,1600938564682353,4,0.57257199,"[689.127,632.874,719.048,720.716]",4094345,0.0,,False,NO_GT_OVERLAP,NO_GT_OVERLAP,False
409,1600938564682353,5,0.51822966,"[661.028,631.586,718.025,707.232]",4094345,0.0,,False,NO_GT_OVERLAP,NO_GT_OVERLAP,False
409,1600938564682353,6,0.16632283,"[659.675,631.046,715.114,687.801]",4094345,0.0,,False,LOW_CONF,LOW_CONF,False
409,1600938564682353,7,0.14002703,"[696.792,441.338,718.044,473.307]",4094345,0.0,,False,LOW_CONF,LOW_CONF,False
409,1600938564682353,8,0.07633829,"[327.571,307.408,342.373,321.054]",4094345,0.0,,False,LOW_CONF,LOW_CONF,False
409,1600938564682353,9,0.07603735,"[0.0,411.195,13.399,436.682]",4094345,0.0,,False,LOW_CONF,LOW_CONF,False
409,1600938564682353,10,0.06146,"[672.241,630.631,719.968,723.988]",4094345,0.0,,False,LOW_CONF,LOW_CONF,False
409,1600938564749013,0,0.88082182,"[344.994,84.691,414.486,166.202]",4094359,0.9610390861120501,4094359,True,MATCHED,MATCHED,True
409,1600938564749013,1,0.87149858,"[346.683,167.434,432.276,253.054]",4094346,0.9179500065828169,4094346,True,MATCHED,MATCHED,True
409,1600938564749013,2,0.85348821,"[251.716,49.159,306.857,101.992]",4094353,0.9079906567111131,4094353,True,MATCHED,MATCHED,False
409,1600938564749013,3,0.8314206,"[264.23,111.657,352.209,216.474]",4094345,0.9014364460410554,4094345,True,MATCHED,MATCHED,True
409,1600938564749013,4,0.41098687,"[666.183,630.739,719.816,729.201]",4094345,0.0,,False,NO_GT_OVERLAP,NO_GT_OVERLAP,False
409,1600938564749013,5,0.25690663,"[320.299,1.448,357.098,34.887]",4094356,0.47601037781084465,,False,LOW_CONF,LOW_CONF,False
409,1600938564749013,6,0.19553648,"[0.0,464.226,46.453,527.09]",4094345,0.0,,False,LOW_CONF,LOW_CONF,False
409,1600938564749013,7,0.12761493,"[358.621,163.343,402.514,191.349]",4094346,0.16242961918604662,,False,LOW_CONF,LOW_CONF,False
409,1600938564749013,8,0.08636538,"[699.724,611.712,719.858,646.03]",4094345,0.0,,False,LOW_CONF,LOW_CONF,False
409,1600938564749013,9,0.06398737,"[2.294,341.908,19.731,363.548]",4094345,0.0,,False,LOW_CONF,LOW_CONF,False
409,1600938564815674,0,0.88207793,"[330.179,84.95,398.616,165.794]",4094359,0.868864073078113,4094359,True,MATCHED,MATCHED,True
409,1600938564815674,1,0.85939759,"[332.689,167.106,419.074,251.284]",4094346,0.9259404936059343,4094346,True,MATCHED,MATCHED,True
409,1600938564815674,2,0.84895146,"[238.247,47.313,292.886,103.14]",4094353,0.9405571509314008,4094353,True,MATCHED,MATCHED,False
409,1600938564815674,3,0.80446911,"[248.416,106.223,339.51,215.217]",4094345,0.9384073406673179,4094345,True,MATCHED,MATCHED,True
409,1600938564815674,4,0.29352489,"[312.952,6.563,345.087,33.1]",4094356,0.6667754621087759,,False,LOW_CONF,LOW_CONF,False
409,1600938564815674,5,0.25696325,"[0.0,464.663,36.803,526.657]",4094345,0.0,,False,LOW_CONF,LOW_CONF,False
409,1600938564815674,6,0.17098649,"[9.428,819.248,50.541,845.766]",4094345,0.0,,False,LOW_CONF,LOW_CONF,False
409,1600938564815674,7,0.13115588,"[0.0,527.66,35.563,582.753]",4094345,0.0,,False,LOW_CONF,LOW_CONF,False
409,1600938564815674,8,0.13004085,"[343.596,161.463,386.05,189.79]",4094346,0.14897892944767133,,False,LOW_CONF,LOW_CONF,False
409,1600938564815674,9,0.11500732,"[670.159,635.783,719.611,727.839]",4094345,0.0,,False,LOW_CONF,LOW_CONF,False
409,1600938564815674,10,0.09770094,"[279.808,95.293,331.912,144.946]",4094345,0.1764777493776174,,False,LOW_CONF,LOW_CONF,False
409,1600938564815674,11,0.08998965,"[698.331,611.779,719.003,646.34]",4094345,0.0,,False,LOW_CONF,LOW_CONF,False
409,1600938564815674,12,0.07162201,"[644.074,632.506,715.024,723.353]",4094345,0.0,,False,LOW_CONF,LOW_CONF,False
409,1600938564815674,13,0.05401991,"[284.077,99.335,325.221,114.806]",4094345,0.026411292335949986,,False,LOW_CONF,LOW_CONF,False
409,1600938564815674,14,0.05319352,"[333.973,162.656,395.161,223.108]",4094346,0.48456715667290523,,False,LOW_CONF,LOW_CONF,False
409,1600938564815674,15,0.05180669,"[307.995,1.367,343.456,32.656]",4094356,0.4658689072470505,,False,LOW_CONF,LOW_CONF,False
409,1600938564882336,0,0.87892991,"[316.613,83.984,384.085,166.13]",4094359,0.8579806365325074,4094359,True,MATCHED,MATCHED,True
409,1600938564882336,1,0.86372244,"[224.389,48.05,278.361,105.651]",4094353,0.9410880886938653,4094353,True,MATCHED,MATCHED,False
409,1600938564882336,2,0.85163164,"[318.562,166.337,404.589,251.012]",4094346,0.9277890558001749,4094346,True,MATCHED,MATCHED,True
409,1600938564882336,3,0.84703112,"[234.458,104.241,326.267,214.979]",4094345,0.9192820344758069,4094345,True,MATCHED,MATCHED,True
409,1600938564882336,4,0.29194924,"[0.0,469.9,27.166,532.123]",4094345,0.0,,False,LOW_CONF,LOW_CONF,False
409,1600938564882336,5,0.27047813,"[305.074,9.517,330.166,33.541]",4094356,0.720976971634952,,False,LOW_CONF,LOW_CONF,False
409,1600938564882336,6,0.16810983,"[326.704,161.276,371.616,192.295]",4094346,0.1790153442797278,,False,LOW_CONF,LOW_CONF,False
409,1600938564882336,7,0.12874246,"[300.613,5.068,330.156,32.864]",4094356,0.5984827228150041,,False,LOW_CONF,LOW_CONF,False
409,1600938564882336,8,0.11362723,"[0.209,470.353,39.361,535.519]",4094345,0.0,,False,LOW_CONF,LOW_CONF,False
409,1600938564882336,9,0.10860103,"[0.0,487.417,25.984,580.961]",4094345,0.0,,False,LOW_CONF,LOW_CONF,False
409,1600938564882336,10,0.08188879,"[0.0,527.067,25.465,581.437]",4094345,0.0,,False,LOW_CONF,LOW_CONF,False
409,1600938564882336,11,0.08101705,"[269.056,99.749,312.245,119.499]",4094345,0.05446652683285616,,False,LOW_CONF,LOW_CONF,False
409,1600938564882336,12,0.07685284,"[0.0,474.839,55.309,541.466]",4094345,0.0,,False,LOW_CONF,LOW_CONF,False
409,1600938564882336,13,0.06518616,"[695.359,597.897,718.949,639.973]",4094345,0.0,,False,LOW_CONF,LOW_CONF,False
409,1600938564948996,0,0.88747621,"[299.085,85.723,367.002,166.556]",4094359,0.8434221619166766,4094359,True,MATCHED,MATCHED,True
409,1600938564948996,1,0.85401869,"[209.558,49.781,263.883,106.847]",4094353,0.9311483723481805,4094353,True,MATCHED,MATCHED,False
409,1600938564948996,2,0.85369658,"[303.805,170.975,390.247,251.418]",4094346,0.8904610686553904,4094346,True,MATCHED,MATCHED,True
409,1600938564948996,3,0.83536512,"[217.912,104.852,310.879,216.735]",4094345,0.93334884172628,4094345,True,MATCHED,MATCHED,True
409,1600938564948996,4,0.38115075,"[290.412,9.029,316.137,35.732]",4094356,0.7590871440120059,4094356,True,MATCHED,MATCHED,True
409,1600938564948996,5,0.30982345,"[696.099,465.265,719.352,518.894]",4094361,0.5400123262276741,4094361,True,MATCHED,MATCHED,True
409,1600938564948996,6,0.24371925,"[282.417,6.567,316.741,36.627]",4094356,0.5916963828722805,,False,LOW_CONF,LOW_CONF,False
409,1600938564948996,7,0.18246293,"[695.072,444.819,719.357,518.181]",4094361,0.6492915656898844,,False,LOW_CONF,LOW_CONF,False
409,1600938564948996,8,0.08720175,"[311.023,163.558,355.396,191.661]",4094346,0.16560518947644665,,False,LOW_CONF,LOW_CONF,False
409,1600938564948996,9,0.05400651,"[698.293,575.413,719.184,625.974]",4094345,0.0,,False,LOW_CONF,LOW_CONF,False
409,1600938564948996,10,0.05387717,"[702.287,446.999,720.0,518.803]",4094361,0.8683777635440705,,False,LOW_CONF,LOW_CONF,False
409,1600938564948996,11,0.05343752,"[377.244,168.486,393.873,190.78]",4094346,0.03187510440060875,,False,LOW_CONF,LOW_CONF,False
409,1600938564948996,12,0.05161254,"[0.0,476.751,43.505,540.594]",4094345,0.0,,False,LOW_CONF,LOW_CONF,False
409,1600938565015657,0,0.88195527,"[286.17,83.562,355.931,166.138]",4094359,0.9023471704260648,4094359,True,MATCHED,MATCHED,True
409,1600938565015657,1,0.87241083,"[202.035,102.134,295.407,215.201]",4094345,0.9346487530916193,4094345,True,MATCHED,MATCHED,True
409,1600938565015657,2,0.86821181,"[288.445,163.997,376.051,249.729]",4094346,0.9459723444783494,4094346,True,MATCHED,MATCHED,True
409,1600938565015657,3,0.86308712,"[194.899,47.968,250.333,105.696]",4094353,0.9449722556145754,4094353,True,MATCHED,MATCHED,True
409,1600938565015657,4,0.66169745,"[682.932,442.304,719.569,521.598]",4094361,0.7683326815480016,4094361,True,MATCHED,MATCHED,True
409,1600938565015657,5,0.64859593,"[701.933,404.282,719.868,441.97]",4094345,0.0,,False,NO_GT_OVERLAP,NO_GT_OVERLAP,False
409,1600938565015657,6,0.2018782,"[274.16,6.416,303.156,35.324]",4094356,0.7370643921093596,,False,LOW_CONF,LOW_CONF,False
409,1600938565015657,7,0.16053818,"[687.214,459.162,719.114,522.211]",4094361,0.8437546262924916,,False,LOW_CONF,LOW_CONF,False
409,1600938565015657,8,0.10564306,"[371.122,165.169,391.852,191.261]",4094346,0.012776335661857818,,False,LOW_CONF,LOW_CONF,False
409,1600938565015657,9,0.06674825,"[698.586,359.364,718.306,384.85]",4094345,0.0,,False,LOW_CONF,LOW_CONF,False
409,1600938565082318,0,0.8843593,"[271.125,84.586,339.931,165.864]",4094359,0.875045230480363,4094359,True,MATCHED,MATCHED,True
409,1600938565082318,1,0.85881186,"[272.376,165.725,359.732,249.535]",4094346,0.9371855606446031,4094346,True,MATCHED,MATCHED,True
409,1600938565082318,2,0.85480297,"[181.081,48.931,236.111,106.58]",4094353,0.9702358650637946,4094353,True,MATCHED,MATCHED,True
409,1600938565082318,3,0.84658092,"[187.217,103.861,282.19,215.873]",4094345,0.9245377315026096,4094345,True,MATCHED,MATCHED,True
409,1600938565082318,4,0.79990053,"[672.73,442.893,719.542,526.604]",4094361,0.8870335400028584,4094361,True,MATCHED,MATCHED,True
409,1600938565082318,5,0.76823467,"[695.177,403.163,720.0,443.651]",4094345,0.0,,False,NO_GT_OVERLAP,NO_GT_OVERLAP,False
409,1600938565082318,6,0.47303218,"[692.836,362.272,719.278,387.771]",4094345,0.0,,False,NO_GT_OVERLAP,NO_GT_OVERLAP,False
409,1600938565082318,7,0.3304632,"[267.623,9.647,290.643,38.886]",4094356,0.6488658052005046,4094356,True,MATCHED,MATCHED,True
409,1600938565082318,8,0.25595707,"[260.574,7.069,290.294,38.799]",4094356,0.675076171762735,,False,LOW_CONF,LOW_CONF,False
409,1600938565082318,9,0.15808815,"[701.039,363.808,720.0,389.248]",4094345,0.0,,False,LOW_CONF,LOW_CONF,False
409,1600938565082318,10,0.14389014,"[694.247,362.635,719.891,396.91]",4094345,0.0,,False,LOW_CONF,LOW_CONF,False
409,1600938565082318,11,0.09699342,"[362.493,165.085,378.651,190.088]",4094345,0.0,,False,LOW_CONF,LOW_CONF,False
409,1600938565082318,12,0.06012161,"[223.577,2.851,290.84,38.837]",4094356,0.3157217817921012,,False,LOW_CONF,LOW_CONF,False
409,1600938565082318,13,0.05230304,"[252.71,1.623,290.256,37.929]",4094356,0.5352869617533391,,False,LOW_CONF,LOW_CONF,False
409,1600938565148978,0,0.87706476,"[259.803,165.851,345.699,250.934]",4094346,0.9515333744634717,4094346,True,MATCHED,MATCHED,True
409,1600938565148978,1,0.87225312,"[655.53,441.726,720.0,528.118]",4094361,0.8434936433758852,4094361,True,MATCHED,MATCHED,True
409,1600938565148978,2,0.87021291,"[255.171,85.596,323.116,166.879]",4094359,0.8422713794418175,4094359,True,MATCHED,MATCHED,True
409,1600938565148978,3,0.84718788,"[171.14,103.023,265.773,216.461]",4094345,0.9388245725645267,4094345,True,MATCHED,MATCHED,True
409,1600938565148978,4,0.84262794,"[166.623,49.103,221.873,107.091]",4094353,0.9240436503335924,4094353,True,MATCHED,MATCHED,True
409,1600938565148978,5,0.82787246,"[686.596,403.029,720.0,444.217]",4094345,0.0,,False,NO_GT_OVERLAP,NO_GT_OVERLAP,False
409,1600938565148978,6,0.35571051,"[685.393,362.835,717.825,396.438]",4094345,0.0,,False,NO_GT_OVERLAP,NO_GT_OVERLAP,False
409,1600938565148978,7,0.33843085,"[249.162,7.334,277.499,41.904]",4094356,0.7748455178524697,4094356,True,MATCHED,MATCHED,True
409,1600938565148978,8,0.16170913,"[239.589,1.659,277.126,42.561]",4094356,0.589298375393058,,False,LOW_CONF,LOW_CONF,False
409,1600938565148978,9,0.0771995,"[273.549,161.628,310.101,184.974]",4094346,0.10663538537506727,,False,LOW_CONF,LOW_CONF,False
409,1600938565215639,0,0.89712656,"[643.266,441.179,717.385,525.843]",4094361,0.8333709059031712,4094361,True,MATCHED,MATCHED,True
409,1600938565215639,1,0.86326396,"[239.652,84.699,307.792,166.184]",4094359,0.8367070373719108,4094359,True,MATCHED,MATCHED,True
409,1600938565215639,2,0.86153036,"[244.357,166.855,331.79,249.103]",4094346,0.9307180279487055,4094346,True,MATCHED,MATCHED,True
409,1600938565215639,3,0.84898496,"[155.884,103.09,251.513,215.583]",4094345,0.9276161904962161,4094345,True,MATCHED,MATCHED,True
409,1600938565215639,4,0.84204501,"[150.956,49.351,208.644,104.741]",4094353,0.9434981015385503,4094353,True,MATCHED,MATCHED,True
409,1600938565215639,5,0.81900299,"[677.555,401.489,719.185,444.858]",4094361,0.004084954892224704,,False,IOU_BELOW_0_5,IOU_BELOW_0_5,False
409,1600938565215639,6,0.32453656,"[697.511,504.543,718.959,562.278]",4094361,0.046706421489171875,,False,IOU_BELOW_0_5,IOU_BELOW_0_5,False
409,1600938565215639,7,0.21029949,"[706.422,502.825,720.0,562.696]",4094361,0.01781664487800174,,False,LOW_CONF,LOW_CONF,False
409,1600938565215639,8,0.18752773,"[696.426,379.849,717.263,399.806]",4094345,0.0,,False,LOW_CONF,LOW_CONF,False
409,1600938565215639,9,0.14191931,"[677.232,369.197,714.369,398.572]",4094345,0.0,,False,LOW_CONF,LOW_CONF,False
409,1600938565215639,10,0.1108854,"[244.054,11.307,262.252,38.984]",4094356,0.5451433581875649,,False,LOW_CONF,LOW_CONF,False
409,1600938565215639,11,0.09471662,"[685.065,507.676,718.352,565.384]",4094361,0.07099711950110901,,False,LOW_CONF,LOW_CONF,False
409,1600938565215639,12,0.06599402,"[675.414,360.343,711.16,393.74]",4094345,0.0,,False,LOW_CONF,LOW_CONF,False
409,1600938565215639,13,0.06487692,"[255.16,160.64,294.614,186.714]",4094346,0.12351133886421074,,False,LOW_CONF,LOW_CONF,False
409,1600938565215639,14,0.05216662,"[669.597,504.691,717.968,569.726]",4094361,0.11745330268094953,,False,LOW_CONF,LOW_CONF,False
409,1600938565215639,15,0.05065439,"[694.731,508.237,718.187,590.364]",4094361,0.041970966192925056,,False,LOW_CONF,LOW_CONF,False
409,1600938565282301,0,0.87320364,"[229.725,165.826,317.681,248.949]",4094346,0.9455100394706781,4094346,True,MATCHED,MATCHED,True
409,1600938565282301,1,0.86849904,"[140.522,103.536,235.219,215.88]",4094345,0.9483146635481253,4094345,True,MATCHED,MATCHED,True
409,1600938565282301,2,0.86704838,"[624.833,440.285,704.345,527.555]",4094361,0.7444863651083573,4094361,True,MATCHED,MATCHED,True
409,1600938565282301,3,0.8640663,"[223.549,86.012,293.176,167.209]",4094359,0.8270013106065544,4094359,True,MATCHED,MATCHED,True
409,1600938565282301,4,0.85859913,"[136.872,49.556,194.288,105.602]",4094353,0.8719493519454979,4094353,True,MATCHED,MATCHED,True
409,1600938565282301,5,0.83075136,"[670.396,402.525,719.663,450.016]",4094361,0.024520226158872605,,False,IOU_BELOW_0_5,IOU_BELOW_0_5,False
409,1600938565282301,6,0.50694323,"[691.286,495.471,719.245,572.751]",4094361,0.019366991565638376,,False,IOU_BELOW_0_5,IOU_BELOW_0_5,False
409,1600938565282301,7,0.40462735,"[698.507,374.661,719.806,404.865]",4094345,0.0,,False,NO_GT_OVERLAP,NO_GT_OVERLAP,False
409,1600938565282301,8,0.18873519,"[229.32,10.663,249.688,39.567]",4094356,0.6636672019170431,,False,LOW_CONF,LOW_CONF,False
409,1600938565282301,9,0.17481135,"[680.571,497.223,719.847,574.695]",4094361,0.055084739434734194,,False,LOW_CONF,LOW_CONF,False
409,1600938565282301,10,0.15857974,"[677.591,371.762,719.752,404.125]",4094345,0.0,,False,LOW_CONF,LOW_CONF,False
409,1600938565282301,11,0.07922695,"[242.69,161.154,279.387,186.763]",4094346,0.11956873042797782,,False,LOW_CONF,LOW_CONF,False
409,1600938565348961,0,0.86297596,"[124.827,102.803,219.328,215.146]",4094345,0.9517510546395676,4094345,True,MATCHED,MATCHED,True
409,1600938565348961,1,0.85823214,"[611.625,440.46,683.14,526.82]",4094361,0.8099046841603266,4094361,True,MATCHED,MATCHED,True
409,1600938565348961,2,0.84703624,"[215.97,165.498,305.189,249.137]",4094346,0.9082056209169301,4094346,True,MATCHED,MATCHED,True
409,1600938565348961,3,0.84684056,"[122.602,50.529,180.882,106.228]",4094353,0.9652505857865,4094353,True,MATCHED,MATCHED,True
409,1600938565348961,4,0.84286076,"[208.193,86.547,281.544,167.705]",4094359,0.8642596483739836,4094359,True,MATCHED,MATCHED,True
409,1600938565348961,5,0.81555504,"[660.066,394.32,717.29,452.064]",4094361,0.022235948394636947,,False,IOU_BELOW_0_5,IOU_BELOW_0_5,False
409,1600938565348961,6,0.29529062,"[212.579,7.311,236.316,38.117]",4094356,0.602269711823907,,False,LOW_CONF,LOW_CONF,False
409,1600938565348961,7,0.23130074,"[676.15,374.443,718.576,412.002]",4094345,0.0,,False,LOW_CONF,LOW_CONF,False
409,1600938565348961,8,0.16927147,"[689.418,375.514,718.443,404.904]",4094345,0.0,,False,LOW_CONF,LOW_CONF,False
409,1600938565348961,9,0.14108512,"[699.154,476.062,719.784,502.96]",4094345,0.0,,False,LOW_CONF,LOW_CONF,False
409,1600938565348961,10,0.0736768,"[226.852,161.277,264.284,187.192]",4094346,0.12273580247367101,,False,LOW_CONF,LOW_CONF,False
409,1600938565348961,11,0.06463204,"[661.238,371.391,707.432,399.2]",4094345,0.0,,False,LOW_CONF,LOW_CONF,False
409,1600938565348961,12,0.05008523,"[275.466,72.221,295.177,97.887]",4094359,0.018232952898841574,,False,LOW_CONF,LOW_CONF,False
409,1600938565415622,0,0.87168014,"[109.108,102.537,201.729,215.847]",4094345,0.9458117778268421,4094345,True,MATCHED,MATCHED,True
409,1600938565415622,1,0.87020802,"[595.477,438.806,668.65,524.718]",4094361,0.7730927116564351,4094361,True,MATCHED,MATCHED,True
409,1600938565415622,2,0.86237299,"[109.863,46.769,165.204,106.217]",4094353,0.9240664016012535,4094353,True,MATCHED,MATCHED,True
409,1600938565415622,3,0.8579765,"[201.787,163.979,291.08,247.89]",4094346,0.9345632393122036,4094346,True,MATCHED,MATCHED,True
409,1600938565415622,4,0.85420698,"[651.38,402.28,708.529,451.635]",4094361,0.01671140207936975,,False,IOU_BELOW_0_5,IOU_BELOW_0_5,False
409,1600938565415622,5,0.84903532,"[196.438,85.411,262.552,165.918]",4094359,0.7820511016749929,4094359,True,MATCHED,MATCHED,True
409,1600938565415622,6,0.3890858,"[674.74,374.855,713.788,407.284]",4094345,0.0,,False,NO_GT_OVERLAP,NO_GT_OVERLAP,False
409,1600938565415622,7,0.2277683,"[658.851,391.552,710.627,429.707]",4094345,0.0,,False,LOW_CONF,LOW_CONF,False
409,1600938565415622,8,0.18280959,"[691.984,476.991,718.912,505.845]",4094345,0.0,,False,LOW_CONF,LOW_CONF,False
409,1600938565415622,9,0.13244611,"[698.287,622.272,719.314,675.815]",4094345,0.0,,False,LOW_CONF,LOW_CONF,False
409,1600938565415622,10,0.11587832,"[211.82,159.626,250.337,185.127]",4094346,0.1149776871864352,,False,LOW_CONF,LOW_CONF,False
409,1600938565415622,11,0.1105799,"[259.568,70.623,277.297,93.066]",4094359,0.012012634161406126,,False,LOW_CONF,LOW_CONF,False
409,1600938565415622,12,0.07141872,"[198.173,6.869,220.369,36.088]",4094356,0.5480744266112111,,False,LOW_CONF,LOW_CONF,False
409,1600938565482283,0,0.88910264,"[580.581,438.522,653.753,525.353]",4094361,0.7649209238630807,4094361,True,MATCHED,MATCHED,True
409,1600938565482283,1,0.86798519,"[94.376,46.594,150.895,107.795]",4094353,0.9159813859580591,4094353,True,MATCHED,MATCHED,True
409,1600938565482283,2,0.86276615,"[92.966,103.973,189.82,216.024]",4094345,0.9709467943910599,4094345,True,MATCHED,MATCHED,True
409,1600938565482283,3,0.85549933,"[179.769,85.783,245.217,165.624]",4094359,0.7585184740891276,4094359,True,MATCHED,MATCHED,True
409,1600938565482283,4,0.85188907,"[186.949,166.478,275.292,247.177]",4094346,0.8950934177830063,4094346,True,MATCHED,MATCHED,True
409,1600938565482283,5,0.7068007,"[647.889,402.75,701.337,449.785]",4094361,0.002870754238094694,,False,IOU_BELOW_0_5,IOU_BELOW_0_5,False
409,1600938565482283,6,0.20841689,"[656.244,372.823,704.328,403.82]",4094345,0.0,,False,LOW_CONF,LOW_CONF,False
409,1600938565482283,7,0.14867407,"[195.235,160.185,233.744,187.542]",4094346,0.1314540565759662,,False,LOW_CONF,LOW_CONF,False
409,1600938565482283,8,0.11921925,"[182.793,5.106,207.757,35.969]",4094356,0.6419339113843373,,False,LOW_CONF,LOW_CONF,False
409,1600938565482283,9,0.11501189,"[653.148,370.895,675.616,393.089]",4094345,0.0,,False,LOW_CONF,LOW_CONF,False
409,1600938565482283,10,0.10117024,"[656.343,371.595,676.633,397.111]",4094345,0.0,,False,LOW_CONF,LOW_CONF,False
409,1600938565482283,11,0.07910071,"[239.928,70.126,262.108,99.188]",4094359,0.0291979976390902,,False,LOW_CONF,LOW_CONF,False
409,1600938565482283,12,0.07032236,"[688.513,632.353,718.45,675.3]",4094345,0.0,,False,LOW_CONF,LOW_CONF,False
409,1600938565482283,13,0.05757087,"[671.775,375.869,704.359,405.272]",4094345,0.0,,False,LOW_CONF,LOW_CONF,False
409,1600938565548945,0,0.88773757,"[564.966,437.429,639.081,523.542]",4094361,0.7708861985289591,4094361,True,MATCHED,MATCHED,True
409,1600938565548945,1,0.88651723,"[78.22,102.936,175.28,216.891]",4094345,0.9480444346351693,4094345,True,MATCHED,MATCHED,True
409,1600938565548945,2,0.8783986,"[80.801,48.271,138.002,108.051]",4094353,0.9234899881389346,4094353,True,MATCHED,MATCHED,True
409,1600938565548945,3,0.87397563,"[173.285,167.873,260.848,248.68]",4094346,0.8969161187391148,4094346,True,MATCHED,MATCHED,True
409,1600938565548945,4,0.8683908,"[165.705,86.061,232.316,166.383]",4094359,0.7582665450680272,4094359,True,MATCHED,MATCHED,True
409,1600938565548945,5,0.69793272,"[638.309,402.116,689.946,451.735]",4094345,0.0,,False,NO_GT_OVERLAP,NO_GT_OVERLAP,False
409,1600938565548945,6,0.25667602,"[645.094,371.242,694.115,404.153]",4094345,0.0,,False,LOW_CONF,LOW_CONF,False
409,1600938565548945,7,0.18057963,"[229.465,70.891,247.469,99.942]",4094359,0.0226618591875717,,False,LOW_CONF,LOW_CONF,False
409,1600938565548945,8,0.13623168,"[183.651,160.056,218.24,186.472]",4094346,0.10836459997408436,,False,LOW_CONF,LOW_CONF,False
409,1600938565548945,9,0.10562352,"[695.588,800.816,719.269,863.47]",4094345,0.0,,False,LOW_CONF,LOW_CONF,False
409,1600938565548945,10,0.06956733,"[167.904,8.541,194.269,37.218]",4094356,0.6882035438264789,,False,LOW_CONF,LOW_CONF,False
409,1600938565615605,0,0.88779294,"[547.963,438.672,623.742,522.334]",4094361,0.7775901405735275,4094361,True,MATCHED,MATCHED,True
409,1600938565615605,1,0.87847251,"[66.205,48.412,124.16,108.006]",4094353,0.9668307158402613,4094353,True,MATCHED,MATCHED,True
409,1600938565615605,2,0.87134588,"[62.557,103.522,161.899,215.725]",4094345,0.927634810909914,4094345,True,MATCHED,MATCHED,True
409,1600938565615605,3,0.86236852,"[156.477,167.664,245.988,247.814]",4094346,0.906918256032917,4094346,True,MATCHED,MATCHED,True
409,1600938565615605,4,0.82104594,"[148.803,87.013,217.18,166.402]",4094359,0.7694375128277815,4094359,True,MATCHED,MATCHED,True
409,1600938565615605,5,0.29095972,"[149.797,3.357,182.83,38.81]",4094356,0.6539288756292782,,False,LOW_CONF,LOW_CONF,False
409,1600938565615605,6,0.19902004,"[686.831,800.487,717.885,866.275]",4094345,0.0,,False,LOW_CONF,LOW_CONF,False
409,1600938565615605,7,0.15055878,"[626.009,401.691,681.703,452.114]",4094345,0.0,,False,LOW_CONF,LOW_CONF,False
409,1600938565615605,8,0.06454155,"[707.594,802.512,720.0,866.906]",4094345,0.0,,False,LOW_CONF,LOW_CONF,False
409,1600938565615605,9,0.06104194,"[167.831,159.844,203.006,187.011]",4094346,0.1137843297607931,,False,LOW_CONF,LOW_CONF,False
409,1600938565682263,0,0.88107032,"[538.178,438.8,609.712,525.197]",4094361,0.8093428129272023,4094361,True,MATCHED,MATCHED,True
409,1600938565682263,1,0.8749795,"[46.233,103.982,144.635,215.395]",4094345,0.9676591006714663,4094345,True,MATCHED,MATCHED,True
409,1600938565682263,2,0.87338901,"[144.443,166.997,231.521,247.686]",4094346,0.8971307402327787,4094346,True,MATCHED,MATCHED,True
409,1600938565682263,3,0.85763282,"[51.518,48.261,108.383,108.342]",4094353,0.9423105260798792,4094353,True,MATCHED,MATCHED,True
409,1600938565682263,4,0.83714366,"[614.695,400.667,671.027,451.424]",4094345,0.0,,False,NO_GT_OVERLAP,NO_GT_OVERLAP,False
409,1600938565682263,5,0.82795423,"[135.654,89.385,191.324,165.363]",4094359,0.5997866222348273,4094359,True,MATCHED,MATCHED,True
409,1600938565682263,6,0.51512921,"[660.654,799.542,720.0,867.396]",4094345,0.0,,False,NO_GT_OVERLAP,NO_GT_OVERLAP,False
409,1600938565682263,7,0.3682355,"[644.574,473.044,685.5,517.527]",4094345,0.0,,False,NO_GT_OVERLAP,NO_GT_OVERLAP,False
409,1600938565682263,8,0.1932202,"[619.223,370.836,671.681,403.062]",4094345,0.0,,False,LOW_CONF,LOW_CONF,False
409,1600938565682263,9,0.12938431,"[616.218,368.625,651.301,398.495]",4094345,0.0,,False,LOW_CONF,LOW_CONF,False
409,1600938565682263,10,0.11641708,"[617.462,368.999,644.307,393.686]",4094345,0.0,,False,LOW_CONF,LOW_CONF,False
409,1600938565682263,11,0.11640286,"[139.709,3.502,169.413,36.986]",4094356,0.8733712305032845,,False,LOW_CONF,LOW_CONF,False
409,1600938565682263,12,0.06047063,"[154.091,159.378,187.237,185.577]",4094346,0.10448300937745644,,False,LOW_CONF,LOW_CONF,False
409,1600938565748920,0,0.89849526,"[524.103,439.275,593.515,523.986]",4094361,0.8470039465663155,4094361,True,MATCHED,MATCHED,True
409,1600938565748920,1,0.88460106,"[30.821,103.972,131.866,216.223]",4094345,0.9099931016519034,4094345,True,MATCHED,MATCHED,True
409,1600938565748920,2,0.86168069,"[128.34,168.264,218.205,247.844]",4094346,0.8711839572777124,4094346,True,MATCHED,MATCHED,True
409,1600938565748920,3,0.85418355,"[37.462,49.035,94.985,108.915]",4094353,0.8610849569035385,4094353,True,MATCHED,MATCHED,True
409,1600938565748920,4,0.7866227,"[119.79,88.548,176.722,166.644]",4094359,0.6161967835973446,4094359,True,MATCHED,MATCHED,True
409,1600938565748920,5,0.73638874,"[633.264,472.885,673.913,530.961]",4094345,0.0,,False,NO_GT_OVERLAP,NO_GT_OVERLAP,False
409,1600938565748920,6,0.20785102,"[605.901,402.653,661.873,451.646]",4094345,0.0,,False,LOW_CONF,LOW_CONF,False
409,1600938565748920,7,0.195814,"[116.589,1.152,157.18,38.38]",4094356,0.7464017652089016,,False,LOW_CONF,LOW_CONF,False
409,1600938565748920,8,0.10762253,"[0.376,561.051,26.513,620.027]",4094345,0.0,,False,LOW_CONF,LOW_CONF,False
409,1600938565748920,9,0.07501197,"[185.686,71.508,205.074,97.273]",4094359,0.014173896868878912,,False,LOW_CONF,LOW_CONF,False
